date,amzn,amzn_volume,amzn_change_pct
2011-01-07,9.27,"104,460,000",-0.22%
2011-01-10,9.23,"67,530,000",-0.43%
2011-01-11,9.22,"56,320,000",-0.11%
2011-01-12,9.2,"53,580,000",-0.22%
2011-01-13,9.28,"67,380,000",0.87%
2011-01-14,9.44,"73,300,000",1.72%
2011-01-18,9.56,"78,030,000",1.27%
2011-01-19,9.34,"77,790,000",-2.30%
2011-01-20,9.1,"114,350,000",-2.57%
2011-01-21,8.87,"136,240,000",-2.53%
2011-01-24,8.84,"112,050,000",-0.34%
2011-01-25,8.84,"93,070,000",0.00%
2011-01-26,8.77,"75,240,000",-0.79%
2011-01-27,9.22,"291,890,000",5.13%
2011-01-28,8.56,"398,300,000",-7.16%
2011-01-31,8.48,"134,430,000",-0.93%
2011-02-01,8.61,"101,790,000",1.53%
2011-02-02,8.68,"91,030,000",0.81%
2011-02-03,8.69,"73,630,000",0.12%
2011-02-04,8.8,"87,050,000",1.27%
2011-02-07,8.82,"105,130,000",0.23%
2011-02-08,9.15,"156,050,000",3.74%
2011-02-09,9.27,"166,320,000",1.31%
2011-02-10,9.31,"106,650,000",0.43%
2011-02-11,9.46,"89,950,000",1.61%
2011-02-14,9.52,"81,410,000",0.63%
2011-02-15,9.45,"77,820,000",-0.74%
2011-02-16,9.33,"92,660,000",-1.27%
2011-02-17,9.39,"68,530,000",0.64%
2011-02-18,9.32,"83,600,000",-0.75%
2011-02-22,9.02,"112,790,000",-3.22%
2011-02-23,8.83,"109,760,000",-2.11%
2011-02-24,8.89,"93,220,000",0.68%
2011-02-25,8.86,"83,890,000",-0.34%
2011-02-28,8.66,"135,760,000",-2.26%
2011-03-01,8.47,"116,950,000",-2.19%
2011-03-02,8.6,"103,730,000",1.53%
2011-03-03,8.64,"82,780,000",0.47%
2011-03-04,8.58,"98,490,000",-0.69%
2011-03-07,8.45,"118,670,000",-1.52%
2011-03-08,8.34,"84,480,000",-1.30%
2011-03-09,8.45,"142,190,000",1.32%
2011-03-10,8.31,"120,010,000",-1.66%
2011-03-11,8.4,"92,140,000",1.08%
2011-03-14,8.34,"80,480,000",-0.71%
2011-03-15,8.25,"98,760,000",-1.08%
2011-03-16,8.23,"104,290,000",-0.24%
2011-03-17,8.05,"129,460,000",-2.19%
2011-03-18,8.09,"149,000,000",0.50%
2011-03-21,8.23,"81,120,000",1.73%
2011-03-22,8.13,"72,260,000",-1.22%
2011-03-23,8.27,"94,470,000",1.72%
2011-03-24,8.55,"125,740,000",3.39%
2011-03-25,8.55,"85,890,000",0.00%
2011-03-28,8.47,"68,020,000",-0.94%
2011-03-29,8.73,"97,750,000",3.07%
2011-03-30,8.97,"137,210,000",2.75%
2011-03-31,9.01,"96,570,000",0.45%
2011-04-01,9.01,"113,730,000",0.00%
2011-04-04,9.15,"83,790,000",1.55%
2011-04-05,9.26,"111,400,000",1.20%
2011-04-06,9.14,"108,630,000",-1.30%
2011-04-07,9.25,"91,310,000",1.20%
2011-04-08,9.24,"74,540,000",-0.11%
2011-04-11,9.2,"65,960,000",-0.43%
2011-04-12,9.02,"106,810,000",-1.96%
2011-04-13,9.11,"84,570,000",1.00%
2011-04-14,9.09,"71,790,000",-0.22%
2011-04-15,9,"85,460,000",-0.99%
2011-04-18,8.92,"92,350,000",-0.89%
2011-04-19,8.94,"52,950,000",0.22%
2011-04-20,9.19,"81,360,000",2.80%
2011-04-21,9.29,"67,030,000",1.09%
2011-04-25,9.27,"68,790,000",-0.22%
2011-04-26,9.12,"224,810,000",-1.62%
2011-04-27,9.83,"472,460,000",7.79%
2011-04-28,9.75,"145,550,000",-0.81%
2011-04-29,9.79,"132,820,000",0.41%
2011-05-02,10.06,"187,990,000",2.76%
2011-05-03,9.92,"121,070,000",-1.39%
2011-05-04,10,"131,030,000",0.81%
2011-05-05,9.86,"92,760,000",-1.40%
2011-05-06,9.88,"80,360,000",0.20%
2011-05-09,10.04,"116,520,000",1.62%
2011-05-10,10.2,"117,840,000",1.59%
2011-05-11,10.22,"96,270,000",0.20%
2011-05-12,10.3,"96,410,000",0.78%
2011-05-13,10.13,"82,520,000",-1.65%
2011-05-16,9.63,"187,790,000",-4.94%
2011-05-17,9.74,"141,550,000",1.14%
2011-05-18,9.85,"99,180,000",1.13%
2011-05-19,9.94,"74,050,000",0.91%
2011-05-20,9.93,"67,640,000",-0.10%
2011-05-23,9.81,"84,610,000",-1.21%
2011-05-24,9.66,"59,450,000",-1.53%
2011-05-25,9.61,"93,220,000",-0.52%
2011-05-26,9.75,"81,510,000",1.46%
2011-05-27,9.71,"47,080,000",-0.41%
2011-05-31,9.83,"68,260,000",1.24%
2011-06-01,9.62,"68,990,000",-2.14%
2011-06-02,9.68,"60,910,000",0.62%
2011-06-03,9.42,"99,510,000",-2.69%
2011-06-06,9.28,"74,260,000",-1.49%
2011-06-07,9.38,"97,340,000",1.08%
2011-06-08,9.4,"74,350,000",0.21%
2011-06-09,9.48,"83,740,000",0.85%
2011-06-10,9.33,"75,270,000",-1.58%
2011-06-13,9.31,"77,400,000",-0.21%
2011-06-14,9.5,"79,210,000",2.04%
2011-06-15,9.3,"126,360,000",-2.11%
2011-06-16,9.18,"120,640,000",-1.29%
2011-06-17,9.32,"126,570,000",1.53%
2011-06-20,9.39,"56,680,000",0.75%
2011-06-21,9.71,"83,670,000",3.41%
2011-06-22,9.58,"62,700,000",-1.34%
2011-06-23,9.71,"92,300,000",1.36%
2011-06-24,9.63,"72,330,000",-0.82%
2011-06-27,10.06,"122,040,000",4.47%
2011-06-28,10.12,"76,520,000",0.60%
2011-06-29,10.21,"92,190,000",0.89%
2011-06-30,10.22,"89,030,000",0.10%
2011-07-01,10.47,"80,250,000",2.45%
2011-07-05,10.66,"71,730,000",1.81%
2011-07-06,10.71,"52,160,000",0.47%
2011-07-07,10.84,"62,920,000",1.21%
2011-07-08,10.91,"74,160,000",0.65%
2011-07-11,10.63,"80,700,000",-2.57%
2011-07-12,10.56,"79,740,000",-0.66%
2011-07-13,10.68,"84,630,000",1.14%
2011-07-14,10.52,"78,100,000",-1.50%
2011-07-15,10.64,"81,510,000",1.14%
2011-07-18,10.58,"58,010,000",-0.56%
2011-07-19,10.9,"88,780,000",3.02%
2011-07-20,10.78,"67,510,000",-1.10%
2011-07-21,10.66,"90,920,000",-1.11%
2011-07-22,10.83,"72,000,000",1.59%
2011-07-25,10.67,"66,930,000",-1.48%
2011-07-26,10.71,"197,270,000",0.37%
2011-07-27,11.13,"259,130,000",3.92%
2011-07-28,11.2,"107,110,000",0.63%
2011-07-29,11.13,"103,410,000",-0.62%
2011-08-01,11.07,"115,860,000",-0.54%
2011-08-02,10.59,"131,780,000",-4.34%
2011-08-03,10.5,"163,990,000",-0.85%
2011-08-04,10.07,"131,700,000",-4.10%
2011-08-05,10.13,"200,490,000",0.60%
2011-08-08,9.69,"208,620,000",-4.34%
2011-08-09,10.25,"209,940,000",5.78%
2011-08-10,9.71,"175,150,000",-5.27%
2011-08-11,9.92,"148,090,000",2.16%
2011-08-12,10.12,"112,410,000",2.02%
2011-08-15,10.15,"95,720,000",0.30%
2011-08-16,9.88,"104,180,000",-2.66%
2011-08-17,9.8,"79,830,000",-0.81%
2011-08-18,9.13,"165,610,000",-6.84%
2011-08-19,8.95,"144,970,000",-1.97%
2011-08-22,8.88,"106,300,000",-0.78%
2011-08-23,9.68,"147,060,000",9.01%
2011-08-24,9.69,"125,060,000",0.10%
2011-08-25,9.6,"75,210,000",-0.93%
2011-08-26,9.96,"106,210,000",3.75%
2011-08-29,10.33,"90,300,000",3.71%
2011-08-30,10.55,"118,390,000",2.13%
2011-08-31,10.76,"148,130,000",1.99%
2011-09-01,10.63,"105,530,000",-1.21%
2011-09-02,10.5,"84,750,000",-1.22%
2011-09-06,10.81,"124,340,000",2.95%
2011-09-07,10.99,"106,060,000",1.67%
2011-09-08,10.86,"88,100,000",-1.18%
2011-09-09,10.57,"91,530,000",-2.67%
2011-09-12,10.83,"106,870,000",2.46%
2011-09-13,10.98,"96,730,000",1.39%
2011-09-14,11.13,"117,690,000",1.37%
2011-09-15,11.34,"112,200,000",1.89%
2011-09-16,11.96,"235,200,000",5.47%
2011-09-19,12.08,"164,470,000",1.00%
2011-09-20,11.66,"147,710,000",-3.48%
2011-09-21,11.59,"117,680,000",-0.60%
2011-09-22,11.16,"165,110,000",-3.71%
2011-09-23,11.18,"129,380,000",0.18%
2011-09-26,11.49,"115,890,000",2.77%
2011-09-27,11.21,"156,820,000",-2.44%
2011-09-28,11.49,"288,780,000",2.50%
2011-09-29,11.12,"187,600,000",-3.22%
2011-09-30,10.81,"131,070,000",-2.79%
2011-10-03,10.6,"132,500,000",-1.94%
2011-10-04,10.62,"174,320,000",0.19%
2011-10-05,10.97,"130,260,000",3.30%
2011-10-06,11.08,"137,010,000",1.00%
2011-10-07,11.24,"135,730,000",1.44%
2011-10-10,11.57,"102,910,000",2.94%
2011-10-11,11.77,"100,110,000",1.73%
2011-10-12,11.84,"130,220,000",0.59%
2011-10-13,11.81,"96,830,000",-0.25%
2011-10-14,12.34,"118,550,000",4.49%
2011-10-17,12.12,"95,580,000",-1.78%
2011-10-18,12.19,"92,260,000",0.58%
2011-10-19,11.58,"134,320,000",-5.00%
2011-10-20,11.68,"90,540,000",0.86%
2011-10-21,11.74,"91,460,000",0.51%
2011-10-24,11.88,"99,540,000",1.19%
2011-10-25,11.36,"280,250,000",-4.38%
2011-10-26,9.92,"482,820,000",-12.68%
2011-10-27,10.34,"215,520,000",4.23%
2011-10-28,10.87,"197,730,000",5.13%
2011-10-31,10.68,"147,050,000",-1.75%
2011-11-01,10.61,"170,320,000",-0.66%
2011-11-02,10.78,"122,660,000",1.60%
2011-11-03,10.91,"106,350,000",1.21%
2011-11-04,10.82,"81,340,000",-0.82%
2011-11-07,10.85,"77,220,000",0.28%
2011-11-08,10.9,"78,350,000",0.46%
2011-11-09,10.56,"93,700,000",-3.12%
2011-11-10,10.54,"100,900,000",-0.19%
2011-11-11,10.87,"103,310,000",3.13%
2011-11-14,10.95,"130,460,000",0.74%
2011-11-15,10.89,"114,780,000",-0.55%
2011-11-16,10.6,"110,200,000",-2.66%
2011-11-17,10.23,"159,700,000",-3.49%
2011-11-18,9.86,"168,770,000",-3.62%
2011-11-21,9.46,"226,470,000",-4.06%
2011-11-22,9.62,"198,390,000",1.69%
2011-11-23,9.45,"160,240,000",-1.77%
2011-11-25,9.12,"99,440,000",-3.49%
2011-11-28,9.71,"144,150,000",6.47%
2011-11-29,9.42,"131,550,000",-2.99%
2011-11-30,9.61,"154,370,000",2.02%
2011-12-01,9.86,"146,600,000",2.60%
2011-12-02,9.8,"150,530,000",-0.61%
2011-12-05,9.81,"118,450,000",0.10%
2011-12-06,9.6,"104,070,000",-2.14%
2011-12-07,9.77,"128,570,000",1.77%
2011-12-08,9.52,"87,230,000",-2.56%
2011-12-09,9.65,"103,190,000",1.37%
2011-12-12,9.48,"86,880,000",-1.76%
2011-12-13,9.03,"186,130,000",-4.75%
2011-12-14,9.01,"232,340,000",-0.22%
2011-12-15,9.06,"145,210,000",0.55%
2011-12-16,9.06,"133,300,000",0.00%
2011-12-19,8.97,"90,700,000",-0.99%
2011-12-20,9.13,"92,010,000",1.78%
2011-12-21,8.72,"161,370,000",-4.49%
2011-12-22,8.95,"93,930,000",2.64%
2011-12-23,8.86,"69,950,000",-1.01%
2011-12-27,8.81,"59,020,000",-0.56%
2011-12-28,8.69,"73,200,000",-1.36%
2011-12-29,8.69,"164,250,000",0.00%
2011-12-30,8.65,"85,610,000",-0.46%
2012-01-03,8.95,"102,240,000",3.47%
2012-01-04,8.88,"84,130,000",-0.78%
2012-01-05,8.88,"76,210,000",0.00%
2012-01-06,9.13,"140,200,000",2.82%
2012-01-09,8.93,"101,170,000",-2.19%
2012-01-10,8.97,"79,720,000",0.45%
2012-01-11,8.95,"62,060,000",-0.22%
2012-01-12,8.8,"107,770,000",-1.68%
2012-01-13,8.92,"95,090,000",1.36%
2012-01-17,9.08,"112,900,000",1.79%
2012-01-18,9.47,"149,550,000",4.30%
2012-01-19,9.72,"142,000,000",2.64%
2012-01-20,9.55,"112,210,000",-1.75%
2012-01-23,9.3,"91,750,000",-2.62%
2012-01-24,9.35,"93,620,000",0.54%
2012-01-25,9.39,"86,160,000",0.43%
2012-01-26,9.67,"117,580,000",2.98%
2012-01-27,9.77,"93,260,000",1.03%
2012-01-30,9.61,"108,600,000",-1.64%
2012-01-31,9.72,"255,440,000",1.14%
2012-02-01,8.97,"426,820,000",-7.72%
2012-02-02,9.09,"174,780,000",1.34%
2012-02-03,9.38,"162,450,000",3.19%
2012-02-06,9.16,"106,230,000",-2.35%
2012-02-07,9.21,"102,090,000",0.55%
2012-02-08,9.27,"109,550,000",0.65%
2012-02-09,9.25,"143,800,000",-0.22%
2012-02-10,9.28,"115,970,000",0.32%
2012-02-13,9.58,"121,470,000",3.23%
2012-02-14,9.56,"190,690,000",-0.21%
2012-02-15,9.22,"156,040,000",-3.56%
2012-02-16,9,"251,310,000",-2.39%
2012-02-17,9.12,"148,370,000",1.33%
2012-02-21,9.11,"135,180,000",-0.11%
2012-02-22,9.03,"115,730,000",-0.88%
2012-02-23,8.94,"103,150,000",-1.00%
2012-02-24,8.96,"73,380,000",0.22%
2012-02-27,8.93,"74,160,000",-0.33%
2012-02-28,9.19,"115,300,000",2.91%
2012-02-29,8.98,"106,050,000",-2.29%
2012-03-01,9,"98,770,000",0.22%
2012-03-02,8.96,"73,160,000",-0.44%
2012-03-05,9.01,"93,690,000",0.56%
2012-03-06,9.05,"112,280,000",0.44%
2012-03-07,9.19,"99,040,000",1.55%
2012-03-08,9.38,"84,470,000",2.07%
2012-03-09,9.22,"90,210,000",-1.71%
2012-03-12,9.17,"51,760,000",-0.54%
2012-03-13,9.23,"88,090,000",0.65%
2012-03-14,9.11,"73,990,000",-1.30%
2012-03-15,9.22,"83,210,000",1.21%
2012-03-16,9.25,"98,700,000",0.33%
2012-03-19,9.28,"78,080,000",0.32%
2012-03-20,9.62,"183,350,000",3.66%
2012-03-21,9.59,"84,310,000",-0.31%
2012-03-22,9.62,"74,810,000",0.31%
2012-03-23,9.75,"119,680,000",1.35%
2012-03-26,10.14,"152,410,000",4.00%
2012-03-27,10.27,"192,010,000",1.28%
2012-03-28,10.06,"124,920,000",-2.04%
2012-03-29,10.23,"114,230,000",1.69%
2012-03-30,10.13,"88,820,000",-0.98%
2012-04-02,9.9,"128,610,000",-2.27%
2012-04-03,9.98,"100,020,000",0.81%
2012-04-04,9.7,"109,190,000",-2.81%
2012-04-05,9.72,"64,360,000",0.21%
2012-04-09,9.59,"62,740,000",-1.34%
2012-04-10,9.35,"89,110,000",-2.50%
2012-04-11,9.4,"86,760,000",0.53%
2012-04-12,9.53,"80,580,000",1.38%
2012-04-13,9.42,"68,640,000",-1.15%
2012-04-16,9.28,"80,890,000",-1.49%
2012-04-17,9.42,"56,590,000",1.51%
2012-04-18,9.55,"80,060,000",1.38%
2012-04-19,9.55,"80,060,000",0.00%
2012-04-20,9.5,"64,870,000",-0.52%
2012-04-23,9.41,"69,630,000",-0.95%
2012-04-24,9.52,"67,640,000",1.17%
2012-04-25,9.72,"79,170,000",2.10%
2012-04-26,9.8,"204,680,000",0.82%
2012-04-27,11.34,"442,250,000",15.71%
2012-04-30,11.6,"195,330,000",2.29%
2012-05-01,11.5,"135,140,000",-0.86%
2012-05-02,11.51,"91,880,000",0.09%
2012-05-03,11.47,"81,160,000",-0.35%
2012-05-04,11.2,"91,760,000",-2.35%
2012-05-07,11.26,"66,280,000",0.54%
2012-05-08,11.2,"90,460,000",-0.53%
2012-05-09,11.15,"74,270,000",-0.45%
2012-05-10,11.33,"92,970,000",1.61%
2012-05-11,11.38,"83,910,000",0.44%
2012-05-14,11.15,"61,940,000",-2.02%
2012-05-15,11.22,"114,340,000",0.63%
2012-05-16,11.2,"105,240,000",-0.18%
2012-05-17,10.92,"90,160,000",-2.50%
2012-05-18,10.69,"104,670,000",-2.11%
2012-05-21,10.91,"71,600,000",2.06%
2012-05-22,10.77,"74,680,000",-1.28%
2012-05-23,10.86,"84,880,000",0.84%
2012-05-24,10.76,"62,830,000",-0.92%
2012-05-25,10.64,"43,430,000",-1.12%
2012-05-29,10.74,"53,920,000",0.94%
2012-05-30,10.46,"81,710,000",-2.61%
2012-05-31,10.65,"98,900,000",1.82%
2012-06-01,10.41,"79,070,000",-2.25%
2012-06-04,10.73,"86,050,000",3.07%
2012-06-05,10.66,"70,930,000",-0.65%
2012-06-06,10.88,"54,300,000",2.06%
2012-06-07,10.94,"70,110,000",0.55%
2012-06-08,10.92,"57,540,000",-0.18%
2012-06-11,10.82,"74,980,000",-0.92%
2012-06-12,10.82,"56,680,000",0.00%
2012-06-13,10.74,"46,530,000",-0.74%
2012-06-14,10.72,"61,220,000",-0.19%
2012-06-15,10.92,"75,760,000",1.87%
2012-06-18,11.13,"67,430,000",1.92%
2012-06-19,11.2,"54,340,000",0.63%
2012-06-20,11.15,"48,920,000",-0.45%
2012-06-21,11.03,"56,860,000",-1.08%
2012-06-22,11.11,"43,760,000",0.73%
2012-06-25,11,"47,650,000",-0.99%
2012-06-26,11.28,"75,100,000",2.55%
2012-06-27,11.28,"55,990,000",0.00%
2012-06-28,11.07,"59,910,000",-1.86%
2012-06-29,11.42,"72,310,000",3.16%
2012-07-02,11.47,"46,620,000",0.44%
2012-07-03,11.48,"26,720,000",0.09%
2012-07-05,11.35,"53,670,000",-1.13%
2012-07-06,11.25,"64,060,000",-0.88%
2012-07-09,11.25,"38,440,000",0.00%
2012-07-10,10.97,"59,660,000",-2.49%
2012-07-11,10.92,"54,700,000",-0.46%
2012-07-12,10.77,"52,340,000",-1.37%
2012-07-13,10.92,"44,450,000",1.39%
2012-07-16,10.8,"40,090,000",-1.10%
2012-07-17,10.85,"39,750,000",0.46%
2012-07-18,10.87,"41,950,000",0.18%
2012-07-19,11.31,"109,030,000",4.05%
2012-07-20,11.41,"83,420,000",0.88%
2012-07-23,11.3,"110,340,000",-0.96%
2012-07-24,11.15,"100,340,000",-1.33%
2012-07-25,10.85,"72,960,000",-2.69%
2012-07-26,11,"138,750,000",1.38%
2012-07-27,11.87,"226,310,000",7.91%
2012-07-30,11.8,"74,730,000",-0.59%
2012-07-31,11.66,"69,120,000",-1.19%
2012-08-01,11.6,"50,880,000",-0.51%
2012-08-02,11.54,"60,970,000",-0.52%
2012-08-03,11.75,"56,510,000",1.82%
2012-08-06,11.7,"36,870,000",-0.43%
2012-08-07,11.83,"41,170,000",1.11%
2012-08-08,11.72,"30,680,000",-0.93%
2012-08-09,11.7,"30,970,000",-0.17%
2012-08-10,11.64,"37,050,000",-0.51%
2012-08-13,11.62,"39,950,000",-0.17%
2012-08-14,11.66,"55,020,000",0.34%
2012-08-15,11.87,"65,340,000",1.80%
2012-08-16,12.08,"86,250,000",1.77%
2012-08-17,12.06,"61,720,000",-0.17%
2012-08-20,12.02,"37,800,000",-0.33%
2012-08-21,11.97,"51,440,000",-0.42%
2012-08-22,12.15,"49,480,000",1.50%
2012-08-23,12.06,"49,090,000",-0.74%
2012-08-24,12.29,"73,990,000",1.91%
2012-08-27,12.2,"58,590,000",-0.73%
2012-08-28,12.31,"54,940,000",0.90%
2012-08-29,12.36,"35,480,000",0.41%
2012-08-30,12.31,"72,960,000",-0.40%
2012-08-31,12.41,"66,950,000",0.81%
2012-09-04,12.39,"79,080,000",-0.16%
2012-09-05,12.31,"53,070,000",-0.65%
2012-09-06,12.57,"107,270,000",2.11%
2012-09-07,12.96,"100,620,000",3.10%
2012-09-10,12.85,"51,350,000",-0.85%
2012-09-11,12.78,"50,530,000",-0.54%
2012-09-12,12.78,"45,490,000",0.00%
2012-09-13,13.01,"70,530,000",1.80%
2012-09-14,13.06,"73,330,000",0.38%
2012-09-17,12.9,"46,120,000",-1.23%
2012-09-18,12.94,"44,320,000",0.31%
2012-09-19,13.08,"52,740,000",1.08%
2012-09-20,13.04,"58,280,000",-0.31%
2012-09-21,12.87,"121,210,000",-1.30%
2012-09-24,12.74,"54,200,000",-1.01%
2012-09-25,12.62,"88,120,000",-0.94%
2012-09-26,12.48,"58,420,000",-1.11%
2012-09-27,12.83,"67,950,000",2.80%
2012-09-28,12.72,"49,130,000",-0.86%
2012-10-01,12.6,"51,620,000",-0.94%
2012-10-02,12.53,"43,920,000",-0.56%
2012-10-03,12.8,"54,930,000",2.15%
2012-10-04,13.02,"54,220,000",1.72%
2012-10-05,12.93,"56,150,000",-0.69%
2012-10-08,12.95,"35,250,000",0.15%
2012-10-09,12.55,"69,940,000",-3.09%
2012-10-10,12.25,"79,000,000",-2.39%
2012-10-11,12.21,"68,960,000",-0.33%
2012-10-12,12.12,"44,070,000",-0.74%
2012-10-15,12.21,"59,200,000",0.74%
2012-10-16,12.2,"44,080,000",-0.08%
2012-10-17,12.37,"66,060,000",1.39%
2012-10-18,12.24,"106,120,000",-1.05%
2012-10-19,12,"87,940,000",-1.96%
2012-10-22,11.69,"90,000,000",-2.58%
2012-10-23,11.72,"88,640,000",0.26%
2012-10-24,11.42,"73,590,000",-2.56%
2012-10-25,11.15,"134,820,000",-2.36%
2012-10-26,11.91,"227,350,000",6.82%
2012-10-31,11.64,"95,960,000",-2.27%
2012-11-01,11.61,"78,120,000",-0.26%
2012-11-02,11.62,"67,500,000",0.09%
2012-11-05,11.72,"36,920,000",0.86%
2012-11-06,11.88,"53,290,000",1.37%
2012-11-07,11.6,"72,510,000",-2.36%
2012-11-08,11.37,"59,820,000",-1.98%
2012-11-09,11.32,"61,860,000",-0.44%
2012-11-12,11.32,"42,600,000",0.00%
2012-11-13,11.33,"52,600,000",0.09%
2012-11-14,11.15,"60,690,000",-1.59%
2012-11-15,11.03,"68,090,000",-1.08%
2012-11-16,11.26,"87,070,000",2.09%
2012-11-19,11.49,"71,860,000",2.04%
2012-11-20,11.69,"55,450,000",1.74%
2012-11-21,11.9,"59,190,000",1.80%
2012-11-23,11.99,"35,530,000",0.76%
2012-11-26,12.18,"83,580,000",1.58%
2012-11-27,12.17,"60,970,000",-0.08%
2012-11-28,12.36,"54,900,000",1.56%
2012-11-29,12.56,"106,290,000",1.62%
2012-11-30,12.6,"75,950,000",0.32%
2012-12-03,12.52,"59,830,000",-0.63%
2012-12-04,12.62,"62,340,000",0.80%
2012-12-05,12.7,"57,060,000",0.63%
2012-12-06,12.67,"71,160,000",-0.24%
2012-12-07,12.66,"43,410,000",-0.08%
2012-12-10,12.39,"70,110,000",-2.13%
2012-12-11,12.53,"83,720,000",1.13%
2012-12-12,12.59,"52,560,000",0.48%
2012-12-13,12.56,"49,250,000",-0.24%
2012-12-14,12.46,"50,540,000",-0.80%
2012-12-17,12.69,"45,550,000",1.85%
2012-12-18,13.02,"99,230,000",2.60%
2012-12-19,12.9,"46,030,000",-0.92%
2012-12-20,13.07,"51,710,000",1.32%
2012-12-21,12.85,"94,090,000",-1.68%
2012-12-24,12.93,"19,730,000",0.62%
2012-12-26,12.43,"83,070,000",-3.87%
2012-12-27,12.42,"72,810,000",-0.08%
2012-12-28,12.26,"37,270,000",-1.29%
2012-12-31,12.54,"68,390,000",2.28%
2013-01-02,12.87,"65,430,000",2.63%
2013-01-03,12.92,"55,030,000",0.39%
2013-01-04,12.96,"37,520,000",0.31%
2013-01-07,13.42,"98,250,000",3.55%
2013-01-08,13.32,"60,250,000",-0.75%
2013-01-09,13.32,"45,320,000",0.00%
2013-01-10,13.27,"57,320,000",-0.38%
2013-01-11,13.4,"48,270,000",0.98%
2013-01-14,13.64,"85,490,000",1.79%
2013-01-15,13.6,"46,540,000",-0.29%
2013-01-16,13.45,"41,320,000",-1.10%
2013-01-17,13.52,"37,700,000",0.52%
2013-01-18,13.61,"58,890,000",0.67%
2013-01-22,13.51,"42,790,000",-0.73%
2013-01-23,13.41,"50,270,000",-0.74%
2013-01-24,13.68,"68,340,000",2.01%
2013-01-25,14.2,"99,500,000",3.80%
2013-01-28,13.8,"86,450,000",-2.82%
2013-01-29,13.02,"203,450,000",-5.65%
2013-01-30,13.64,"261,640,000",4.76%
2013-01-31,13.28,"135,520,000",-2.64%
2013-02-01,13.25,"122,360,000",-0.23%
2013-02-04,13,"74,480,000",-1.89%
2013-02-05,13.34,"80,280,000",2.62%
2013-02-06,13.11,"55,440,000",-1.72%
2013-02-07,13.01,"79,540,000",-0.76%
2013-02-08,13.1,"77,590,000",0.69%
2013-02-11,12.86,"68,150,000",-1.83%
2013-02-12,12.94,"58,890,000",0.62%
2013-02-13,13.47,"105,920,000",4.10%
2013-02-14,13.46,"69,280,000",-0.07%
2013-02-15,13.25,"79,620,000",-1.56%
2013-02-19,13.49,"57,130,000",1.81%
2013-02-20,13.32,"70,610,000",-1.26%
2013-02-21,13.3,"72,780,000",-0.15%
2013-02-22,13.27,"62,500,000",-0.23%
2013-02-25,12.99,"60,650,000",-2.11%
2013-02-26,12.97,"66,980,000",-0.15%
2013-02-27,13.16,"58,170,000",1.46%
2013-02-28,13.21,"53,360,000",0.38%
2013-03-01,13.29,"59,180,000",0.61%
2013-03-04,13.66,"69,150,000",2.78%
2013-03-05,13.78,"73,770,000",0.88%
2013-03-06,13.69,"41,030,000",-0.65%
2013-03-07,13.69,"38,800,000",0.00%
2013-03-08,13.71,"37,600,000",0.15%
2013-03-11,13.56,"38,100,000",-1.09%
2013-03-12,13.71,"64,940,000",1.11%
2013-03-13,13.76,"37,680,000",0.36%
2013-03-14,13.29,"104,550,000",-3.42%
2013-03-15,13.09,"97,330,000",-1.50%
2013-03-18,12.89,"54,430,000",-1.53%
2013-03-19,12.82,"74,790,000",-0.54%
2013-03-20,12.86,"54,780,000",0.31%
2013-03-21,12.67,"56,130,000",-1.48%
2013-03-22,12.89,"62,530,000",1.74%
2013-03-25,12.8,"50,300,000",-0.70%
2013-03-26,13.02,"48,420,000",1.72%
2013-03-27,13.27,"57,500,000",1.92%
2013-03-28,13.32,"49,480,000",0.38%
2013-04-01,13.08,"50,500,000",-1.80%
2013-04-02,13.17,"52,650,000",0.69%
2013-04-03,12.95,"48,290,000",-1.67%
2013-04-04,12.95,"39,290,000",0.00%
2013-04-05,12.77,"51,160,000",-1.39%
2013-04-08,12.95,"45,940,000",1.41%
2013-04-09,13.06,"43,170,000",0.85%
2013-04-10,13.24,"46,450,000",1.38%
2013-04-11,13.49,"61,840,000",1.89%
2013-04-12,13.64,"57,360,000",1.11%
2013-04-15,13.39,"66,520,000",-1.83%
2013-04-16,13.62,"42,770,000",1.72%
2013-04-17,13.37,"62,710,000",-1.84%
2013-04-18,12.97,"62,760,000",-2.99%
2013-04-19,13.02,"52,060,000",0.39%
2013-04-22,13.18,"42,390,000",1.23%
2013-04-23,13.45,"45,490,000",2.05%
2013-04-24,13.44,"37,100,000",-0.07%
2013-04-25,13.73,"122,330,000",2.16%
2013-04-26,12.74,"280,720,000",-7.21%
2013-04-29,12.49,"142,410,000",-1.96%
2013-04-30,12.69,"85,000,000",1.60%
2013-05-01,12.41,"87,840,000",-2.21%
2013-05-02,12.63,"78,720,000",1.77%
2013-05-03,12.9,"70,290,000",2.14%
2013-05-06,12.79,"46,990,000",-0.85%
2013-05-07,12.89,"62,680,000",0.78%
2013-05-08,12.93,"53,540,000",0.31%
2013-05-09,13.01,"55,390,000",0.62%
2013-05-10,13.18,"62,920,000",1.31%
2013-05-13,13.23,"42,990,000",0.38%
2013-05-14,13.42,"54,010,000",1.44%
2013-05-15,13.33,"54,430,000",-0.67%
2013-05-16,13.21,"32,870,000",-0.90%
2013-05-17,13.49,"50,560,000",2.12%
2013-05-20,13.38,"44,180,000",-0.82%
2013-05-21,13.44,"34,830,000",0.45%
2013-05-22,13.15,"66,650,000",-2.16%
2013-05-23,13.09,"40,160,000",-0.46%
2013-05-24,13.09,"33,930,000",0.00%
2013-05-28,13.36,"69,420,000",2.06%
2013-05-29,13.28,"38,070,000",-0.60%
2013-05-30,13.34,"33,370,000",0.45%
2013-05-31,13.46,"67,500,000",0.90%
2013-06-03,13.34,"50,910,000",-0.89%
2013-06-04,13.29,"41,780,000",-0.37%
2013-06-05,13.36,"70,260,000",0.53%
2013-06-06,13.39,"49,530,000",0.22%
2013-06-07,13.84,"92,650,000",3.36%
2013-06-10,14.05,"61,770,000",1.52%
2013-06-11,13.74,"61,980,000",-2.21%
2013-06-12,13.58,"44,790,000",-1.16%
2013-06-13,13.79,"53,030,000",1.55%
2013-06-14,13.7,"43,020,000",-0.65%
2013-06-17,13.9,"57,710,000",1.46%
2013-06-18,14.09,"42,950,000",1.37%
2013-06-19,13.91,"56,570,000",-1.28%
2013-06-20,13.67,"59,700,000",-1.73%
2013-06-21,13.67,"84,050,000",0.00%
2013-06-24,13.53,"77,320,000",-1.02%
2013-06-25,13.6,"49,060,000",0.52%
2013-06-26,13.88,"60,600,000",2.06%
2013-06-27,13.88,"50,410,000",0.00%
2013-06-28,13.88,"63,870,000",0.00%
2013-07-01,14.11,"57,800,000",1.66%
2013-07-02,14.19,"64,770,000",0.57%
2013-07-03,14.2,"27,600,000",0.07%
2013-07-05,14.29,"39,720,000",0.63%
2013-07-08,14.53,"60,940,000",1.68%
2013-07-09,14.58,"55,510,000",0.34%
2013-07-10,14.62,"36,200,000",0.27%
2013-07-11,14.98,"80,150,000",2.46%
2013-07-12,15.38,"90,870,000",2.67%
2013-07-15,15.33,"44,910,000",-0.33%
2013-07-16,15.34,"53,210,000",0.07%
2013-07-17,15.43,"40,630,000",0.59%
2013-07-18,15.21,"61,290,000",-1.43%
2013-07-19,15.26,"59,460,000",0.33%
2013-07-22,15.17,"50,440,000",-0.59%
2013-07-23,15.05,"39,990,000",-0.79%
2013-07-24,14.95,"40,050,000",-0.66%
2013-07-25,15.17,"109,690,000",1.47%
2013-07-26,15.6,"176,400,000",2.83%
2013-07-29,15.3,"64,260,000",-1.92%
2013-07-30,15.12,"61,080,000",-1.18%
2013-07-31,15.06,"37,830,000",-0.40%
2013-08-01,15.28,"59,430,000",1.46%
2013-08-02,15.21,"50,170,000",-0.46%
2013-08-05,15.05,"44,670,000",-1.05%
2013-08-06,15.04,"37,000,000",-0.07%
2013-08-07,14.85,"39,260,000",-1.26%
2013-08-08,14.79,"46,930,000",-0.40%
2013-08-09,14.86,"39,010,000",0.47%
2013-08-12,14.83,"30,090,000",-0.20%
2013-08-13,14.7,"47,100,000",-0.88%
2013-08-14,14.57,"28,310,000",-0.88%
2013-08-15,14.32,"45,230,000",-1.72%
2013-08-16,14.24,"48,460,000",-0.56%
2013-08-19,14.28,"49,590,000",0.28%
2013-08-20,14.35,"31,720,000",0.49%
2013-08-21,14.23,"36,330,000",-0.84%
2013-08-22,14.49,"28,450,000",1.83%
2013-08-23,14.5,"39,370,000",0.07%
2013-08-26,14.31,"34,360,000",-1.31%
2013-08-27,14.05,"49,520,000",-1.82%
2013-08-28,14.08,"29,150,000",0.21%
2013-08-29,14.2,"31,330,000",0.85%
2013-08-30,14.05,"30,690,000",-1.06%
2013-09-03,14.44,"57,970,000",2.78%
2013-09-04,14.68,"48,790,000",1.66%
2013-09-05,14.71,"36,400,000",0.20%
2013-09-06,14.79,"45,870,000",0.54%
2013-09-09,14.99,"32,920,000",1.35%
2013-09-10,15.02,"35,620,000",0.20%
2013-09-11,14.98,"34,910,000",-0.27%
2013-09-12,14.94,"32,130,000",-0.27%
2013-09-13,14.9,"27,010,000",-0.27%
2013-09-16,14.8,"36,370,000",-0.67%
2013-09-17,15.21,"45,950,000",2.77%
2013-09-18,15.6,"58,940,000",2.56%
2013-09-19,15.6,"47,020,000",0.00%
2013-09-20,15.82,"106,120,000",1.41%
2013-09-23,15.57,"37,700,000",-1.58%
2013-09-24,15.71,"40,670,000",0.90%
2013-09-25,15.63,"40,200,000",-0.51%
2013-09-26,15.91,"39,820,000",1.79%
2013-09-27,15.8,"33,170,000",-0.69%
2013-09-30,15.63,"32,520,000",-1.08%
2013-10-01,16.05,"47,980,000",2.69%
2013-10-02,16.03,"44,490,000",-0.12%
2013-10-03,15.74,"53,590,000",-1.81%
2013-10-04,15.95,"36,300,000",1.33%
2013-10-07,15.5,"41,710,000",-2.82%
2013-10-08,15.16,"63,430,000",-2.19%
2013-10-09,14.91,"65,060,000",-1.65%
2013-10-10,15.26,"51,140,000",2.35%
2013-10-11,15.54,"43,260,000",1.83%
2013-10-14,15.54,"38,780,000",0.00%
2013-10-15,15.32,"45,230,000",-1.42%
2013-10-16,15.52,"43,610,000",1.31%
2013-10-17,15.54,"52,970,000",0.13%
2013-10-18,16.45,"119,400,000",5.86%
2013-10-21,16.32,"50,550,000",-0.79%
2013-10-22,16.63,"78,860,000",1.90%
2013-10-23,16.34,"56,360,000",-1.74%
2013-10-24,16.61,"117,690,000",1.65%
2013-10-25,18.17,"240,880,000",9.39%
2013-10-28,17.91,"72,720,000",-1.43%
2013-10-29,18.14,"43,820,000",1.28%
2013-10-30,18.05,"90,100,000",-0.50%
2013-10-31,18.2,"49,340,000",0.83%
2013-11-01,17.95,"66,640,000",-1.37%
2013-11-04,17.94,"38,810,000",-0.06%
2013-11-05,17.94,"40,150,000",0.00%
2013-11-06,17.81,"45,760,000",-0.72%
2013-11-07,17.18,"85,000,000",-3.54%
2013-11-08,17.52,"53,140,000",1.98%
2013-11-11,17.72,"45,250,000",1.14%
2013-11-12,17.48,"46,890,000",-1.35%
2013-11-13,17.81,"55,560,000",1.89%
2013-11-14,18.37,"83,280,000",3.14%
2013-11-15,18.46,"89,900,000",0.49%
2013-11-18,18.31,"54,760,000",-0.81%
2013-11-19,18.25,"38,100,000",-0.33%
2013-11-20,18.13,"35,460,000",-0.66%
2013-11-21,18.45,"39,340,000",1.77%
2013-11-22,18.62,"59,360,000",0.92%
2013-11-25,18.83,"59,450,000",1.13%
2013-11-26,19.07,"54,610,000",1.27%
2013-11-27,19.34,"45,390,000",1.42%
2013-11-29,19.68,"48,120,000",1.76%
2013-12-02,19.61,"94,380,000",-0.36%
2013-12-03,19.23,"74,150,000",-1.94%
2013-12-04,19.3,"47,110,000",0.36%
2013-12-05,19.22,"38,130,000",-0.41%
2013-12-06,19.35,"39,760,000",0.68%
2013-12-09,19.24,"55,330,000",-0.57%
2013-12-10,19.39,"54,800,000",0.78%
2013-12-11,19.11,"49,030,000",-1.44%
2013-12-12,19.06,"42,470,000",-0.26%
2013-12-13,19.21,"60,500,000",0.79%
2013-12-16,19.45,"45,180,000",1.25%
2013-12-17,19.38,"46,970,000",-0.36%
2013-12-18,19.8,"69,870,000",2.17%
2013-12-19,19.76,"48,590,000",-0.20%
2013-12-20,20.11,"100,770,000",1.77%
2013-12-23,20.15,"53,240,000",0.20%
2013-12-24,19.96,"27,610,000",-0.94%
2013-12-26,20.22,"37,430,000",1.30%
2013-12-27,19.9,"39,750,000",-1.58%
2013-12-30,19.67,"49,760,000",-1.16%
2013-12-31,19.94,"39,940,000",1.37%
2014-01-02,19.9,"42,800,000",-0.20%
2014-01-03,19.82,"44,270,000",-0.40%
2014-01-06,19.68,"63,440,000",-0.71%
2014-01-07,19.9,"38,330,000",1.12%
2014-01-08,20.1,"46,340,000",1.01%
2014-01-09,20.05,"42,080,000",-0.25%
2014-01-10,19.88,"53,630,000",-0.85%
2014-01-13,19.55,"56,930,000",-1.66%
2014-01-14,19.88,"46,810,000",1.69%
2014-01-15,19.79,"53,580,000",-0.45%
2014-01-16,19.79,"52,050,000",0.00%
2014-01-17,19.98,"90,180,000",0.96%
2014-01-21,20.35,"62,450,000",1.85%
2014-01-22,20.23,"41,400,000",-0.59%
2014-01-23,19.99,"60,530,000",-1.19%
2014-01-24,19.38,"90,260,000",-3.05%
2014-01-27,19.31,"78,900,000",-0.36%
2014-01-28,19.72,"58,030,000",2.12%
2014-01-29,19.21,"67,990,000",-2.59%
2014-01-30,20.15,"218,000,000",4.89%
2014-01-31,17.93,"323,630,000",-11.02%
2014-02-03,17.31,"205,820,000",-3.46%
2014-02-04,17.4,"96,420,000",0.52%
2014-02-05,17.32,"88,780,000",-0.46%
2014-02-06,17.73,"66,810,000",2.37%
2014-02-07,18.05,"86,940,000",1.80%
2014-02-10,18.04,"69,020,000",-0.06%
2014-02-11,18.09,"64,500,000",0.28%
2014-02-12,17.46,"131,980,000",-3.48%
2014-02-13,17.86,"83,630,000",2.29%
2014-02-14,17.87,"70,490,000",0.06%
2014-02-18,17.68,"100,010,000",-1.06%
2014-02-19,17.37,"83,510,000",-1.75%
2014-02-20,17.49,"69,930,000",0.69%
2014-02-21,17.34,"84,240,000",-0.86%
2014-02-24,17.59,"72,940,000",1.44%
2014-02-25,17.92,"74,940,000",1.88%
2014-02-26,17.99,"72,450,000",0.39%
2014-02-27,18.01,"62,110,000",0.11%
2014-02-28,18.11,"77,700,000",0.56%
2014-03-03,17.99,"56,090,000",-0.66%
2014-03-04,18.2,"54,140,000",1.17%
2014-03-05,18.62,"77,250,000",2.31%
2014-03-06,18.61,"58,550,000",-0.05%
2014-03-07,18.6,"45,610,000",-0.05%
2014-03-10,18.53,"42,160,000",-0.38%
2014-03-11,18.44,"44,960,000",-0.49%
2014-03-12,18.53,"44,390,000",0.49%
2014-03-13,18.58,"136,580,000",0.27%
2014-03-14,18.69,"88,040,000",0.59%
2014-03-17,18.75,"46,140,000",0.32%
2014-03-18,18.94,"49,670,000",1.01%
2014-03-19,18.66,"52,930,000",-1.48%
2014-03-20,18.45,"51,170,000",-1.13%
2014-03-21,18.03,"108,360,000",-2.28%
2014-03-24,17.59,"97,590,000",-2.44%
2014-03-25,17.74,"89,110,000",0.85%
2014-03-26,17.17,"82,410,000",-3.21%
2014-03-27,16.92,"115,410,000",-1.46%
2014-03-28,16.91,"79,740,000",-0.06%
2014-03-31,16.82,"85,950,000",-0.53%
2014-04-01,17.15,"72,060,000",1.96%
2014-04-02,17.1,"89,510,000",-0.29%
2014-04-03,16.68,"127,990,000",-2.46%
2014-04-04,16.15,"250,690,000",-3.18%
2014-04-07,15.89,"141,550,000",-1.61%
2014-04-08,16.35,"131,710,000",2.89%
2014-04-09,16.59,"101,170,000",1.47%
2014-04-10,15.86,"122,670,000",-4.40%
2014-04-11,15.59,"145,840,000",-1.70%
2014-04-14,15.8,"85,870,000",1.35%
2014-04-15,15.8,"107,990,000",0.00%
2014-04-16,16.18,"85,720,000",2.41%
2014-04-17,16.25,"86,010,000",0.43%
2014-04-21,16.54,"60,010,000",1.78%
2014-04-22,16.47,"74,290,000",-0.42%
2014-04-23,16.23,"72,090,000",-1.46%
2014-04-24,16.86,"185,870,000",3.88%
2014-04-25,15.19,"323,730,000",-9.91%
2014-04-28,14.83,"289,600,000",-2.37%
2014-04-29,15.02,"130,210,000",1.28%
2014-04-30,15.21,"81,800,000",1.26%
2014-05-01,15.39,"86,580,000",1.18%
2014-05-02,15.4,"79,900,000",0.06%
2014-05-05,15.5,"50,410,000",0.65%
2014-05-06,14.87,"93,650,000",-4.06%
2014-05-07,14.64,"140,340,000",-1.55%
2014-05-08,14.42,"76,980,000",-1.50%
2014-05-09,14.61,"81,260,000",1.32%
2014-05-12,15.14,"74,710,000",3.63%
2014-05-13,15.23,"70,200,000",0.59%
2014-05-14,14.88,"66,570,000",-2.30%
2014-05-15,14.76,"85,990,000",-0.81%
2014-05-16,14.88,"72,750,000",0.81%
2014-05-19,14.84,"45,730,000",-0.27%
2014-05-20,15.06,"81,930,000",1.48%
2014-05-21,15.25,"68,180,000",1.26%
2014-05-22,15.25,"51,540,000",0.00%
2014-05-23,15.61,"61,120,000",2.36%
2014-05-27,15.54,"97,280,000",-0.45%
2014-05-28,15.51,"54,540,000",-0.19%
2014-05-29,15.69,"47,310,000",1.16%
2014-05-30,15.63,"85,210,000",-0.38%
2014-06-02,15.44,"44,120,000",-1.22%
2014-06-03,15.36,"47,590,000",-0.52%
2014-06-04,15.34,"42,220,000",-0.13%
2014-06-05,16.18,"156,080,000",5.48%
2014-06-06,16.48,"104,930,000",1.85%
2014-06-09,16.38,"64,260,000",-0.61%
2014-06-10,16.62,"73,380,000",1.47%
2014-06-11,16.76,"88,780,000",0.84%
2014-06-12,16.3,"85,530,000",-2.74%
2014-06-13,16.31,"55,340,000",0.06%
2014-06-16,16.38,"49,000,000",0.43%
2014-06-17,16.28,"58,480,000",-0.61%
2014-06-18,16.72,"128,190,000",2.70%
2014-06-19,16.35,"106,540,000",-2.21%
2014-06-20,16.21,"121,120,000",-0.86%
2014-06-23,16.36,"52,190,000",0.93%
2014-06-24,16.21,"52,560,000",-0.92%
2014-06-25,16.37,"46,560,000",0.99%
2014-06-26,16.28,"54,000,000",-0.55%
2014-06-27,16.23,"48,390,000",-0.31%
2014-06-30,16.24,"53,440,000",0.06%
2014-07-01,16.62,"63,570,000",2.34%
2014-07-02,16.64,"53,630,000",0.12%
2014-07-03,16.87,"38,890,000",1.38%
2014-07-07,16.68,"42,600,000",-1.13%
2014-07-08,16.19,"85,510,000",-2.94%
2014-07-09,16.5,"63,340,000",1.91%
2014-07-10,16.4,"53,320,000",-0.61%
2014-07-11,17.31,"166,180,000",5.55%
2014-07-14,17.77,"112,310,000",2.66%
2014-07-15,17.72,"83,540,000",-0.28%
2014-07-16,17.8,"70,100,000",0.45%
2014-07-17,17.62,"72,810,000",-1.01%
2014-07-18,17.93,"68,200,000",1.76%
2014-07-21,17.99,"45,650,000",0.33%
2014-07-22,18.04,"57,790,000",0.28%
2014-07-23,17.91,"53,780,000",-0.72%
2014-07-24,17.93,"141,770,000",0.11%
2014-07-25,16.2,"357,100,000",-9.65%
2014-07-28,16.02,"118,680,000",-1.11%
2014-07-29,16,"57,710,000",-0.12%
2014-07-30,16.13,"79,460,000",0.81%
2014-07-31,15.65,"103,880,000",-2.98%
2014-08-01,15.35,"148,860,000",-1.92%
2014-08-04,15.68,"84,170,000",2.15%
2014-08-05,15.62,"57,130,000",-0.38%
2014-08-06,15.69,"45,950,000",0.45%
2014-08-07,15.57,"58,740,000",-0.76%
2014-08-08,15.84,"54,170,000",1.73%
2014-08-11,15.92,"49,460,000",0.51%
2014-08-12,15.97,"38,320,000",0.31%
2014-08-13,16.31,"98,900,000",2.13%
2014-08-14,16.66,"68,410,000",2.15%
2014-08-15,16.68,"77,960,000",0.12%
2014-08-18,16.73,"49,760,000",0.30%
2014-08-19,16.76,"34,280,000",0.18%
2014-08-20,16.79,"36,230,000",0.18%
2014-08-21,16.65,"39,520,000",-0.83%
2014-08-22,16.58,"44,260,000",-0.42%
2014-08-25,16.7,"39,220,000",0.72%
2014-08-26,17.09,"73,090,000",2.34%
2014-08-27,17.16,"59,240,000",0.41%
2014-08-28,17,"45,090,000",-0.93%
2014-08-29,16.95,"38,800,000",-0.29%
2014-09-02,17.12,"46,580,000",1.00%
2014-09-03,16.95,"39,970,000",-0.99%
2014-09-04,17.3,"79,310,000",2.06%
2014-09-05,17.32,"42,220,000",0.12%
2014-09-08,17.12,"59,210,000",-1.15%
2014-09-09,16.49,"92,940,000",-3.68%
2014-09-10,16.57,"75,980,000",0.49%
2014-09-11,16.53,"54,440,000",-0.24%
2014-09-12,16.56,"68,590,000",0.18%
2014-09-15,16.19,"80,140,000",-2.23%
2014-09-16,16.39,"65,320,000",1.24%
2014-09-17,16.2,"82,780,000",-1.16%
2014-09-18,16.25,"51,550,000",0.31%
2014-09-19,16.57,"137,730,000",1.97%
2014-09-22,16.23,"62,370,000",-2.05%
2014-09-23,16.18,"47,070,000",-0.31%
2014-09-24,16.41,"52,940,000",1.42%
2014-09-25,16.1,"58,700,000",-1.89%
2014-09-26,16.16,"72,780,000",0.37%
2014-09-29,16.09,"38,590,000",-0.43%
2014-09-30,16.12,"52,800,000",0.19%
2014-10-01,15.87,"61,930,000",-1.55%
2014-10-02,15.92,"71,080,000",0.32%
2014-10-03,16.14,"60,760,000",1.38%
2014-10-06,16.11,"45,880,000",-0.19%
2014-10-07,15.85,"47,310,000",-1.61%
2014-10-08,16.14,"69,180,000",1.83%
2014-10-09,15.77,"71,790,000",-2.29%
2014-10-10,15.57,"73,690,000",-1.27%
2014-10-13,15.32,"87,400,000",-1.61%
2014-10-14,15.42,"67,720,000",0.65%
2014-10-15,15.3,"106,970,000",-0.78%
2014-10-16,15.14,"94,640,000",-1.05%
2014-10-17,15.18,"88,180,000",0.26%
2014-10-20,15.31,"64,790,000",0.86%
2014-10-21,15.77,"71,270,000",3.00%
2014-10-22,15.65,"62,600,000",-0.76%
2014-10-23,15.66,"180,760,000",0.06%
2014-10-24,14.35,"396,120,000",-8.37%
2014-10-27,14.5,"119,010,000",1.05%
2014-10-28,14.78,"111,530,000",1.93%
2014-10-29,14.71,"97,670,000",-0.47%
2014-10-30,14.95,"81,100,000",1.63%
2014-10-31,15.27,"91,040,000",2.14%
2014-11-03,15.29,"64,880,000",0.13%
2014-11-04,15.14,"68,550,000",-0.98%
2014-11-05,14.83,"93,490,000",-2.05%
2014-11-06,14.83,"75,160,000",0.00%
2014-11-07,14.99,"52,950,000",1.08%
2014-11-10,15.26,"56,180,000",1.80%
2014-11-11,15.6,"76,150,000",2.23%
2014-11-12,15.58,"43,660,000",-0.13%
2014-11-13,15.82,"73,730,000",1.54%
2014-11-14,16.39,"177,560,000",3.60%
2014-11-17,16.15,"95,700,000",-1.46%
2014-11-18,16.25,"71,020,000",0.62%
2014-11-19,16.33,"65,630,000",0.49%
2014-11-20,16.53,"68,730,000",1.22%
2014-11-21,16.63,"89,330,000",0.60%
2014-11-24,16.78,"55,080,000",0.90%
2014-11-25,16.75,"51,300,000",-0.18%
2014-11-26,16.68,"39,720,000",-0.42%
2014-11-28,16.93,"61,040,000",1.50%
2014-12-01,16.3,"98,900,000",-3.72%
2014-12-02,16.32,"55,810,000",0.12%
2014-12-03,15.82,"113,800,000",-3.06%
2014-12-04,15.85,"65,930,000",0.19%
2014-12-05,15.63,"65,300,000",-1.39%
2014-12-08,15.33,"72,780,000",-1.92%
2014-12-09,15.62,"80,990,000",1.89%
2014-12-10,15.29,"64,920,000",-2.11%
2014-12-11,15.37,"65,460,000",0.52%
2014-12-12,15.37,"63,250,000",0.00%
2014-12-15,15.3,"76,830,000",-0.46%
2014-12-16,14.75,"130,030,000",-3.59%
2014-12-17,14.94,"88,670,000",1.29%
2014-12-18,14.89,"154,760,000",-0.33%
2014-12-19,14.99,"174,180,000",0.67%
2014-12-22,15.33,"80,080,000",2.27%
2014-12-23,15.31,"54,370,000",-0.13%
2014-12-24,15.15,"30,360,000",-1.05%
2014-12-26,15.45,"57,880,000",1.98%
2014-12-29,15.6,"60,180,000",0.97%
2014-12-30,15.52,"41,860,000",-0.51%
2014-12-31,15.52,"41,160,000",0.00%
2015-01-02,15.43,"55,760,000",-0.58%
2015-01-05,15.11,"55,480,000",-2.07%
2015-01-06,14.76,"70,380,000",-2.32%
2015-01-07,14.92,"52,810,000",1.08%
2015-01-08,15.02,"61,770,000",0.67%
2015-01-09,14.85,"51,850,000",-1.13%
2015-01-12,14.57,"68,430,000",-1.89%
2015-01-13,14.74,"82,730,000",1.17%
2015-01-14,14.66,"110,770,000",-0.54%
2015-01-15,14.35,"88,380,000",-2.11%
2015-01-16,14.54,"69,560,000",1.32%
2015-01-20,14.47,"61,500,000",-0.48%
2015-01-21,14.86,"201,300,000",2.70%
2015-01-22,15.52,"107,250,000",4.44%
2015-01-23,15.62,"89,930,000",0.64%
2015-01-26,15.48,"63,390,000",-0.90%
2015-01-27,15.34,"58,410,000",-0.90%
2015-01-28,15.2,"61,280,000",-0.91%
2015-01-29,15.59,"173,130,000",2.57%
2015-01-30,17.73,"477,120,000",13.73%
2015-02-02,18.22,"204,640,000",2.76%
2015-02-03,18.18,"124,250,000",-0.22%
2015-02-04,18.24,"83,400,000",0.33%
2015-02-05,18.69,"144,950,000",2.47%
2015-02-06,18.71,"77,850,000",0.11%
2015-02-09,18.53,"54,490,000",-0.96%
2015-02-10,18.65,"45,740,000",0.65%
2015-02-11,18.76,"55,730,000",0.59%
2015-02-12,18.86,"55,820,000",0.53%
2015-02-13,19.09,"69,500,000",1.22%
2015-02-17,18.77,"73,460,000",-1.68%
2015-02-18,18.67,"53,010,000",-0.53%
2015-02-19,18.95,"59,080,000",1.50%
2015-02-20,19.18,"65,160,000",1.21%
2015-02-23,19.01,"43,540,000",-0.89%
2015-02-24,18.93,"38,440,000",-0.42%
2015-02-25,19.27,"63,490,000",1.80%
2015-02-26,19.24,"53,740,000",-0.16%
2015-02-27,19.01,"50,650,000",-1.20%
2015-03-02,19.28,"42,780,000",1.42%
2015-03-03,19.23,"38,930,000",-0.26%
2015-03-04,19.14,"45,180,000",-0.47%
2015-03-05,19.39,"53,870,000",1.31%
2015-03-06,19,"52,540,000",-2.01%
2015-03-09,18.93,"46,230,000",-0.37%
2015-03-10,18.48,"62,420,000",-2.38%
2015-03-11,18.32,"49,900,000",-0.87%
2015-03-12,18.71,"56,200,000",2.13%
2015-03-13,18.53,"52,230,000",-0.96%
2015-03-16,18.67,"47,080,000",0.76%
2015-03-17,18.6,"40,740,000",-0.37%
2015-03-18,18.76,"53,080,000",0.86%
2015-03-19,18.66,"38,310,000",-0.53%
2015-03-20,18.92,"75,270,000",1.39%
2015-03-23,18.76,"44,790,000",-0.85%
2015-03-24,18.7,"44,560,000",-0.32%
2015-03-25,18.55,"68,590,000",-0.80%
2015-03-26,18.37,"58,600,000",-0.97%
2015-03-27,18.53,"52,200,000",0.87%
2015-03-30,18.73,"36,420,000",1.08%
2015-03-31,18.61,"50,120,000",-0.64%
2015-04-01,18.51,"49,160,000",-0.54%
2015-04-02,18.61,"37,510,000",0.54%
2015-04-06,18.85,"61,010,000",1.29%
2015-04-07,18.72,"39,100,000",-0.69%
2015-04-08,19.06,"52,730,000",1.82%
2015-04-09,19.18,"47,850,000",0.63%
2015-04-10,19.13,"51,470,000",-0.26%
2015-04-13,19.12,"37,890,000",-0.05%
2015-04-14,19.26,"51,670,000",0.73%
2015-04-15,19.17,"38,660,000",-0.47%
2015-04-16,19.3,"41,610,000",0.68%
2015-04-17,18.78,"76,790,000",-2.69%
2015-04-20,19.48,"100,320,000",3.73%
2015-04-21,19.56,"92,870,000",0.41%
2015-04-22,19.49,"69,490,000",-0.36%
2015-04-23,19.5,"159,600,000",0.05%
2015-04-24,22.25,"343,540,000",14.10%
2015-04-27,21.93,"108,620,000",-1.44%
2015-04-28,21.47,"82,810,000",-2.10%
2015-04-29,21.47,"72,430,000",0.00%
2015-04-30,21.09,"72,960,000",-1.77%
2015-05-01,21.14,"71,320,000",0.24%
2015-05-04,21.15,"45,410,000",0.05%
2015-05-05,21.06,"57,130,000",-0.43%
2015-05-06,20.95,"51,050,000",-0.52%
2015-05-07,21.34,"55,320,000",1.86%
2015-05-08,21.68,"58,180,000",1.59%
2015-05-11,21.64,"47,870,000",-0.18%
2015-05-12,21.55,"38,960,000",-0.42%
2015-05-13,21.34,"39,930,000",-0.97%
2015-05-14,21.61,"37,770,000",1.27%
2015-05-15,21.3,"84,810,000",-1.43%
2015-05-18,21.26,"47,800,000",-0.19%
2015-05-19,21.09,"49,300,000",-0.80%
2015-05-20,21.19,"43,920,000",0.47%
2015-05-21,21.58,"82,430,000",1.84%
2015-05-22,21.38,"40,410,000",-0.93%
2015-05-26,21.27,"44,880,000",-0.51%
2015-05-27,21.57,"44,620,000",1.41%
2015-05-28,21.33,"38,250,000",-1.11%
2015-05-29,21.46,"60,320,000",0.61%
2015-06-01,21.55,"45,070,000",0.42%
2015-06-02,21.55,"33,400,000",0.00%
2015-06-03,21.83,"54,560,000",1.30%
2015-06-04,21.54,"50,220,000",-1.33%
2015-06-05,21.35,"38,160,000",-0.88%
2015-06-08,21.18,"43,450,000",-0.80%
2015-06-09,21.27,"45,770,000",0.42%
2015-06-10,21.54,"43,450,000",1.27%
2015-06-11,21.65,"58,450,000",0.51%
2015-06-12,21.5,"41,090,000",-0.69%
2015-06-15,21.18,"41,020,000",-1.49%
2015-06-16,21.36,"45,950,000",0.85%
2015-06-17,21.39,"43,720,000",0.14%
2015-06-18,21.97,"67,570,000",2.71%
2015-06-19,21.75,"89,900,000",-1.00%
2015-06-22,21.81,"36,470,000",0.28%
2015-06-23,22.3,"64,900,000",2.25%
2015-06-24,22.04,"52,420,000",-1.17%
2015-06-25,22,"44,750,000",-0.18%
2015-06-26,21.91,"52,490,000",-0.41%
2015-06-29,21.49,"55,060,000",-1.92%
2015-06-30,21.7,"51,940,000",0.98%
2015-07-01,21.87,"39,740,000",0.78%
2015-07-02,21.89,"26,870,000",0.09%
2015-07-06,21.8,"38,060,000",-0.41%
2015-07-07,21.84,"69,080,000",0.18%
2015-07-08,21.48,"47,660,000",-1.65%
2015-07-09,21.72,"45,430,000",1.12%
2015-07-10,22.18,"48,020,000",2.12%
2015-07-13,22.78,"79,140,000",2.71%
2015-07-14,23.28,"94,720,000",2.19%
2015-07-15,23.06,"59,750,000",-0.95%
2015-07-16,23.77,"81,910,000",3.08%
2015-07-17,24.15,"98,640,000",1.60%
2015-07-20,24.41,"95,050,000",1.08%
2015-07-21,24.4,"63,640,000",-0.04%
2015-07-22,24.41,"62,300,000",0.04%
2015-07-23,24.11,"187,490,000",-1.23%
2015-07-24,26.47,"438,190,000",9.79%
2015-07-27,26.57,"149,820,000",0.38%
2015-07-28,26.3,"105,460,000",-1.02%
2015-07-29,26.45,"75,050,000",0.57%
2015-07-30,26.84,"74,860,000",1.47%
2015-07-31,26.81,"60,510,000",-0.11%
2015-08-03,26.75,"60,280,000",-0.22%
2015-08-04,26.59,"58,690,000",-0.60%
2015-08-05,26.85,"57,790,000",0.98%
2015-08-06,26.47,"76,410,000",-1.42%
2015-08-07,26.13,"79,380,000",-1.28%
2015-08-10,26.2,"52,320,000",0.27%
2015-08-11,26.37,"53,530,000",0.65%
2015-08-12,26.3,"80,290,000",-0.27%
2015-08-13,26.48,"57,900,000",0.68%
2015-08-14,26.58,"39,900,000",0.38%
2015-08-17,26.76,"51,630,000",0.68%
2015-08-18,26.75,"41,430,000",-0.04%
2015-08-19,26.65,"46,480,000",-0.37%
2015-08-20,25.79,"88,160,000",-3.23%
2015-08-21,24.72,"134,130,000",-4.15%
2015-08-24,23.17,"201,950,000",-6.27%
2015-08-25,23.32,"113,590,000",0.65%
2015-08-26,25.04,"127,170,000",7.38%
2015-08-27,25.92,"122,290,000",3.51%
2015-08-28,25.9,"54,930,000",-0.08%
2015-08-31,25.64,"60,050,000",-1.00%
2015-09-01,24.83,"77,290,000",-3.16%
2015-09-02,25.53,"74,140,000",2.82%
2015-09-03,25.24,"62,990,000",-1.14%
2015-09-04,24.95,"53,850,000",-1.15%
2015-09-08,25.88,"76,210,000",3.73%
2015-09-09,25.84,"87,410,000",-0.15%
2015-09-10,26.11,"51,520,000",1.04%
2015-09-11,26.47,"64,560,000",1.38%
2015-09-14,26.07,"62,600,000",-1.51%
2015-09-15,26.12,"57,320,000",0.19%
2015-09-16,26.37,"45,060,000",0.96%
2015-09-17,26.94,"83,390,000",2.16%
2015-09-18,27.01,"123,200,000",0.26%
2015-09-21,27.42,"65,670,000",1.52%
2015-09-22,26.92,"76,830,000",-1.82%
2015-09-23,26.8,"44,750,000",-0.45%
2015-09-24,26.69,"70,020,000",-0.41%
2015-09-25,26.21,"80,620,000",-1.80%
2015-09-28,25.2,"108,690,000",-3.85%
2015-09-29,24.8,"89,150,000",-1.59%
2015-09-30,25.59,"80,090,000",3.19%
2015-10-01,26.04,"75,370,000",1.76%
2015-10-02,26.63,"91,960,000",2.27%
2015-10-05,27.18,"67,830,000",2.07%
2015-10-06,26.87,"90,950,000",-1.14%
2015-10-07,27.1,"76,240,000",0.86%
2015-10-08,26.66,"93,530,000",-1.62%
2015-10-09,26.99,"70,750,000",1.24%
2015-10-12,27.51,"55,520,000",1.93%
2015-10-13,27.45,"58,760,000",-0.22%
2015-10-14,27.24,"71,640,000",-0.77%
2015-10-15,28.12,"98,740,000",3.23%
2015-10-16,28.54,"86,320,000",1.49%
2015-10-19,28.66,"87,510,000",0.42%
2015-10-20,28.04,"86,920,000",-2.16%
2015-10-21,27.79,"67,230,000",-0.89%
2015-10-22,28.2,"155,590,000",1.48%
2015-10-23,29.95,"213,850,000",6.21%
2015-10-26,30.43,"85,390,000",1.60%
2015-10-27,30.55,"75,740,000",0.39%
2015-10-28,30.86,"78,520,000",1.01%
2015-10-29,31.33,"77,920,000",1.52%
2015-10-30,31.3,"77,490,000",-0.10%
2015-11-02,31.42,"56,330,000",0.38%
2015-11-03,31.27,"64,940,000",-0.48%
2015-11-04,32.05,"96,810,000",2.49%
2015-11-05,32.78,"94,480,000",2.28%
2015-11-06,32.97,"81,840,000",0.58%
2015-11-09,32.77,"80,980,000",-0.61%
2015-11-10,32.98,"69,790,000",0.64%
2015-11-11,33.66,"107,750,000",2.06%
2015-11-12,33.28,"85,690,000",-1.13%
2015-11-13,32.12,"125,220,000",-3.49%
2015-11-16,32.39,"148,720,000",0.84%
2015-11-17,32.16,"86,400,000",-0.71%
2015-11-18,33.18,"89,400,000",3.17%
2015-11-19,33.06,"94,100,000",-0.36%
2015-11-20,33.42,"77,920,000",1.09%
2015-11-23,33.95,"87,700,000",1.59%
2015-11-24,33.56,"90,870,000",-1.15%
2015-11-25,33.77,"53,960,000",0.63%
2015-11-27,33.66,"39,340,000",-0.33%
2015-11-30,33.24,"113,860,000",-1.25%
2015-12-01,33.95,"95,020,000",2.14%
2015-12-02,33.8,"85,470,000",-0.44%
2015-12-03,33.31,"101,290,000",-1.45%
2015-12-04,33.63,"90,700,000",0.96%
2015-12-07,33.49,"74,660,000",-0.42%
2015-12-08,33.87,"73,040,000",1.13%
2015-12-09,33.24,"103,160,000",-1.86%
2015-12-10,33.12,"69,110,000",-0.36%
2015-12-11,32.01,"109,490,000",-3.35%
2015-12-14,32.9,"87,230,000",2.78%
2015-12-15,32.93,"95,070,000",0.09%
2015-12-16,33.79,"79,290,000",2.61%
2015-12-17,33.53,"73,630,000",-0.77%
2015-12-18,33.21,"136,830,000",-0.95%
2015-12-21,33.23,"65,020,000",0.06%
2015-12-22,33.16,"53,360,000",-0.21%
2015-12-23,33.19,"54,460,000",0.09%
2015-12-24,33.14,"21,860,000",-0.15%
2015-12-28,33.76,"75,670,000",1.87%
2015-12-29,34.7,"114,700,000",2.78%
2015-12-30,34.45,"70,380,000",-0.72%
2015-12-31,33.79,"74,990,000",-1.92%
2016-01-04,31.85,"186,290,000",-5.74%
2016-01-05,31.69,"116,450,000",-0.50%
2016-01-06,31.63,"106,580,000",-0.19%
2016-01-07,30.4,"141,500,000",-3.89%
2016-01-08,30.35,"110,260,000",-0.16%
2016-01-11,30.89,"97,830,000",1.78%
2016-01-12,30.89,"94,480,000",0.00%
2016-01-13,29.09,"153,100,000",-5.83%
2016-01-14,29.65,"144,760,000",1.93%
2016-01-15,28.51,"155,690,000",-3.84%
2016-01-19,28.72,"96,140,000",0.74%
2016-01-20,28.59,"159,330,000",-0.45%
2016-01-21,28.75,"99,040,000",0.56%
2016-01-22,29.82,"102,400,000",3.72%
2016-01-25,29.83,"87,920,000",0.03%
2016-01-26,30.06,"75,310,000",0.77%
2016-01-27,29.17,"103,060,000",-2.96%
2016-01-28,31.77,"280,300,000",8.91%
2016-01-29,29.35,"293,550,000",-7.62%
2016-02-01,28.74,"127,100,000",-2.08%
2016-02-02,27.61,"126,240,000",-3.93%
2016-02-03,26.55,"200,970,000",-3.84%
2016-02-04,26.81,"123,980,000",0.98%
2016-02-05,25.11,"194,180,000",-6.34%
2016-02-08,24.41,"196,510,000",-2.79%
2016-02-09,24.1,"141,560,000",-1.27%
2016-02-10,24.52,"135,720,000",1.74%
2016-02-11,25.19,"147,950,000",2.73%
2016-02-12,25.35,"107,700,000",0.64%
2016-02-16,26.05,"102,370,000",2.76%
2016-02-17,26.7,"96,480,000",2.50%
2016-02-18,26.25,"94,700,000",-1.69%
2016-02-19,26.75,"99,490,000",1.90%
2016-02-22,27.98,"111,330,000",4.60%
2016-02-23,27.65,"81,020,000",-1.18%
2016-02-24,27.7,"124,630,000",0.18%
2016-02-25,27.76,"90,510,000",0.22%
2016-02-26,27.76,"97,540,000",0.00%
2016-02-29,27.63,"82,910,000",-0.47%
2016-03-01,28.95,"100,770,000",4.78%
2016-03-02,29.01,"91,640,000",0.21%
2016-03-03,28.87,"54,830,000",-0.48%
2016-03-04,28.76,"68,330,000",-0.38%
2016-03-07,28.14,"98,650,000",-2.16%
2016-03-08,28.01,"94,600,000",-0.46%
2016-03-09,27.97,"87,550,000",-0.14%
2016-03-10,27.95,"78,400,000",-0.07%
2016-03-11,28.48,"75,430,000",1.90%
2016-03-14,28.67,"69,080,000",0.67%
2016-03-15,28.85,"77,540,000",0.63%
2016-03-16,28.71,"70,750,000",-0.49%
2016-03-17,27.97,"118,560,000",-2.58%
2016-03-18,27.6,"145,940,000",-1.32%
2016-03-21,27.7,"103,110,000",0.36%
2016-03-22,28.02,"80,010,000",1.16%
2016-03-23,28.48,"79,670,000",1.64%
2016-03-24,29.15,"103,710,000",2.35%
2016-03-28,28.99,"62,430,000",-0.55%
2016-03-29,29.69,"87,850,000",2.41%
2016-03-30,29.93,"77,810,000",0.81%
2016-03-31,29.68,"53,640,000",-0.84%
2016-04-01,29.93,"58,350,000",0.84%
2016-04-04,29.66,"49,420,000",-0.90%
2016-04-05,29.31,"46,180,000",-1.18%
2016-04-06,30.1,"57,000,000",2.70%
2016-04-07,29.57,"63,780,000",-1.76%
2016-04-08,29.73,"51,840,000",0.54%
2016-04-11,29.8,"54,090,000",0.24%
2016-04-12,30.16,"52,820,000",1.21%
2016-04-13,30.74,"84,570,000",1.92%
2016-04-14,31.04,"70,240,000",0.98%
2016-04-15,31.29,"57,750,000",0.81%
2016-04-18,31.77,"87,220,000",1.53%
2016-04-19,31.39,"81,120,000",-1.20%
2016-04-20,31.65,"52,190,000",0.83%
2016-04-21,31.55,"51,930,000",-0.32%
2016-04-22,31.02,"101,680,000",-1.68%
2016-04-25,31.31,"53,660,000",0.93%
2016-04-26,30.84,"50,430,000",-1.50%
2016-04-27,30.33,"81,380,000",-1.65%
2016-04-28,30.1,"157,450,000",-0.76%
2016-04-29,32.98,"206,210,000",9.57%
2016-05-02,34.19,"131,570,000",3.67%
2016-05-03,33.57,"98,470,000",-1.81%
2016-05-04,33.55,"92,710,000",-0.06%
2016-05-05,32.95,"97,680,000",-1.79%
2016-05-06,33.7,"87,310,000",2.28%
2016-05-09,33.99,"79,640,000",0.86%
2016-05-10,35.15,"122,110,000",3.41%
2016-05-11,35.66,"146,760,000",1.45%
2016-05-12,35.9,"100,960,000",0.67%
2016-05-13,35.5,"95,270,000",-1.11%
2016-05-16,35.53,"108,660,000",0.08%
2016-05-17,34.76,"102,430,000",-2.17%
2016-05-18,34.87,"85,660,000",0.32%
2016-05-19,34.93,"60,510,000",0.17%
2016-05-20,35.14,"58,320,000",0.60%
2016-05-23,34.84,"51,900,000",-0.85%
2016-05-24,35.21,"60,680,000",1.06%
2016-05-25,35.42,"65,530,000",0.60%
2016-05-26,35.75,"48,930,000",0.93%
2016-05-27,35.61,"44,980,000",-0.39%
2016-05-31,36.14,"72,370,000",1.49%
2016-06-01,35.97,"65,260,000",-0.47%
2016-06-02,36.41,"60,530,000",1.22%
2016-06-03,36.28,"67,350,000",-0.36%
2016-06-06,36.34,"54,100,000",0.17%
2016-06-07,36.19,"54,650,000",-0.41%
2016-06-08,36.33,"44,470,000",0.39%
2016-06-09,36.38,"43,410,000",0.14%
2016-06-10,35.9,"68,510,000",-1.32%
2016-06-13,35.76,"67,040,000",-0.39%
2016-06-14,35.97,"50,140,000",0.59%
2016-06-15,35.71,"54,190,000",-0.72%
2016-06-16,35.88,"61,960,000",0.48%
2016-06-17,35.32,"117,960,000",-1.56%
2016-06-20,35.7,"73,540,000",1.08%
2016-06-21,35.79,"42,750,000",0.25%
2016-06-22,35.53,"45,210,000",-0.73%
2016-06-23,36.1,"56,500,000",1.60%
2016-06-24,34.95,"152,650,000",-3.19%
2016-06-27,34.57,"111,680,000",-1.09%
2016-06-28,35.4,"80,740,000",2.40%
2016-06-29,35.78,"61,400,000",1.07%
2016-06-30,35.78,"57,100,000",0.00%
2016-07-01,36.28,"58,410,000",1.40%
2016-07-05,36.41,"48,630,000",0.36%
2016-07-06,36.88,"78,760,000",1.29%
2016-07-07,36.83,"58,920,000",-0.14%
2016-07-08,37.29,"68,580,000",1.25%
2016-07-11,37.69,"63,910,000",1.07%
2016-07-12,37.41,"112,470,000",-0.74%
2016-07-13,37.13,"82,850,000",-0.75%
2016-07-14,37.06,"47,810,000",-0.19%
2016-07-15,36.77,"62,430,000",-0.78%
2016-07-18,36.8,"59,100,000",0.08%
2016-07-19,37,"44,340,000",0.54%
2016-07-20,37.29,"44,280,000",0.78%
2016-07-21,37.22,"46,340,000",-0.19%
2016-07-22,37.24,"45,550,000",0.05%
2016-07-25,36.98,"53,590,000",-0.70%
2016-07-26,36.78,"50,590,000",-0.54%
2016-07-27,36.83,"58,260,000",0.14%
2016-07-28,37.63,"152,350,000",2.17%
2016-07-29,37.94,"135,540,000",0.82%
2016-08-01,38.39,"71,560,000",1.19%
2016-08-02,38.03,"72,070,000",-0.94%
2016-08-03,37.73,"71,630,000",-0.79%
2016-08-04,38.04,"63,560,000",0.82%
2016-08-05,38.3,"54,090,000",0.68%
2016-08-08,38.33,"39,730,000",0.08%
2016-08-09,38.42,"37,520,000",0.23%
2016-08-10,38.43,"32,090,000",0.03%
2016-08-11,38.56,"40,390,000",0.34%
2016-08-12,38.63,"31,270,000",0.18%
2016-08-15,38.42,"42,370,000",-0.54%
2016-08-16,38.2,"32,090,000",-0.57%
2016-08-17,38.23,"37,820,000",0.08%
2016-08-18,38.22,"29,180,000",-0.03%
2016-08-19,37.87,"46,860,000",-0.92%
2016-08-22,37.97,"33,590,000",0.26%
2016-08-23,38.12,"30,480,000",0.40%
2016-08-24,37.86,"34,880,000",-0.68%
2016-08-25,37.96,"32,460,000",0.26%
2016-08-26,38.45,"55,540,000",1.29%
2016-08-29,38.56,"43,970,000",0.29%
2016-08-30,38.38,"34,180,000",-0.47%
2016-08-31,38.46,"32,680,000",0.21%
2016-09-01,38.53,"35,850,000",0.18%
2016-09-02,38.62,"43,640,000",0.23%
2016-09-06,39.44,"74,400,000",2.12%
2016-09-07,39.22,"48,490,000",-0.56%
2016-09-08,39.2,"40,610,000",-0.05%
2016-09-09,38.01,"85,150,000",-3.04%
2016-09-12,38.57,"62,490,000",1.47%
2016-09-13,38.05,"62,340,000",-1.35%
2016-09-14,38.05,"50,640,000",0.00%
2016-09-15,38.48,"60,870,000",1.13%
2016-09-16,38.93,"109,980,000",1.17%
2016-09-19,38.76,"45,940,000",-0.44%
2016-09-20,39.01,"38,740,000",0.64%
2016-09-21,39.49,"54,370,000",1.23%
2016-09-22,40.23,"81,580,000",1.87%
2016-09-23,40.29,"47,070,000",0.15%
2016-09-26,39.96,"53,030,000",-0.82%
2016-09-27,40.81,"76,390,000",2.13%
2016-09-28,41.44,"88,440,000",1.54%
2016-09-29,41.45,"98,440,000",0.02%
2016-09-30,41.87,"88,610,000",1.01%
2016-10-03,41.84,"55,390,000",-0.07%
2016-10-04,41.7,"59,010,000",-0.33%
2016-10-05,42.22,"69,380,000",1.25%
2016-10-06,42.08,"53,680,000",-0.33%
2016-10-07,41.97,"48,520,000",-0.26%
2016-10-10,42.09,"36,540,000",0.29%
2016-10-11,41.55,"71,760,000",-1.28%
2016-10-12,41.7,"47,610,000",0.36%
2016-10-13,41.46,"61,830,000",-0.58%
2016-10-14,41.15,"60,000,000",-0.75%
2016-10-17,40.65,"67,230,000",-1.22%
2016-10-18,40.88,"50,250,000",0.57%
2016-10-19,40.88,"41,810,000",0.00%
2016-10-20,40.52,"63,040,000",-0.88%
2016-10-21,40.95,"55,860,000",1.06%
2016-10-24,41.9,"81,220,000",2.32%
2016-10-25,41.76,"64,970,000",-0.33%
2016-10-26,41.13,"79,960,000",-1.51%
2016-10-27,40.92,"148,130,000",-0.51%
2016-10-28,38.82,"216,820,000",-5.13%
2016-10-31,39.49,"108,270,000",1.73%
2016-11-01,39.27,"106,110,000",-0.56%
2016-11-02,38.28,"100,530,000",-2.52%
2016-11-03,38.35,"77,450,000",0.18%
2016-11-04,37.75,"102,440,000",-1.56%
2016-11-07,39.25,"119,690,000",3.97%
2016-11-08,39.39,"68,250,000",0.36%
2016-11-09,38.59,"171,260,000",-2.03%
2016-11-10,37.12,"254,940,000",-3.81%
2016-11-11,36.95,"132,460,000",-0.46%
2016-11-14,35.95,"146,430,000",-2.71%
2016-11-15,37.16,"135,120,000",3.37%
2016-11-16,37.32,"72,980,000",0.43%
2016-11-17,37.82,"73,800,000",1.34%
2016-11-18,38.01,"87,470,000",0.50%
2016-11-21,39,"92,290,000",2.60%
2016-11-22,39.27,"106,230,000",0.69%
2016-11-23,39.01,"70,810,000",-0.66%
2016-11-25,39.02,"36,740,000",0.03%
2016-11-28,38.34,"88,780,000",-1.74%
2016-11-29,38.13,"65,450,000",-0.55%
2016-11-30,37.53,"92,520,000",-1.57%
2016-12-01,37.18,"93,320,000",-0.93%
2016-12-02,37.02,"71,230,000",-0.43%
2016-12-05,37.97,"86,290,000",2.57%
2016-12-06,38.24,"75,890,000",0.71%
2016-12-07,38.52,"73,700,000",0.73%
2016-12-08,38.37,"63,790,000",-0.39%
2016-12-09,38.43,"49,420,000",0.16%
2016-12-12,38.01,"59,280,000",-1.09%
2016-12-13,38.72,"105,710,000",1.87%
2016-12-14,38.44,"109,100,000",-0.72%
2016-12-15,38.05,"76,040,000",-1.01%
2016-12-16,37.89,"96,960,000",-0.42%
2016-12-19,38.3,"62,260,000",1.08%
2016-12-20,38.56,"54,070,000",0.68%
2016-12-21,38.53,"40,890,000",-0.08%
2016-12-22,38.32,"50,870,000",-0.55%
2016-12-23,38.03,"39,630,000",-0.76%
2016-12-27,38.57,"52,770,000",1.42%
2016-12-28,38.61,"66,020,000",0.10%
2016-12-29,38.26,"63,170,000",-0.91%
2016-12-30,37.49,"82,790,000",-2.01%
2017-01-03,37.68,"70,420,000",0.51%
2017-01-04,37.86,"50,210,000",0.48%
2017-01-05,39.02,"116,600,000",3.06%
2017-01-06,39.8,"119,720,000",2.00%
2017-01-09,39.85,"68,920,000",0.13%
2017-01-10,39.8,"51,170,000",-0.13%
2017-01-11,39.95,"59,860,000",0.38%
2017-01-12,40.68,"97,480,000",1.83%
2017-01-13,40.86,"75,840,000",0.44%
2017-01-17,40.49,"73,410,000",-0.91%
2017-01-18,40.37,"47,080,000",-0.30%
2017-01-19,40.45,"50,820,000",0.20%
2017-01-20,40.42,"67,520,000",-0.07%
2017-01-23,40.89,"55,950,000",1.16%
2017-01-24,41.12,"59,430,000",0.56%
2017-01-25,41.83,"80,460,000",1.73%
2017-01-26,41.96,"71,730,000",0.31%
2017-01-27,41.79,"59,970,000",-0.41%
2017-01-30,41.52,"74,950,000",-0.65%
2017-01-31,41.17,"62,740,000",-0.84%
2017-02-01,41.62,"77,000,000",1.09%
2017-02-02,42,"147,010,000",0.91%
2017-02-03,40.51,"217,380,000",-3.55%
2017-02-06,40.38,"77,950,000",-0.32%
2017-02-07,40.62,"69,320,000",0.59%
2017-02-08,40.99,"57,160,000",0.91%
2017-02-09,41.07,"49,700,000",0.20%
2017-02-10,41.37,"48,590,000",0.73%
2017-02-13,41.83,"83,450,000",1.11%
2017-02-14,41.82,"55,850,000",-0.02%
2017-02-15,42.13,"59,380,000",0.74%
2017-02-16,42.21,"54,290,000",0.19%
2017-02-17,42.25,"62,250,000",0.09%
2017-02-21,42.82,"70,150,000",1.35%
2017-02-22,42.78,"52,340,000",-0.09%
2017-02-23,42.61,"69,240,000",-0.40%
2017-02-24,42.26,"73,760,000",-0.82%
2017-02-27,42.43,"54,270,000",0.40%
2017-02-28,42.25,"55,870,000",-0.42%
2017-03-01,42.65,"55,200,000",0.95%
2017-03-02,42.45,"42,640,000",-0.47%
2017-03-03,42.49,"39,030,000",0.09%
2017-03-06,42.33,"52,210,000",-0.38%
2017-03-07,42.3,"44,950,000",-0.07%
2017-03-08,42.52,"45,770,000",0.52%
2017-03-09,42.65,"40,960,000",0.31%
2017-03-10,42.62,"48,730,000",-0.07%
2017-03-13,42.73,"38,190,000",0.26%
2017-03-14,42.63,"42,610,000",-0.23%
2017-03-15,42.65,"51,240,000",0.05%
2017-03-16,42.67,"36,850,000",0.05%
2017-03-17,42.62,"67,690,000",-0.12%
2017-03-20,42.85,"45,650,000",0.54%
2017-03-21,42.16,"87,660,000",-1.61%
2017-03-22,42.4,"53,170,000",0.57%
2017-03-23,42.37,"39,060,000",-0.07%
2017-03-24,42.28,"42,770,000",-0.21%
2017-03-27,42.34,"55,120,000",0.14%
2017-03-28,42.8,"60,830,000",1.09%
2017-03-29,43.72,"89,720,000",2.15%
2017-03-30,43.82,"55,250,000",0.23%
2017-03-31,44.33,"79,150,000",1.16%
2017-04-03,44.58,"68,450,000",0.56%
2017-04-04,45.34,"99,690,000",1.70%
2017-04-05,45.46,"150,170,000",0.26%
2017-04-06,44.91,"126,880,000",-1.21%
2017-04-07,44.74,"74,220,000",-0.38%
2017-04-10,45.35,"63,690,000",1.36%
2017-04-11,45.12,"60,250,000",-0.51%
2017-04-12,44.81,"49,120,000",-0.69%
2017-04-13,44.23,"63,490,000",-1.29%
2017-04-17,45.1,"57,090,000",1.97%
2017-04-18,45.19,"59,980,000",0.20%
2017-04-19,44.96,"57,400,000",-0.51%
2017-04-20,45.1,"56,290,000",0.31%
2017-04-21,44.93,"48,410,000",-0.38%
2017-04-24,45.37,"62,460,000",0.98%
2017-04-25,45.38,"67,610,000",0.02%
2017-04-26,45.46,"52,180,000",0.18%
2017-04-27,45.92,"106,110,000",1.01%
2017-04-28,46.25,"147,290,000",0.72%
2017-05-01,47.41,"109,330,000",2.51%
2017-05-02,47.35,"76,980,000",-0.13%
2017-05-03,47.05,"71,650,000",-0.63%
2017-05-04,46.88,"48,370,000",-0.36%
2017-05-05,46.71,"57,330,000",-0.36%
2017-05-08,47.45,"68,310,000",1.58%
2017-05-09,47.64,"65,240,000",0.40%
2017-05-10,47.45,"41,930,000",-0.40%
2017-05-11,47.38,"43,880,000",-0.15%
2017-05-12,48.07,"72,520,000",1.46%
2017-05-15,47.9,"85,410,000",-0.35%
2017-05-16,48.3,"62,520,000",0.84%
2017-05-17,47.24,"102,910,000",-2.19%
2017-05-18,47.92,"78,790,000",1.44%
2017-05-19,47.99,"79,440,000",0.15%
2017-05-22,48.53,"52,840,000",1.13%
2017-05-23,48.58,"48,310,000",0.10%
2017-05-24,49.02,"49,260,000",0.91%
2017-05-25,49.67,"96,440,000",1.33%
2017-05-26,49.79,"69,380,000",0.24%
2017-05-30,49.84,"65,260,000",0.10%
2017-05-31,49.73,"78,260,000",-0.22%
2017-06-01,49.8,"49,100,000",0.14%
2017-06-02,50.34,"75,050,000",1.08%
2017-06-05,50.57,"54,400,000",0.46%
2017-06-06,50.15,"66,930,000",-0.83%
2017-06-07,50.5,"56,460,000",0.70%
2017-06-08,50.51,"55,360,000",0.02%
2017-06-09,48.92,"152,950,000",-3.15%
2017-06-12,48.25,"188,940,000",-1.37%
2017-06-13,49.04,"91,600,000",1.64%
2017-06-14,48.82,"79,500,000",-0.45%
2017-06-15,48.21,"107,480,000",-1.25%
2017-06-16,49.39,"229,450,000",2.45%
2017-06-19,49.76,"100,870,000",0.75%
2017-06-20,49.63,"81,540,000",-0.26%
2017-06-21,50.11,"58,450,000",0.97%
2017-06-22,50.06,"45,070,000",-0.10%
2017-06-23,50.19,"57,580,000",0.26%
2017-06-26,49.7,"67,720,000",-0.98%
2017-06-27,48.84,"75,650,000",-1.73%
2017-06-28,49.52,"74,750,000",1.39%
2017-06-29,48.8,"86,060,000",-1.45%
2017-06-30,48.4,"67,810,000",-0.82%
2017-07-03,47.68,"58,180,000",-1.49%
2017-07-05,48.57,"73,060,000",1.87%
2017-07-06,48.26,"65,190,000",-0.64%
2017-07-07,48.94,"52,870,000",1.41%
2017-07-10,49.82,"70,930,000",1.80%
2017-07-11,49.71,"59,650,000",-0.22%
2017-07-12,50.33,"72,170,000",1.25%
2017-07-13,50.03,"57,620,000",-0.60%
2017-07-14,50.09,"42,050,000",0.12%
2017-07-17,50.5,"74,250,000",0.82%
2017-07-18,51.22,"80,150,000",1.43%
2017-07-19,51.34,"59,280,000",0.23%
2017-07-20,51.44,"61,950,000",0.19%
2017-07-21,51.28,"54,690,000",-0.31%
2017-07-24,51.95,"65,760,000",1.31%
2017-07-25,51.99,"48,950,000",0.08%
2017-07-26,52.64,"58,430,000",1.25%
2017-07-27,52.3,"219,830,000",-0.65%
2017-07-28,51,"154,190,000",-2.49%
2017-07-31,49.39,"147,040,000",-3.16%
2017-08-01,49.81,"91,450,000",0.85%
2017-08-02,49.79,"81,400,000",-0.04%
2017-08-03,49.35,"65,120,000",-0.88%
2017-08-04,49.38,"54,610,000",0.06%
2017-08-07,49.61,"53,530,000",0.47%
2017-08-08,49.49,"58,060,000",-0.24%
2017-08-09,49.1,"71,390,000",-0.79%
2017-08-10,47.85,"113,680,000",-2.55%
2017-08-11,48.4,"69,360,000",1.15%
2017-08-14,49.16,"63,460,000",1.57%
2017-08-15,49.14,"50,990,000",-0.04%
2017-08-16,48.91,"62,640,000",-0.47%
2017-08-17,48.03,"70,250,000",-1.80%
2017-08-18,47.92,"65,700,000",-0.23%
2017-08-21,47.66,"63,290,000",-0.54%
2017-08-22,48.34,"55,000,000",1.43%
2017-08-23,47.9,"53,370,000",-0.91%
2017-08-24,47.62,"103,910,000",-0.58%
2017-08-25,47.26,"66,500,000",-0.76%
2017-08-28,47.3,"51,930,000",0.08%
2017-08-29,47.7,"57,490,000",0.85%
2017-08-30,48.38,"58,090,000",1.43%
2017-08-31,49.03,"66,630,000",1.34%
2017-09-01,48.91,"50,720,000",-0.24%
2017-09-05,48.26,"59,970,000",-1.33%
2017-09-06,48.39,"42,600,000",0.27%
2017-09-07,48.97,"51,340,000",1.20%
2017-09-08,48.3,"52,110,000",-1.37%
2017-09-11,48.9,"43,730,000",1.24%
2017-09-12,49.13,"49,620,000",0.47%
2017-09-13,49.98,"67,490,000",1.73%
2017-09-14,49.61,"78,270,000",-0.74%
2017-09-15,49.34,"75,200,000",-0.54%
2017-09-18,48.71,"68,230,000",-1.28%
2017-09-19,48.49,"53,420,000",-0.45%
2017-09-20,48.66,"57,780,000",0.35%
2017-09-21,48.23,"46,750,000",-0.88%
2017-09-22,47.76,"52,840,000",-0.97%
2017-09-25,46.99,"102,480,000",-1.61%
2017-09-26,46.93,"71,300,000",-0.13%
2017-09-27,47.54,"62,980,000",1.30%
2017-09-28,47.82,"50,450,000",0.59%
2017-09-29,48.07,"50,880,000",0.52%
2017-10-02,47.96,"48,860,000",-0.23%
2017-10-03,47.85,"53,330,000",-0.23%
2017-10-04,48.27,"50,550,000",0.88%
2017-10-05,49.04,"64,580,000",1.60%
2017-10-06,49.48,"75,640,000",0.90%
2017-10-09,49.55,"58,770,000",0.14%
2017-10-10,49.36,"61,700,000",-0.38%
2017-10-11,49.75,"46,740,000",0.79%
2017-10-12,50.05,"81,350,000",0.60%
2017-10-13,50.15,"48,630,000",0.20%
2017-10-16,50.32,"40,180,000",0.34%
2017-10-17,50.46,"46,390,000",0.28%
2017-10-18,49.85,"49,990,000",-1.21%
2017-10-19,49.33,"62,160,000",-1.04%
2017-10-20,49.15,"47,300,000",-0.36%
2017-10-23,48.31,"69,880,000",-1.71%
2017-10-24,48.8,"54,480,000",1.01%
2017-10-25,48.65,"60,660,000",-0.31%
2017-10-26,48.62,"112,370,000",-0.06%
2017-10-27,55.05,"331,300,000",13.23%
2017-10-30,55.54,"132,260,000",0.89%
2017-10-31,55.26,"69,540,000",-0.50%
2017-11-01,55.18,"75,110,000",-0.14%
2017-11-02,54.71,"73,700,000",-0.85%
2017-11-03,55.58,"75,030,000",1.59%
2017-11-06,56.03,"67,620,000",0.81%
2017-11-07,56.16,"53,780,000",0.23%
2017-11-08,56.64,"51,630,000",0.85%
2017-11-09,56.46,"74,650,000",-0.32%
2017-11-10,56.27,"43,600,000",-0.34%
2017-11-13,56.46,"58,370,000",0.34%
2017-11-14,56.84,"62,770,000",0.67%
2017-11-15,56.33,"78,570,000",-0.90%
2017-11-16,56.86,"44,270,000",0.94%
2017-11-17,56.49,"48,270,000",-0.65%
2017-11-20,56.32,"43,280,000",-0.30%
2017-11-21,56.97,"49,590,000",1.15%
2017-11-22,57.81,"71,110,000",1.47%
2017-11-24,59.3,"70,560,000",2.58%
2017-11-27,59.79,"134,880,000",0.83%
2017-11-28,59.68,"91,190,000",-0.18%
2017-11-29,58.06,"185,150,000",-2.71%
2017-11-30,58.84,"90,180,000",1.34%
2017-12-01,58.12,"82,140,000",-1.22%
2017-12-04,56.7,"118,640,000",-2.44%
2017-12-05,57.08,"81,600,000",0.67%
2017-12-06,57.62,"57,070,000",0.95%
2017-12-07,57.99,"50,230,000",0.64%
2017-12-08,58.1,"61,000,000",0.19%
2017-12-11,58.45,"47,270,000",0.60%
2017-12-12,58.25,"44,720,000",-0.34%
2017-12-13,58.21,"52,340,000",-0.07%
2017-12-14,58.71,"64,290,000",0.86%
2017-12-15,58.96,"95,570,000",0.43%
2017-12-18,59.53,"58,950,000",0.97%
2017-12-19,59.37,"51,760,000",-0.27%
2017-12-20,58.88,"47,420,000",-0.83%
2017-12-21,58.74,"42,460,000",-0.24%
2017-12-22,58.42,"31,700,000",-0.54%
2017-12-26,58.84,"40,100,000",0.72%
2017-12-27,59.11,"37,340,000",0.46%
2017-12-28,59.3,"36,830,000",0.32%
2017-12-29,58.47,"53,770,000",-1.40%
2018-01-02,59.45,"53,890,000",1.68%
2018-01-03,60.21,"62,180,000",1.28%
2018-01-04,60.48,"60,440,000",0.45%
2018-01-05,61.46,"70,890,000",1.62%
2018-01-08,62.34,"85,590,000",1.43%
2018-01-09,62.63,"73,230,000",0.47%
2018-01-10,62.72,"53,720,000",0.14%
2018-01-11,63.83,"62,500,000",1.77%
2018-01-12,65.26,"108,870,000",2.24%
2018-01-16,65.24,"144,410,000",-0.03%
2018-01-17,64.75,"105,080,000",-0.75%
2018-01-18,64.67,"80,540,000",-0.12%
2018-01-19,64.73,"91,570,000",0.09%
2018-01-22,66.37,"82,800,000",2.53%
2018-01-23,68.13,"103,390,000",2.65%
2018-01-24,67.88,"136,150,000",-0.37%
2018-01-25,68.9,"95,060,000",1.50%
2018-01-26,70.1,"97,150,000",1.74%
2018-01-29,70.88,"114,040,000",1.11%
2018-01-30,71.89,"117,440,000",1.42%
2018-01-31,72.54,"128,490,000",0.90%
2018-02-01,69.5,"182,280,000",-4.19%
2018-02-02,71.5,"222,510,000",2.88%
2018-02-05,69.5,"229,900,000",-2.80%
2018-02-06,72.14,"221,340,000",3.80%
2018-02-07,70.84,"143,250,000",-1.80%
2018-02-08,67.53,"171,570,000",-4.67%
2018-02-09,66.98,"282,830,000",-0.81%
2018-02-12,69.31,"134,780,000",3.48%
2018-02-13,70.73,"118,360,000",2.05%
2018-02-14,72.55,"119,180,000",2.57%
2018-02-15,73.09,"113,050,000",0.74%
2018-02-16,72.43,"89,450,000",-0.90%
2018-02-20,73.42,"129,980,000",1.37%
2018-02-21,74.15,"126,090,000",0.99%
2018-02-22,74.27,"97,160,000",0.16%
2018-02-23,75,"88,360,000",0.98%
2018-02-26,76.1,"99,100,000",1.47%
2018-02-27,75.6,"96,180,000",-0.66%
2018-02-28,75.62,"90,300,000",0.03%
2018-03-01,74.67,"136,700,000",-1.26%
2018-03-02,75.01,"131,750,000",0.46%
2018-03-05,76.18,"104,680,000",1.56%
2018-03-06,76.88,"91,230,000",0.92%
2018-03-07,77.25,"83,480,000",0.48%
2018-03-08,77.59,"77,250,000",0.44%
2018-03-09,78.94,"90,690,000",1.74%
2018-03-12,79.92,"103,480,000",1.24%
2018-03-13,79.41,"130,640,000",-0.64%
2018-03-14,79.55,"85,190,000",0.18%
2018-03-15,79.12,"81,390,000",-0.54%
2018-03-16,78.58,"108,500,000",-0.68%
2018-03-19,77.25,"131,620,000",-1.69%
2018-03-20,79.33,"91,630,000",2.69%
2018-03-21,79.09,"95,020,000",-0.30%
2018-03-22,77.25,"126,410,000",-2.33%
2018-03-23,74.78,"160,120,000",-3.20%
2018-03-26,77.79,"112,490,000",4.03%
2018-03-27,74.85,"139,990,000",-3.78%
2018-03-28,71.57,"274,110,000",-4.38%
2018-03-29,72.37,"251,620,000",1.12%
2018-04-02,68.6,"209,270,000",-5.21%
2018-04-03,69.6,"204,620,000",1.46%
2018-04-04,70.53,"139,650,000",1.34%
2018-04-05,72.59,"128,270,000",2.92%
2018-04-06,70.26,"117,650,000",-3.21%
2018-04-09,70.3,"84,160,000",0.06%
2018-04-10,71.81,"85,600,000",2.15%
2018-04-11,71.35,"71,650,000",-0.64%
2018-04-12,72.42,"62,700,000",1.50%
2018-04-13,71.54,"73,710,000",-1.22%
2018-04-16,72.08,"56,170,000",0.75%
2018-04-17,75.19,"102,290,000",4.31%
2018-04-18,76.39,"104,550,000",1.60%
2018-04-19,77.85,"130,470,000",1.91%
2018-04-20,76.37,"110,830,000",-1.90%
2018-04-23,75.89,"89,310,000",-0.63%
2018-04-24,73,"149,890,000",-3.81%
2018-04-25,73.01,"131,750,000",0.01%
2018-04-26,75.9,"176,020,000",3.96%
2018-04-27,78.63,"261,060,000",3.60%
2018-04-30,78.31,"109,280,000",-0.41%
2018-05-01,79.11,"91,440,000",1.02%
2018-05-02,78.48,"87,210,000",-0.80%
2018-05-03,78.6,"85,040,000",0.15%
2018-05-04,79.05,"68,870,000",0.57%
2018-05-07,80.01,"76,040,000",1.21%
2018-05-08,79.62,"61,360,000",-0.49%
2018-05-09,80.4,"72,750,000",0.98%
2018-05-10,80.45,"56,350,000",0.06%
2018-05-11,80.15,"45,280,000",-0.37%
2018-05-14,80.08,"50,190,000",-0.09%
2018-05-15,78.81,"101,550,000",-1.59%
2018-05-16,79.36,"51,410,000",0.70%
2018-05-17,79.09,"42,950,000",-0.34%
2018-05-18,78.72,"52,850,000",-0.47%
2018-05-21,79.27,"58,500,000",0.70%
2018-05-22,79.07,"42,310,000",-0.25%
2018-05-23,80.09,"67,240,000",1.29%
2018-05-24,80.15,"68,600,000",0.07%
2018-05-25,80.51,"53,970,000",0.45%
2018-05-29,80.64,"76,930,000",0.16%
2018-05-30,81.24,"58,150,000",0.74%
2018-05-31,81.48,"63,330,000",0.30%
2018-06-01,82.08,"66,270,000",0.74%
2018-06-04,83.26,"63,750,000",1.44%
2018-06-05,84.82,"95,640,000",1.87%
2018-06-06,84.79,"109,460,000",-0.04%
2018-06-07,84.47,"75,310,000",-0.38%
2018-06-08,84.2,"59,100,000",-0.32%
2018-06-11,84.46,"46,710,000",0.31%
2018-06-12,84.94,"45,180,000",0.57%
2018-06-13,85.24,"66,550,000",0.35%
2018-06-14,86.19,"63,490,000",1.11%
2018-06-15,85.8,"95,550,000",-0.45%
2018-06-18,86.19,"62,150,000",0.45%
2018-06-19,86.74,"85,800,000",0.64%
2018-06-20,87.5,"86,650,000",0.88%
2018-06-21,86.51,"98,820,000",-1.13%
2018-06-22,85.78,"81,500,000",-0.84%
2018-06-25,83.16,"150,220,000",-3.05%
2018-06-26,84.55,"87,730,000",1.67%
2018-06-27,83.03,"97,440,000",-1.80%
2018-06-28,85.07,"90,590,000",2.46%
2018-06-29,84.99,"90,870,000",-0.09%
2018-07-02,85.69,"63,710,000",0.82%
2018-07-03,84.7,"43,550,000",-1.16%
2018-07-05,84.99,"59,660,000",0.34%
2018-07-06,85.53,"53,010,000",0.64%
2018-07-09,86.95,"60,240,000",1.66%
2018-07-10,87.15,"60,060,000",0.23%
2018-07-11,87.75,"64,200,000",0.69%
2018-07-12,89.83,"90,650,000",2.37%
2018-07-13,90.65,"87,730,000",0.91%
2018-07-16,91.12,"109,320,000",0.52%
2018-07-17,92.2,"113,660,000",1.19%
2018-07-18,92.15,"97,240,000",-0.05%
2018-07-19,90.65,"93,540,000",-1.63%
2018-07-20,90.69,"77,830,000",0.04%
2018-07-23,90.1,"77,770,000",-0.65%
2018-07-24,91.46,"85,570,000",1.51%
2018-07-25,93.18,"76,730,000",1.88%
2018-07-26,90.4,"198,490,000",-2.98%
2018-07-27,90.86,"193,620,000",0.51%
2018-07-30,88.96,"131,250,000",-2.09%
2018-07-31,88.87,"114,770,000",-0.10%
2018-08-01,89.86,"83,060,000",1.11%
2018-08-02,91.72,"87,090,000",2.07%
2018-08-03,91.16,"69,210,000",-0.61%
2018-08-06,92.39,"67,840,000",1.35%
2018-08-07,93.12,"67,550,000",0.79%
2018-08-08,94.33,"79,260,000",1.30%
2018-08-09,94.93,"97,210,000",0.64%
2018-08-10,94.31,"72,800,000",-0.65%
2018-08-13,94.81,"110,630,000",0.53%
2018-08-14,95.98,"79,720,000",1.23%
2018-08-15,94.13,"154,010,000",-1.93%
2018-08-16,94.33,"79,140,000",0.21%
2018-08-17,94.11,"82,090,000",-0.23%
2018-08-20,93.84,"57,240,000",-0.29%
2018-08-21,94.17,"62,110,000",0.35%
2018-08-22,95.25,"61,610,000",1.15%
2018-08-23,95.14,"71,260,000",-0.12%
2018-08-24,95.27,"56,020,000",0.14%
2018-08-27,96.38,"71,380,000",1.17%
2018-08-28,96.64,"62,010,000",0.27%
2018-08-29,99.91,"130,640,000",3.38%
2018-08-30,100.12,"145,550,000",0.21%
2018-08-31,100.64,"84,090,000",0.52%
2018-09-04,101.98,"114,420,000",1.33%
2018-09-05,99.74,"164,410,000",-2.20%
2018-09-06,97.92,"149,770,000",-1.82%
2018-09-07,97.6,"97,850,000",-0.33%
2018-09-10,96.95,"90,900,000",-0.67%
2018-09-11,99.36,"100,670,000",2.49%
2018-09-12,99.5,"88,280,000",0.14%
2018-09-13,99.49,"72,430,000",-0.01%
2018-09-14,98.51,"72,840,000",-0.99%
2018-09-17,95.4,"141,000,000",-3.16%
2018-09-18,97.05,"85,370,000",1.73%
2018-09-19,96.32,"81,140,000",-0.75%
2018-09-20,97.22,"63,100,000",0.93%
2018-09-21,95.75,"137,120,000",-1.51%
2018-09-24,96.72,"84,270,000",1.01%
2018-09-25,98.73,"90,770,000",2.08%
2018-09-26,98.74,"86,270,000",0.01%
2018-09-27,100.65,"86,590,000",1.93%
2018-09-28,100.15,"81,700,000",-0.50%
2018-10-01,100.22,"69,370,000",0.07%
2018-10-02,98.57,"108,010,000",-1.65%
2018-10-03,97.64,"105,060,000",-0.94%
2018-10-04,95.47,"145,140,000",-2.22%
2018-10-05,94.48,"136,450,000",-1.04%
2018-10-08,93.22,"147,860,000",-1.33%
2018-10-09,93.52,"95,460,000",0.32%
2018-10-10,87.76,"219,780,000",-6.16%
2018-10-11,85.97,"278,720,000",-2.04%
2018-10-12,89.43,"188,890,000",4.02%
2018-10-15,88.05,"128,740,000",-1.54%
2018-10-16,91,"117,200,000",3.35%
2018-10-17,91.59,"105,900,000",0.65%
2018-10-18,88.54,"117,480,000",-3.33%
2018-10-19,88.2,"118,140,000",-0.38%
2018-10-22,89.47,"90,000,000",1.44%
2018-10-23,88.44,"134,480,000",-1.15%
2018-10-24,83.21,"138,570,000",-5.91%
2018-10-25,89.11,"205,710,000",7.09%
2018-10-26,82.14,"299,280,000",-7.82%
2018-10-29,76.94,"277,320,000",-6.33%
2018-10-30,76.52,"249,200,000",-0.55%
2018-10-31,79.9,"187,800,000",4.42%
2018-11-01,83.28,"162,710,000",4.23%
2018-11-02,83.28,"139,110,000",0.00%
2018-11-05,81.39,"112,490,000",-2.27%
2018-11-06,82.14,"85,150,000",0.92%
2018-11-07,87.77,"163,840,000",6.85%
2018-11-08,87.75,"130,700,000",-0.02%
2018-11-09,85.62,"118,040,000",-2.43%
2018-11-12,81.84,"136,120,000",-4.41%
2018-11-13,81.56,"118,670,000",-0.34%
2018-11-14,79.95,"129,740,000",-1.97%
2018-11-15,80.97,"168,550,000",1.28%
2018-11-16,79.67,"121,320,000",-1.61%
2018-11-19,75.61,"155,800,000",-5.10%
2018-11-20,74.77,"217,580,000",-1.11%
2018-11-21,75.84,"114,340,000",1.43%
2018-11-23,75.1,"54,150,000",-0.98%
2018-11-26,79.07,"125,150,000",5.29%
2018-11-27,79.07,"115,660,000",0.00%
2018-11-28,83.89,"169,170,000",6.10%
2018-11-29,83.68,"132,260,000",-0.25%
2018-11-30,84.51,"115,240,000",0.99%
2018-12-03,88.62,"137,240,000",4.86%
2018-12-04,83.42,"173,890,000",-5.87%
2018-12-06,84.96,"175,790,000",1.85%
2018-12-07,81.46,"151,520,000",-4.12%
2018-12-10,82.05,"149,900,000",0.72%
2018-12-11,82.16,"124,890,000",0.13%
2018-12-12,83.18,"131,960,000",1.24%
2018-12-13,82.92,"105,420,000",-0.31%
2018-12-14,79.6,"127,340,000",-4.00%
2018-12-17,76.05,"176,600,000",-4.46%
2018-12-18,77.57,"130,460,000",2.00%
2018-12-19,74.75,"175,840,000",-3.64%
2018-12-20,73.04,"199,840,000",-2.29%
2018-12-21,68.87,"272,810,000",-5.71%
2018-12-24,67.2,"144,400,000",-2.42%
2018-12-26,73.55,"208,240,000",9.45%
2018-12-27,73.08,"194,440,000",-0.64%
2018-12-28,73.9,"176,580,000",1.12%
2018-12-31,75.1,"139,090,000",1.62%
2019-01-02,76.96,"159,660,000",2.48%
2019-01-03,75.01,"139,510,000",-2.53%
2019-01-04,78.77,"183,650,000",5.01%
2019-01-07,81.48,"159,860,000",3.44%
2019-01-08,82.83,"177,630,000",1.66%
2019-01-09,82.97,"126,980,000",0.17%
2019-01-10,82.81,"130,150,000",-0.19%
2019-01-11,82.03,"93,720,000",-0.94%
2019-01-14,80.86,"120,120,000",-1.43%
2019-01-15,83.73,"119,970,000",3.55%
2019-01-16,84.19,"127,340,000",0.55%
2019-01-17,84.66,"84,180,000",0.56%
2019-01-18,84.81,"120,410,000",0.18%
2019-01-22,81.61,"128,340,000",-3.77%
2019-01-23,82,"104,500,000",0.48%
2019-01-24,82.75,"81,800,000",0.91%
2019-01-25,83.53,"99,190,000",0.94%
2019-01-28,81.89,"96,750,000",-1.96%
2019-01-29,79.69,"92,660,000",-2.69%
2019-01-30,83.52,"115,680,000",4.81%
2019-01-31,85.94,"218,210,000",2.90%
2019-02-01,81.31,"230,120,000",-5.39%
2019-02-04,81.67,"98,580,000",0.44%
2019-02-05,82.94,"89,060,000",1.56%
2019-02-06,82.01,"78,800,000",-1.12%
2019-02-07,80.72,"92,530,000",-1.57%
2019-02-08,79.41,"113,150,000",-1.62%
2019-02-11,79.55,"66,350,000",0.18%
2019-02-12,81.9,"97,170,000",2.95%
2019-02-13,82,"71,210,000",0.12%
2019-02-14,81.13,"82,410,000",-1.06%
2019-02-15,80.4,"86,880,000",-0.90%
2019-02-19,81.38,"73,630,000",1.22%
2019-02-20,81.11,"66,750,000",-0.33%
2019-02-21,80.97,"69,670,000",-0.17%
2019-02-22,81.58,"61,920,000",0.75%
2019-02-25,81.65,"63,690,000",0.09%
2019-02-26,81.82,"53,320,000",0.21%
2019-02-27,82.05,"62,980,000",0.28%
2019-02-28,81.99,"60,520,000",-0.07%
2019-03-01,83.59,"99,500,000",1.95%
2019-03-04,84.81,"123,350,000",1.46%
2019-03-05,84.62,"73,630,000",-0.22%
2019-03-06,83.45,"79,920,000",-1.38%
2019-03-07,81.3,"99,140,000",-2.58%
2019-03-08,81.04,"93,340,000",-0.32%
2019-03-11,83.53,"77,530,000",3.07%
2019-03-12,83.66,"72,290,000",0.16%
2019-03-13,84.54,"71,040,000",1.05%
2019-03-14,84.31,"58,930,000",-0.27%
2019-03-15,85.62,"151,020,000",1.55%
2019-03-18,87.11,"108,580,000",1.74%
2019-03-19,88.09,"127,280,000",1.13%
2019-03-20,89.86,"125,310,000",2.01%
2019-03-21,90.96,"115,360,000",1.22%
2019-03-22,88.24,"127,260,000",-2.99%
2019-03-25,88.71,"102,080,000",0.53%
2019-03-26,89.19,"97,320,000",0.54%
2019-03-27,88.28,"86,500,000",-1.02%
2019-03-28,88.67,"60,860,000",0.44%
2019-03-29,89.04,"66,420,000",0.42%
2019-04-01,90.71,"84,780,000",1.88%
2019-04-02,90.7,"68,960,000",-0.01%
2019-04-03,91.03,"79,610,000",0.36%
2019-04-04,90.94,"72,480,000",-0.10%
2019-04-05,91.86,"72,810,000",1.01%
2019-04-08,92.49,"75,060,000",0.69%
2019-04-09,91.79,"74,290,000",-0.76%
2019-04-10,92.37,"59,280,000",0.63%
2019-04-11,92.2,"53,100,000",-0.18%
2019-04-12,92.15,"62,290,000",-0.05%
2019-04-15,92.24,"74,490,000",0.10%
2019-04-16,93.15,"60,890,000",0.99%
2019-04-17,93.24,"57,870,000",0.10%
2019-04-18,93.08,"55,000,000",-0.17%
2019-04-22,94.37,"67,480,000",1.39%
2019-04-23,96.19,"92,810,000",1.93%
2019-04-24,95.09,"73,520,000",-1.14%
2019-04-25,95.11,"121,980,000",0.02%
2019-04-26,97.53,"168,650,000",2.54%
2019-04-29,96.92,"80,430,000",-0.63%
2019-04-30,96.33,"70,120,000",-0.61%
2019-05-01,95.58,"62,340,000",-0.78%
2019-05-02,95.04,"79,260,000",-0.56%
2019-05-03,98.12,"127,630,000",3.24%
2019-05-06,97.53,"108,360,000",-0.60%
2019-05-07,96.05,"118,040,000",-1.52%
2019-05-08,95.89,"81,570,000",-0.17%
2019-05-09,94.99,"106,170,000",-0.94%
2019-05-10,94.5,"114,360,000",-0.52%
2019-05-13,91.13,"115,670,000",-3.57%
2019-05-14,92.01,"92,580,000",0.97%
2019-05-15,93.56,"93,850,000",1.68%
2019-05-16,95.38,"94,160,000",1.95%
2019-05-17,93.45,"94,730,000",-2.02%
2019-05-20,92.95,"75,960,000",-0.54%
2019-05-21,92.88,"80,100,000",-0.08%
2019-05-22,92.98,"58,730,000",0.11%
2019-05-23,90.77,"88,490,000",-2.38%
2019-05-24,91.16,"67,390,000",0.43%
2019-05-28,91.82,"64,000,000",0.72%
2019-05-29,90.96,"85,580,000",-0.94%
2019-05-30,90.82,"62,940,000",-0.15%
2019-05-31,88.75,"92,380,000",-2.28%
2019-06-03,84.63,"181,970,000",-4.64%
2019-06-04,86.48,"113,580,000",2.19%
2019-06-05,86.92,"84,800,000",0.51%
2019-06-06,87.72,"73,790,000",0.92%
2019-06-07,90.2,"96,160,000",2.83%
2019-06-10,93.03,"107,420,000",3.14%
2019-06-11,93.19,"80,850,000",0.17%
2019-06-12,92.77,"53,570,000",-0.45%
2019-06-13,93.52,"55,920,000",0.81%
2019-06-14,93.48,"57,020,000",-0.04%
2019-06-17,94.3,"52,690,000",0.88%
2019-06-18,95.07,"77,910,000",0.82%
2019-06-19,95.44,"57,910,000",0.39%
2019-06-20,95.91,"64,340,000",0.49%
2019-06-21,95.56,"78,670,000",-0.36%
2019-06-24,95.69,"45,660,000",0.14%
2019-06-25,93.91,"60,250,000",-1.86%
2019-06-26,94.89,"48,840,000",1.04%
2019-06-27,95.21,"42,830,000",0.34%
2019-06-28,94.68,"60,750,000",-0.56%
2019-07-01,96.11,"64,070,000",1.51%
2019-07-02,96.72,"53,030,000",0.63%
2019-07-03,96.95,"33,810,000",0.24%
2019-07-05,97.15,"52,570,000",0.21%
2019-07-08,97.62,"57,670,000",0.48%
2019-07-09,99.42,"86,910,000",1.84%
2019-07-10,100.87,"98,640,000",1.46%
2019-07-11,100.05,"86,360,000",-0.81%
2019-07-12,100.55,"50,190,000",0.50%
2019-07-15,101.05,"59,630,000",0.50%
2019-07-16,100.5,"52,360,000",-0.54%
2019-07-17,99.6,"51,180,000",-0.90%
2019-07-18,98.89,"70,090,000",-0.71%
2019-07-19,98.23,"63,710,000",-0.67%
2019-07-22,99.28,"58,160,000",1.07%
2019-07-23,99.72,"54,070,000",0.44%
2019-07-24,100.04,"52,630,000",0.32%
2019-07-25,98.69,"82,730,000",-1.35%
2019-07-26,97.15,"98,540,000",-1.56%
2019-07-29,95.62,"89,860,000",-1.57%
2019-07-30,94.93,"58,220,000",-0.72%
2019-07-31,93.34,"89,410,000",-1.67%
2019-08-01,92.77,"94,270,000",-0.61%
2019-08-02,91.16,"99,120,000",-1.74%
2019-08-05,88.26,"121,160,000",-3.18%
2019-08-06,89.39,"101,410,000",1.28%
2019-08-07,89.67,"90,540,000",0.31%
2019-08-08,91.64,"74,020,000",2.20%
2019-08-09,90.38,"57,600,000",-1.37%
2019-08-12,89.25,"58,110,000",-1.25%
2019-08-13,91.22,"81,500,000",2.21%
2019-08-14,88.15,"97,870,000",-3.37%
2019-08-15,88.81,"76,200,000",0.75%
2019-08-16,89.63,"61,080,000",0.92%
2019-08-19,90.81,"56,410,000",1.32%
2019-08-20,90.07,"38,660,000",-0.81%
2019-08-21,91.18,"40,780,000",1.23%
2019-08-22,90.28,"53,170,000",-0.99%
2019-08-23,87.48,"105,560,000",-3.10%
2019-08-26,88.44,"61,710,000",1.10%
2019-08-27,88.09,"60,540,000",-0.40%
2019-08-28,88.21,"48,440,000",0.14%
2019-08-29,89.32,"60,360,000",1.26%
2019-08-30,88.81,"61,280,000",-0.57%
2019-09-03,89.49,"70,940,000",0.77%
2019-09-04,90.03,"46,520,000",0.60%
2019-09-05,92.04,"66,500,000",2.23%
2019-09-06,91.68,"49,940,000",-0.39%
2019-09-09,91.57,"59,990,000",-0.12%
2019-09-10,91.03,"52,280,000",-0.59%
2019-09-11,91.15,"48,660,000",0.13%
2019-09-12,92.18,"56,470,000",1.13%
2019-09-13,91.97,"39,430,000",-0.23%
2019-09-16,90.39,"73,510,000",-1.72%
2019-09-17,91.13,"40,660,000",0.82%
2019-09-18,90.87,"50,720,000",-0.29%
2019-09-19,91.08,"41,570,000",0.23%
2019-09-20,89.71,"111,120,000",-1.50%
2019-09-23,89.27,"62,780,000",-0.49%
2019-09-24,87.08,"92,760,000",-2.45%
2019-09-25,88.42,"70,620,000",1.54%
2019-09-26,86.99,"71,440,000",-1.62%
2019-09-27,86.27,"78,960,000",-0.83%
2019-09-30,86.8,"55,220,000",0.61%
2019-10-01,86.78,"63,410,000",-0.02%
2019-10-02,85.66,"66,770,000",-1.29%
2019-10-03,86.22,"72,490,000",0.65%
2019-10-04,86.98,"49,790,000",0.88%
2019-10-07,86.63,"43,750,000",-0.40%
2019-10-08,85.28,"52,540,000",-1.56%
2019-10-09,86.1,"41,790,000",0.96%
2019-10-10,86.01,"54,430,000",-0.10%
2019-10-11,86.6,"65,590,000",0.69%
2019-10-14,86.82,"38,580,000",0.25%
2019-10-15,88.37,"62,580,000",1.79%
2019-10-16,88.87,"56,080,000",0.57%
2019-10-17,89.37,"54,280,000",0.56%
2019-10-18,87.88,"67,320,000",-1.67%
2019-10-21,89.28,"44,500,000",1.59%
2019-10-22,88.29,"44,690,000",-1.11%
2019-10-23,88.11,"43,810,000",-0.20%
2019-10-24,89.04,"104,090,000",1.06%
2019-10-25,88.07,"192,530,000",-1.09%
2019-10-28,88.85,"74,180,000",0.89%
2019-10-29,88.14,"45,540,000",-0.80%
2019-10-30,89,"48,990,000",0.98%
2019-10-31,88.83,"55,620,000",-0.19%
2019-11-01,89.57,"55,810,000",0.83%
2019-11-04,90.23,"55,440,000",0.74%
2019-11-05,90.09,"37,710,000",-0.16%
2019-11-06,89.79,"40,600,000",-0.33%
2019-11-07,89.41,"53,020,000",-0.42%
2019-11-08,89.29,"42,520,000",-0.13%
2019-11-11,88.58,"38,960,000",-0.80%
2019-11-12,88.9,"40,780,000",0.36%
2019-11-13,87.66,"58,540,000",-1.39%
2019-11-14,87.73,"45,390,000",0.08%
2019-11-15,86.97,"78,620,000",-0.87%
2019-11-18,87.63,"56,840,000",0.76%
2019-11-19,87.64,"45,490,000",0.01%
2019-11-20,87.28,"55,880,000",-0.41%
2019-11-21,86.74,"53,260,000",-0.62%
2019-11-22,87.29,"49,580,000",0.63%
2019-11-25,88.69,"69,790,000",1.60%
2019-11-26,89.85,"63,810,000",1.31%
2019-11-27,90.93,"60,720,000",1.20%
2019-11-29,90.04,"38,470,000",-0.98%
2019-12-02,89.08,"78,640,000",-1.07%
2019-12-03,88.5,"70,590,000",-0.65%
2019-12-04,88.03,"53,610,000",-0.53%
2019-12-05,87.02,"56,560,000",-1.15%
2019-12-06,87.58,"62,400,000",0.64%
2019-12-09,87.48,"50,050,000",-0.11%
2019-12-10,86.96,"50,310,000",-0.59%
2019-12-11,87.44,"42,030,000",0.55%
2019-12-12,88.02,"62,080,000",0.66%
2019-12-13,88.05,"54,960,000",0.03%
2019-12-16,88.46,"62,990,000",0.47%
2019-12-17,89.53,"72,930,000",1.21%
2019-12-18,89.2,"67,080,000",-0.37%
2019-12-19,89.61,"54,770,000",0.46%
2019-12-20,89.33,"103,050,000",-0.31%
2019-12-23,89.65,"42,750,000",0.36%
2019-12-24,89.46,"17,630,000",-0.21%
2019-12-26,93.44,"120,490,000",4.45%
2019-12-27,93.49,"123,780,000",0.05%
2019-12-30,92.34,"73,550,000",-1.23%
2019-12-31,92.39,"50,210,000",0.05%
2020-01-02,94.9,"80,720,000",2.72%
2020-01-03,93.75,"75,330,000",-1.21%
2020-01-06,95.14,"81,310,000",1.48%
2020-01-07,95.34,"82,680,000",0.21%
2020-01-08,94.6,"70,240,000",-0.78%
2020-01-09,95.05,"63,500,000",0.48%
2020-01-10,94.16,"57,140,000",-0.94%
2020-01-13,94.56,"55,720,000",0.42%
2020-01-14,93.47,"68,930,000",-1.15%
2020-01-15,93.1,"57,930,000",-0.40%
2020-01-16,93.9,"53,190,000",0.86%
2020-01-17,93.24,"79,950,000",-0.70%
2020-01-21,94.6,"74,160,000",1.46%
2020-01-22,94.37,"64,330,000",-0.24%
2020-01-23,94.23,"49,690,000",-0.15%
2020-01-24,93.08,"75,320,000",-1.22%
2020-01-27,91.42,"70,570,000",-1.78%
2020-01-28,92.66,"56,160,000",1.36%
2020-01-29,92.9,"42,030,000",0.26%
2020-01-30,93.53,"126,550,000",0.68%
2020-01-31,100.44,"311,350,000",7.39%
2020-02-03,100.21,"117,980,000",-0.23%
2020-02-04,102.48,"105,790,000",2.27%
2020-02-05,101.99,"87,520,000",-0.48%
2020-02-06,102.51,"63,660,000",0.51%
2020-02-07,103.96,"101,910,000",1.41%
2020-02-10,106.7,"101,120,000",2.64%
2020-02-11,107.54,"114,920,000",0.79%
2020-02-12,108,"66,690,000",0.43%
2020-02-13,107.49,"60,640,000",-0.47%
2020-02-14,106.74,"52,120,000",-0.70%
2020-02-18,107.78,"59,020,000",0.97%
2020-02-19,108.51,"51,220,000",0.68%
2020-02-20,107.66,"62,630,000",-0.78%
2020-02-21,104.8,"93,010,000",-2.66%
2020-02-24,100.46,"130,940,000",-4.14%
2020-02-25,98.64,"124,380,000",-1.81%
2020-02-26,98.98,"104,810,000",0.34%
2020-02-27,94.22,"162,880,000",-4.81%
2020-02-28,94.19,"189,880,000",-0.03%
2020-03-02,97.7,"135,230,000",3.73%
2020-03-03,95.45,"150,690,000",-2.30%
2020-03-04,98.79,"95,460,000",3.50%
2020-03-05,96.2,"94,960,000",-2.62%
2020-03-06,95.05,"105,470,000",-1.20%
2020-03-09,90.03,"156,260,000",-5.28%
2020-03-10,94.59,"142,670,000",5.06%
2020-03-11,91.04,"112,940,000",-3.75%
2020-03-12,83.83,"226,920,000",-7.92%
2020-03-13,89.25,"176,190,000",6.47%
2020-03-16,84.46,"178,350,000",-5.37%
2020-03-17,90.39,"218,340,000",7.02%
2020-03-18,91.5,"192,900,000",1.23%
2020-03-19,94.05,"208,000,000",2.79%
2020-03-20,92.3,"196,360,000",-1.86%
2020-03-23,95.14,"156,170,000",3.08%
2020-03-24,97,"142,940,000",1.96%
2020-03-25,94.29,"129,580,000",-2.79%
2020-03-26,97.77,"124,700,000",3.69%
2020-03-27,95,"107,760,000",-2.83%
2020-03-30,98.2,"122,520,000",3.37%
2020-03-31,97.49,"102,470,000",-0.72%
2020-04-01,95.39,"82,440,000",-2.15%
2020-04-02,95.94,"86,720,000",0.58%
2020-04-03,95.33,"72,200,000",-0.64%
2020-04-06,99.88,"115,460,000",4.77%
2020-04-07,100.58,"102,280,000",0.70%
2020-04-08,102.15,"79,550,000",1.56%
2020-04-09,102.14,"93,110,000",-0.01%
2020-04-13,108.44,"134,330,000",6.17%
2020-04-14,114.17,"161,740,000",5.28%
2020-04-15,115.38,"137,330,000",1.06%
2020-04-16,120.41,"240,760,000",4.36%
2020-04-17,118.75,"158,600,000",-1.38%
2020-04-20,119.68,"115,410,000",0.78%
2020-04-21,116.41,"149,530,000",-2.73%
2020-04-22,118.17,"84,370,000",1.51%
2020-04-23,119.97,"101,330,000",1.52%
2020-04-24,120.51,"76,640,000",0.45%
2020-04-27,118.8,"112,910,000",-1.42%
2020-04-28,115.7,"105,390,000",-2.61%
2020-04-29,118.64,"91,830,000",2.54%
2020-04-30,123.7,"190,690,000",4.27%
2020-05-01,114.3,"195,450,000",-7.60%
2020-05-04,115.8,"97,320,000",1.31%
2020-05-05,115.89,"64,850,000",0.08%
2020-05-06,117.56,"62,360,000",1.44%
2020-05-07,118.38,"67,930,000",0.70%
2020-05-08,118.98,"64,220,000",0.51%
2020-05-11,120.45,"65,180,000",1.24%
2020-05-12,117.85,"61,500,000",-2.16%
2020-05-13,118.4,"95,660,000",0.47%
2020-05-14,119.44,"72,960,000",0.88%
2020-05-15,120.49,"84,700,000",0.88%
2020-05-18,121.31,"87,330,000",0.68%
2020-05-19,122.47,"86,410,000",0.96%
2020-05-20,124.9,"79,960,000",1.98%
2020-05-21,122.34,"102,290,000",-2.05%
2020-05-22,121.84,"57,340,000",-0.41%
2020-05-26,121.09,"71,360,000",-0.62%
2020-05-27,120.52,"101,140,000",-0.47%
2020-05-28,120.06,"63,860,000",-0.38%
2020-05-29,122.12,"70,590,000",1.72%
2020-06-01,123.55,"58,760,000",1.17%
2020-06-02,123.62,"50,600,000",0.06%
2020-06-03,123.92,"53,420,000",0.24%
2020-06-04,123.03,"58,970,000",-0.72%
2020-06-05,124.15,"66,130,000",0.91%
2020-06-08,126.2,"79,410,000",1.65%
2020-06-09,130.04,"103,520,000",3.04%
2020-06-10,132.37,"98,920,000",1.79%
2020-06-11,127.9,"116,000,000",-3.38%
2020-06-12,127.25,"108,720,000",-0.51%
2020-06-15,128.63,"77,470,000",1.08%
2020-06-16,130.76,"71,910,000",1.66%
2020-06-17,132.05,"59,190,000",0.99%
2020-06-18,132.7,"49,760,000",0.49%
2020-06-19,133.75,"115,540,000",0.79%
2020-06-22,135.69,"64,180,000",1.45%
2020-06-23,138.22,"84,630,000",1.86%
2020-06-24,136.72,"90,530,000",-1.09%
2020-06-25,137.73,"59,370,000",0.74%
2020-06-26,134.64,"130,020,000",-2.24%
2020-06-29,134.02,"84,470,000",-0.46%
2020-06-30,137.94,"75,390,000",2.92%
2020-07-01,143.94,"127,270,000",4.35%
2020-07-02,144.51,"131,870,000",0.40%
2020-07-06,152.85,"137,610,000",5.77%
2020-07-07,150.01,"105,150,000",-1.86%
2020-07-08,154.06,"100,750,000",2.70%
2020-07-09,159.13,"127,770,000",3.29%
2020-07-10,160,"109,720,000",0.55%
2020-07-13,155.2,"154,410,000",-3.00%
2020-07-14,154.2,"144,640,000",-0.64%
2020-07-15,150.44,"115,780,000",-2.44%
2020-07-16,150,"127,880,000",-0.29%
2020-07-17,148.1,"95,230,000",-1.27%
2020-07-20,159.84,"151,960,000",7.93%
2020-07-21,156.91,"122,700,000",-1.83%
2020-07-22,155,"82,080,000",-1.22%
2020-07-23,149.33,"113,140,000",-3.66%
2020-07-24,150.45,"112,650,000",0.75%
2020-07-27,152.76,"83,410,000",1.54%
2020-07-28,150.02,"62,530,000",-1.79%
2020-07-29,151.68,"59,480,000",1.11%
2020-07-30,152.59,"122,570,000",0.60%
2020-07-31,158.23,"161,670,000",3.70%
2020-08-03,155.59,"101,490,000",-1.67%
2020-08-04,156.94,"93,890,000",0.87%
2020-08-05,160.25,"78,600,000",2.11%
2020-08-06,161.25,"78,810,000",0.62%
2020-08-07,158.37,"78,720,000",-1.79%
2020-08-10,157.41,"63,350,000",-0.61%
2020-08-11,154.03,"74,360,000",-2.15%
2020-08-12,158.11,"70,540,000",2.65%
2020-08-13,158.05,"62,980,000",-0.04%
2020-08-14,157.4,"55,030,000",-0.41%
2020-08-17,159.12,"53,820,000",1.09%
2020-08-18,165.62,"106,920,000",4.08%
2020-08-19,163.02,"83,700,000",-1.57%
2020-08-20,164.87,"66,650,000",1.13%
2020-08-21,164.24,"71,520,000",-0.38%
2020-08-24,165.37,"93,330,000",0.69%
2020-08-25,167.32,"79,860,000",1.18%
2020-08-26,172.09,"130,170,000",2.85%
2020-08-27,170,"85,300,000",-1.21%
2020-08-28,170.09,"57,940,000",0.05%
2020-08-31,172.55,"83,720,000",1.45%
2020-09-01,174.96,"69,530,000",1.40%
2020-09-02,176.57,"78,630,000",0.92%
2020-09-03,168.4,"163,220,000",-4.63%
2020-09-04,164.73,"175,640,000",-2.18%
2020-09-08,157.49,"121,880,000",-4.40%
2020-09-09,163.43,"103,770,000",3.77%
2020-09-10,158.76,"106,610,000",-2.86%
2020-09-11,155.81,"101,880,000",-1.86%
2020-09-14,155.15,"90,590,000",-0.42%
2020-09-15,157.81,"80,430,000",1.71%
2020-09-16,153.91,"90,620,000",-2.47%
2020-09-17,150.44,"128,980,000",-2.25%
2020-09-18,147.75,"177,850,000",-1.79%
2020-09-21,148.02,"122,360,000",0.18%
2020-09-22,156.45,"138,980,000",5.70%
2020-09-23,149.99,"113,050,000",-4.13%
2020-09-24,150.99,"110,590,000",0.67%
2020-09-25,154.76,"92,300,000",2.50%
2020-09-28,158.7,"84,480,000",2.55%
2020-09-29,157.24,"70,070,000",-0.92%
2020-09-30,157.44,"97,920,000",0.13%
2020-10-01,161.06,"99,440,000",2.30%
2020-10-02,156.25,"112,260,000",-2.99%
2020-10-05,159.96,"75,510,000",2.37%
2020-10-06,155,"101,740,000",-3.10%
2020-10-07,159.78,"86,190,000",3.08%
2020-10-08,159.53,"63,480,000",-0.16%
2020-10-09,164.33,"98,160,000",3.01%
2020-10-12,172.15,"167,280,000",4.76%
2020-10-13,172.18,"114,890,000",0.02%
2020-10-14,168.19,"116,580,000",-2.32%
2020-10-15,166.93,"104,470,000",-0.75%
2020-10-16,163.64,"129,490,000",-1.97%
2020-10-19,160.36,"104,470,000",-2.00%
2020-10-20,160.85,"90,190,000",0.31%
2020-10-21,159.25,"91,850,000",-0.99%
2020-10-22,158.82,"84,240,000",-0.27%
2020-10-23,160.22,"69,330,000",0.88%
2020-10-26,160.35,"118,020,000",0.08%
2020-10-27,164.32,"85,820,000",2.48%
2020-10-28,158.14,"111,770,000",-3.76%
2020-10-29,160.55,"131,930,000",1.52%
2020-10-30,151.81,"167,920,000",-5.44%
2020-11-02,150.22,"145,150,000",-1.05%
2020-11-03,152.42,"97,960,000",1.46%
2020-11-04,162.06,"136,780,000",6.32%
2020-11-05,166.1,"115,790,000",2.49%
2020-11-06,165.57,"92,950,000",-0.32%
2020-11-09,157.19,"143,810,000",-5.06%
2020-11-10,151.75,"131,820,000",-3.46%
2020-11-11,156.87,"87,340,000",3.37%
2020-11-12,155.51,"87,420,000",-0.87%
2020-11-13,156.44,"75,250,000",0.60%
2020-11-16,156.55,"76,170,000",0.07%
2020-11-17,156.78,"68,890,000",0.15%
2020-11-18,155.27,"58,340,000",-0.96%
2020-11-19,155.85,"60,210,000",0.37%
2020-11-20,154.97,"67,600,000",-0.56%
2020-11-23,154.92,"94,180,000",-0.03%
2020-11-24,155.9,"72,040,000",0.63%
2020-11-25,159.25,"75,810,000",2.15%
2020-11-27,159.77,"47,860,000",0.33%
2020-11-30,158.4,"81,280,000",-0.86%
2020-12-01,161,"90,890,000",1.64%
2020-12-02,160.18,"62,590,000",-0.51%
2020-12-03,159.34,"57,840,000",-0.52%
2020-12-04,158.13,"58,270,000",-0.76%
2020-12-07,157.9,"55,030,000",-0.15%
2020-12-08,158.86,"65,730,000",0.61%
2020-12-09,155.21,"82,020,000",-2.30%
2020-12-10,155.07,"60,600,000",-0.09%
2020-12-11,155.82,"61,290,000",0.48%
2020-12-14,157.85,"83,120,000",1.30%
2020-12-15,158.26,"66,470,000",0.26%
2020-12-16,162.05,"88,550,000",2.39%
2020-12-17,161.8,"69,490,000",-0.15%
2020-12-18,160.08,"119,910,000",-1.06%
2020-12-21,160.31,"76,740,000",0.14%
2020-12-22,160.33,"47,640,000",0.01%
2020-12-23,159.26,"41,880,000",-0.67%
2020-12-24,158.63,"29,040,000",-0.40%
2020-12-28,164.2,"113,740,000",3.51%
2020-12-29,166.1,"97,460,000",1.16%
2020-12-30,164.29,"64,190,000",-1.09%
2020-12-31,162.85,"59,140,000",-0.88%
2021-01-04,159.33,"88,230,000",-2.16%
2021-01-05,160.93,"53,110,000",1.00%
2021-01-06,156.92,"87,900,000",-2.49%
2021-01-07,158.11,"70,290,000",0.76%
2021-01-08,159.13,"70,750,000",0.65%
2021-01-11,155.71,"73,380,000",-2.15%
2021-01-12,156.04,"70,290,000",0.21%
2021-01-13,158.29,"66,420,000",1.44%
2021-01-14,156.37,"61,420,000",-1.21%
2021-01-15,155.21,"84,880,000",-0.74%
2021-01-19,156.04,"66,100,000",0.53%
2021-01-20,163.17,"106,200,000",4.57%
2021-01-21,165.35,"98,900,000",1.34%
2021-01-22,164.61,"56,440,000",-0.45%
2021-01-25,164.7,"75,000,000",0.05%
2021-01-26,166.31,"59,100,000",0.98%
2021-01-27,161.63,"93,200,000",-2.81%
2021-01-28,161.88,"62,980,000",0.15%
2021-01-29,160.31,"85,870,000",-0.97%
2021-02-01,167.14,"83,200,000",4.26%
2021-02-02,169,"141,970,000",1.11%
2021-02-03,165.63,"141,780,000",-1.99%
2021-02-04,166.55,"73,410,000",0.56%
2021-02-05,167.61,"72,420,000",0.64%
2021-02-08,166.15,"65,150,000",-0.87%
2021-02-09,165.25,"44,070,000",-0.54%
2021-02-10,164.33,"63,030,000",-0.56%
2021-02-11,163.11,"46,030,000",-0.74%
2021-02-12,163.89,"46,710,000",0.48%
2021-02-16,163.45,"51,490,000",-0.27%
2021-02-17,165.43,"66,040,000",1.21%
2021-02-18,166.41,"60,670,000",0.59%
2021-02-19,162.5,"86,100,000",-2.35%
2021-02-22,159.04,"70,310,000",-2.13%
2021-02-23,159.72,"93,540,000",0.43%
2021-02-24,157.98,"60,230,000",-1.09%
2021-02-25,152.86,"90,680,000",-3.24%
2021-02-26,154.65,"85,520,000",1.17%
2021-03-01,157.31,"54,680,000",1.72%
2021-03-02,154.73,"51,920,000",-1.64%
2021-03-03,150.25,"79,770,000",-2.90%
2021-03-04,148.88,"109,630,000",-0.91%
2021-03-05,150.02,"107,770,000",0.77%
2021-03-08,147.6,"83,700,000",-1.61%
2021-03-09,153.14,"80,600,000",3.75%
2021-03-10,152.88,"60,250,000",-0.17%
2021-03-11,155.68,"55,530,000",1.83%
2021-03-12,154.47,"48,440,000",-0.78%
2021-03-15,154.08,"58,370,000",-0.25%
2021-03-16,154.59,"50,780,000",0.33%
2021-03-17,156.79,"62,370,000",1.42%
2021-03-18,151.4,"73,140,000",-3.44%
2021-03-19,153.75,"92,510,000",1.55%
2021-03-22,155.54,"58,040,000",1.16%
2021-03-23,156.88,"76,350,000",0.86%
2021-03-24,154.35,"59,180,000",-1.61%
2021-03-25,152.31,"71,270,000",-1.32%
2021-03-26,152.6,"66,260,000",0.19%
2021-03-29,153.79,"54,920,000",0.78%
2021-03-30,152.76,"46,750,000",-0.67%
2021-03-31,154.7,"61,880,000",1.27%
2021-04-01,158.05,"58,810,000",2.17%
2021-04-05,161.34,"66,700,000",2.08%
2021-04-06,161.19,"50,760,000",-0.09%
2021-04-07,163.97,"66,920,000",1.72%
2021-04-08,164.97,"56,240,000",0.61%
2021-04-09,168.61,"86,830,000",2.21%
2021-04-12,168.97,"65,640,000",0.21%
2021-04-13,170,"66,320,000",0.61%
2021-04-14,166.65,"62,900,000",-1.97%
2021-04-15,168.95,"64,670,000",1.38%
2021-04-16,169.97,"63,720,000",0.60%
2021-04-19,168.6,"54,510,000",-0.81%
2021-04-20,166.73,"52,460,000",-1.11%
2021-04-21,168.1,"44,220,000",0.82%
2021-04-22,165.45,"51,610,000",-1.58%
2021-04-23,167.04,"63,930,000",0.96%
2021-04-26,170.45,"97,610,000",2.04%
2021-04-27,170.87,"76,540,000",0.25%
2021-04-28,172.93,"92,640,000",1.21%
2021-04-29,173.57,"153,650,000",0.37%
2021-04-30,173.37,"140,190,000",-0.12%
2021-05-03,169.32,"117,510,000",-2.34%
2021-05-04,165.59,"108,790,000",-2.20%
2021-05-05,163.53,"74,230,000",-1.24%
2021-05-06,165.32,"88,950,000",1.09%
2021-05-07,164.58,"94,210,000",-0.45%
2021-05-10,159.52,"116,770,000",-3.07%
2021-05-11,161.2,"92,400,000",1.05%
2021-05-12,157.6,"98,730,000",-2.23%
2021-05-13,158.07,"67,140,000",0.30%
2021-05-14,161.15,"66,500,000",1.95%
2021-05-17,163.52,"74,480,000",1.47%
2021-05-18,161.61,"56,570,000",-1.17%
2021-05-19,161.59,"53,590,000",-0.01%
2021-05-20,162.38,"52,660,000",0.49%
2021-05-21,160.15,"82,100,000",-1.37%
2021-05-24,162.25,"48,460,000",1.31%
2021-05-25,162.95,"65,220,000",0.43%
2021-05-26,163.26,"47,680,000",0.19%
2021-05-27,161.51,"51,220,000",-1.07%
2021-05-28,161.15,"46,630,000",-0.22%
2021-06-01,160.93,"48,600,000",-0.14%
2021-06-02,161.7,"40,290,000",0.48%
2021-06-03,159.35,"47,970,000",-1.45%
2021-06-04,160.31,"44,990,000",0.60%
2021-06-07,159.9,"44,320,000",-0.26%
2021-06-08,163.21,"68,330,000",2.07%
2021-06-09,164.06,"49,110,000",0.52%
2021-06-10,167.48,"69,530,000",2.08%
2021-06-11,167.34,"56,350,000",-0.08%
2021-06-14,169.19,"51,390,000",1.11%
2021-06-15,169.16,"48,520,000",-0.02%
2021-06-16,170.76,"84,060,000",0.95%
2021-06-17,174.46,"102,730,000",2.17%
2021-06-18,174.34,"104,950,000",-0.07%
2021-06-21,172.7,"65,540,000",-0.94%
2021-06-22,175.27,"66,900,000",1.49%
2021-06-23,175.19,"56,270,000",-0.05%
2021-06-24,172.45,"76,640,000",-1.56%
2021-06-25,170.07,"78,820,000",-1.38%
2021-06-28,172.19,"44,860,000",1.25%
2021-06-29,172.41,"41,970,000",0.13%
2021-06-30,172.01,"48,080,000",-0.23%
2021-07-01,171.65,"40,740,000",-0.21%
2021-07-02,175.55,"63,530,000",2.27%
2021-07-06,183.79,"134,900,000",4.69%
2021-07-07,184.83,"106,560,000",0.57%
2021-07-08,186.57,"103,610,000",0.94%
2021-07-09,185.97,"74,960,000",-0.32%
2021-07-12,185.93,"51,430,000",-0.02%
2021-07-13,183.87,"76,920,000",-1.11%
2021-07-14,184.08,"65,930,000",0.11%
2021-07-15,181.56,"63,710,000",-1.37%
2021-07-16,178.68,"80,870,000",-1.59%
2021-07-19,177.48,"75,690,000",-0.67%
2021-07-20,178.66,"65,110,000",0.66%
2021-07-21,179.26,"46,380,000",0.34%
2021-07-22,181.9,"65,310,000",1.47%
2021-07-23,182.83,"48,730,000",0.51%
2021-07-26,184.99,"58,000,000",1.18%
2021-07-27,181.32,"82,640,000",-1.98%
2021-07-28,181.52,"59,990,000",0.11%
2021-07-29,180,"110,400,000",-0.84%
2021-07-30,166.38,"199,310,000",-7.57%
2021-08-02,166.57,"67,080,000",0.11%
2021-08-03,168.31,"83,150,000",1.04%
2021-08-04,167.74,"43,680,000",-0.34%
2021-08-05,168.8,"48,670,000",0.63%
2021-08-06,167.25,"52,750,000",-0.92%
2021-08-09,167.09,"42,960,000",-0.10%
2021-08-10,166.03,"48,250,000",-0.63%
2021-08-11,164.61,"58,940,000",-0.86%
2021-08-12,165.18,"46,480,000",0.35%
2021-08-13,164.7,"41,130,000",-0.29%
2021-08-16,164.95,"66,570,000",0.15%
2021-08-17,162.1,"67,760,000",-1.73%
2021-08-18,160.06,"56,090,000",-1.26%
2021-08-19,159.39,"75,660,000",-0.42%
2021-08-20,160,"67,170,000",0.38%
2021-08-23,163.29,"65,360,000",2.06%
2021-08-24,165.29,"51,040,000",1.22%
2021-08-25,164.96,"33,610,000",-0.20%
2021-08-26,165.8,"41,980,000",0.51%
2021-08-27,167.48,"48,050,000",1.01%
2021-08-30,171.08,"63,840,000",2.15%
2021-08-31,173.54,"87,130,000",1.44%
2021-09-01,173.95,"72,600,000",0.24%
2021-09-02,173.16,"58,510,000",-0.45%
2021-09-03,173.9,"51,570,000",0.43%
2021-09-07,175.46,"54,820,000",0.90%
2021-09-08,176.28,"61,070,000",0.47%
2021-09-09,174.21,"54,380,000",-1.17%
2021-09-10,173.46,"47,950,000",-0.43%
2021-09-13,172.86,"51,380,000",-0.35%
2021-09-14,172.5,"38,740,000",-0.21%
2021-09-15,173.79,"59,150,000",0.75%
2021-09-16,174.41,"51,670,000",0.36%
2021-09-17,173.13,"92,330,000",-0.73%
2021-09-20,167.79,"93,380,000",-3.08%
2021-09-21,167.18,"55,620,000",-0.36%
2021-09-22,169,"48,230,000",1.09%
2021-09-23,170.8,"47,590,000",1.07%
2021-09-24,171.28,"42,320,000",0.28%
2021-09-27,170.29,"72,690,000",-0.58%
2021-09-28,165.8,"88,620,000",-2.64%
2021-09-29,165.06,"51,250,000",-0.45%
2021-09-30,164.25,"56,940,000",-0.49%
2021-10-01,164.16,"56,710,000",-0.05%
2021-10-04,159.49,"90,460,000",-2.84%
2021-10-05,161.05,"65,380,000",0.98%
2021-10-06,163.1,"50,660,000",1.27%
2021-10-07,165.12,"48,180,000",1.24%
2021-10-08,164.43,"39,960,000",-0.42%
2021-10-11,162.31,"40,680,000",-1.29%
2021-10-12,162.37,"36,390,000",0.04%
2021-10-13,164.21,"48,500,000",1.13%
2021-10-14,164.99,"42,240,000",0.48%
2021-10-15,170.45,"103,600,000",3.31%
2021-10-18,172.34,"63,480,000",1.11%
2021-10-19,172.21,"47,720,000",-0.08%
2021-10-20,170.75,"42,800,000",-0.85%
2021-10-21,171.75,"37,630,000",0.59%
2021-10-22,166.78,"62,780,000",-2.89%
2021-10-25,166.02,"44,520,000",-0.46%
2021-10-26,168.8,"53,970,000",1.67%
2021-10-27,169.62,"54,040,000",0.49%
2021-10-28,172.33,"114,170,000",1.60%
2021-10-29,168.62,"129,720,000",-2.15%
2021-11-01,165.91,"72,180,000",-1.61%
2021-11-02,165.64,"52,550,000",-0.16%
2021-11-03,169.2,"67,940,000",2.15%
2021-11-04,173.85,"107,060,000",2.75%
2021-11-05,175.95,"99,940,000",1.21%
2021-11-08,174.45,"61,480,000",-0.85%
2021-11-09,178.81,"85,900,000",2.50%
2021-11-10,174.1,"80,550,000",-2.63%
2021-11-11,173.62,"45,290,000",-0.28%
2021-11-12,176.26,"53,790,000",1.52%
2021-11-15,177.28,"58,590,000",0.58%
2021-11-16,177.03,"44,340,000",-0.14%
2021-11-17,177.45,"51,210,000",0.24%
2021-11-18,184.8,"114,070,000",4.14%
2021-11-19,183.83,"98,920,000",-0.52%
2021-11-22,178.63,"96,960,000",-2.83%
2021-11-23,179,"73,840,000",0.21%
2021-11-24,179.02,"46,560,000",0.01%
2021-11-26,175.23,"59,830,000",-2.12%
2021-11-29,178.08,"65,310,000",1.63%
2021-11-30,175.35,"80,020,000",-1.53%
2021-12-01,172.19,"75,140,000",-1.80%
2021-12-02,171.87,"64,730,000",-0.19%
2021-12-03,169.49,"80,710,000",-1.38%
2021-12-06,171.37,"68,860,000",1.11%
2021-12-07,176.16,"66,410,000",2.80%
2021-12-08,176.16,"45,250,000",0.00%
2021-12-09,174.17,"46,060,000",-1.13%
2021-12-10,172.21,"60,690,000",-1.13%
2021-12-13,169.57,"62,170,000",-1.53%
2021-12-14,169.09,"55,980,000",-0.28%
2021-12-15,173.31,"75,790,000",2.50%
2021-12-16,168.87,"60,880,000",-2.56%
2021-12-17,170.02,"85,760,000",0.68%
2021-12-20,167.08,"57,370,000",-1.73%
2021-12-21,170.42,"55,960,000",2.00%
2021-12-22,171.04,"55,040,000",0.36%
2021-12-23,171.07,"36,790,000",0.02%
2021-12-27,169.67,"58,850,000",-0.82%
2021-12-28,170.66,"54,710,000",0.58%
2021-12-29,169.2,"35,750,000",-0.86%
2021-12-30,168.64,"37,580,000",-0.33%
2021-12-31,166.72,"47,830,000",-1.14%
2022-01-03,170.4,"63,870,000",2.21%
2022-01-04,167.52,"70,730,000",-1.69%
2022-01-05,164.36,"64,300,000",-1.89%
2022-01-06,163.25,"51,960,000",-0.68%
2022-01-07,162.55,"46,610,000",-0.43%
2022-01-10,161.49,"87,800,000",-0.65%
2022-01-11,165.36,"62,810,000",2.40%
2022-01-12,165.21,"50,030,000",-0.09%
2022-01-13,161.21,"52,190,000",-2.42%
2022-01-14,162.14,"45,970,000",0.58%
2022-01-18,158.92,"67,440,000",-1.99%
2022-01-19,156.3,"53,240,000",-1.65%
2022-01-20,151.67,"71,970,000",-2.96%
2022-01-21,142.64,"163,970,000",-5.95%
2022-01-24,144.54,"156,040,000",1.33%
2022-01-25,139.99,"90,820,000",-3.15%
2022-01-26,138.87,"95,600,000",-0.80%
2022-01-27,139.64,"77,520,000",0.55%
2022-01-28,143.98,"74,390,000",3.11%
2022-01-31,149.57,"78,310,000",3.88%
2022-02-01,151.19,"59,220,000",1.08%
2022-02-02,150.61,"87,330,000",-0.38%
2022-02-03,138.85,"225,530,000",-7.81%
2022-02-04,157.64,"253,460,000",13.53%
2022-02-07,157.94,"102,620,000",0.19%
2022-02-08,161.41,"76,040,000",2.20%
2022-02-09,161.19,"68,790,000",-0.14%
2022-02-10,159,"68,270,000",-1.36%
2022-02-11,153.29,"77,100,000",-3.59%
2022-02-14,155.17,"83,230,000",1.23%
2022-02-15,156.51,"56,970,000",0.86%
2022-02-16,158.1,"52,700,000",1.02%
2022-02-17,154.65,"64,030,000",-2.18%
2022-02-18,152.6,"63,600,000",-1.33%
2022-02-22,150.2,"66,130,000",-1.57%
2022-02-23,144.83,"64,240,000",-3.58%
2022-02-24,151.36,"100,790,000",4.51%
2022-02-25,153.79,"62,400,000",1.61%
2022-02-28,153.56,"57,680,000",-0.15%
2022-03-01,151.14,"44,870,000",-1.58%
2022-03-02,152.05,"47,330,000",0.60%
2022-03-03,147.9,"65,200,000",-2.73%
2022-03-04,145.64,"60,980,000",-1.53%
2022-03-07,137.45,"86,930,000",-5.62%
2022-03-08,136.01,"91,660,000",-1.05%
2022-03-09,139.28,"82,660,000",2.40%
2022-03-10,146.82,"135,060,000",5.41%
2022-03-11,145.52,"68,900,000",-0.88%
2022-03-14,141.85,"74,090,000",-2.52%
2022-03-15,147.37,"75,580,000",3.89%
2022-03-16,153.1,"84,960,000",3.89%
2022-03-17,157.24,"72,930,000",2.70%
2022-03-18,161.25,"102,960,000",2.55%
2022-03-21,161.49,"66,540,000",0.15%
2022-03-22,164.89,"64,090,000",2.10%
2022-03-23,163.41,"55,810,000",-0.90%
2022-03-24,163.65,"56,800,000",0.15%
2022-03-25,164.77,"49,090,000",0.69%
2022-03-28,168.99,"59,850,000",2.56%
2022-03-29,169.32,"66,150,000",0.19%
2022-03-30,166.3,"56,170,000",-1.78%
2022-03-31,163,"59,970,000",-1.99%
2022-04-01,163.56,"57,090,000",0.35%
2022-04-04,168.35,"50,010,000",2.93%
2022-04-05,164.05,"53,730,000",-2.55%
2022-04-06,158.76,"79,060,000",-3.23%
2022-04-07,157.78,"68,140,000",-0.61%
2022-04-08,154.46,"46,000,000",-2.11%
2022-04-11,151.12,"52,110,000",-2.16%
2022-04-12,150.79,"55,180,000",-0.22%
2022-04-13,155.54,"53,390,000",3.15%
2022-04-14,151.71,"51,600,000",-2.47%
2022-04-18,152.79,"46,510,000",0.71%
2022-04-19,158.12,"54,930,000",3.49%
2022-04-20,154,"59,630,000",-2.60%
2022-04-21,148.3,"63,970,000",-3.70%
2022-04-22,144.35,"73,080,000",-2.66%
2022-04-25,146.07,"61,880,000",1.19%
2022-04-26,139.39,"77,530,000",-4.58%
2022-04-27,138.17,"71,340,000",-0.88%
2022-04-28,144.6,"117,320,000",4.65%
2022-04-29,124.28,"272,660,000",-14.05%
2022-05-02,124.5,"148,790,000",0.18%
2022-05-03,124.25,"79,130,000",-0.20%
2022-05-04,125.93,"110,750,000",1.35%
2022-05-05,116.41,"144,390,000",-7.56%
2022-05-06,114.77,"124,260,000",-1.40%
2022-05-09,108.79,"128,120,000",-5.21%
2022-05-10,108.86,"105,430,000",0.06%
2022-05-11,105.37,"109,700,000",-3.20%
2022-05-12,106.93,"132,030,000",1.48%
2022-05-13,113.06,"93,680,000",5.73%
2022-05-16,110.81,"74,570,000",-1.99%
2022-05-17,115.37,"76,450,000",4.11%
2022-05-18,107.11,"108,380,000",-7.16%
2022-05-19,107.32,"88,140,000",0.19%
2022-05-20,107.59,"99,500,000",0.25%
2022-05-23,107.56,"107,800,000",-0.03%
2022-05-24,104.1,"102,930,000",-3.21%
2022-05-25,106.78,"93,120,000",2.57%
2022-05-26,111.08,"93,000,000",4.03%
2022-05-27,115.15,"93,660,000",3.66%
2022-05-31,120.21,"144,630,000",4.40%
2022-06-01,121.68,"127,530,000",1.23%
2022-06-02,125.51,"100,560,000",3.15%
2022-06-03,122.35,"97,600,000",-2.52%
2022-06-06,124.79,"135,270,000",1.99%
2022-06-07,123,"85,160,000",-1.43%
2022-06-08,121.18,"64,930,000",-1.48%
2022-06-09,116.15,"67,030,000",-4.15%
2022-06-10,109.65,"87,410,000",-5.60%
2022-06-13,103.67,"99,280,000",-5.45%
2022-06-14,102.31,"69,730,000",-1.31%
2022-06-15,107.67,"85,010,000",5.24%
2022-06-16,103.66,"82,190,000",-3.72%
2022-06-17,106.22,"99,770,000",2.47%
2022-06-21,108.68,"70,900,000",2.32%
2022-06-22,108.95,"60,040,000",0.25%
2022-06-23,112.44,"64,350,000",3.20%
2022-06-24,116.46,"69,870,000",3.58%
2022-06-27,113.22,"62,130,000",-2.78%
2022-06-28,107.4,"75,170,000",-5.14%
2022-06-29,108.92,"66,380,000",1.42%
2022-06-30,106.21,"97,680,000",-2.49%
2022-07-01,109.56,"73,020,000",3.15%
2022-07-05,113.5,"76,680,000",3.60%
2022-07-06,114.33,"66,960,000",0.73%
2022-07-07,116.33,"57,870,000",1.75%
2022-07-08,115.54,"45,720,000",-0.68%
2022-07-11,111.75,"53,540,000",-3.28%
2022-07-12,109.22,"54,280,000",-2.26%
2022-07-13,110.4,"61,350,000",1.08%
2022-07-14,110.63,"51,160,000",0.21%
2022-07-15,113.55,"84,320,000",2.64%
2022-07-18,113.76,"59,120,000",0.18%
2022-07-19,118.21,"60,990,000",3.91%
2022-07-20,122.77,"71,270,000",3.86%
2022-07-21,124.63,"60,240,000",1.52%
2022-07-22,122.42,"51,460,000",-1.77%
2022-07-25,121.14,"50,220,000",-1.05%
2022-07-26,114.81,"67,080,000",-5.23%
2022-07-27,120.97,"61,580,000",5.37%
2022-07-28,122.28,"82,250,000",1.08%
2022-07-29,134.95,"148,890,000",10.36%
2022-08-01,135.39,"76,850,000",0.33%
2022-08-02,134.16,"61,920,000",-0.91%
2022-08-03,139.52,"71,830,000",4.00%
2022-08-04,142.57,"70,590,000",2.19%
2022-08-05,140.8,"50,690,000",-1.24%
2022-08-08,139.41,"52,300,000",-0.99%
2022-08-09,137.83,"40,430,000",-1.13%
2022-08-10,142.69,"54,770,000",3.53%
2022-08-11,140.64,"44,870,000",-1.44%
2022-08-12,143.55,"47,640,000",2.07%
2022-08-15,143.18,"39,010,000",-0.26%
2022-08-16,144.78,"59,100,000",1.12%
2022-08-17,142.1,"48,150,000",-1.85%
2022-08-18,142.3,"37,460,000",0.14%
2022-08-19,138.23,"47,790,000",-2.86%
2022-08-22,133.22,"50,460,000",-3.62%
2022-08-23,133.62,"36,250,000",0.30%
2022-08-24,133.8,"38,630,000",0.13%
2022-08-25,137.28,"37,500,000",2.60%
2022-08-26,130.75,"53,320,000",-4.76%
2022-08-29,129.79,"48,100,000",-0.73%
2022-08-30,128.73,"49,200,000",-0.82%
2022-08-31,126.77,"53,650,000",-1.52%
2022-09-01,127.82,"56,640,000",0.83%
2022-09-02,127.51,"57,430,000",-0.24%
2022-09-06,126.11,"43,890,000",-1.10%
2022-09-07,129.48,"47,830,000",2.67%
2022-09-08,129.82,"43,990,000",0.26%
2022-09-09,133.27,"49,420,000",2.66%
2022-09-12,136.45,"53,830,000",2.39%
2022-09-13,126.82,"72,690,000",-7.06%
2022-09-14,128.55,"45,320,000",1.36%
2022-09-15,126.28,"52,890,000",-1.77%
2022-09-16,123.53,"115,670,000",-2.18%
2022-09-19,124.66,"47,280,000",0.91%
2022-09-20,122.19,"47,700,000",-1.98%
2022-09-21,118.54,"58,500,000",-2.99%
2022-09-22,117.31,"55,230,000",-1.04%
2022-09-23,113.78,"65,130,000",-3.01%
2022-09-26,115.15,"62,720,000",1.20%
2022-09-27,114.41,"60,090,000",-0.64%
2022-09-28,118.01,"55,760,000",3.15%
2022-09-29,114.8,"58,970,000",-2.72%
2022-09-30,113,"59,480,000",-1.57%
2022-10-03,115.88,"50,940,000",2.55%
2022-10-04,121.09,"62,810,000",4.50%
2022-10-05,120.95,"48,220,000",-0.12%
2022-10-06,120.3,"42,250,000",-0.54%
2022-10-07,114.56,"54,680,000",-4.77%
2022-10-10,113.67,"42,340,000",-0.78%
2022-10-11,112.21,"56,430,000",-1.28%
2022-10-12,112.9,"45,730,000",0.61%
2022-10-13,112.53,"86,870,000",-0.33%
2022-10-14,106.9,"67,740,000",-5.00%
2022-10-17,113.79,"62,780,000",6.45%
2022-10-18,116.36,"65,610,000",2.26%
2022-10-19,115.07,"47,200,000",-1.11%
2022-10-20,115.25,"48,800,000",0.16%
2022-10-21,119.32,"55,660,000",3.53%
2022-10-24,119.82,"49,530,000",0.42%
2022-10-25,120.6,"50,930,000",0.65%
2022-10-26,115.66,"69,000,000",-4.10%
2022-10-27,110.96,"129,610,000",-4.06%
2022-10-28,103.41,"223,130,000",-6.80%
2022-10-31,102.44,"99,250,000",-0.94%
2022-11-01,96.79,"153,370,000",-5.52%
2022-11-02,92.12,"135,760,000",-4.82%
2022-11-03,89.3,"136,680,000",-3.06%
2022-11-04,90.98,"129,100,000",1.88%
2022-11-07,90.53,"77,500,000",-0.49%
2022-11-08,89.98,"88,700,000",-0.61%
2022-11-09,86.14,"90,800,000",-4.27%
2022-11-10,96.63,"173,410,000",12.18%
2022-11-11,100.79,"111,590,000",4.31%
2022-11-14,98.49,"99,530,000",-2.28%
2022-11-15,98.94,"111,340,000",0.46%
2022-11-16,97.12,"87,960,000",-1.84%
2022-11-17,94.85,"82,620,000",-2.34%
2022-11-18,94.14,"72,430,000",-0.75%
2022-11-21,92.46,"84,330,000",-1.78%
2022-11-22,93.2,"62,190,000",0.80%
2022-11-23,94.13,"59,410,000",1.00%
2022-11-25,93.41,"35,090,000",-0.76%
2022-11-28,93.95,"75,060,000",0.58%
2022-11-29,92.42,"65,570,000",-1.63%
2022-11-30,96.54,"102,810,000",4.46%
2022-12-01,95.5,"68,490,000",-1.08%
2022-12-02,94.13,"72,500,000",-1.43%
2022-12-05,91.01,"71,540,000",-3.31%
2022-12-06,88.25,"75,500,000",-3.03%
2022-12-07,88.46,"68,090,000",0.24%
2022-12-08,90.35,"73,310,000",2.14%
2022-12-09,89.09,"67,400,000",-1.39%
2022-12-12,90.55,"62,000,000",1.64%
2022-12-13,92.49,"100,210,000",2.14%
2022-12-14,91.58,"70,300,000",-0.98%
2022-12-15,88.45,"84,800,000",-3.42%
2022-12-16,87.86,"146,140,000",-0.67%
2022-12-19,84.92,"83,530,000",-3.35%
2022-12-20,85.19,"74,350,000",0.32%
2022-12-21,86.77,"59,270,000",1.85%
2022-12-22,83.79,"81,430,000",-3.43%
2022-12-23,85.25,"57,430,000",1.74%
2022-12-27,83.04,"57,280,000",-2.59%
2022-12-28,81.82,"58,230,000",-1.47%
2022-12-29,84.18,"55,000,000",2.88%
2022-12-30,84,"62,400,000",-0.21%
2023-01-03,85.82,"76,710,000",2.17%
2023-01-04,85.14,"68,890,000",-0.79%
2023-01-05,83.12,"67,930,000",-2.37%
2023-01-06,86.08,"83,300,000",3.56%
2023-01-09,87.36,"65,270,000",1.49%
2023-01-10,89.87,"67,760,000",2.87%
2023-01-11,95.09,"103,130,000",5.81%
2023-01-12,95.27,"85,250,000",0.19%
2023-01-13,98.12,"85,550,000",2.99%
2023-01-17,96.05,"72,760,000",-2.11%
2023-01-18,95.46,"79,570,000",-0.61%
2023-01-19,93.68,"69,000,000",-1.86%
2023-01-20,97.25,"67,480,000",3.81%
2023-01-23,97.52,"76,500,000",0.28%
2023-01-24,96.32,"66,930,000",-1.23%
2023-01-25,97.18,"94,260,000",0.89%
2023-01-26,99.22,"68,520,000",2.10%
2023-01-27,102.24,"87,780,000",3.04%
2023-01-30,100.55,"70,690,000",-1.65%
2023-01-31,103.13,"66,530,000",2.57%
2023-02-01,105.15,"80,450,000",1.96%
2023-02-02,112.91,"158,150,000",7.38%
2023-02-03,103.39,"144,370,000",-8.43%
2023-02-06,102.18,"81,950,000",-1.17%
2023-02-07,102.11,"119,500,000",-0.07%
2023-02-08,100.05,"75,880,000",-2.02%
2023-02-09,98.24,"64,620,000",-1.81%
2023-02-10,97.61,"52,740,000",-0.64%
2023-02-13,99.54,"52,840,000",1.98%
2023-02-14,99.7,"56,200,000",0.16%
2023-02-15,101.16,"48,050,000",1.46%
2023-02-16,98.15,"56,340,000",-2.98%
2023-02-17,97.2,"60,030,000",-0.97%
2023-02-21,94.58,"56,580,000",-2.70%
2023-02-22,95.79,"59,530,000",1.28%
2023-02-23,95.82,"48,470,000",0.03%
2023-02-24,93.5,"57,050,000",-2.42%
2023-02-27,93.76,"47,470,000",0.28%
2023-02-28,94.23,"43,960,000",0.50%
2023-03-01,92.17,"52,300,000",-2.19%
2023-03-02,92.13,"55,570,000",-0.04%
2023-03-03,94.9,"55,760,000",3.01%
2023-03-06,93.75,"52,110,000",-1.21%
2023-03-07,93.55,"49,100,000",-0.21%
2023-03-08,93.92,"44,900,000",0.40%
2023-03-09,92.25,"56,220,000",-1.78%
2023-03-10,90.73,"69,830,000",-1.65%
2023-03-13,92.43,"72,400,000",1.87%
2023-03-14,94.88,"60,910,000",2.65%
2023-03-15,96.2,"70,730,000",1.39%
2023-03-16,100.04,"84,560,000",3.99%
2023-03-17,98.95,"87,300,000",-1.09%
2023-03-20,97.71,"62,390,000",-1.25%
2023-03-21,100.61,"58,600,000",2.97%
2023-03-22,98.7,"57,480,000",-1.90%
2023-03-23,98.71,"57,560,000",0.01%
2023-03-24,98.13,"56,140,000",-0.59%
2023-03-27,98.04,"46,720,000",-0.09%
2023-03-28,97.24,"38,720,000",-0.82%
2023-03-29,100.25,"49,780,000",3.10%
2023-03-30,102,"53,630,000",1.75%
2023-03-31,103.29,"56,750,000",1.26%
2023-04-03,102.41,"41,140,000",-0.85%
2023-04-04,103.95,"48,660,000",1.50%
2023-04-05,101.1,"45,180,000",-2.74%
2023-04-06,102.06,"43,810,000",0.95%
2023-04-10,102.17,"37,260,000",0.11%
2023-04-11,99.92,"60,420,000",-2.20%
2023-04-12,97.83,"56,740,000",-2.09%
2023-04-13,102.4,"67,930,000",4.67%
2023-04-14,102.51,"51,450,000",0.11%
2023-04-17,102.74,"39,920,000",0.22%
2023-04-18,102.3,"39,790,000",-0.43%
2023-04-19,104.3,"58,400,000",1.96%
2023-04-20,103.81,"57,700,000",-0.47%
2023-04-21,106.96,"86,770,000",3.03%
2023-04-24,106.21,"69,580,000",-0.70%
2023-04-25,102.57,"65,030,000",-3.43%
2023-04-26,104.98,"73,800,000",2.35%
2023-04-27,109.82,"149,960,000",4.61%
2023-04-28,105.45,"130,720,000",-3.98%
2023-05-01,102.05,"74,730,000",-3.22%
2023-05-02,103.63,"73,470,000",1.55%
2023-05-03,103.65,"65,050,000",0.02%
2023-05-04,104,"45,350,000",0.34%
2023-05-05,105.65,"56,950,000",1.59%
2023-05-08,105.83,"49,430,000",0.17%
2023-05-09,106.62,"44,090,000",0.75%
2023-05-10,110.19,"78,630,000",3.35%
2023-05-11,112.18,"74,920,000",1.81%
2023-05-12,110.26,"49,850,000",-1.71%
2023-05-15,111.2,"53,010,000",0.85%
2023-05-16,113.4,"71,470,000",1.98%
2023-05-17,115.5,"65,660,000",1.85%
2023-05-18,118.15,"73,170,000",2.29%
2023-05-19,116.25,"55,060,000",-1.61%
2023-05-22,115.01,"70,740,000",-1.07%
2023-05-23,114.99,"67,580,000",-0.02%
2023-05-24,116.75,"63,490,000",1.53%
2023-05-25,115,"66,500,000",-1.50%
2023-05-26,120.11,"96,780,000",4.44%
2023-05-30,121.66,"64,310,000",1.29%
2023-05-31,120.58,"72,800,000",-0.89%
2023-06-01,122.77,"54,380,000",1.82%
2023-06-02,124.25,"61,260,000",1.21%
2023-06-05,125.3,"47,950,000",0.85%
2023-06-06,126.61,"45,700,000",1.05%
2023-06-07,121.23,"95,660,000",-4.25%
2023-06-08,124.25,"62,160,000",2.49%
2023-06-09,123.43,"51,400,000",-0.66%
2023-06-12,126.57,"51,470,000",2.54%
2023-06-13,126.66,"50,560,000",0.07%
2023-06-14,126.42,"52,420,000",-0.19%
2023-06-15,127.11,"60,460,000",0.55%
2023-06-16,125.49,"84,250,000",-1.27%
2023-06-20,125.78,"56,930,000",0.23%
2023-06-21,124.83,"52,140,000",-0.76%
2023-06-22,130.15,"90,350,000",4.26%
2023-06-23,129.33,"71,930,000",-0.63%
2023-06-26,127.33,"59,990,000",-1.55%
2023-06-27,129.18,"46,800,000",1.45%
2023-06-28,129.04,"52,150,000",-0.11%
2023-06-29,127.9,"40,760,000",-0.88%
2023-06-30,130.36,"54,350,000",1.92%
2023-07-03,130.22,"28,260,000",-0.11%
2023-07-05,130.38,"35,900,000",0.12%
2023-07-06,128.36,"40,700,000",-1.55%
2023-07-07,129.78,"41,990,000",1.11%
2023-07-10,127.13,"61,890,000",-2.04%
2023-07-11,128.78,"49,950,000",1.30%
2023-07-12,130.8,"54,020,000",1.57%
2023-07-13,134.3,"61,170,000",2.68%
2023-07-14,134.68,"54,490,000",0.28%
2023-07-17,133.56,"48,450,000",-0.83%
2023-07-18,132.83,"54,970,000",-0.55%
2023-07-19,135.36,"54,530,000",1.90%
2023-07-20,129.96,"59,820,000",-3.99%
2023-07-21,130,"133,310,000",0.03%
2023-07-24,128.8,"45,670,000",-0.92%
2023-07-25,129.13,"39,240,000",0.26%
2023-07-26,128.15,"53,910,000",-0.76%
2023-07-27,128.25,"52,610,000",0.08%
2023-07-28,132.21,"46,320,000",3.09%
2023-07-31,133.68,"41,900,000",1.11%
2023-08-01,131.69,"42,300,000",-1.49%
2023-08-02,128.21,"51,030,000",-2.64%
2023-08-03,128.91,"91,160,000",0.55%
2023-08-04,139.57,"153,130,000",8.27%
2023-08-07,142.22,"71,210,000",1.90%
2023-08-08,139.94,"51,710,000",-1.60%
2023-08-09,137.85,"50,020,000",-1.49%
2023-08-10,138.56,"58,930,000",0.52%
2023-08-11,138.41,"42,910,000",-0.11%
2023-08-14,140.57,"47,150,000",1.56%
2023-08-15,137.67,"42,780,000",-2.06%
2023-08-16,135.07,"41,680,000",-1.89%
2023-08-17,133.98,"48,350,000",-0.81%
2023-08-18,133.22,"48,500,000",-0.57%
2023-08-21,134.68,"41,440,000",1.10%
2023-08-22,134.25,"32,940,000",-0.32%
2023-08-23,135.52,"42,800,000",0.95%
2023-08-24,131.84,"43,650,000",-2.72%
2023-08-25,133.26,"44,150,000",1.08%
2023-08-28,133.14,"34,110,000",-0.09%
2023-08-29,134.91,"38,650,000",1.33%
2023-08-30,135.07,"36,140,000",0.12%
2023-08-31,138.01,"58,780,000",2.18%
2023-09-01,138.12,"40,990,000",0.08%
2023-09-05,137.27,"40,640,000",-0.62%
2023-09-06,135.36,"41,790,000",-1.39%
2023-09-07,137.85,"48,500,000",1.84%
2023-09-08,138.23,"38,370,000",0.28%
2023-09-11,143.1,"56,760,000",3.52%
2023-09-12,141.23,"42,670,000",-1.31%
2023-09-13,144.85,"60,470,000",2.56%
2023-09-14,144.72,"64,030,000",-0.09%
2023-09-15,140.39,"102,910,000",-2.99%
2023-09-18,139.98,"42,820,000",-0.29%
2023-09-19,137.63,"61,480,000",-1.68%
2023-09-20,135.29,"46,260,000",-1.70%
2023-09-21,129.33,"70,340,000",-4.41%
2023-09-22,129.12,"59,900,000",-0.16%
2023-09-25,131.27,"46,020,000",1.67%
2023-09-26,125.98,"73,050,000",-4.03%
2023-09-27,125.98,"66,550,000",0.00%
2023-09-28,125.98,"54,560,000",0.00%
2023-09-29,127.12,"62,410,000",0.90%
2023-10-02,129.46,"48,030,000",1.84%
2023-10-03,124.72,"51,570,000",-3.66%
2023-10-04,127,"44,200,000",1.83%
2023-10-05,125.96,"39,660,000",-0.82%
2023-10-06,127.96,"46,840,000",1.59%
2023-10-09,128.26,"38,770,000",0.23%
2023-10-10,129.48,"42,180,000",0.95%
2023-10-11,131.83,"40,740,000",1.81%
2023-10-12,132.33,"55,530,000",0.38%
2023-10-13,129.79,"45,820,000",-1.92%
2023-10-16,132.55,"42,830,000",2.13%
2023-10-17,131.47,"49,340,000",-0.81%
2023-10-18,128.13,"42,700,000",-2.54%
2023-10-19,128.4,"60,960,000",0.21%
2023-10-20,125.17,"56,410,000",-2.52%
2023-10-23,126.56,"48,260,000",1.11%
2023-10-24,128.56,"46,480,000",1.58%
2023-10-25,121.39,"74,580,000",-5.58%
2023-10-26,119.57,"100,420,000",-1.50%
2023-10-27,127.74,"125,310,000",6.83%
2023-10-30,132.71,"72,490,000",3.89%
2023-10-31,133.09,"51,590,000",0.29%
2023-11-01,137,"61,530,000",2.94%
2023-11-02,138.07,"52,240,000",0.78%
2023-11-03,138.6,"44,060,000",0.38%
2023-11-06,139.74,"44,970,000",0.82%
2023-11-07,142.71,"53,550,000",2.13%
2023-11-08,142.08,"44,520,000",-0.44%
2023-11-09,140.6,"36,240,000",-1.04%
2023-11-10,143.56,"49,350,000",2.11%
2023-11-13,142.59,"35,680,000",-0.68%
2023-11-14,145.8,"56,670,000",2.25%
2023-11-15,143.2,"63,880,000",-1.78%
2023-11-16,142.83,"49,650,000",-0.26%
2023-11-17,145.18,"49,680,000",1.65%
2023-11-20,146.13,"41,980,000",0.65%
2023-11-21,143.9,"71,230,000",-1.53%
2023-11-22,146.71,"45,700,000",1.95%
2023-11-24,146.74,"22,380,000",0.02%
2023-11-27,147.73,"53,760,000",0.67%
2023-11-28,147.03,"42,710,000",-0.47%
2023-11-29,146.32,"40,610,000",-0.48%
2023-11-30,146.09,"65,810,000",-0.16%
2023-12-01,147.03,"39,950,000",0.64%
2023-12-04,144.84,"48,290,000",-1.49%
2023-12-05,146.88,"46,820,000",1.41%
2023-12-06,144.52,"39,680,000",-1.61%
2023-12-07,146.88,"52,350,000",1.63%
2023-12-08,147.42,"41,910,000",0.37%
2023-12-11,145.89,"50,910,000",-1.04%
2023-12-12,147.48,"44,940,000",1.09%
2023-12-13,148.84,"52,770,000",0.92%
2023-12-14,147.42,"58,400,000",-0.95%
2023-12-15,149.97,"110,090,000",1.73%
2023-12-18,154.07,"62,510,000",2.73%
2023-12-19,153.79,"43,170,000",-0.18%
2023-12-20,152.12,"50,320,000",-1.09%
2023-12-21,153.84,"36,310,000",1.13%
2023-12-22,153.42,"29,510,000",-0.27%
2023-12-26,153.41,"25,070,000",-0.01%
2023-12-27,153.34,"31,430,000",-0.05%
2023-12-28,153.38,"27,060,000",0.03%
2023-12-29,151.94,"39,820,000",-0.94%
2024-01-02,149.93,"47,340,000",-1.32%
2024-01-03,148.47,"49,430,000",-0.97%
2024-01-04,144.57,"56,040,000",-2.63%
2024-01-05,145.24,"45,150,000",0.46%
2024-01-08,149.1,"46,760,000",2.66%
2024-01-09,151.37,"43,810,000",1.52%
2024-01-10,153.73,"44,420,000",1.56%
2024-01-11,155.18,"49,070,000",0.94%
2024-01-12,154.62,"40,480,000",-0.36%
2024-01-16,153.16,"41,380,000",-0.94%
2024-01-17,151.71,"34,950,000",-0.95%
2024-01-18,153.5,"37,850,000",1.18%
2024-01-19,155.34,"51,650,000",1.20%
2024-01-22,154.78,"43,690,000",-0.36%
2024-01-23,156.02,"37,990,000",0.80%
2024-01-24,156.87,"48,550,000",0.54%
2024-01-25,157.75,"43,640,000",0.56%
2024-01-26,159.12,"51,050,000",0.87%
2024-01-29,161.26,"45,270,000",1.34%
2024-01-30,159,"45,210,000",-1.40%
2024-01-31,155.2,"50,280,000",-2.39%
2024-02-01,159.28,"76,540,000",2.63%
2024-02-02,171.81,"117,220,000",7.87%
2024-02-05,170.31,"55,080,000",-0.87%
2024-02-06,169.15,"42,510,000",-0.68%
2024-02-07,170.53,"47,170,000",0.82%
2024-02-08,169.84,"42,320,000",-0.40%
2024-02-09,174.45,"56,990,000",2.71%
2024-02-12,172.34,"51,050,000",-1.21%
2024-02-13,168.64,"56,350,000",-2.15%
2024-02-14,170.98,"42,820,000",1.39%
2024-02-15,169.8,"49,860,000",-0.69%
2024-02-16,169.51,"48,110,000",-0.17%
2024-02-20,167.08,"41,980,000",-1.43%
2024-02-21,168.59,"44,580,000",0.90%
2024-02-22,174.58,"55,390,000",3.55%
2024-02-23,174.99,"59,720,000",0.23%
2024-02-26,174.73,"44,370,000",-0.15%
2024-02-27,173.54,"31,140,000",-0.68%
2024-02-28,173.16,"28,180,000",-0.22%
2024-02-29,176.76,"53,810,000",2.08%
2024-03-01,178.22,"31,980,000",0.83%
2024-03-04,177.58,"37,380,000",-0.36%
2024-03-05,174.12,"37,230,000",-1.95%
2024-03-06,173.51,"32,090,000",-0.35%
2024-03-07,176.82,"34,060,000",1.91%
2024-03-08,175.35,"37,890,000",-0.83%
2024-03-11,171.96,"28,480,000",-1.93%
2024-03-12,175.39,"36,610,000",1.99%
2024-03-13,176.55,"30,770,000",0.66%
2024-03-14,178.75,"43,710,000",1.24%
2024-03-15,174.42,"72,150,000",-2.42%
2024-03-18,174.48,"31,250,000",0.03%
2024-03-19,175.9,"26,880,000",0.81%
2024-03-20,178.15,"29,950,000",1.28%
2024-03-21,178.15,"32,820,000",0.00%
2024-03-22,178.87,"28,000,000",0.40%
2024-03-25,179.71,"29,820,000",0.47%
2024-03-26,178.3,"29,660,000",-0.78%
2024-03-27,179.83,"33,270,000",0.86%
2024-03-28,180.38,"38,050,000",0.31%
2024-04-01,180.97,"29,170,000",0.33%
2024-04-02,180.69,"32,610,000",-0.15%
2024-04-03,182.41,"31,050,000",0.95%
2024-04-04,180,"41,620,000",-1.32%
2024-04-05,185.07,"42,370,000",2.82%
2024-04-08,185.19,"39,220,000",0.06%
2024-04-09,185.67,"36,550,000",0.26%
2024-04-10,185.95,"35,880,000",0.15%
2024-04-11,189.05,"40,020,000",1.67%
2024-04-12,186.13,"38,610,000",-1.54%
2024-04-15,183.62,"48,050,000",-1.35%
2024-04-16,183.32,"32,890,000",-0.16%
2024-04-17,181.28,"31,360,000",-1.11%
2024-04-18,179.22,"30,720,000",-1.14%
2024-04-19,174.63,"56,000,000",-2.56%
2024-04-22,177.23,"37,920,000",1.49%
2024-04-23,179.54,"37,050,000",1.30%
2024-04-24,176.59,"34,190,000",-1.64%
2024-04-25,173.67,"49,250,000",-1.65%
2024-04-26,179.62,"43,920,000",3.43%
2024-04-29,180.96,"54,060,000",0.75%
2024-04-30,175,"94,640,000",-3.29%
2024-05-01,179,"94,650,000",2.29%
2024-05-02,184.72,"54,300,000",3.20%
2024-05-03,186.21,"39,170,000",0.81%
2024-05-06,188.7,"34,730,000",1.34%
2024-05-07,188.76,"34,050,000",0.03%
2024-05-08,188,"26,140,000",-0.40%
2024-05-09,189.5,"43,370,000",0.80%
2024-05-10,187.48,"34,140,000",-1.07%
2024-05-13,186.57,"24,900,000",-0.49%
2024-05-14,187.07,"38,700,000",0.27%
2024-05-15,185.99,"75,460,000",-0.58%
2024-05-16,183.63,"38,830,000",-1.27%
2024-05-17,184.7,"33,180,000",0.58%
2024-05-20,183.54,"30,510,000",-0.63%
2024-05-21,183.15,"50,840,000",-0.21%
2024-05-22,183.13,"28,150,000",-0.01%
2024-05-23,181.05,"33,670,000",-1.14%
2024-05-24,180.75,"27,470,000",-0.17%
2024-05-28,182.15,"29,930,000",0.77%
2024-05-29,182.02,"32,010,000",-0.07%
2024-05-30,179.32,"29,250,000",-1.48%
2024-05-31,176.44,"58,900,000",-1.61%
2024-06-03,178.34,"30,790,000",1.08%
2024-06-04,179.34,"27,200,000",0.56%
2024-06-05,181.28,"32,120,000",1.08%
2024-06-06,185,"31,370,000",2.05%
2024-06-07,184.3,"28,020,000",-0.38%
2024-06-10,187.06,"34,490,000",1.50%
2024-06-11,187.23,"27,270,000",0.09%
2024-06-12,186.89,"33,980,000",-0.18%
2024-06-13,183.83,"39,720,000",-1.64%
2024-06-14,183.66,"25,460,000",-0.09%
2024-06-17,184.06,"35,600,000",0.22%
2024-06-18,182.81,"36,660,000",-0.68%
2024-06-20,186.1,"44,730,000",1.80%
2024-06-21,189.08,"72,930,000",1.60%
2024-06-24,185.57,"50,610,000",-1.86%
2024-06-25,186.34,"45,900,000",0.41%
2024-06-26,193.61,"65,100,000",3.90%
2024-06-27,197.85,"74,400,000",2.19%
2024-06-28,193.25,"76,930,000",-2.32%
2024-07-01,197.2,"41,190,000",2.04%
2024-07-02,200,"45,600,000",1.42%
2024-07-03,197.59,"31,600,000",-1.21%
2024-07-05,200,"39,860,000",1.22%
2024-07-08,199.29,"34,770,000",-0.36%
2024-07-09,199.34,"32,760,000",0.03%
2024-07-10,199.79,"32,880,000",0.23%
2024-07-11,195.05,"44,570,000",-2.37%
2024-07-12,194.49,"30,600,000",-0.29%
2024-07-15,192.72,"40,680,000",-0.91%
2024-07-16,193.02,"33,990,000",0.16%
2024-07-17,187.93,"48,080,000",-2.64%
2024-07-18,183.75,"51,040,000",-2.22%
2024-07-19,183.13,"43,080,000",-0.34%
2024-07-22,182.55,"39,930,000",-0.32%
2024-07-23,186.41,"47,540,000",2.11%
2024-07-24,180.83,"41,530,000",-2.99%
2024-07-25,179.85,"44,460,000",-0.54%
2024-07-26,182.5,"29,510,000",1.47%
2024-07-29,183.2,"33,270,000",0.38%
2024-07-30,181.71,"39,510,000",-0.81%
2024-07-31,186.98,"41,670,000",2.90%
2024-08-01,184.07,"70,440,000",-1.56%
2024-08-02,167.9,"141,450,000",-8.78%
2024-08-05,161.02,"83,150,000",-4.10%
2024-08-06,161.93,"59,950,000",0.57%
2024-08-07,162.77,"48,410,000",0.52%
2024-08-08,165.8,"44,620,000",1.86%
2024-08-09,166.94,"36,400,000",0.69%
2024-08-12,166.8,"30,070,000",-0.08%
2024-08-13,170.23,"39,240,000",2.06%
2024-08-14,170.1,"28,840,000",-0.08%
2024-08-15,177.59,"51,700,000",4.40%
2024-08-16,177.06,"31,490,000",-0.30%
2024-08-19,178.22,"31,130,000",0.66%
2024-08-20,178.88,"26,260,000",0.37%
2024-08-21,180.11,"35,600,000",0.69%
2024-08-22,176.13,"32,050,000",-2.21%
2024-08-23,177.04,"29,150,000",0.52%
2024-08-26,175.5,"22,370,000",-0.87%
2024-08-27,173.12,"29,840,000",-1.36%
2024-08-28,170.8,"29,050,000",-1.34%
2024-08-29,172.12,"26,410,000",0.77%
2024-08-30,178.5,"43,430,000",3.71%
2024-09-03,176.25,"37,820,000",-1.26%
2024-09-04,173.33,"30,310,000",-1.66%
2024-09-05,177.89,"40,170,000",2.63%
2024-09-06,171.39,"41,470,000",-3.65%
2024-09-09,175.4,"29,040,000",2.34%
2024-09-10,179.55,"36,230,000",2.37%
2024-09-11,184.52,"42,560,000",2.77%
2024-09-12,187,"33,620,000",1.34%
2024-09-13,186.49,"26,500,000",-0.27%
2024-09-16,184.89,"26,070,000",-0.86%
2024-09-17,186.88,"26,090,000",1.08%
2024-09-18,186.43,"34,450,000",-0.24%
2024-09-19,189.87,"39,540,000",1.85%
2024-09-20,191.6,"100,380,000",0.91%
2024-09-23,193.88,"36,990,000",1.19%
2024-09-24,193.96,"43,480,000",0.04%
2024-09-25,192.53,"26,390,000",-0.74%
2024-09-26,191.16,"36,330,000",-0.71%
2024-09-27,187.97,"36,000,000",-1.67%
2024-09-30,186.33,"41,680,000",-0.87%
2024-10-01,185.13,"36,040,000",-0.64%
2024-10-02,184.76,"23,700,000",-0.20%
2024-10-03,181.96,"30,200,000",-1.52%
2024-10-04,186.51,"41,080,000",2.50%
2024-10-07,180.8,"42,360,000",-3.06%
2024-10-08,182.72,"26,370,000",1.06%
2024-10-09,185.17,"26,340,000",1.34%
2024-10-10,186.65,"27,790,000",0.80%
2024-10-11,188.82,"25,750,000",1.16%
2024-10-14,187.54,"22,610,000",-0.68%
2024-10-15,187.69,"32,180,000",0.08%
2024-10-16,186.89,"23,460,000",-0.43%
2024-10-17,187.53,"25,040,000",0.34%
2024-10-18,188.99,"37,420,000",0.78%
2024-10-21,189.07,"24,640,000",0.04%
2024-10-22,189.7,"29,650,000",0.33%
2024-10-23,184.71,"31,940,000",-2.63%
2024-10-24,186.38,"21,650,000",0.90%
2024-10-25,187.83,"29,360,000",0.78%
2024-10-28,188.39,"27,930,000",0.30%
2024-10-29,190.83,"35,690,000",1.30%
2024-10-30,192.73,"37,710,000",1.00%
2024-10-31,186.4,"75,150,000",-3.28%
2024-11-01,197.93,"99,690,000",6.19%
2024-11-04,195.78,"38,490,000",-1.09%
2024-11-05,199.5,"30,560,000",1.90%
2024-11-06,207.09,"72,290,000",3.80%
2024-11-07,210.05,"52,880,000",1.43%
2024-11-08,208.18,"36,080,000",-0.89%
2024-11-11,206.84,"35,460,000",-0.64%
2024-11-12,208.91,"38,940,000",1.00%
2024-11-13,214.1,"46,210,000",2.48%
2024-11-14,211.48,"42,620,000",-1.22%
2024-11-15,202.61,"86,590,000",-4.19%
2024-11-18,201.7,"36,510,000",-0.45%
2024-11-19,204.61,"31,200,000",1.44%
2024-11-20,202.88,"32,770,000",-0.85%
2024-11-21,198.38,"58,800,000",-2.22%
2024-11-22,197.12,"31,530,000",-0.64%
2024-11-25,201.45,"40,690,000",2.20%
2024-11-26,207.86,"41,670,000",3.18%
2024-11-27,205.74,"28,060,000",-1.02%
2024-11-29,207.89,"24,890,000",1.05%
2024-12-02,210.71,"39,520,000",1.36%
2024-12-03,213.44,"32,210,000",1.30%
2024-12-04,218.16,"48,750,000",2.21%
2024-12-05,220.55,"41,140,000",1.10%
2024-12-06,227.03,"44,180,000",2.94%
2024-12-09,226.09,"46,820,000",-0.41%
2024-12-10,225.04,"31,200,000",-0.46%
2024-12-11,230.26,"35,390,000",2.32%
2024-12-12,228.97,"28,200,000",-0.56%
2024-12-13,227.46,"28,770,000",-0.66%
2024-12-16,232.93,"37,550,000",2.40%
2024-12-17,231.15,"35,950,000",-0.76%
2024-12-18,220.52,"43,280,000",-4.60%
2024-12-19,223.29,"39,920,000",1.26%
2024-12-20,224.92,"88,280,000",0.73%
2024-12-23,225.06,"28,070,000",0.06%
2024-12-24,229.05,"15,010,000",1.77%
2024-12-26,227.05,"16,170,000",-0.87%
2024-12-27,223.75,"27,370,000",-1.45%
2024-12-30,221.3,"28,320,000",-1.09%
2024-12-31,219.39,"24,820,000",-0.86%
2025-01-02,220.22,"33,960,000",0.38%
2025-01-03,224.19,"27,520,000",1.80%
2025-01-06,227.61,"31,850,000",1.53%
2025-01-07,222.11,"28,080,000",-2.42%
2025-01-08,222.13,"25,030,000",0.01%
2025-01-10,218.94,"36,810,000",-1.44%
2025-01-13,218.46,"27,260,000",-0.22%
2025-01-14,217.76,"24,710,000",-0.32%
2025-01-15,223.35,"31,290,000",2.57%
2025-01-16,220.66,"24,760,000",-1.20%
2025-01-17,225.94,"42,370,000",2.39%
2025-01-21,230.71,"39,950,000",2.11%
2025-01-22,235.01,"41,450,000",1.86%
2025-01-23,235.42,"26,400,000",0.17%
2025-01-24,234.85,"25,890,000",-0.24%
2025-01-27,235.42,"49,430,000",0.24%
2025-01-28,238.15,"41,590,000",1.16%
2025-01-29,237.07,"26,090,000",-0.45%
2025-01-30,234.64,"32,020,000",-1.03%
2025-01-31,237.68,"36,160,000",1.30%
2025-02-03,237.42,"37,290,000",-0.11%
2025-02-04,242.06,"29,710,000",1.95%
2025-02-05,236.17,"38,830,000",-2.43%
2025-02-06,238.83,"60,900,000",1.13%
2025-02-07,229.15,"77,540,000",-4.05%
2025-02-10,233.14,"35,420,000",1.74%
2025-02-11,232.76,"23,710,000",-0.16%
2025-02-12,228.93,"32,290,000",-1.65%
2025-02-13,230.37,"31,350,000",0.63%
2025-02-14,228.68,"27,030,000",-0.73%
2025-02-18,226.65,"42,980,000",-0.89%
2025-02-19,226.63,"28,570,000",-0.01%
2025-02-20,222.88,"30,000,000",-1.65%
2025-02-21,216.58,"55,320,000",-2.83%
2025-02-24,212.71,"42,390,000",-1.79%
2025-02-25,212.8,"58,960,000",0.04%
2025-02-26,214.35,"39,120,000",0.73%
2025-02-27,208.74,"40,550,000",-2.62%
2025-02-28,212.28,"51,770,000",1.70%
2025-03-03,205.02,"42,950,000",-3.42%
2025-03-04,203.8,"60,850,000",-0.60%
2025-03-05,208.36,"38,610,000",2.24%
2025-03-06,200.7,"49,860,000",-3.68%
2025-03-07,199.25,"59,800,000",-0.72%
2025-03-10,194.54,"62,350,000",-2.36%
2025-03-11,196.59,"54,000,000",1.05%
2025-03-12,198.89,"43,680,000",1.17%
2025-03-13,193.89,"41,270,000",-2.51%
2025-03-14,197.95,"38,100,000",2.09%
2025-03-17,195.74,"47,340,000",-1.12%
2025-03-18,192.82,"40,410,000",-1.49%
2025-03-19,195.54,"39,440,000",1.41%
2025-03-20,194.95,"38,920,000",-0.30%
2025-03-21,196.21,"60,060,000",0.65%
2025-03-24,203.26,"41,630,000",3.59%
2025-03-25,205.71,"31,170,000",1.21%
2025-03-26,201.13,"32,990,000",-2.23%
2025-03-27,201.36,"27,320,000",0.11%
2025-03-28,192.72,"52,550,000",-4.29%
2025-03-31,190.26,"63,550,000",-1.28%
2025-04-01,192.17,"41,270,000",1.00%
2025-04-02,196.01,"53,680,000",2.00%
2025-04-03,178.41,"95,550,000",-8.98%
2025-04-04,171,"123,160,000",-4.15%
2025-04-07,175.26,"109,330,000",2.49%
2025-04-08,170.66,"87,710,000",-2.62%
2025-04-09,191.1,"116,800,000",11.98%
2025-04-10,181.22,"68,300,000",-5.17%
2025-04-11,184.87,"50,590,000",2.01%
2025-04-14,182.12,"48,000,000",-1.49%
2025-04-15,179.59,"43,640,000",-1.39%
2025-04-16,174.33,"51,880,000",-2.93%
2025-04-17,172.61,"44,730,000",-0.99%
2025-04-21,167.32,"48,130,000",-3.06%
2025-04-22,173.18,"56,610,000",3.50%
2025-04-23,180.6,"63,470,000",4.28%
2025-04-24,186.54,"43,760,000",3.29%
2025-04-25,188.99,"36,410,000",1.31%
2025-04-28,187.7,"33,220,000",-0.68%
2025-04-29,187.39,"41,670,000",-0.17%
2025-04-30,184.42,"55,180,000",-1.58%
2025-05-01,190.2,"74,270,000",3.13%
2025-05-02,189.98,"77,900,000",-0.12%
2025-05-05,186.35,"35,220,000",-1.91%
2025-05-06,185.01,"29,310,000",-0.72%
2025-05-07,188.71,"44,000,000",2.00%
2025-05-08,192.08,"41,040,000",1.79%
2025-05-09,193.06,"29,660,000",0.51%
2025-05-12,208.64,"75,210,000",8.07%
2025-05-13,211.37,"56,190,000",1.31%
2025-05-14,210.25,"38,490,000",-0.53%
2025-05-15,205.17,"64,350,000",-2.42%
2025-05-16,205.59,"43,320,000",0.20%
2025-05-19,206.16,"34,310,000",0.28%
2025-05-20,204.07,"29,470,000",-1.01%
2025-05-21,201.12,"42,460,000",-1.45%
2025-05-22,203.1,"38,940,000",0.98%
2025-05-23,200.99,"33,390,000",-1.04%
2025-05-27,206.02,"34,890,000",2.50%
2025-05-28,204.72,"28,550,000",-0.63%
2025-05-29,205.7,"34,700,000",0.48%
2025-05-30,205.01,"51,680,000",-0.34%
2025-06-02,206.65,"29,110,000",0.80%
2025-06-03,205.71,"33,140,000",-0.45%
2025-06-04,207.23,"29,920,000",0.74%
2025-06-05,207.91,"51,980,000",0.33%
2025-06-06,213.57,"39,830,000",2.72%
2025-06-09,216.98,"38,100,000",1.60%
2025-06-10,217.61,"31,300,000",0.29%
2025-06-11,213.2,"39,330,000",-2.03%
2025-06-12,213.24,"27,640,000",0.02%
2025-06-13,212.1,"29,340,000",-0.53%
2025-06-16,216.1,"33,280,000",1.89%
2025-06-17,214.82,"32,090,000",-0.59%
2025-06-18,212.52,"44,360,000",-1.07%
2025-06-20,209.69,"75,350,000",-1.33%
2025-06-23,208.47,"37,310,000",-0.58%
2025-06-24,212.77,"38,380,000",2.06%
2025-06-25,211.99,"31,760,000",-0.37%
2025-06-26,217.12,"50,480,000",2.42%
2025-06-27,223.3,"119,220,000",2.85%
2025-06-30,219.39,"58,890,000",-1.75%
2025-07-01,220.46,"39,260,000",0.49%
2025-07-02,219.92,"30,890,000",-0.24%
2025-07-03,223.41,"29,630,000",1.59%
2025-07-07,223.47,"36,600,000",0.03%
2025-07-08,219.36,"45,690,000",-1.84%
2025-07-09,222.54,"38,160,000",1.45%
2025-07-10,222.26,"30,370,000",-0.13%
2025-07-11,225.02,"50,520,000",1.24%
2025-07-14,225.69,"35,700,000",0.30%
2025-07-15,226.35,"34,910,000",0.29%
2025-07-16,223.19,"39,540,000",-1.40%
2025-07-17,223.88,"31,860,000",0.31%
2025-07-18,226.13,"37,830,000",1.01%
2025-07-21,229.3,"40,300,000",1.40%
2025-07-22,227.47,"37,480,000",-0.80%
2025-07-23,228.29,"28,290,000",0.36%
2025-07-24,232.23,"42,900,000",1.73%
2025-07-25,231.44,"28,710,000",-0.34%
2025-07-28,232.79,"26,300,000",0.58%
2025-07-29,231.01,"33,720,000",-0.76%
2025-07-30,230.19,"32,990,000",-0.35%
2025-07-31,234.11,"104,360,000",1.70%
2025-08-01,214.75,"122,260,000",-8.27%
2025-08-04,211.65,"77,890,000",-1.44%
2025-08-05,213.75,"51,510,000",0.99%
2025-08-06,222.31,"54,820,000",4.00%
2025-08-07,223.13,"40,600,000",0.37%
2025-08-08,222.69,"32,970,000",-0.20%
2025-08-11,221.3,"31,650,000",-0.62%
2025-08-12,221.47,"37,250,000",0.08%
2025-08-13,224.56,"36,510,000",1.40%
2025-08-14,230.98,"61,550,000",2.86%
2025-08-15,231.03,"39,650,000",0.02%
2025-08-18,231.49,"25,250,000",0.20%
2025-08-19,228.01,"29,890,000",-1.50%
2025-08-20,223.81,"36,600,000",-1.84%
2025-08-21,221.95,"32,140,000",-0.83%
2025-08-22,228.84,"37,320,000",3.10%
2025-08-25,227.94,"22,630,000",-0.39%
2025-08-26,228.71,"26,110,000",0.34%
2025-08-27,229.12,"21,250,000",0.18%
2025-08-28,231.6,"33,680,000",1.08%
2025-08-29,229,"26,200,000",-1.12%
2025-09-02,225.34,"38,840,000",-1.60%
2025-09-03,225.99,"29,220,000",0.29%
2025-09-04,235.68,"59,390,000",4.29%
2025-09-05,232.33,"36,720,000",-1.42%
2025-09-08,235.84,"33,950,000",1.51%
2025-09-09,238.24,"27,030,000",1.02%
2025-09-10,230.33,"60,910,000",-3.32%
2025-09-11,229.95,"37,490,000",-0.16%
2025-09-12,228.15,"38,500,000",-0.78%
2025-09-15,231.43,"33,240,000",1.44%
2025-09-16,234.05,"38,200,000",1.13%
2025-09-17,231.62,"42,820,000",-1.04%
2025-09-18,231.23,"37,930,000",-0.17%
2025-09-19,231.48,"97,940,000",0.11%
2025-09-22,227.63,"45,910,000",-1.66%
2025-09-23,220.71,"70,960,000",-3.04%
2025-09-24,220.21,"49,510,000",-0.23%
2025-09-25,218.15,"52,230,000",-0.94%
2025-09-26,219.78,"41,650,000",0.75%
2025-09-29,222.17,"44,260,000",1.09%
2025-09-30,219.57,"48,400,000",-1.17%
2025-10-01,220.63,"43,930,000",0.48%
2025-10-02,222.41,"41,260,000",0.81%
2025-10-03,219.51,"43,640,000",-1.30%
2025-10-06,220.9,"43,690,000",0.63%
2025-10-07,221.78,"31,190,000",0.40%
2025-10-08,225.22,"46,690,000",1.55%
2025-10-09,227.74,"46,410,000",1.12%
2025-10-10,216.37,"72,370,000",-4.99%
2025-10-13,220.07,"37,810,000",1.71%
2025-10-14,216.39,"45,670,000",-1.67%
2025-10-15,215.57,"45,910,000",-0.38%
2025-10-16,214.47,"42,410,000",-0.51%
2025-10-17,213.04,"45,990,000",-0.67%
2025-10-20,216.48,"38,880,000",1.61%
2025-10-21,222.03,"50,490,000",2.56%
2025-10-22,217.95,"44,310,000",-1.84%
2025-10-23,221.09,"31,540,000",1.44%
2025-10-24,224.21,"38,690,000",1.41%
2025-10-27,226.97,"38,270,000",1.23%
2025-10-28,229.25,"47,100,000",1.00%
2025-10-29,230.3,"52,040,000",0.46%
2025-10-30,222.86,"102,250,000",-3.23%
2025-10-31,244.22,"166,340,000",9.58%
2025-11-03,254,"96,000,000",4.00%
2025-11-04,249.32,"51,550,000",-1.84%
2025-11-05,250.2,"40,610,000",0.35%
2025-11-06,243.04,"46,000,000",-2.86%
2025-11-07,244.41,"46,370,000",0.56%
2025-11-10,248.4,"36,480,000",1.63%
2025-11-11,249.1,"23,560,000",0.28%
2025-11-12,244.2,"31,190,000",-1.97%
2025-11-13,237.58,"41,400,000",-2.71%
2025-11-14,234.69,"38,960,000",-1.22%
2025-11-17,232.87,"59,920,000",-0.78%
2025-11-18,222.55,"60,610,000",-4.43%
2025-11-19,222.69,"58,340,000",0.06%
2025-11-20,217.14,"50,310,000",-2.49%
2025-11-21,220.69,"68,490,000",1.63%
2025-11-24,226.28,"54,320,000",2.53%
2025-11-25,229.67,"39,380,000",1.50%
2025-11-26,229.16,"38,500,000",-0.22%
2025-11-28,233.22,"20,290,000",1.77%
2025-12-01,233.88,"42,900,000",0.28%
2025-12-02,234.42,"45,790,000",0.23%
2025-12-03,232.38,"35,500,000",-0.87%
2025-12-04,229.11,"45,680,000",-1.41%
2025-12-05,229.53,"33,120,000",0.18%
2025-12-08,226.89,"35,020,000",-1.15%
2025-12-09,227.92,"25,840,000",0.45%
2025-12-10,231.78,"38,790,000",1.69%
2025-12-11,230.28,"28,250,000",-0.65%
2025-12-12,226.19,"35,640,000",-1.78%
2025-12-15,222.54,"47,290,000",-1.61%
2025-12-16,222.56,"39,300,000",0.01%
2025-12-17,221.27,"44,030,000",-0.58%
2025-12-18,226.76,"50,270,000",2.48%
2025-12-19,227.35,"85,540,000",0.26%
2025-12-22,228.43,"32,260,000",0.48%
2025-12-23,232.14,"29,230,000",1.62%
2025-12-24,232.38,"11,420,000",0.10%
2025-12-26,232.52,"15,990,000",0.06%
2025-12-29,232.07,"19,800,000",-0.19%
2025-12-30,232.53,"21,910,000",0.20%
2025-12-31,230.82,"24,380,000",-0.74%
2026-01-02,226.5,"51,460,000",-1.87%
2026-01-05,233.06,"49,730,000",2.90%
2026-01-06,240.93,"53,760,000",3.38%
2026-01-07,241.56,"42,240,000",0.26%
2026-01-08,246.29,"39,510,000",1.96%
2026-01-09,247.38,"34,560,000",0.44%
2026-01-12,246.47,"35,870,000",-0.37%
2026-01-13,242.6,"38,370,000",-1.57%
2026-01-14,236.65,"41,410,000",-2.45%
2026-01-15,238.18,"43,000,000",0.65%
2026-01-16,239.12,"45,890,000",0.39%
2026-01-20,231,"47,740,000",-3.40%
2026-01-21,231.31,"47,280,000",0.13%
2026-01-22,234.34,"31,910,000",1.31%
2026-01-23,239.16,"33,780,000",2.06%
2026-01-26,238.42,"32,830,000",-0.31%
2026-01-27,244.68,"38,030,000",2.63%
2026-01-28,243.01,"40,880,000",-0.68%
2026-01-29,241.73,"47,230,000",-0.53%
2026-01-30,239.3,"46,590,000",-1.01%
2026-02-02,242.96,"37,550,000",1.53%
2026-02-03,238.62,"53,830,000",-1.79%
2026-02-04,232.99,"51,300,000",-2.36%
2026-02-05,222.69,"103,510,000",-4.42%
2026-02-06,210.32,"179,210,000",-5.55%
2026-02-09,208.72,"91,180,000",-0.76%
2026-02-10,206.96,"67,180,000",-0.84%
2026-02-11,204.08,"65,550,000",-1.39%
2026-02-12,199.6,"83,980,000",-2.20%
2026-02-13,198.79,"66,320,000",-0.41%
2026-02-17,201.15,"69,880,000",1.19%
2026-02-18,204.79,"51,000,000",1.81%
2026-02-19,204.86,"35,670,000",0.03%
2026-02-20,210.11,"65,880,000",2.56%
2026-02-23,205.27,"53,580,000",-2.30%
2026-02-24,208.56,"41,140,000",1.60%
2026-02-25,210.64,"41,350,000",1.00%
2026-02-26,207.92,"47,760,000",-1.29%
2026-02-27,210,"57,420,000",1.00%
2026-03-02,208.39,"46,000,000",-0.77%
2026-03-03,208.73,"43,180,000",0.16%
2026-03-04,216.82,"54,730,000",3.88%
2026-03-05,218.94,"60,940,000",0.98%
2026-03-06,213.21,"51,150,000",-2.62%
2026-03-09,213.49,"54,640,000",0.13%
2026-03-10,214.33,"35,680,000",0.39%
2026-03-11,212.65,"34,200,000",-0.78%
2026-03-12,209.53,"44,350,000",-1.47%
2026-03-13,207.67,"35,660,000",-0.89%
2026-03-16,211.74,"42,210,000",1.96%
2026-03-17,215.2,"44,970,000",1.63%
2026-03-18,209.87,"37,850,000",-2.48%
2026-03-19,208.76,"36,440,000",-0.53%
2026-03-20,205.37,"63,690,000",-1.62%
2026-03-23,210.14,"44,280,000",2.32%
2026-03-24,207.24,"35,350,000",-1.38%
2026-03-25,211.71,"36,390,000",2.16%
2026-03-26,207.54,"46,750,000",-1.97%
2026-03-27,199.34,"56,010,000",-3.95%
2026-03-30,200.95,"46,370,000",0.81%
2026-03-31,208.27,"58,470,000",3.64%
2026-04-01,210.57,"45,960,000",1.10%
2026-04-02,209.77,"31,450,000",-0.38%
2026-04-06,212.79,"25,390,000",1.44%
2026-04-07,213.77,"28,150,000",0.46%
2026-04-08,221.25,"51,090,000",3.50%
2026-04-09,233.65,"65,960,000",5.60%
2026-04-10,238.38,"56,910,000",2.02%
2026-04-13,239.89,"42,170,000",0.63%
2026-04-14,249.02,"72,690,000",3.81%
2026-04-15,248.5,"43,050,000",-0.21%
2026-04-16,249.7,"41,900,000",0.48%
2026-04-17,250.56,"52,030,000",0.34%
2026-04-20,248.28,"39,460,000",-0.91%
2026-04-21,249.91,"42,920,000",0.66%
2026-04-22,255.36,"36,070,000",2.18%
2026-04-23,255.08,"39,090,000",-0.11%
2026-04-24,263.99,"53,780,000",3.49%
2026-04-27,261.12,"44,910,000",-1.09%
2026-04-28,259.7,"42,200,000",-0.54%
2026-04-29,263.04,"72,370,000",1.29%
2026-04-30,265.06,"100,970,000",0.77%
2026-05-01,268.26,"50,830,000",1.21%
2026-05-04,272.05,"49,080,000",1.41%
2026-05-05,273.55,"41,910,000",0.55%
2026-05-06,274.99,"44,550,000",0.53%
2026-05-07,271.17,"35,890,000",-1.39%
2026-05-08,272.68,"34,730,000",0.56%
2026-05-11,268.99,"38,180,000",-1.35%
2026-05-12,265.82,"36,780,000",-1.18%
2026-05-13,270.13,"39,670,000",1.62%
2026-05-14,267.22,"31,340,000",-1.08%
2026-05-15,264.14,"40,770,000",-1.15%
2026-05-18,264.86,"33,690,000",0.27%
2026-05-19,259.34,"40,340,000",-2.08%
2026-05-20,265.01,"34,930,000",2.19%
2026-05-21,268.46,"36,590,000",1.30%
2026-05-22,266.32,"27,540,000",-0.80%
2026-05-26,265.29,"38,030,000",-0.39%
2026-05-27,271.85,"40,060,000",2.47%
2026-05-28,274,"40,630,000",0.79%
2026-05-29,270.64,"54,750,000",-1.23%
2026-06-01,261.26,"53,600,000",-3.47%
2026-06-02,256.52,"41,810,000",-1.81%
2026-06-03,250.02,"51,390,000",-2.53%
2026-06-04,253.79,"35,610,000",1.51%
2026-06-05,246.03,"55,610,000",-3.06%
2026-06-08,245.22,"33,900,000",-0.33%
2026-06-09,244.19,"44,430,000",-0.42%
2026-06-10,238,"38,590,000",-2.53%
2026-06-11,241.51,"41,340,000",1.47%
2026-06-12,238.55,"51,250,000",-1.23%
2026-06-15,246.02,"41,710,000",3.13%
2026-06-16,246,"35,190,000",-0.01%
2026-06-17,237.5,"44,780,000",-3.46%
