date,ixic,ixic_volume,ixic_change_pct
2011-01-07,"2,703.17","462,380,000",-0.25%
2011-01-10,"2,707.80","441,300,000",0.17%
2011-01-11,"2,716.83","422,110,000",0.33%
2011-01-12,"2,737.33","413,050,000",0.75%
2011-01-13,"2,735.29","450,900,000",-0.07%
2011-01-14,"2,755.30","471,590,000",0.73%
2011-01-18,"2,765.85","500,180,000",0.38%
2011-01-19,"2,725.36","491,300,000",-1.46%
2011-01-20,"2,704.29","566,670,000",-0.77%
2011-01-21,"2,689.54","521,360,000",-0.55%
2011-01-24,"2,717.55","431,670,000",1.04%
2011-01-25,"2,719.25","458,230,000",0.06%
2011-01-26,"2,739.50","480,260,000",0.74%
2011-01-27,"2,755.28","481,920,000",0.58%
2011-01-28,"2,686.89","565,430,000",-2.48%
2011-01-31,"2,700.08","506,640,000",0.49%
2011-02-01,"2,751.19","523,200,000",1.89%
2011-02-02,"2,749.56","464,810,000",-0.06%
2011-02-03,"2,753.88","488,250,000",0.16%
2011-02-04,"2,769.30","466,990,000",0.56%
2011-02-07,"2,783.99","416,650,000",0.53%
2011-02-08,"2,797.05","411,280,000",0.47%
2011-02-09,"2,789.07","466,490,000",-0.29%
2011-02-10,"2,790.45","601,570,000",0.05%
2011-02-11,"2,809.44","486,900,000",0.68%
2011-02-14,"2,817.18","468,900,000",0.28%
2011-02-15,"2,804.35","495,100,000",-0.46%
2011-02-16,"2,825.56","530,030,000",0.76%
2011-02-17,"2,831.58","458,300,000",0.21%
2011-02-18,"2,833.95","597,630,000",0.08%
2011-02-22,"2,756.42","575,020,000",-2.74%
2011-02-23,"2,722.99","588,490,000",-1.21%
2011-02-24,"2,737.90","539,600,000",0.55%
2011-02-25,"2,781.05","468,600,000",1.58%
2011-02-28,"2,782.27","575,720,000",0.04%
2011-03-01,"2,737.41","580,400,000",-1.61%
2011-03-02,"2,748.07","492,070,000",0.39%
2011-03-03,"2,798.74","503,920,000",1.84%
2011-03-04,"2,784.67","489,530,000",-0.50%
2011-03-07,"2,745.63","586,990,000",-1.40%
2011-03-08,"2,765.77","476,580,000",0.73%
2011-03-09,"2,751.72","502,980,000",-0.51%
2011-03-10,"2,701.02","635,120,000",-1.84%
2011-03-11,"2,715.61","479,300,000",0.54%
2011-03-14,"2,700.97","467,230,000",-0.54%
2011-03-15,"2,667.33","630,410,000",-1.25%
2011-03-16,"2,616.82","683,020,000",-1.89%
2011-03-17,"2,636.05","515,470,000",0.73%
2011-03-18,"2,643.67","957,290,000",0.29%
2011-03-21,"2,692.09","462,880,000",1.83%
2011-03-22,"2,683.87","423,830,000",-0.31%
2011-03-23,"2,698.30","445,350,000",0.54%
2011-03-24,"2,736.42","503,130,000",1.41%
2011-03-25,"2,743.06","471,150,000",0.24%
2011-03-28,"2,730.68","430,300,000",-0.45%
2011-03-29,"2,756.89","410,890,000",0.96%
2011-03-30,"2,776.79","466,640,000",0.72%
2011-03-31,"2,781.07","512,950,000",0.15%
2011-04-01,"2,789.60","562,200,000",0.31%
2011-04-04,"2,789.19","428,470,000",-0.01%
2011-04-05,"2,791.19","481,220,000",0.07%
2011-04-06,"2,799.82","486,870,000",0.31%
2011-04-07,"2,796.14","476,140,000",-0.13%
2011-04-08,"2,780.41","422,400,000",-0.56%
2011-04-11,"2,771.51","505,170,000",-0.32%
2011-04-12,"2,744.79","458,960,000",-0.96%
2011-04-13,"2,761.52","457,200,000",0.61%
2011-04-14,"2,760.22","451,740,000",-0.05%
2011-04-15,"2,764.65","544,730,000",0.16%
2011-04-18,"2,735.38","478,290,000",-1.06%
2011-04-19,"2,744.97","440,010,000",0.35%
2011-04-20,"2,802.51","539,560,000",2.10%
2011-04-21,"2,820.16","471,560,000",0.63%
2011-04-25,"2,825.88","395,070,000",0.20%
2011-04-26,"2,847.54","538,650,000",0.77%
2011-04-27,"2,869.88","561,750,000",0.78%
2011-04-28,"2,872.53","541,970,000",0.09%
2011-04-29,"2,873.54","948,180,000",0.04%
2011-05-02,"2,864.08","553,480,000",-0.33%
2011-05-03,"2,841.62","590,040,000",-0.78%
2011-05-04,"2,828.23","610,390,000",-0.47%
2011-05-05,"2,814.72","611,730,000",-0.48%
2011-05-06,"2,827.56","561,090,000",0.46%
2011-05-09,"2,843.25","447,830,000",0.55%
2011-05-10,"2,871.89","522,620,000",1.01%
2011-05-11,"2,845.06","627,180,000",-0.93%
2011-05-12,"2,863.04","615,410,000",0.63%
2011-05-13,"2,828.47","540,670,000",-1.21%
2011-05-16,"2,782.31","572,930,000",-1.63%
2011-05-17,"2,783.21","600,240,000",0.03%
2011-05-18,"2,815.00","513,710,000",1.14%
2011-05-19,"2,823.31","493,600,000",0.30%
2011-05-20,"2,803.32","531,970,000",-0.71%
2011-05-23,"2,758.90","504,940,000",-1.58%
2011-05-24,"2,746.16","495,930,000",-0.46%
2011-05-25,"2,761.38","523,970,000",0.55%
2011-05-26,"2,782.92","521,810,000",0.78%
2011-05-27,"2,796.86","444,770,000",0.50%
2011-05-31,"2,835.30","947,550,000",1.37%
2011-06-01,"2,769.19","662,690,000",-2.33%
2011-06-02,"2,773.31","535,270,000",0.15%
2011-06-03,"2,732.78","559,230,000",-1.46%
2011-06-06,"2,702.56","545,850,000",-1.11%
2011-06-07,"2,701.56","510,840,000",-0.04%
2011-06-08,"2,675.38","570,440,000",-0.97%
2011-06-09,"2,684.87","480,360,000",0.35%
2011-06-10,"2,643.73","563,120,000",-1.53%
2011-06-13,"2,639.69","510,320,000",-0.15%
2011-06-14,"2,678.72","480,750,000",1.48%
2011-06-15,"2,631.46","566,880,000",-1.76%
2011-06-16,"2,623.70","563,800,000",-0.29%
2011-06-17,"2,616.48","941,780,000",-0.28%
2011-06-20,"2,629.66","462,400,000",0.50%
2011-06-21,"2,687.26","500,030,000",2.19%
2011-06-22,"2,669.19","451,690,000",-0.67%
2011-06-23,"2,686.75","594,120,000",0.66%
2011-06-24,"2,652.89","1,400,000,000",-1.26%
2011-06-27,"2,688.28","479,280,000",1.33%
2011-06-28,"2,729.31","448,660,000",1.53%
2011-06-29,"2,740.49","505,930,000",0.41%
2011-06-30,"2,773.52","517,120,000",1.21%
2011-07-01,"2,816.03","460,600,000",1.53%
2011-07-05,"2,825.77","423,890,000",0.35%
2011-07-06,"2,834.02","440,070,000",0.29%
2011-07-07,"2,872.66","465,800,000",1.36%
2011-07-08,"2,859.81","428,040,000",-0.45%
2011-07-11,"2,802.62","448,200,000",-2.00%
2011-07-12,"2,781.91","529,410,000",-0.74%
2011-07-13,"2,796.92","487,150,000",0.54%
2011-07-14,"2,762.67","546,870,000",-1.22%
2011-07-15,"2,789.80","529,590,000",0.98%
2011-07-18,"2,765.11","463,020,000",-0.89%
2011-07-19,"2,826.52","479,120,000",2.22%
2011-07-20,"2,814.23","476,060,000",-0.43%
2011-07-21,"2,834.43","553,310,000",0.72%
2011-07-22,"2,858.83","413,150,000",0.86%
2011-07-25,"2,842.80","407,250,000",-0.56%
2011-07-26,"2,839.96","436,930,000",-0.10%
2011-07-27,"2,764.79","633,900,000",-2.65%
2011-07-28,"2,766.25","513,720,000",0.05%
2011-07-29,"2,756.38","621,210,000",-0.36%
2011-08-01,"2,744.61","581,750,000",-0.43%
2011-08-02,"2,669.24","612,750,000",-2.75%
2011-08-03,"2,693.07","672,330,000",0.89%
2011-08-04,"2,556.39","864,870,000",-5.08%
2011-08-05,"2,532.41","1,030,000,000",-0.94%
2011-08-08,"2,357.69","1,120,000,000",-6.90%
2011-08-09,"2,482.52","1,060,000,000",5.29%
2011-08-10,"2,381.05","957,550,000",-4.09%
2011-08-11,"2,492.68","871,490,000",4.69%
2011-08-12,"2,507.98","584,860,000",0.61%
2011-08-15,"2,555.20","494,100,000",1.88%
2011-08-16,"2,523.45","544,770,000",-1.24%
2011-08-17,"2,511.48","485,710,000",-0.47%
2011-08-18,"2,380.43","725,400,000",-5.22%
2011-08-19,"2,341.84","671,230,000",-1.62%
2011-08-22,"2,345.38","516,090,000",0.15%
2011-08-23,"2,446.06","564,700,000",4.29%
2011-08-24,"2,467.69","493,490,000",0.88%
2011-08-25,"2,419.63","490,110,000",-1.95%
2011-08-26,"2,479.85","513,230,000",2.49%
2011-08-29,"2,562.11","442,390,000",3.32%
2011-08-30,"2,576.11","516,480,000",0.55%
2011-08-31,"2,579.46","594,610,000",0.13%
2011-09-01,"2,546.04","474,620,000",-1.30%
2011-09-02,"2,480.33","446,910,000",-2.58%
2011-09-06,"2,473.83","501,360,000",-0.26%
2011-09-07,"2,548.94","494,020,000",3.04%
2011-09-08,"2,529.14","521,740,000",-0.78%
2011-09-09,"2,467.99","586,130,000",-2.42%
2011-09-12,"2,495.09","525,060,000",1.10%
2011-09-13,"2,532.15","538,740,000",1.49%
2011-09-14,"2,572.55","602,200,000",1.60%
2011-09-15,"2,607.07","519,060,000",1.34%
2011-09-16,"2,622.31","980,760,000",0.58%
2011-09-19,"2,612.83","497,760,000",-0.36%
2011-09-20,"2,590.24","507,830,000",-0.86%
2011-09-21,"2,538.19","586,880,000",-2.01%
2011-09-22,"2,455.67","791,230,000",-3.25%
2011-09-23,"2,483.23","552,810,000",1.12%
2011-09-26,"2,516.69","517,940,000",1.35%
2011-09-27,"2,546.83","566,850,000",1.20%
2011-09-28,"2,491.58","523,310,000",-2.17%
2011-09-29,"2,480.76","609,960,000",-0.43%
2011-09-30,"2,415.40","597,570,000",-2.63%
2011-10-03,"2,335.83","710,580,000",-3.29%
2011-10-04,"2,404.82","845,160,000",2.95%
2011-10-05,"2,460.51","651,560,000",2.32%
2011-10-06,"2,506.82","579,840,000",1.88%
2011-10-07,"2,479.35","547,920,000",-1.10%
2011-10-10,"2,566.05","421,840,000",3.50%
2011-10-11,"2,583.03","420,200,000",0.66%
2011-10-12,"2,604.73","507,460,000",0.84%
2011-10-13,"2,620.24","436,760,000",0.60%
2011-10-14,"2,667.85","412,320,000",1.82%
2011-10-17,"2,614.92","441,270,000",-1.98%
2011-10-18,"2,657.43","524,340,000",1.63%
2011-10-19,"2,604.04","505,560,000",-2.01%
2011-10-20,"2,598.62","516,280,000",-0.21%
2011-10-21,"2,637.46","621,700,000",1.49%
2011-10-24,"2,699.44","468,790,000",2.35%
2011-10-25,"2,638.42","465,590,000",-2.26%
2011-10-26,"2,650.67","556,080,000",0.46%
2011-10-27,"2,738.63","713,320,000",3.32%
2011-10-28,"2,737.15","480,010,000",-0.05%
2011-10-31,"2,684.41","502,700,000",-1.93%
2011-11-01,"2,606.96","638,790,000",-2.89%
2011-11-02,"2,639.98","522,790,000",1.27%
2011-11-03,"2,697.97","550,990,000",2.20%
2011-11-04,"2,686.15","461,040,000",-0.44%
2011-11-07,"2,695.25","440,440,000",0.34%
2011-11-08,"2,727.49","469,140,000",1.20%
2011-11-09,"2,621.65","575,970,000",-3.88%
2011-11-10,"2,625.15","500,670,000",0.13%
2011-11-11,"2,678.75","401,440,000",2.04%
2011-11-14,"2,657.22","356,720,000",-0.80%
2011-11-15,"2,686.20","431,670,000",1.09%
2011-11-16,"2,639.61","507,870,000",-1.73%
2011-11-17,"2,587.99","555,830,000",-1.96%
2011-11-18,"2,572.50","473,350,000",-0.60%
2011-11-21,"2,523.14","513,060,000",-1.92%
2011-11-22,"2,521.28","441,860,000",-0.07%
2011-11-23,"2,460.08","440,000,000",-2.43%
2011-11-25,"2,441.51","200,910,000",-0.75%
2011-11-28,"2,527.34","455,180,000",3.52%
2011-11-29,"2,515.51","421,540,000",-0.47%
2011-11-30,"2,620.34","818,730,000",4.17%
2011-12-01,"2,626.20","445,010,000",0.22%
2011-12-02,"2,626.93","407,880,000",0.03%
2011-12-05,"2,655.76","433,480,000",1.10%
2011-12-06,"2,649.56","374,310,000",-0.23%
2011-12-07,"2,649.21","433,040,000",-0.01%
2011-12-08,"2,596.38","492,480,000",-1.99%
2011-12-09,"2,646.85","418,360,000",1.94%
2011-12-12,"2,612.26","418,200,000",-1.31%
2011-12-13,"2,579.27","454,220,000",-1.26%
2011-12-14,"2,539.31","483,860,000",-1.55%
2011-12-15,"2,541.01","450,850,000",0.07%
2011-12-16,"2,555.33","985,010,000",0.56%
2011-12-19,"2,523.14","392,160,000",-1.26%
2011-12-20,"2,603.73","500,760,000",3.19%
2011-12-21,"2,577.97","468,820,000",-0.99%
2011-12-22,"2,599.45","369,200,000",0.83%
2011-12-23,"2,618.64","219,150,000",0.74%
2011-12-27,"2,625.20","195,840,000",0.25%
2011-12-28,"2,589.98","267,650,000",-1.34%
2011-12-29,"2,613.74","253,710,000",0.92%
2011-12-30,"2,605.15","290,700,000",-0.33%
2012-01-03,"2,648.72","411,790,000",1.67%
2012-01-04,"2,648.36","411,090,000",-0.01%
2012-01-05,"2,669.86","442,080,000",0.81%
2012-01-06,"2,674.22","412,310,000",0.16%
2012-01-09,"2,676.56","447,700,000",0.09%
2012-01-10,"2,702.50","453,070,000",0.97%
2012-01-11,"2,710.76","419,720,000",0.31%
2012-01-12,"2,724.70","403,170,000",0.51%
2012-01-13,"2,710.67","422,130,000",-0.51%
2012-01-17,"2,728.08","441,250,000",0.64%
2012-01-18,"2,769.71","490,870,000",1.53%
2012-01-19,"2,788.33","466,590,000",0.67%
2012-01-20,"2,786.70","522,620,000",-0.06%
2012-01-23,"2,784.17","391,760,000",-0.09%
2012-01-24,"2,786.64","412,580,000",0.09%
2012-01-25,"2,818.31","480,460,000",1.14%
2012-01-26,"2,805.28","476,350,000",-0.46%
2012-01-27,"2,816.55","427,280,000",0.40%
2012-01-30,"2,811.94","399,620,000",-0.16%
2012-01-31,"2,813.84","459,380,000",0.07%
2012-02-01,"2,848.27","540,080,000",1.22%
2012-02-02,"2,859.68","447,130,000",0.40%
2012-02-03,"2,905.66","526,720,000",1.61%
2012-02-06,"2,901.99","407,040,000",-0.13%
2012-02-07,"2,904.08","428,830,000",0.07%
2012-02-08,"2,915.86","476,380,000",0.41%
2012-02-09,"2,927.23","514,770,000",0.39%
2012-02-10,"2,903.88","441,210,000",-0.80%
2012-02-13,"2,931.39","404,820,000",0.95%
2012-02-14,"2,931.83","459,080,000",0.02%
2012-02-15,"2,915.83","493,940,000",-0.55%
2012-02-16,"2,959.85","471,610,000",1.51%
2012-02-17,"2,951.78","534,700,000",-0.27%
2012-02-21,"2,948.57","454,470,000",-0.11%
2012-02-22,"2,933.17","427,360,000",-0.52%
2012-02-23,"2,956.98","438,290,000",0.81%
2012-02-24,"2,963.75","375,670,000",0.23%
2012-02-27,"2,966.16","439,740,000",0.08%
2012-02-28,"2,986.76","473,300,000",0.69%
2012-02-29,"2,966.89","598,320,000",-0.67%
2012-03-01,"2,988.97","491,290,000",0.74%
2012-03-02,"2,976.19","439,350,000",-0.43%
2012-03-05,"2,950.48","417,110,000",-0.86%
2012-03-06,"2,910.32","495,160,000",-1.36%
2012-03-07,"2,935.69","426,270,000",0.87%
2012-03-08,"2,970.42","420,620,000",1.18%
2012-03-09,"2,988.34","403,430,000",0.60%
2012-03-12,"2,983.66","342,130,000",-0.16%
2012-03-13,"3,039.88","436,870,000",1.88%
2012-03-14,"3,040.73","428,470,000",0.03%
2012-03-15,"3,056.37","428,060,000",0.51%
2012-03-16,"3,055.26","792,070,000",-0.04%
2012-03-19,"3,078.32","383,480,000",0.75%
2012-03-20,"3,074.15","378,430,000",-0.14%
2012-03-21,"3,075.32","393,080,000",0.04%
2012-03-22,"3,063.32","385,900,000",-0.39%
2012-03-23,"3,067.92","391,250,000",0.15%
2012-03-26,"3,122.57","400,280,000",1.78%
2012-03-27,"3,120.35","401,790,000",-0.07%
2012-03-28,"3,104.96","457,810,000",-0.49%
2012-03-29,"3,095.36","449,580,000",-0.31%
2012-03-30,"3,091.57","519,080,000",-0.12%
2012-04-02,"3,119.70","454,670,000",0.91%
2012-04-03,"3,113.57","469,960,000",-0.20%
2012-04-04,"3,068.09","474,230,000",-1.46%
2012-04-05,"3,080.50","483,010,000",0.40%
2012-04-09,"3,047.08","371,850,000",-1.08%
2012-04-10,"2,991.22","508,810,000",-1.83%
2012-04-11,"3,016.46","412,660,000",0.84%
2012-04-12,"3,055.55","378,720,000",1.30%
2012-04-13,"3,011.33","388,070,000",-1.45%
2012-04-16,"2,988.40","417,640,000",-0.76%
2012-04-17,"3,042.82","403,180,000",1.82%
2012-04-18,"3,031.45","407,010,000",-0.37%
2012-04-19,"3,007.56","504,690,000",-0.79%
2012-04-20,"3,000.45","561,760,000",-0.24%
2012-04-23,"2,970.45","459,480,000",-1.00%
2012-04-24,"2,961.60","447,850,000",-0.30%
2012-04-25,"3,029.63","453,370,000",2.30%
2012-04-26,"3,050.61","443,710,000",0.69%
2012-04-27,"3,069.20","441,280,000",0.61%
2012-04-30,"3,046.36","444,230,000",-0.74%
2012-05-01,"3,050.44","469,880,000",0.13%
2012-05-02,"3,059.85","447,330,000",0.31%
2012-05-03,"3,024.30","471,780,000",-1.16%
2012-05-04,"2,956.34","465,450,000",-2.25%
2012-05-07,"2,957.76","429,480,000",0.05%
2012-05-08,"2,946.27","530,990,000",-0.39%
2012-05-09,"2,934.71","509,410,000",-0.39%
2012-05-10,"2,933.64","489,460,000",-0.04%
2012-05-11,"2,933.82","421,690,000",0.01%
2012-05-14,"2,902.58","430,210,000",-1.06%
2012-05-15,"2,893.76","444,740,000",-0.30%
2012-05-16,"2,874.04","484,880,000",-0.68%
2012-05-17,"2,813.69","506,330,000",-2.10%
2012-05-18,"2,778.79","582,490,000",-1.24%
2012-05-21,"2,847.21","486,210,000",2.46%
2012-05-22,"2,839.08","467,040,000",-0.29%
2012-05-23,"2,850.12","499,200,000",0.39%
2012-05-24,"2,839.38","462,110,000",-0.38%
2012-05-25,"2,837.53","335,020,000",-0.07%
2012-05-29,"2,870.99","440,950,000",1.18%
2012-05-30,"2,837.36","441,250,000",-1.17%
2012-05-31,"2,827.34","737,070,000",-0.35%
2012-06-01,"2,747.48","527,450,000",-2.82%
2012-06-04,"2,760.01","456,970,000",0.46%
2012-06-05,"2,778.11","415,100,000",0.66%
2012-06-06,"2,844.72","436,140,000",2.40%
2012-06-07,"2,831.02","444,100,000",-0.48%
2012-06-08,"2,858.42","368,770,000",0.97%
2012-06-11,"2,809.73","403,820,000",-1.70%
2012-06-12,"2,843.07","410,130,000",1.19%
2012-06-13,"2,818.61","419,760,000",-0.86%
2012-06-14,"2,836.33","428,660,000",0.63%
2012-06-15,"2,872.80","774,690,000",1.29%
2012-06-18,"2,895.33","412,120,000",0.78%
2012-06-19,"2,929.76","454,480,000",1.19%
2012-06-20,"2,930.45","400,040,000",0.02%
2012-06-21,"2,859.09","466,650,000",-2.44%
2012-06-22,"2,892.42","1,090,000,000",1.17%
2012-06-25,"2,836.16","401,020,000",-1.95%
2012-06-26,"2,854.06","401,860,000",0.63%
2012-06-27,"2,875.32","403,140,000",0.74%
2012-06-28,"2,849.49","474,680,000",-0.90%
2012-06-29,"2,935.05","569,180,000",3.00%
2012-07-02,"2,951.23","460,180,000",0.55%
2012-07-03,"2,976.08","262,390,000",0.84%
2012-07-05,"2,976.12","367,290,000",0.00%
2012-07-06,"2,937.33","366,470,000",-1.30%
2012-07-09,"2,931.77","380,940,000",-0.19%
2012-07-10,"2,902.33","435,820,000",-1.00%
2012-07-11,"2,887.98","434,690,000",-0.49%
2012-07-12,"2,866.19","442,270,000",-0.75%
2012-07-13,"2,908.47","343,990,000",1.48%
2012-07-16,"2,896.94","342,890,000",-0.40%
2012-07-17,"2,910.04","439,220,000",0.45%
2012-07-18,"2,942.60","446,540,000",1.12%
2012-07-19,"2,965.90","431,690,000",0.79%
2012-07-20,"2,925.30","543,620,000",-1.37%
2012-07-23,"2,890.15","408,470,000",-1.20%
2012-07-24,"2,862.99","451,960,000",-0.94%
2012-07-25,"2,854.24","456,730,000",-0.31%
2012-07-26,"2,893.25","485,680,000",1.37%
2012-07-27,"2,958.09","518,940,000",2.24%
2012-07-30,"2,945.84","359,900,000",-0.41%
2012-07-31,"2,939.52","478,610,000",-0.21%
2012-08-01,"2,920.21","475,210,000",-0.66%
2012-08-02,"2,909.77","471,220,000",-0.36%
2012-08-03,"2,967.90","432,040,000",2.00%
2012-08-06,"2,989.91","383,930,000",0.74%
2012-08-07,"3,015.86","450,340,000",0.87%
2012-08-08,"3,011.25","398,150,000",-0.15%
2012-08-09,"3,018.64","388,400,000",0.25%
2012-08-10,"3,020.86","358,010,000",0.07%
2012-08-13,"3,022.52","318,820,000",0.05%
2012-08-14,"3,016.98","371,460,000",-0.18%
2012-08-15,"3,030.93","364,140,000",0.46%
2012-08-16,"3,062.39","445,280,000",1.04%
2012-08-17,"3,076.59","411,830,000",0.46%
2012-08-20,"3,076.21","341,400,000",-0.01%
2012-08-21,"3,067.26","380,180,000",-0.29%
2012-08-22,"3,073.67","347,830,000",0.21%
2012-08-23,"3,053.40","339,910,000",-0.66%
2012-08-24,"3,069.79","315,450,000",0.54%
2012-08-27,"3,073.19","325,260,000",0.11%
2012-08-28,"3,077.14","315,420,000",0.13%
2012-08-29,"3,081.19","287,410,000",0.13%
2012-08-30,"3,048.71","290,310,000",-1.05%
2012-08-31,"3,066.96","377,440,000",0.60%
2012-09-04,"3,075.06","361,570,000",0.26%
2012-09-05,"3,069.27","359,620,000",-0.19%
2012-09-06,"3,135.81","444,530,000",2.17%
2012-09-07,"3,136.42","444,780,000",0.02%
2012-09-10,"3,104.02","349,410,000",-1.03%
2012-09-11,"3,104.53","340,710,000",0.02%
2012-09-12,"3,114.31","358,660,000",0.32%
2012-09-13,"3,155.83","444,320,000",1.33%
2012-09-14,"3,183.95","459,320,000",0.89%
2012-09-17,"3,178.67","349,080,000",-0.17%
2012-09-18,"3,177.80","371,460,000",-0.03%
2012-09-19,"3,182.62","403,830,000",0.15%
2012-09-20,"3,175.96","395,260,000",-0.21%
2012-09-21,"3,179.96","907,650,000",0.13%
2012-09-24,"3,160.78","387,100,000",-0.60%
2012-09-25,"3,117.73","439,320,000",-1.36%
2012-09-26,"3,093.70","391,160,000",-0.77%
2012-09-27,"3,136.60","393,320,000",1.39%
2012-09-28,"3,116.23","463,490,000",-0.65%
2012-10-01,"3,113.53","404,690,000",-0.09%
2012-10-02,"3,120.04","354,150,000",0.21%
2012-10-03,"3,135.23","371,290,000",0.49%
2012-10-04,"3,149.46","356,330,000",0.45%
2012-10-05,"3,136.19","348,180,000",-0.42%
2012-10-08,"3,112.35","348,250,000",-0.76%
2012-10-09,"3,065.02","350,430,000",-1.52%
2012-10-10,"3,051.78","358,010,000",-0.43%
2012-10-11,"3,049.41","351,380,000",-0.08%
2012-10-12,"3,044.11","347,090,000",-0.17%
2012-10-15,"3,064.18","360,450,000",0.66%
2012-10-16,"3,101.17","368,670,000",1.21%
2012-10-17,"3,104.12","405,950,000",0.10%
2012-10-18,"3,072.87","435,100,000",-1.01%
2012-10-19,"3,005.62","581,820,000",-2.19%
2012-10-22,"3,016.96","366,630,000",0.38%
2012-10-23,"2,990.46","408,040,000",-0.88%
2012-10-24,"2,981.70","448,430,000",-0.29%
2012-10-25,"2,986.12","428,330,000",0.15%
2012-10-26,"2,987.95","408,110,000",0.06%
2012-10-31,"2,977.23","445,440,000",-0.36%
2012-11-01,"3,020.06","455,180,000",1.44%
2012-11-02,"2,982.13","419,050,000",-1.26%
2012-11-05,"2,999.66","340,040,000",0.59%
2012-11-06,"3,011.93","402,490,000",0.41%
2012-11-07,"2,937.29","478,330,000",-2.48%
2012-11-08,"2,895.58","438,160,000",-1.42%
2012-11-09,"2,904.87","417,310,000",0.32%
2012-11-12,"2,904.25","297,280,000",-0.02%
2012-11-13,"2,883.89","417,560,000",-0.70%
2012-11-14,"2,846.81","481,760,000",-1.29%
2012-11-15,"2,836.94","446,320,000",-0.35%
2012-11-16,"2,853.13","555,840,000",0.57%
2012-11-19,"2,916.07","402,060,000",2.21%
2012-11-20,"2,916.68","350,530,000",0.02%
2012-11-21,"2,926.55","287,910,000",0.34%
2012-11-23,"2,966.85","182,640,000",1.38%
2012-11-26,"2,976.78","379,660,000",0.33%
2012-11-27,"2,967.79","394,720,000",-0.30%
2012-11-28,"2,991.78","411,770,000",0.81%
2012-11-29,"3,012.03","380,100,000",0.68%
2012-11-30,"3,010.24","655,380,000",-0.06%
2012-12-03,"3,002.20","371,180,000",-0.27%
2012-12-04,"2,996.69","391,210,000",-0.18%
2012-12-05,"2,973.70","396,200,000",-0.77%
2012-12-06,"2,989.27","364,110,000",0.52%
2012-12-07,"2,978.04","337,010,000",-0.38%
2012-12-10,"2,986.96","331,960,000",0.30%
2012-12-11,"3,022.30","426,180,000",1.18%
2012-12-12,"3,013.81","365,550,000",-0.28%
2012-12-13,"2,992.16","382,580,000",-0.72%
2012-12-14,"2,971.33","378,690,000",-0.70%
2012-12-17,"3,010.60","414,460,000",1.32%
2012-12-18,"3,054.53","424,900,000",1.46%
2012-12-19,"3,044.36","407,370,000",-0.33%
2012-12-20,"3,050.39","367,040,000",0.20%
2012-12-21,"3,021.01","1,080,000,000",-0.96%
2012-12-24,"3,012.60","146,530,000",-0.28%
2012-12-26,"2,990.16","227,330,000",-0.74%
2012-12-27,"2,985.91","283,950,000",-0.14%
2012-12-28,"2,960.31","257,630,000",-0.86%
2012-12-31,"3,019.51","374,050,000",2.00%
2013-01-02,"3,112.26","482,500,000",3.07%
2013-01-03,"3,100.57","379,340,000",-0.38%
2013-01-04,"3,101.66","366,400,000",0.04%
2013-01-07,"3,098.81","349,040,000",-0.09%
2013-01-08,"3,091.81","372,480,000",-0.23%
2013-01-09,"3,105.81","353,260,000",0.45%
2013-01-10,"3,121.76","353,220,000",0.51%
2013-01-11,"3,125.64","342,670,000",0.12%
2013-01-14,"3,117.50","386,850,000",-0.26%
2013-01-15,"3,110.78","374,300,000",-0.22%
2013-01-16,"3,117.54","352,340,000",0.22%
2013-01-17,"3,136.00","375,200,000",0.59%
2013-01-18,"3,134.71","486,020,000",-0.04%
2013-01-22,"3,143.18","379,220,000",0.27%
2013-01-23,"3,153.67","359,680,000",0.33%
2013-01-24,"3,130.38","427,840,000",-0.74%
2013-01-25,"3,149.71","409,490,000",0.62%
2013-01-28,"3,154.30","383,490,000",0.15%
2013-01-29,"3,153.66","423,350,000",-0.02%
2013-01-30,"3,142.31","439,350,000",-0.36%
2013-01-31,"3,142.13","520,150,000",-0.01%
2013-02-01,"3,179.10","470,010,000",1.18%
2013-02-04,"3,131.17","433,020,000",-1.51%
2013-02-05,"3,171.58","433,500,000",1.29%
2013-02-06,"3,168.48","414,860,000",-0.10%
2013-02-07,"3,165.13","414,270,000",-0.11%
2013-02-08,"3,193.87","383,640,000",0.91%
2013-02-11,"3,192.00","325,430,000",-0.06%
2013-02-12,"3,186.49","404,990,000",-0.17%
2013-02-13,"3,196.88","404,450,000",0.33%
2013-02-14,"3,198.66","415,060,000",0.06%
2013-02-15,"3,192.03","480,040,000",-0.21%
2013-02-19,"3,213.59","407,530,000",0.68%
2013-02-20,"3,164.41","459,790,000",-1.53%
2013-02-21,"3,131.49","441,000,000",-1.04%
2013-02-22,"3,161.82","359,900,000",0.97%
2013-02-25,"3,116.25","456,010,000",-1.44%
2013-02-26,"3,129.65","430,030,000",0.43%
2013-02-27,"3,162.26","396,960,000",1.04%
2013-02-28,"3,160.19","540,440,000",-0.07%
2013-03-01,"3,169.74","431,390,000",0.30%
2013-03-04,"3,182.03","397,770,000",0.39%
2013-03-05,"3,224.13","418,690,000",1.32%
2013-03-06,"3,222.37","377,540,000",-0.05%
2013-03-07,"3,232.09","365,780,000",0.30%
2013-03-08,"3,244.37","354,700,000",0.38%
2013-03-11,"3,252.87","346,200,000",0.26%
2013-03-12,"3,242.32","366,790,000",-0.32%
2013-03-13,"3,245.12","340,770,000",0.09%
2013-03-14,"3,258.93","364,800,000",0.43%
2013-03-15,"3,249.07","872,860,000",-0.30%
2013-03-18,"3,237.59","352,520,000",-0.35%
2013-03-19,"3,229.10","371,620,000",-0.26%
2013-03-20,"3,254.19","348,770,000",0.78%
2013-03-21,"3,222.60","360,380,000",-0.97%
2013-03-22,"3,245.00","354,600,000",0.70%
2013-03-25,"3,235.30","380,230,000",-0.30%
2013-03-26,"3,252.48","306,780,000",0.53%
2013-03-27,"3,256.52","316,130,000",0.12%
2013-03-28,"3,267.52","423,250,000",0.34%
2013-04-01,"3,239.17","366,640,000",-0.87%
2013-04-02,"3,254.86","366,750,000",0.48%
2013-04-03,"3,218.60","440,860,000",-1.11%
2013-04-04,"3,224.98","354,610,000",0.20%
2013-04-05,"3,203.86","400,590,000",-0.65%
2013-04-08,"3,222.25","333,250,000",0.57%
2013-04-09,"3,237.86","371,760,000",0.48%
2013-04-10,"3,297.25","420,210,000",1.83%
2013-04-11,"3,300.16","432,120,000",0.09%
2013-04-12,"3,294.95","374,580,000",-0.16%
2013-04-15,"3,216.49","484,380,000",-2.38%
2013-04-16,"3,264.63","387,380,000",1.50%
2013-04-17,"3,204.67","490,880,000",-1.84%
2013-04-18,"3,166.36","460,300,000",-1.20%
2013-04-19,"3,206.06","494,380,000",1.25%
2013-04-22,"3,233.55","426,940,000",0.86%
2013-04-23,"3,269.33","418,170,000",1.11%
2013-04-24,"3,269.65","425,310,000",0.01%
2013-04-25,"3,289.99","458,900,000",0.62%
2013-04-26,"3,279.26","429,900,000",-0.33%
2013-04-29,"3,307.02","369,130,000",0.85%
2013-04-30,"3,328.79","522,650,000",0.66%
2013-05-01,"3,299.13","458,000,000",-0.89%
2013-05-02,"3,340.62","394,590,000",1.26%
2013-05-03,"3,378.63","388,720,000",1.14%
2013-05-06,"3,392.97","334,290,000",0.42%
2013-05-07,"3,396.63","376,440,000",0.11%
2013-05-08,"3,413.27","384,610,000",0.49%
2013-05-09,"3,409.17","386,730,000",-0.12%
2013-05-10,"3,436.58","370,140,000",0.80%
2013-05-13,"3,438.79","355,120,000",0.06%
2013-05-14,"3,462.61","395,210,000",0.69%
2013-05-15,"3,471.62","399,040,000",0.26%
2013-05-16,"3,465.24","425,360,000",-0.18%
2013-05-17,"3,498.97","497,130,000",0.97%
2013-05-20,"3,496.43","405,120,000",-0.07%
2013-05-21,"3,502.12","401,050,000",0.16%
2013-05-22,"3,463.30","503,740,000",-1.11%
2013-05-23,"3,459.42","436,890,000",-0.11%
2013-05-24,"3,459.14","344,650,000",-0.01%
2013-05-28,"3,488.89","420,670,000",0.86%
2013-05-29,"3,467.52","384,640,000",-0.61%
2013-05-30,"3,491.30","399,850,000",0.69%
2013-05-31,"3,455.91","554,180,000",-1.01%
2013-06-03,"3,465.37","519,270,000",0.27%
2013-06-04,"3,445.26","456,830,000",-0.58%
2013-06-05,"3,401.48","438,820,000",-1.27%
2013-06-06,"3,424.05","444,550,000",0.66%
2013-06-07,"3,469.22","412,580,000",1.32%
2013-06-10,"3,473.77","356,290,000",0.13%
2013-06-11,"3,436.95","357,180,000",-1.06%
2013-06-12,"3,400.43","358,760,000",-1.06%
2013-06-13,"3,445.36","361,120,000",1.32%
2013-06-14,"3,423.56","340,270,000",-0.63%
2013-06-17,"3,452.13","366,210,000",0.83%
2013-06-18,"3,482.18","358,540,000",0.87%
2013-06-19,"3,443.20","389,860,000",-1.12%
2013-06-20,"3,364.64","496,990,000",-2.28%
2013-06-21,"3,357.25","1,080,000,000",-0.22%
2013-06-24,"3,320.76","493,600,000",-1.09%
2013-06-25,"3,347.89","408,550,000",0.82%
2013-06-26,"3,376.22","393,980,000",0.85%
2013-06-27,"3,401.86","392,160,000",0.76%
2013-06-28,"3,403.25","1,130,000,000",0.04%
2013-07-01,"3,434.49","394,860,000",0.92%
2013-07-02,"3,433.40","397,170,000",-0.03%
2013-07-03,"3,443.67","230,420,000",0.30%
2013-07-05,"3,479.38","311,460,000",1.04%
2013-07-08,"3,484.83","380,070,000",0.16%
2013-07-09,"3,504.26","385,450,000",0.56%
2013-07-10,"3,520.76","372,210,000",0.47%
2013-07-11,"3,578.30","403,900,000",1.63%
2013-07-12,"3,600.08","420,800,000",0.61%
2013-07-15,"3,607.49","333,350,000",0.21%
2013-07-16,"3,598.50","366,490,000",-0.25%
2013-07-17,"3,610.00","358,960,000",0.32%
2013-07-18,"3,611.28","377,390,000",0.04%
2013-07-19,"3,587.61","463,030,000",-0.66%
2013-07-22,"3,600.39","362,970,000",0.36%
2013-07-23,"3,579.27","362,450,000",-0.59%
2013-07-24,"3,579.60","416,680,000",0.01%
2013-07-25,"3,605.19","491,340,000",0.71%
2013-07-26,"3,613.16","388,830,000",0.22%
2013-07-29,"3,599.14","313,130,000",-0.39%
2013-07-30,"3,616.47","380,420,000",0.48%
2013-07-31,"3,626.37","454,730,000",0.27%
2013-08-01,"3,675.74","400,210,000",1.36%
2013-08-02,"3,689.59","362,140,000",0.38%
2013-08-05,"3,692.95","300,010,000",0.09%
2013-08-06,"3,665.77","345,090,000",-0.74%
2013-08-07,"3,654.01","376,950,000",-0.32%
2013-08-08,"3,669.12","374,290,000",0.41%
2013-08-09,"3,660.11","348,490,000",-0.25%
2013-08-12,"3,669.95","323,060,000",0.27%
2013-08-13,"3,684.44","361,420,000",0.39%
2013-08-14,"3,669.27","360,840,000",-0.41%
2013-08-15,"3,606.12","388,140,000",-1.72%
2013-08-16,"3,602.78","402,400,000",-0.09%
2013-08-19,"3,589.09","326,250,000",-0.38%
2013-08-20,"3,613.59","297,610,000",0.68%
2013-08-21,"3,599.79","340,210,000",-0.38%
2013-08-22,"3,638.71","257,820,000",1.08%
2013-08-23,"3,657.79","342,960,000",0.52%
2013-08-26,"3,657.57","320,250,000",-0.01%
2013-08-27,"3,578.52","371,070,000",-2.16%
2013-08-28,"3,593.35","314,630,000",0.41%
2013-08-29,"3,620.30","304,410,000",0.75%
2013-08-30,"3,589.87","365,190,000",-0.84%
2013-09-03,"3,612.61","411,220,000",0.63%
2013-09-04,"3,649.04","428,670,000",1.01%
2013-09-05,"3,658.78","337,420,000",0.27%
2013-09-06,"3,660.01","390,500,000",0.03%
2013-09-09,"3,706.18","351,950,000",1.26%
2013-09-10,"3,729.02","403,550,000",0.62%
2013-09-11,"3,725.01","382,310,000",-0.11%
2013-09-12,"3,715.97","350,680,000",-0.24%
2013-09-13,"3,722.18","307,640,000",0.17%
2013-09-16,"3,717.85","350,890,000",-0.12%
2013-09-17,"3,745.70","335,970,000",0.75%
2013-09-18,"3,783.64","413,280,000",1.01%
2013-09-19,"3,789.38","388,050,000",0.15%
2013-09-20,"3,774.73","965,150,000",-0.39%
2013-09-23,"3,765.29","412,330,000",-0.25%
2013-09-24,"3,768.25","411,180,000",0.08%
2013-09-25,"3,761.10","396,660,000",-0.19%
2013-09-26,"3,787.43","391,050,000",0.70%
2013-09-27,"3,781.59","378,980,000",-0.15%
2013-09-30,"3,771.48","517,560,000",-0.27%
2013-10-01,"3,817.98","427,650,000",1.23%
2013-10-02,"3,815.02","389,040,000",-0.08%
2013-10-03,"3,774.34","432,210,000",-1.07%
2013-10-04,"3,807.75","342,500,000",0.89%
2013-10-07,"3,770.38","350,760,000",-0.98%
2013-10-08,"3,694.83","481,570,000",-2.00%
2013-10-09,"3,677.78","533,370,000",-0.46%
2013-10-10,"3,760.75","437,740,000",2.26%
2013-10-11,"3,791.87","408,390,000",0.83%
2013-10-14,"3,815.28","364,000,000",0.62%
2013-10-15,"3,794.01","432,680,000",-0.56%
2013-10-16,"3,839.43","408,350,000",1.20%
2013-10-17,"3,863.15","480,880,000",0.62%
2013-10-18,"3,914.28","534,410,000",1.32%
2013-10-21,"3,920.05","410,330,000",0.15%
2013-10-22,"3,929.57","446,620,000",0.24%
2013-10-23,"3,907.07","450,530,000",-0.57%
2013-10-24,"3,928.96","486,020,000",0.56%
2013-10-25,"3,943.36","475,410,000",0.37%
2013-10-28,"3,940.13","514,120,000",-0.08%
2013-10-29,"3,952.34","454,050,000",0.31%
2013-10-30,"3,930.62","457,280,000",-0.55%
2013-10-31,"3,919.71","587,130,000",-0.28%
2013-11-01,"3,922.04","485,980,000",0.06%
2013-11-04,"3,936.59","429,070,000",0.37%
2013-11-05,"3,939.86","455,480,000",0.08%
2013-11-06,"3,931.95","461,990,000",-0.20%
2013-11-07,"3,857.33","547,990,000",-1.90%
2013-11-08,"3,919.23","470,450,000",1.60%
2013-11-11,"3,919.79","386,460,000",0.01%
2013-11-12,"3,919.92","427,100,000",0.00%
2013-11-13,"3,965.57","443,720,000",1.16%
2013-11-14,"3,972.74","444,850,000",0.18%
2013-11-15,"3,985.97","494,970,000",0.33%
2013-11-18,"3,949.07","434,400,000",-0.93%
2013-11-19,"3,931.55","406,970,000",-0.44%
2013-11-20,"3,921.27","401,250,000",-0.26%
2013-11-21,"3,969.16","406,570,000",1.22%
2013-11-22,"3,991.65","405,050,000",0.57%
2013-11-25,"3,994.57","415,560,000",0.07%
2013-11-26,"4,017.75","468,580,000",0.58%
2013-11-27,"4,044.75","337,400,000",0.67%
2013-11-29,"4,059.89","239,420,000",0.37%
2013-12-02,"4,045.26","404,830,000",-0.36%
2013-12-03,"4,037.20","457,780,000",-0.20%
2013-12-04,"4,038.00","456,820,000",0.02%
2013-12-05,"4,033.16","442,980,000",-0.12%
2013-12-06,"4,062.52","412,610,000",0.73%
2013-12-09,"4,068.75","406,930,000",0.15%
2013-12-10,"4,060.49","431,430,000",-0.20%
2013-12-11,"4,003.81","465,820,000",-1.40%
2013-12-12,"3,998.40","451,760,000",-0.14%
2013-12-13,"4,000.97","387,860,000",0.06%
2013-12-16,"4,029.52","462,160,000",0.71%
2013-12-17,"4,023.68","438,150,000",-0.14%
2013-12-18,"4,070.06","535,090,000",1.15%
2013-12-19,"4,058.14","420,200,000",-0.29%
2013-12-20,"4,104.74","1,250,000,000",1.15%
2013-12-23,"4,148.90","424,750,000",1.08%
2013-12-24,"4,155.42","190,370,000",0.16%
2013-12-26,"4,167.18","279,530,000",0.28%
2013-12-27,"4,156.59","283,550,000",-0.25%
2013-12-30,"4,154.20","305,830,000",-0.06%
2013-12-31,"4,176.59","353,350,000",0.54%
2014-01-02,"4,143.07","428,230,000",-0.80%
2014-01-03,"4,131.91","381,910,000",-0.27%
2014-01-06,"4,113.68","526,250,000",-0.44%
2014-01-07,"4,153.18","513,530,000",0.96%
2014-01-08,"4,165.61","545,340,000",0.30%
2014-01-09,"4,156.19","520,400,000",-0.23%
2014-01-10,"4,174.66","483,380,000",0.44%
2014-01-13,"4,113.30","549,440,000",-1.47%
2014-01-14,"4,183.02","470,400,000",1.69%
2014-01-15,"4,214.88","491,430,000",0.76%
2014-01-16,"4,218.69","459,920,000",0.09%
2014-01-17,"4,197.58","619,380,000",-0.50%
2014-01-21,"4,225.76","502,830,000",0.67%
2014-01-22,"4,243.00","483,040,000",0.41%
2014-01-23,"4,218.88","549,540,000",-0.57%
2014-01-24,"4,128.17","606,960,000",-2.15%
2014-01-27,"4,083.61","579,540,000",-1.08%
2014-01-28,"4,097.96","496,490,000",0.35%
2014-01-29,"4,051.43","555,450,000",-1.14%
2014-01-30,"4,123.12","507,590,000",1.77%
2014-01-31,"4,103.88","617,340,000",-0.47%
2014-02-03,"3,996.96","662,970,000",-2.61%
2014-02-04,"4,031.52","561,050,000",0.86%
2014-02-05,"4,011.55","535,250,000",-0.50%
2014-02-06,"4,057.12","480,950,000",1.14%
2014-02-07,"4,125.86","532,900,000",1.69%
2014-02-10,"4,148.17","467,910,000",0.54%
2014-02-11,"4,191.05","478,480,000",1.03%
2014-02-12,"4,201.29","494,540,000",0.24%
2014-02-13,"4,240.67","538,010,000",0.94%
2014-02-14,"4,244.02","454,930,000",0.08%
2014-02-18,"4,272.78","498,370,000",0.68%
2014-02-19,"4,237.95","493,760,000",-0.82%
2014-02-20,"4,267.55","494,500,000",0.70%
2014-02-21,"4,263.41","588,210,000",-0.10%
2014-02-24,"4,292.97","535,270,000",0.69%
2014-02-25,"4,287.59","496,240,000",-0.13%
2014-02-26,"4,292.06","493,190,000",0.10%
2014-02-27,"4,318.93","487,350,000",0.63%
2014-02-28,"4,308.12","643,340,000",-0.25%
2014-03-03,"4,277.30","507,660,000",-0.72%
2014-03-04,"4,351.97","643,050,000",1.75%
2014-03-05,"4,357.97","514,260,000",0.14%
2014-03-06,"4,352.12","499,170,000",-0.13%
2014-03-07,"4,336.22","514,040,000",-0.37%
2014-03-10,"4,334.45","501,330,000",-0.04%
2014-03-11,"4,307.19","573,280,000",-0.63%
2014-03-12,"4,323.33","498,610,000",0.37%
2014-03-13,"4,260.42","569,830,000",-1.46%
2014-03-14,"4,245.40","507,680,000",-0.35%
2014-03-17,"4,279.95","446,410,000",0.81%
2014-03-18,"4,333.31","456,460,000",1.25%
2014-03-19,"4,307.60","478,150,000",-0.59%
2014-03-20,"4,319.29","431,120,000",0.27%
2014-03-21,"4,276.79","1,200,000,000",-0.98%
2014-03-24,"4,226.39","604,090,000",-1.18%
2014-03-25,"4,234.27","510,490,000",0.19%
2014-03-26,"4,173.58","577,280,000",-1.43%
2014-03-27,"4,151.23","549,860,000",-0.54%
2014-03-28,"4,155.76","483,500,000",0.11%
2014-03-31,"4,198.99","554,210,000",1.04%
2014-04-01,"4,268.04","533,020,000",1.64%
2014-04-02,"4,276.46","495,120,000",0.20%
2014-04-03,"4,237.74","499,910,000",-0.91%
2014-04-04,"4,127.73","653,310,000",-2.60%
2014-04-07,"4,079.75","649,900,000",-1.16%
2014-04-08,"4,112.99","542,200,000",0.81%
2014-04-09,"4,183.90","473,340,000",1.72%
2014-04-10,"4,054.11","612,450,000",-3.10%
2014-04-11,"3,999.73","593,440,000",-1.34%
2014-04-14,"4,022.69","488,250,000",0.57%
2014-04-15,"4,034.16","591,540,000",0.29%
2014-04-16,"4,086.22","481,180,000",1.29%
2014-04-17,"4,095.52","506,530,000",0.23%
2014-04-21,"4,121.55","395,740,000",0.64%
2014-04-22,"4,161.46","463,210,000",0.97%
2014-04-23,"4,126.97","447,600,000",-0.83%
2014-04-24,"4,148.34","521,520,000",0.52%
2014-04-25,"4,075.56","526,900,000",-1.75%
2014-04-28,"4,074.40","572,110,000",-0.03%
2014-04-29,"4,103.54","457,600,000",0.72%
2014-04-30,"4,114.56","547,570,000",0.27%
2014-05-01,"4,127.45","536,770,000",0.31%
2014-05-02,"4,123.90","480,280,000",-0.09%
2014-05-05,"4,138.06","404,880,000",0.34%
2014-05-06,"4,080.76","479,260,000",-1.38%
2014-05-07,"4,067.67","636,410,000",-0.32%
2014-05-08,"4,051.50","588,770,000",-0.40%
2014-05-09,"4,071.87","502,340,000",0.50%
2014-05-12,"4,143.86","485,710,000",1.77%
2014-05-13,"4,130.16","446,520,000",-0.33%
2014-05-14,"4,100.63","443,260,000",-0.71%
2014-05-15,"4,069.29","539,000,000",-0.76%
2014-05-16,"4,090.59","469,900,000",0.52%
2014-05-19,"4,125.81","401,440,000",0.86%
2014-05-20,"4,096.89","459,620,000",-0.70%
2014-05-21,"4,131.54","417,630,000",0.85%
2014-05-22,"4,154.34","434,350,000",0.55%
2014-05-23,"4,185.81","387,930,000",0.76%
2014-05-27,"4,237.07","429,960,000",1.22%
2014-05-28,"4,225.07","406,890,000",-0.28%
2014-05-29,"4,247.95","365,310,000",0.54%
2014-05-30,"4,242.62","511,400,000",-0.13%
2014-06-02,"4,237.20","408,840,000",-0.13%
2014-06-03,"4,234.08","432,930,000",-0.07%
2014-06-04,"4,251.64","392,280,000",0.41%
2014-06-05,"4,296.23","456,390,000",1.05%
2014-06-06,"4,321.40","409,130,000",0.59%
2014-06-09,"4,336.24","435,140,000",0.34%
2014-06-10,"4,338.00","419,940,000",0.04%
2014-06-11,"4,331.93","408,360,000",-0.14%
2014-06-12,"4,297.63","454,960,000",-0.79%
2014-06-13,"4,310.65","430,050,000",0.30%
2014-06-16,"4,321.10","407,960,000",0.24%
2014-06-17,"4,337.23","444,940,000",0.37%
2014-06-18,"4,362.84","434,830,000",0.59%
2014-06-19,"4,359.33","440,750,000",-0.08%
2014-06-20,"4,368.04","1,060,000,000",0.20%
2014-06-23,"4,368.68","424,370,000",0.01%
2014-06-24,"4,350.35","482,180,000",-0.42%
2014-06-25,"4,379.76","422,560,000",0.68%
2014-06-26,"4,379.05","360,130,000",-0.02%
2014-06-27,"4,397.93","1,130,000,000",0.43%
2014-06-30,"4,408.18","493,490,000",0.23%
2014-07-01,"4,458.65","490,570,000",1.14%
2014-07-02,"4,457.73","386,490,000",-0.02%
2014-07-03,"4,485.93","296,070,000",0.63%
2014-07-07,"4,451.53","424,550,000",-0.77%
2014-07-08,"4,391.46","540,900,000",-1.35%
2014-07-09,"4,419.03","414,260,000",0.63%
2014-07-10,"4,396.20","409,740,000",-0.52%
2014-07-11,"4,415.49","365,720,000",0.44%
2014-07-14,"4,440.42","377,890,000",0.56%
2014-07-15,"4,416.39","444,640,000",-0.54%
2014-07-16,"4,425.97","492,610,000",0.22%
2014-07-17,"4,363.45","505,570,000",-1.41%
2014-07-18,"4,432.15","494,560,000",1.57%
2014-07-21,"4,424.70","379,180,000",-0.17%
2014-07-22,"4,456.02","403,350,000",0.71%
2014-07-23,"4,473.70","448,410,000",0.40%
2014-07-24,"4,472.11","456,080,000",-0.04%
2014-07-25,"4,449.56","420,140,000",-0.50%
2014-07-28,"4,444.91","430,750,000",-0.10%
2014-07-29,"4,442.70","486,030,000",-0.05%
2014-07-30,"4,462.90","457,160,000",0.45%
2014-07-31,"4,369.77","574,240,000",-2.09%
2014-08-01,"4,352.64","504,650,000",-0.39%
2014-08-04,"4,383.89","435,810,000",0.72%
2014-08-05,"4,352.84","467,510,000",-0.71%
2014-08-06,"4,355.05","444,290,000",0.05%
2014-08-07,"4,334.97","456,470,000",-0.46%
2014-08-08,"4,370.90","435,750,000",0.83%
2014-08-11,"4,401.33","366,750,000",0.70%
2014-08-12,"4,389.25","366,690,000",-0.27%
2014-08-13,"4,434.12","372,800,000",1.02%
2014-08-14,"4,453.00","334,040,000",0.43%
2014-08-15,"4,464.93","507,500,000",0.27%
2014-08-18,"4,508.31","395,420,000",0.97%
2014-08-19,"4,527.51","373,140,000",0.43%
2014-08-20,"4,526.48","356,530,000",-0.02%
2014-08-21,"4,532.10","349,360,000",0.12%
2014-08-22,"4,538.55","329,970,000",0.14%
2014-08-25,"4,557.35","334,630,000",0.41%
2014-08-26,"4,570.64","342,630,000",0.29%
2014-08-27,"4,569.62","335,940,000",-0.02%
2014-08-28,"4,557.69","321,030,000",-0.26%
2014-08-29,"4,580.27","354,030,000",0.50%
2014-09-02,"4,598.19","445,940,000",0.39%
2014-09-03,"4,572.56","456,170,000",-0.56%
2014-09-04,"4,562.29","411,000,000",-0.22%
2014-09-05,"4,582.90","403,420,000",0.45%
2014-09-08,"4,592.28","412,630,000",0.20%
2014-09-09,"4,552.28","455,940,000",-0.87%
2014-09-10,"4,586.52","426,460,000",0.75%
2014-09-11,"4,591.81","407,260,000",0.12%
2014-09-12,"4,567.60","440,810,000",-0.53%
2014-09-15,"4,518.90","463,550,000",-1.07%
2014-09-16,"4,552.76","467,050,000",0.75%
2014-09-17,"4,562.19","441,010,000",0.21%
2014-09-18,"4,593.43","430,260,000",0.68%
2014-09-19,"4,579.79","1,200,000,000",-0.30%
2014-09-22,"4,527.69","471,720,000",-1.14%
2014-09-23,"4,508.69","461,870,000",-0.42%
2014-09-24,"4,555.22","430,450,000",1.03%
2014-09-25,"4,466.75","490,170,000",-1.94%
2014-09-26,"4,512.19","409,650,000",1.02%
2014-09-29,"4,505.85","432,410,000",-0.14%
2014-09-30,"4,493.39","573,840,000",-0.28%
2014-10-01,"4,422.09","575,570,000",-1.59%
2014-10-02,"4,430.19","512,300,000",0.18%
2014-10-03,"4,475.62","459,890,000",1.03%
2014-10-06,"4,454.80","463,150,000",-0.47%
2014-10-07,"4,385.20","510,600,000",-1.56%
2014-10-08,"4,468.59","595,040,000",1.90%
2014-10-09,"4,378.34","552,970,000",-2.02%
2014-10-10,"4,276.24","714,330,000",-2.33%
2014-10-13,"4,213.66","631,030,000",-1.46%
2014-10-14,"4,227.17","652,380,000",0.32%
2014-10-15,"4,215.32","794,030,000",-0.28%
2014-10-16,"4,217.39","692,060,000",0.05%
2014-10-17,"4,258.44","667,360,000",0.97%
2014-10-20,"4,316.07","456,920,000",1.35%
2014-10-21,"4,419.48","492,350,000",2.40%
2014-10-22,"4,382.85","501,410,000",-0.83%
2014-10-23,"4,452.79","508,530,000",1.60%
2014-10-24,"4,483.72","446,470,000",0.69%
2014-10-27,"4,485.93","413,390,000",0.05%
2014-10-28,"4,564.29","507,390,000",1.75%
2014-10-29,"4,549.23","543,050,000",-0.33%
2014-10-30,"4,566.14","516,180,000",0.37%
2014-10-31,"4,630.74","659,760,000",1.41%
2014-11-03,"4,638.91","522,970,000",0.18%
2014-11-04,"4,623.64","480,850,000",-0.33%
2014-11-05,"4,620.72","497,480,000",-0.06%
2014-11-06,"4,638.47","482,300,000",0.38%
2014-11-07,"4,632.53","475,310,000",-0.13%
2014-11-10,"4,651.62","471,190,000",0.41%
2014-11-11,"4,660.56","411,430,000",0.19%
2014-11-12,"4,675.14","447,410,000",0.31%
2014-11-13,"4,680.14","457,990,000",0.11%
2014-11-14,"4,688.54","433,430,000",0.18%
2014-11-17,"4,671.00","429,260,000",-0.37%
2014-11-18,"4,702.44","421,880,000",0.67%
2014-11-19,"4,675.71","427,480,000",-0.57%
2014-11-20,"4,701.87","411,100,000",0.56%
2014-11-21,"4,712.97","550,290,000",0.24%
2014-11-24,"4,754.89","413,330,000",0.89%
2014-11-25,"4,758.25","491,470,000",0.07%
2014-11-26,"4,787.32","351,090,000",0.61%
2014-11-28,"4,791.63","300,150,000",0.09%
2014-12-01,"4,727.35","481,090,000",-1.34%
2014-12-02,"4,755.81","460,390,000",0.60%
2014-12-03,"4,774.47","450,700,000",0.39%
2014-12-04,"4,769.44","448,630,000",-0.11%
2014-12-05,"4,780.76","449,460,000",0.24%
2014-12-08,"4,740.69","497,780,000",-0.84%
2014-12-09,"4,766.47","484,640,000",0.54%
2014-12-10,"4,684.02","481,570,000",-1.73%
2014-12-11,"4,708.16","448,120,000",0.52%
2014-12-12,"4,653.60","489,470,000",-1.16%
2014-12-15,"4,605.16","568,380,000",-1.04%
2014-12-16,"4,547.83","587,100,000",-1.24%
2014-12-17,"4,644.31","573,500,000",2.12%
2014-12-18,"4,748.40","553,980,000",2.24%
2014-12-19,"4,765.38","1,290,000,000",0.36%
2014-12-22,"4,781.42","450,590,000",0.34%
2014-12-23,"4,765.42","405,380,000",-0.33%
2014-12-24,"4,773.47","195,600,000",0.17%
2014-12-26,"4,806.86","264,820,000",0.70%
2014-12-29,"4,806.91","312,340,000",0.00%
2014-12-30,"4,777.44","316,500,000",-0.61%
2014-12-31,"4,736.05","422,140,000",-0.87%
2015-01-02,"4,726.81","367,740,000",-0.20%
2015-01-05,"4,652.57","476,450,000",-1.57%
2015-01-06,"4,592.74","553,620,000",-1.29%
2015-01-07,"4,650.47","482,510,000",1.26%
2015-01-08,"4,736.19","548,100,000",1.84%
2015-01-09,"4,704.07","430,670,000",-0.68%
2015-01-12,"4,664.71","491,280,000",-0.84%
2015-01-13,"4,661.50","566,520,000",-0.07%
2015-01-14,"4,639.32","527,380,000",-0.48%
2015-01-15,"4,570.82","525,690,000",-1.48%
2015-01-16,"4,634.38","548,600,000",1.39%
2015-01-20,"4,654.85","473,620,000",0.44%
2015-01-21,"4,667.42","463,220,000",0.27%
2015-01-22,"4,750.40","515,530,000",1.78%
2015-01-23,"4,757.88","414,940,000",0.16%
2015-01-26,"4,771.76","460,890,000",0.29%
2015-01-27,"4,681.50","469,340,000",-1.89%
2015-01-28,"4,637.99","534,450,000",-0.93%
2015-01-29,"4,683.41","529,670,000",0.98%
2015-01-30,"4,635.24","638,810,000",-1.03%
2015-02-02,"4,676.69","525,390,000",0.89%
2015-02-03,"4,727.74","553,800,000",1.09%
2015-02-04,"4,716.70","549,870,000",-0.23%
2015-02-05,"4,765.10","501,770,000",1.03%
2015-02-06,"4,744.40","494,100,000",-0.43%
2015-02-09,"4,726.01","411,220,000",-0.39%
2015-02-10,"4,787.65","441,960,000",1.30%
2015-02-11,"4,801.18","433,800,000",0.28%
2015-02-12,"4,857.61","480,020,000",1.18%
2015-02-13,"4,893.84","455,860,000",0.75%
2015-02-17,"4,899.27","450,150,000",0.11%
2015-02-18,"4,906.36","410,200,000",0.14%
2015-02-19,"4,924.70","380,210,000",0.37%
2015-02-20,"4,955.97","456,720,000",0.63%
2015-02-23,"4,960.97","452,050,000",0.10%
2015-02-24,"4,968.12","429,640,000",0.14%
2015-02-25,"4,967.14","422,940,000",-0.02%
2015-02-26,"4,987.89","437,960,000",0.42%
2015-02-27,"4,963.53","485,690,000",-0.49%
2015-03-02,"5,008.10","468,540,000",0.90%
2015-03-03,"4,979.90","481,230,000",-0.56%
2015-03-04,"4,967.14","433,190,000",-0.26%
2015-03-05,"4,982.81","417,030,000",0.32%
2015-03-06,"4,927.37","462,810,000",-1.11%
2015-03-09,"4,942.44","405,490,000",0.31%
2015-03-10,"4,859.80","460,960,000",-1.67%
2015-03-11,"4,849.94","456,590,000",-0.20%
2015-03-12,"4,893.29","451,950,000",0.89%
2015-03-13,"4,871.76","439,590,000",-0.44%
2015-03-16,"4,929.51","417,730,000",1.19%
2015-03-17,"4,937.44","415,820,000",0.16%
2015-03-18,"4,982.83","473,040,000",0.92%
2015-03-19,"4,992.38","388,560,000",0.19%
2015-03-20,"5,026.42","1,070,000,000",0.68%
2015-03-23,"5,010.97","394,240,000",-0.31%
2015-03-24,"4,994.73","383,800,000",-0.32%
2015-03-25,"4,876.52","518,110,000",-2.37%
2015-03-26,"4,863.36","488,340,000",-0.27%
2015-03-27,"4,891.22","429,390,000",0.57%
2015-03-30,"4,947.44","419,660,000",1.15%
2015-03-31,"4,900.88","509,760,000",-0.94%
2015-04-01,"4,880.23","457,080,000",-0.42%
2015-04-02,"4,886.94","383,830,000",0.14%
2015-04-06,"4,917.32","466,900,000",0.62%
2015-04-07,"4,910.23","373,960,000",-0.14%
2015-04-08,"4,950.82","409,410,000",0.83%
2015-04-09,"4,974.56","387,110,000",0.48%
2015-04-10,"4,995.98","341,080,000",0.43%
2015-04-13,"4,988.25","369,220,000",-0.15%
2015-04-14,"4,977.29","364,240,000",-0.22%
2015-04-15,"5,011.02","425,850,000",0.68%
2015-04-16,"5,007.79","383,970,000",-0.06%
2015-04-17,"4,931.81","506,000,000",-1.52%
2015-04-20,"4,994.60","386,630,000",1.27%
2015-04-21,"5,014.10","381,510,000",0.39%
2015-04-22,"5,035.17","398,300,000",0.42%
2015-04-23,"5,056.06","435,930,000",0.41%
2015-04-24,"5,092.09","467,320,000",0.71%
2015-04-27,"5,060.25","506,280,000",-0.63%
2015-04-28,"5,055.42","476,100,000",-0.10%
2015-04-29,"5,023.64","443,710,000",-0.63%
2015-04-30,"4,941.42","591,670,000",-1.64%
2015-05-01,"5,005.39","461,130,000",1.29%
2015-05-04,"5,016.93","415,230,000",0.23%
2015-05-05,"4,939.33","479,750,000",-1.55%
2015-05-06,"4,919.64","496,020,000",-0.40%
2015-05-07,"4,945.54","470,260,000",0.53%
2015-05-08,"5,003.55","450,650,000",1.17%
2015-05-11,"4,993.57","410,320,000",-0.20%
2015-05-12,"4,976.19","403,840,000",-0.35%
2015-05-13,"4,981.69","384,760,000",0.11%
2015-05-14,"5,050.80","404,810,000",1.39%
2015-05-15,"5,048.29","431,420,000",-0.05%
2015-05-18,"5,078.44","391,350,000",0.60%
2015-05-19,"5,070.03","412,310,000",-0.17%
2015-05-20,"5,071.74","401,520,000",0.03%
2015-05-21,"5,090.79","381,240,000",0.38%
2015-05-22,"5,089.36","363,370,000",-0.03%
2015-05-26,"5,032.75","442,170,000",-1.11%
2015-05-27,"5,106.59","424,870,000",1.47%
2015-05-28,"5,097.98","400,530,000",-0.17%
2015-05-29,"5,070.02","545,790,000",-0.55%
2015-06-01,"5,082.93","444,440,000",0.25%
2015-06-02,"5,076.52","410,950,000",-0.13%
2015-06-03,"5,099.23","411,410,000",0.45%
2015-06-04,"5,059.12","407,340,000",-0.79%
2015-06-05,"5,068.46","426,330,000",0.18%
2015-06-08,"5,021.63","388,070,000",-0.92%
2015-06-09,"5,013.86","394,830,000",-0.15%
2015-06-10,"5,076.69","428,370,000",1.25%
2015-06-11,"5,082.51","406,910,000",0.11%
2015-06-12,"5,051.10","348,820,000",-0.62%
2015-06-15,"5,029.97","429,320,000",-0.42%
2015-06-16,"5,055.55","373,640,000",0.51%
2015-06-17,"5,064.88","394,120,000",0.18%
2015-06-18,"5,132.95","434,520,000",1.34%
2015-06-19,"5,117.00","994,330,000",-0.31%
2015-06-22,"5,153.97","392,190,000",0.72%
2015-06-23,"5,160.10","363,880,000",0.12%
2015-06-24,"5,122.41","396,720,000",-0.73%
2015-06-25,"5,112.19","404,120,000",-0.20%
2015-06-26,"5,080.51","1,250,000,000",-0.62%
2015-06-29,"4,958.47","490,090,000",-2.40%
2015-06-30,"4,986.87","536,570,000",0.57%
2015-07-01,"5,013.12","425,750,000",0.53%
2015-07-02,"5,009.21","357,110,000",-0.08%
2015-07-06,"4,991.94","489,030,000",-0.34%
2015-07-07,"4,997.46","495,440,000",0.11%
2015-07-08,"4,909.76","450,170,000",-1.75%
2015-07-09,"4,922.40","424,410,000",0.26%
2015-07-10,"4,997.70","369,460,000",1.53%
2015-07-13,"5,071.51","383,980,000",1.48%
2015-07-14,"5,104.89","386,790,000",0.66%
2015-07-15,"5,098.94","384,200,000",-0.12%
2015-07-16,"5,163.18","382,620,000",1.26%
2015-07-17,"5,210.14","443,210,000",0.91%
2015-07-20,"5,218.86","390,350,000",0.17%
2015-07-21,"5,208.12","398,160,000",-0.21%
2015-07-22,"5,171.77","444,460,000",-0.70%
2015-07-23,"5,146.41","439,500,000",-0.49%
2015-07-24,"5,088.63","474,840,000",-1.12%
2015-07-27,"5,039.78","452,920,000",-0.96%
2015-07-28,"5,089.21","475,080,000",0.98%
2015-07-29,"5,111.73","443,580,000",0.44%
2015-07-30,"5,128.78","432,340,000",0.33%
2015-07-31,"5,128.28","517,900,000",-0.01%
2015-08-03,"5,115.38","411,240,000",-0.25%
2015-08-04,"5,105.55","419,370,000",-0.19%
2015-08-05,"5,139.94","452,960,000",0.67%
2015-08-06,"5,056.44","511,220,000",-1.62%
2015-08-07,"5,043.54","465,430,000",-0.26%
2015-08-10,"5,101.80","435,820,000",1.16%
2015-08-11,"5,036.79","451,200,000",-1.27%
2015-08-12,"5,044.39","474,100,000",0.15%
2015-08-13,"5,033.56","376,050,000",-0.21%
2015-08-14,"5,048.23","343,630,000",0.29%
2015-08-17,"5,091.70","360,390,000",0.86%
2015-08-18,"5,059.35","347,370,000",-0.64%
2015-08-19,"5,019.05","399,250,000",-0.80%
2015-08-20,"4,877.49","477,700,000",-2.82%
2015-08-21,"4,706.04","716,260,000",-3.52%
2015-08-24,"4,526.25","926,380,000",-3.82%
2015-08-25,"4,506.49","657,530,000",-0.44%
2015-08-26,"4,697.54","633,100,000",4.24%
2015-08-27,"4,812.71","590,550,000",2.45%
2015-08-28,"4,828.32","509,590,000",0.32%
2015-08-31,"4,776.51","498,170,000",-1.07%
2015-09-01,"4,636.10","582,680,000",-2.94%
2015-09-02,"4,749.98","472,710,000",2.46%
2015-09-03,"4,733.50","434,440,000",-0.35%
2015-09-04,"4,683.92","378,950,000",-1.05%
2015-09-08,"4,811.93","445,730,000",2.73%
2015-09-09,"4,756.53","460,530,000",-1.15%
2015-09-10,"4,796.25","444,140,000",0.84%
2015-09-11,"4,822.34","396,560,000",0.54%
2015-09-14,"4,805.76","358,080,000",-0.34%
2015-09-15,"4,860.52","353,270,000",1.14%
2015-09-16,"4,889.24","382,590,000",0.59%
2015-09-17,"4,893.95","444,770,000",0.10%
2015-09-18,"4,827.23","1,360,000,000",-1.36%
2015-09-21,"4,828.95","453,540,000",0.04%
2015-09-22,"4,756.72","477,770,000",-1.50%
2015-09-23,"4,752.74","365,130,000",-0.08%
2015-09-24,"4,734.48","481,390,000",-0.38%
2015-09-25,"4,686.50","501,800,000",-1.01%
2015-09-28,"4,543.97","558,000,000",-3.04%
2015-09-29,"4,517.32","548,610,000",-0.59%
2015-09-30,"4,620.16","623,880,000",2.28%
2015-10-01,"4,627.08","501,350,000",0.15%
2015-10-02,"4,707.77","510,640,000",1.74%
2015-10-05,"4,781.26","490,220,000",1.56%
2015-10-06,"4,748.36","471,980,000",-0.69%
2015-10-07,"4,791.15","522,590,000",0.90%
2015-10-08,"4,810.79","441,400,000",0.41%
2015-10-09,"4,830.47","404,830,000",0.41%
2015-10-12,"4,838.64","316,990,000",0.17%
2015-10-13,"4,796.61","354,140,000",-0.87%
2015-10-14,"4,782.85","435,240,000",-0.29%
2015-10-15,"4,870.10","445,820,000",1.82%
2015-10-16,"4,886.69","494,940,000",0.34%
2015-10-19,"4,905.47","380,430,000",0.38%
2015-10-20,"4,880.97","387,510,000",-0.50%
2015-10-21,"4,840.12","431,970,000",-0.84%
2015-10-22,"4,920.05","505,000,000",1.65%
2015-10-23,"5,031.86","509,630,000",2.27%
2015-10-26,"5,034.70","418,690,000",0.06%
2015-10-27,"5,030.15","455,960,000",-0.09%
2015-10-28,"5,095.69","493,380,000",1.30%
2015-10-29,"5,074.27","426,890,000",-0.42%
2015-10-30,"5,053.75","509,290,000",-0.40%
2015-11-02,"5,127.15","427,280,000",1.45%
2015-11-03,"5,145.13","446,940,000",0.35%
2015-11-04,"5,142.48","466,940,000",-0.05%
2015-11-05,"5,127.74","456,550,000",-0.29%
2015-11-06,"5,147.12","471,930,000",0.38%
2015-11-09,"5,095.30","436,180,000",-1.01%
2015-11-10,"5,083.24","432,610,000",-0.24%
2015-11-11,"5,067.02","366,710,000",-0.32%
2015-11-12,"5,005.08","395,740,000",-1.22%
2015-11-13,"4,927.88","444,550,000",-1.54%
2015-11-16,"4,984.62","416,850,000",1.15%
2015-11-17,"4,986.02","418,580,000",0.03%
2015-11-18,"5,075.20","451,440,000",1.79%
2015-11-19,"5,073.64","388,350,000",-0.03%
2015-11-20,"5,104.92","429,760,000",0.62%
2015-11-23,"5,102.48","386,570,000",-0.05%
2015-11-24,"5,102.81","417,560,000",0.01%
2015-11-25,"5,116.14","343,280,000",0.26%
2015-11-27,"5,127.52","189,350,000",0.22%
2015-11-30,"5,108.67","616,310,000",-0.37%
2015-12-01,"5,156.31","463,400,000",0.93%
2015-12-02,"5,123.22","450,130,000",-0.64%
2015-12-03,"5,037.53","486,600,000",-1.67%
2015-12-04,"5,142.27","440,750,000",2.08%
2015-12-07,"5,101.81","436,580,000",-0.79%
2015-12-08,"5,098.24","417,620,000",-0.07%
2015-12-09,"5,022.86","442,490,000",-1.48%
2015-12-10,"5,045.17","388,230,000",0.44%
2015-12-11,"4,933.47","475,110,000",-2.21%
2015-12-14,"4,952.23","496,830,000",0.38%
2015-12-15,"4,995.36","449,300,000",0.87%
2015-12-16,"5,071.13","443,740,000",1.52%
2015-12-17,"5,002.55","427,950,000",-1.35%
2015-12-18,"4,923.08","1,520,000,000",-1.59%
2015-12-21,"4,968.92","393,920,000",0.93%
2015-12-22,"5,001.11","346,170,000",0.65%
2015-12-23,"5,045.93","354,600,000",0.90%
2015-12-24,"5,048.49","172,220,000",0.05%
2015-12-28,"5,040.98","299,290,000",-0.15%
2015-12-29,"5,107.94","296,090,000",1.33%
2015-12-30,"5,065.85","270,260,000",-0.82%
2015-12-31,"5,007.41","384,400,000",-1.15%
2016-01-04,"4,903.09","569,790,000",-2.08%
2016-01-05,"4,891.43","428,070,000",-0.24%
2016-01-06,"4,835.77","501,750,000",-1.14%
2016-01-07,"4,689.43","590,070,000",-3.03%
2016-01-08,"4,643.63","540,570,000",-0.98%
2016-01-11,"4,637.99","528,170,000",-0.12%
2016-01-12,"4,685.92","498,550,000",1.03%
2016-01-13,"4,526.06","570,190,000",-3.41%
2016-01-14,"4,615.00","593,870,000",1.97%
2016-01-15,"4,488.42","739,410,000",-2.74%
2016-01-19,"4,476.95","572,070,000",-0.26%
2016-01-20,"4,471.69","716,730,000",-0.12%
2016-01-21,"4,472.06","567,900,000",0.01%
2016-01-22,"4,591.18","523,810,000",2.66%
2016-01-25,"4,518.49","483,490,000",-1.58%
2016-01-26,"4,567.67","461,530,000",1.09%
2016-01-27,"4,468.17","513,420,000",-2.18%
2016-01-28,"4,506.68","545,170,000",0.86%
2016-01-29,"4,613.95","754,580,000",2.38%
2016-02-01,"4,620.37","480,040,000",0.14%
2016-02-02,"4,516.95","511,640,000",-2.24%
2016-02-03,"4,504.24","577,230,000",-0.28%
2016-02-04,"4,509.56","543,900,000",0.12%
2016-02-05,"4,363.14","636,440,000",-3.25%
2016-02-08,"4,283.75","673,870,000",-1.82%
2016-02-09,"4,268.76","579,160,000",-0.35%
2016-02-10,"4,283.59","561,080,000",0.35%
2016-02-11,"4,266.84","688,730,000",-0.39%
2016-02-12,"4,337.51","506,310,000",1.66%
2016-02-16,"4,435.95","553,800,000",2.27%
2016-02-17,"4,534.06","576,510,000",2.21%
2016-02-18,"4,487.54","472,550,000",-1.03%
2016-02-19,"4,504.43","488,380,000",0.38%
2016-02-22,"4,570.61","427,620,000",1.47%
2016-02-23,"4,503.58","388,340,000",-1.47%
2016-02-24,"4,542.61","452,410,000",0.87%
2016-02-25,"4,582.20","392,230,000",0.87%
2016-02-26,"4,590.47","438,380,000",0.18%
2016-02-29,"4,557.95","565,970,000",-0.71%
2016-03-01,"4,689.60","507,410,000",2.89%
2016-03-02,"4,703.42","452,450,000",0.29%
2016-03-03,"4,707.42","444,920,000",0.09%
2016-03-04,"4,717.02","510,770,000",0.20%
2016-03-07,"4,708.25","486,230,000",-0.19%
2016-03-08,"4,648.82","467,110,000",-1.26%
2016-03-09,"4,674.38","410,130,000",0.55%
2016-03-10,"4,662.16","439,520,000",-0.26%
2016-03-11,"4,748.47","416,030,000",1.85%
2016-03-14,"4,750.28","379,760,000",0.04%
2016-03-15,"4,728.67","397,350,000",-0.45%
2016-03-16,"4,763.97","402,690,000",0.75%
2016-03-17,"4,774.98","435,040,000",0.23%
2016-03-18,"4,795.65","1,140,000,000",0.43%
2016-03-21,"4,808.87","375,800,000",0.28%
2016-03-22,"4,821.66","373,160,000",0.27%
2016-03-23,"4,768.86","399,920,000",-1.10%
2016-03-24,"4,773.51","383,910,000",0.10%
2016-03-28,"4,766.79","336,930,000",-0.14%
2016-03-29,"4,846.62","453,240,000",1.67%
2016-03-30,"4,869.29","388,830,000",0.47%
2016-03-31,"4,869.85","452,450,000",0.01%
2016-04-01,"4,914.54","443,370,000",0.92%
2016-04-04,"4,891.80","386,300,000",-0.46%
2016-04-05,"4,843.93","430,350,000",-0.98%
2016-04-06,"4,920.72","402,780,000",1.59%
2016-04-07,"4,848.37","452,840,000",-1.47%
2016-04-08,"4,850.69","367,470,000",0.05%
2016-04-11,"4,833.40","361,580,000",-0.36%
2016-04-12,"4,872.09","385,610,000",0.80%
2016-04-13,"4,947.42","431,410,000",1.55%
2016-04-14,"4,945.89","369,790,000",-0.03%
2016-04-15,"4,938.22","432,040,000",-0.16%
2016-04-18,"4,960.02","370,380,000",0.44%
2016-04-19,"4,940.33","413,230,000",-0.40%
2016-04-20,"4,948.13","394,430,000",0.16%
2016-04-21,"4,945.89","383,400,000",-0.05%
2016-04-22,"4,906.23","489,170,000",-0.80%
2016-04-25,"4,895.79","369,670,000",-0.21%
2016-04-26,"4,888.28","417,360,000",-0.15%
2016-04-27,"4,863.14","441,730,000",-0.51%
2016-04-28,"4,805.29","478,620,000",-1.19%
2016-04-29,"4,775.36","602,090,000",-0.62%
2016-05-02,"4,817.59","435,630,000",0.88%
2016-05-03,"4,763.22","445,570,000",-1.13%
2016-05-04,"4,725.64","469,200,000",-0.79%
2016-05-05,"4,717.09","448,690,000",-0.18%
2016-05-06,"4,736.15","441,060,000",0.40%
2016-05-09,"4,750.21","395,510,000",0.30%
2016-05-10,"4,809.88","401,000,000",1.26%
2016-05-11,"4,760.69","417,000,000",-1.02%
2016-05-12,"4,737.33","447,760,000",-0.49%
2016-05-13,"4,717.68","407,810,000",-0.41%
2016-05-16,"4,775.46","419,400,000",1.22%
2016-05-17,"4,715.73","472,990,000",-1.25%
2016-05-18,"4,739.12","445,260,000",0.50%
2016-05-19,"4,712.53","405,760,000",-0.56%
2016-05-20,"4,769.56","484,070,000",1.21%
2016-05-23,"4,765.78","410,290,000",-0.08%
2016-05-24,"4,861.06","433,120,000",2.00%
2016-05-25,"4,894.89","397,170,000",0.70%
2016-05-26,"4,901.77","354,800,000",0.14%
2016-05-27,"4,933.51","363,020,000",0.65%
2016-05-31,"4,948.06","711,670,000",0.29%
2016-06-01,"4,952.25","423,300,000",0.08%
2016-06-02,"4,971.36","386,100,000",0.39%
2016-06-03,"4,942.52","382,230,000",-0.58%
2016-06-06,"4,968.71","385,150,000",0.53%
2016-06-07,"4,961.75","391,050,000",-0.14%
2016-06-08,"4,974.64","367,540,000",0.26%
2016-06-09,"4,958.62","361,930,000",-0.32%
2016-06-10,"4,894.55","402,180,000",-1.29%
2016-06-13,"4,848.44","420,340,000",-0.94%
2016-06-14,"4,843.55","401,840,000",-0.10%
2016-06-15,"4,834.93","402,220,000",-0.18%
2016-06-16,"4,844.91","389,890,000",0.21%
2016-06-17,"4,800.34","1,010,000,000",-0.92%
2016-06-20,"4,837.21","412,670,000",0.77%
2016-06-21,"4,843.76","391,140,000",0.14%
2016-06-22,"4,833.32","376,040,000",-0.22%
2016-06-23,"4,910.04","398,650,000",1.59%
2016-06-24,"4,707.98","1,520,000,000",-4.12%
2016-06-27,"4,594.44","619,730,000",-2.41%
2016-06-28,"4,691.87","470,190,000",2.12%
2016-06-29,"4,779.24","466,310,000",1.86%
2016-06-30,"4,842.67","574,070,000",1.33%
2016-07-01,"4,862.57","380,070,000",0.41%
2016-07-05,"4,822.90","406,890,000",-0.82%
2016-07-06,"4,859.16","436,560,000",0.75%
2016-07-07,"4,876.81","352,300,000",0.36%
2016-07-08,"4,956.76","433,260,000",1.64%
2016-07-11,"4,988.64","386,480,000",0.64%
2016-07-12,"5,022.82","417,280,000",0.69%
2016-07-13,"5,005.73","373,970,000",-0.34%
2016-07-14,"5,034.06","348,810,000",0.57%
2016-07-15,"5,029.59","395,580,000",-0.09%
2016-07-18,"5,055.78","332,330,000",0.52%
2016-07-19,"5,036.37","362,670,000",-0.38%
2016-07-20,"5,089.93","375,160,000",1.06%
2016-07-21,"5,073.90","384,260,000",-0.31%
2016-07-22,"5,100.16","357,670,000",0.52%
2016-07-25,"5,097.63","371,480,000",-0.05%
2016-07-26,"5,110.05","428,740,000",0.24%
2016-07-27,"5,139.81","470,660,000",0.58%
2016-07-28,"5,154.98","424,080,000",0.30%
2016-07-29,"5,162.13","571,660,000",0.14%
2016-08-01,"5,184.20","420,980,000",0.43%
2016-08-02,"5,137.73","470,890,000",-0.90%
2016-08-03,"5,159.74","415,750,000",0.43%
2016-08-04,"5,166.25","398,610,000",0.13%
2016-08-05,"5,221.12","439,900,000",1.06%
2016-08-08,"5,213.14","370,900,000",-0.15%
2016-08-09,"5,225.48","358,070,000",0.24%
2016-08-10,"5,204.59","380,410,000",-0.40%
2016-08-11,"5,228.40","344,260,000",0.46%
2016-08-12,"5,232.90","338,980,000",0.09%
2016-08-15,"5,262.02","350,650,000",0.56%
2016-08-16,"5,227.11","385,300,000",-0.66%
2016-08-17,"5,228.66","361,660,000",0.03%
2016-08-18,"5,240.15","377,740,000",0.22%
2016-08-19,"5,238.38","408,440,000",-0.03%
2016-08-22,"5,244.60","347,300,000",0.12%
2016-08-23,"5,260.08","350,840,000",0.30%
2016-08-24,"5,217.69","380,490,000",-0.81%
2016-08-25,"5,212.20","338,210,000",-0.11%
2016-08-26,"5,218.92","361,690,000",0.13%
2016-08-29,"5,232.33","324,630,000",0.26%
2016-08-30,"5,222.99","374,160,000",-0.18%
2016-08-31,"5,213.22","486,240,000",-0.19%
2016-09-01,"5,227.21","376,350,000",0.27%
2016-09-02,"5,249.90","351,350,000",0.43%
2016-09-06,"5,275.91","421,080,000",0.50%
2016-09-07,"5,283.93","459,360,000",0.15%
2016-09-08,"5,259.48","412,370,000",-0.46%
2016-09-09,"5,125.91","508,590,000",-2.54%
2016-09-12,"5,211.89","464,620,000",1.68%
2016-09-13,"5,155.26","456,690,000",-1.09%
2016-09-14,"5,173.77","421,650,000",0.36%
2016-09-15,"5,249.69","437,680,000",1.47%
2016-09-16,"5,244.57","1,110,000,000",-0.10%
2016-09-19,"5,235.03","400,160,000",-0.18%
2016-09-20,"5,241.35","379,360,000",0.12%
2016-09-21,"5,295.18","446,650,000",1.03%
2016-09-22,"5,339.52","415,830,000",0.84%
2016-09-23,"5,305.75","406,330,000",-0.63%
2016-09-26,"5,257.49","376,060,000",-0.91%
2016-09-27,"5,305.71","392,690,000",0.92%
2016-09-28,"5,318.55","398,160,000",0.24%
2016-09-29,"5,269.15","437,780,000",-0.93%
2016-09-30,"5,312.00","555,180,000",0.81%
2016-10-03,"5,300.87","370,990,000",-0.21%
2016-10-04,"5,289.66","392,870,000",-0.21%
2016-10-05,"5,316.02","422,050,000",0.50%
2016-10-06,"5,306.85","402,080,000",-0.17%
2016-10-07,"5,292.40","407,150,000",-0.27%
2016-10-10,"5,328.67","321,130,000",0.69%
2016-10-11,"5,246.79","416,770,000",-1.54%
2016-10-12,"5,239.02","340,520,000",-0.15%
2016-10-13,"5,213.33","385,740,000",-0.49%
2016-10-14,"5,214.16","361,330,000",0.02%
2016-10-17,"5,199.82","326,320,000",-0.28%
2016-10-18,"5,243.84","325,860,000",0.85%
2016-10-19,"5,246.41","344,430,000",0.05%
2016-10-20,"5,241.83","383,970,000",-0.09%
2016-10-21,"5,257.40","396,380,000",0.30%
2016-10-24,"5,309.83","349,690,000",1.00%
2016-10-25,"5,283.40","348,720,000",-0.50%
2016-10-26,"5,250.27","374,480,000",-0.63%
2016-10-27,"5,215.97","434,940,000",-0.65%
2016-10-28,"5,190.10","426,510,000",-0.50%
2016-10-31,"5,189.14","434,890,000",-0.02%
2016-11-01,"5,153.58","430,720,000",-0.69%
2016-11-02,"5,105.57","469,030,000",-0.93%
2016-11-03,"5,058.41","471,920,000",-0.92%
2016-11-04,"5,046.37","478,360,000",-0.24%
2016-11-07,"5,166.17","456,100,000",2.37%
2016-11-08,"5,193.49","395,690,000",0.53%
2016-11-09,"5,251.07","673,590,000",1.11%
2016-11-10,"5,208.80","695,550,000",-0.80%
2016-11-11,"5,237.11","561,970,000",0.54%
2016-11-14,"5,218.40","537,260,000",-0.36%
2016-11-15,"5,275.62","493,910,000",1.10%
2016-11-16,"5,294.58","462,540,000",0.36%
2016-11-17,"5,333.97","463,150,000",0.74%
2016-11-18,"5,321.51","480,190,000",-0.23%
2016-11-21,"5,368.86","411,240,000",0.89%
2016-11-22,"5,386.35","433,190,000",0.33%
2016-11-23,"5,380.68","385,750,000",-0.11%
2016-11-25,"5,398.92","197,460,000",0.34%
2016-11-28,"5,368.81","390,770,000",-0.56%
2016-11-29,"5,379.92","440,160,000",0.21%
2016-11-30,"5,323.68","580,790,000",-1.05%
2016-12-01,"5,251.11","526,210,000",-1.36%
2016-12-02,"5,255.65","431,830,000",0.09%
2016-12-05,"5,308.89","435,660,000",1.01%
2016-12-06,"5,333.00","438,300,000",0.45%
2016-12-07,"5,393.76","484,560,000",1.14%
2016-12-08,"5,417.36","494,460,000",0.44%
2016-12-09,"5,444.50","436,080,000",0.50%
2016-12-12,"5,412.54","450,450,000",-0.59%
2016-12-13,"5,463.83","470,730,000",0.95%
2016-12-14,"5,436.67","462,230,000",-0.50%
2016-12-15,"5,456.85","486,600,000",0.37%
2016-12-16,"5,437.16","1,190,000,000",-0.36%
2016-12-19,"5,457.44","402,710,000",0.37%
2016-12-20,"5,483.94","395,330,000",0.49%
2016-12-21,"5,471.43","336,010,000",-0.23%
2016-12-22,"5,447.42","362,870,000",-0.44%
2016-12-23,"5,462.69","264,110,000",0.28%
2016-12-27,"5,487.44","269,420,000",0.45%
2016-12-28,"5,438.56","294,740,000",-0.89%
2016-12-29,"5,432.09","289,600,000",-0.12%
2016-12-30,"5,383.12","395,590,000",-0.90%
2017-01-03,"5,429.08","450,680,000",0.85%
2017-01-04,"5,477.01","455,340,000",0.88%
2017-01-05,"5,487.94","423,640,000",0.20%
2017-01-06,"5,521.06","382,850,000",0.60%
2017-01-09,"5,531.82","433,100,000",0.19%
2017-01-10,"5,551.82","431,570,000",0.36%
2017-01-11,"5,563.65","435,710,000",0.21%
2017-01-12,"5,547.49","394,730,000",-0.29%
2017-01-13,"5,574.12","357,660,000",0.48%
2017-01-17,"5,538.73","415,580,000",-0.63%
2017-01-18,"5,555.65","380,310,000",0.31%
2017-01-19,"5,540.08","398,660,000",-0.28%
2017-01-20,"5,555.33","444,460,000",0.28%
2017-01-23,"5,552.94","389,910,000",-0.04%
2017-01-24,"5,600.96","409,120,000",0.86%
2017-01-25,"5,656.34","435,790,000",0.99%
2017-01-26,"5,655.18","426,440,000",-0.02%
2017-01-27,"5,660.78","386,970,000",0.10%
2017-01-30,"5,613.71","417,270,000",-0.83%
2017-01-31,"5,614.79","506,360,000",0.02%
2017-02-01,"5,642.65","499,980,000",0.50%
2017-02-02,"5,636.20","471,570,000",-0.11%
2017-02-03,"5,666.77","411,170,000",0.54%
2017-02-06,"5,663.55","397,570,000",-0.06%
2017-02-07,"5,674.22","440,960,000",0.19%
2017-02-08,"5,682.45","444,980,000",0.15%
2017-02-09,"5,715.18","439,630,000",0.58%
2017-02-10,"5,734.13","421,000,000",0.33%
2017-02-13,"5,763.96","404,160,000",0.52%
2017-02-14,"5,782.57","431,560,000",0.32%
2017-02-15,"5,819.44","450,500,000",0.64%
2017-02-16,"5,814.90","441,520,000",-0.08%
2017-02-17,"5,838.58","500,750,000",0.41%
2017-02-21,"5,865.95","453,570,000",0.47%
2017-02-22,"5,860.63","422,840,000",-0.09%
2017-02-23,"5,835.51","444,620,000",-0.43%
2017-02-24,"5,845.31","419,250,000",0.17%
2017-02-27,"5,861.90","447,060,000",0.28%
2017-02-28,"5,825.44","620,830,000",-0.62%
2017-03-01,"5,904.03","522,790,000",1.35%
2017-03-02,"5,861.22","454,310,000",-0.73%
2017-03-03,"5,870.75","424,840,000",0.16%
2017-03-06,"5,849.18","412,850,000",-0.37%
2017-03-07,"5,833.93","418,890,000",-0.26%
2017-03-08,"5,837.55","422,940,000",0.06%
2017-03-09,"5,838.81","423,010,000",0.02%
2017-03-10,"5,861.73","476,860,000",0.39%
2017-03-13,"5,875.78","405,740,000",0.24%
2017-03-14,"5,856.82","390,460,000",-0.32%
2017-03-15,"5,900.05","468,320,000",0.74%
2017-03-16,"5,900.76","412,390,000",0.01%
2017-03-17,"5,901.00","1,350,000,000",0.00%
2017-03-20,"5,901.53","407,110,000",0.01%
2017-03-21,"5,793.82","528,080,000",-1.83%
2017-03-22,"5,821.64","442,890,000",0.48%
2017-03-23,"5,817.69","414,690,000",-0.07%
2017-03-24,"5,828.74","456,990,000",0.19%
2017-03-27,"5,840.37","410,070,000",0.20%
2017-03-28,"5,875.14","437,230,000",0.60%
2017-03-29,"5,897.55","397,140,000",0.38%
2017-03-30,"5,914.34","396,490,000",0.28%
2017-03-31,"5,911.74","529,140,000",-0.04%
2017-04-03,"5,894.68","453,500,000",-0.29%
2017-04-04,"5,898.61","445,390,000",0.07%
2017-04-05,"5,864.48","555,350,000",-0.58%
2017-04-06,"5,878.95","448,410,000",0.25%
2017-04-07,"5,877.81","414,270,000",-0.02%
2017-04-10,"5,880.93","389,310,000",0.05%
2017-04-11,"5,866.77","449,360,000",-0.24%
2017-04-12,"5,836.16","408,740,000",-0.52%
2017-04-13,"5,805.15","384,040,000",-0.53%
2017-04-17,"5,856.79","346,620,000",0.89%
2017-04-18,"5,849.47","391,180,000",-0.12%
2017-04-19,"5,863.03","415,530,000",0.23%
2017-04-20,"5,916.78","417,890,000",0.92%
2017-04-21,"5,910.52","454,580,000",-0.11%
2017-04-24,"5,983.82","446,560,000",1.24%
2017-04-25,"6,025.49","441,930,000",0.70%
2017-04-26,"6,025.23","454,580,000",0.00%
2017-04-27,"6,048.94","461,830,000",0.39%
2017-04-28,"6,047.61","523,420,000",-0.02%
2017-05-01,"6,091.60","416,340,000",0.73%
2017-05-02,"6,095.37","498,620,000",0.06%
2017-05-03,"6,072.55","498,860,000",-0.37%
2017-05-04,"6,075.34","481,850,000",0.05%
2017-05-05,"6,100.76","443,620,000",0.42%
2017-05-08,"6,102.66","459,300,000",0.03%
2017-05-09,"6,120.59","466,700,000",0.29%
2017-05-10,"6,129.14","482,510,000",0.14%
2017-05-11,"6,115.96","452,520,000",-0.22%
2017-05-12,"6,121.23","412,460,000",0.09%
2017-05-15,"6,149.67","452,000,000",0.46%
2017-05-16,"6,169.87","460,050,000",0.33%
2017-05-17,"6,011.24","565,780,000",-2.57%
2017-05-18,"6,055.13","511,170,000",0.73%
2017-05-19,"6,083.70","517,150,000",0.47%
2017-05-22,"6,133.62","421,950,000",0.82%
2017-05-23,"6,138.71","407,730,000",0.08%
2017-05-24,"6,163.02","400,250,000",0.40%
2017-05-25,"6,205.26","417,080,000",0.69%
2017-05-26,"6,210.19","373,960,000",0.08%
2017-05-30,"6,203.19","402,250,000",-0.11%
2017-05-31,"6,198.52","697,150,000",-0.08%
2017-06-01,"6,246.83","502,290,000",0.78%
2017-06-02,"6,305.80","454,570,000",0.94%
2017-06-05,"6,295.68","398,250,000",-0.16%
2017-06-06,"6,275.06","430,500,000",-0.33%
2017-06-07,"6,297.38","432,540,000",0.36%
2017-06-08,"6,321.76","484,130,000",0.39%
2017-06-09,"6,207.92","670,480,000",-1.80%
2017-06-12,"6,175.47","604,270,000",-0.52%
2017-06-13,"6,220.37","525,010,000",0.73%
2017-06-14,"6,194.89","457,030,000",-0.41%
2017-06-15,"6,165.50","436,590,000",-0.47%
2017-06-16,"6,151.76","1,310,000,000",-0.22%
2017-06-19,"6,239.01","447,660,000",1.42%
2017-06-20,"6,188.03","488,690,000",-0.82%
2017-06-21,"6,233.95","491,840,000",0.74%
2017-06-22,"6,236.69","471,360,000",0.04%
2017-06-23,"6,265.25","1,460,000,000",0.46%
2017-06-26,"6,247.15","455,730,000",-0.29%
2017-06-27,"6,146.62","490,360,000",-1.61%
2017-06-28,"6,234.41","461,440,000",1.43%
2017-06-29,"6,144.35","528,050,000",-1.44%
2017-06-30,"6,140.42","501,470,000",-0.06%
2017-07-03,"6,110.06","272,190,000",-0.49%
2017-07-05,"6,150.85","462,920,000",0.67%
2017-07-06,"6,089.46","514,780,000",-1.00%
2017-07-07,"6,153.08","397,250,000",1.04%
2017-07-10,"6,176.39","409,750,000",0.38%
2017-07-11,"6,193.31","426,660,000",0.27%
2017-07-12,"6,261.17","424,250,000",1.10%
2017-07-13,"6,274.44","423,330,000",0.21%
2017-07-14,"6,312.47","364,800,000",0.61%
2017-07-17,"6,314.43","367,320,000",0.03%
2017-07-18,"6,344.31","388,970,000",0.47%
2017-07-19,"6,385.04","423,940,000",0.64%
2017-07-20,"6,390.00","414,710,000",0.08%
2017-07-21,"6,387.75","468,140,000",-0.04%
2017-07-24,"6,410.81","418,950,000",0.36%
2017-07-25,"6,412.17","479,540,000",0.02%
2017-07-26,"6,422.75","433,530,000",0.16%
2017-07-27,"6,382.19","564,930,000",-0.63%
2017-07-28,"6,374.68","436,770,000",-0.12%
2017-07-31,"6,348.12","485,920,000",-0.42%
2017-08-01,"6,362.94","426,550,000",0.23%
2017-08-02,"6,362.65","490,370,000",0.00%
2017-08-03,"6,340.34","476,050,000",-0.35%
2017-08-04,"6,351.56","443,760,000",0.18%
2017-08-07,"6,383.77","408,690,000",0.51%
2017-08-08,"6,370.46","445,320,000",-0.21%
2017-08-09,"6,352.33","469,740,000",-0.28%
2017-08-10,"6,216.87","495,540,000",-2.13%
2017-08-11,"6,256.56","418,070,000",0.64%
2017-08-14,"6,340.23","410,780,000",1.34%
2017-08-15,"6,333.01","368,070,000",-0.11%
2017-08-16,"6,345.11","396,200,000",0.19%
2017-08-17,"6,221.91","435,270,000",-1.94%
2017-08-18,"6,216.53","469,440,000",-0.09%
2017-08-21,"6,213.13","375,220,000",-0.05%
2017-08-22,"6,297.48","363,160,000",1.36%
2017-08-23,"6,278.41","349,560,000",-0.30%
2017-08-24,"6,271.33","369,110,000",-0.11%
2017-08-25,"6,265.64","343,100,000",-0.09%
2017-08-28,"6,283.02","384,990,000",0.28%
2017-08-29,"6,301.89","379,620,000",0.30%
2017-08-30,"6,368.31","384,510,000",1.05%
2017-08-31,"6,428.66","478,190,000",0.95%
2017-09-01,"6,435.33","347,640,000",0.10%
2017-09-05,"6,375.57","438,960,000",-0.93%
2017-09-06,"6,393.31","419,280,000",0.28%
2017-09-07,"6,397.87","433,050,000",0.07%
2017-09-08,"6,360.19","408,110,000",-0.59%
2017-09-11,"6,432.26","431,570,000",1.13%
2017-09-12,"6,454.28","404,690,000",0.34%
2017-09-13,"6,460.19","447,200,000",0.09%
2017-09-14,"6,429.08","430,370,000",-0.48%
2017-09-15,"6,448.47","1,190,000,000",0.30%
2017-09-18,"6,454.64","445,500,000",0.10%
2017-09-19,"6,461.32","430,730,000",0.10%
2017-09-20,"6,456.04","470,400,000",-0.08%
2017-09-21,"6,422.69","400,640,000",-0.52%
2017-09-22,"6,426.92","388,100,000",0.07%
2017-09-25,"6,370.59","486,990,000",-0.88%
2017-09-26,"6,380.16","439,700,000",0.15%
2017-09-27,"6,453.26","470,980,000",1.15%
2017-09-28,"6,453.45","428,050,000",0.00%
2017-09-29,"6,495.96","492,430,000",0.66%
2017-10-02,"6,516.72","448,110,000",0.32%
2017-10-03,"6,531.71","438,920,000",0.23%
2017-10-04,"6,534.63","434,610,000",0.04%
2017-10-05,"6,585.36","422,210,000",0.78%
2017-10-06,"6,590.18","410,590,000",0.07%
2017-10-09,"6,579.73","359,140,000",-0.16%
2017-10-10,"6,587.25","401,700,000",0.11%
2017-10-11,"6,603.55","429,370,000",0.25%
2017-10-12,"6,591.51","476,360,000",-0.18%
2017-10-13,"6,605.80","417,540,000",0.22%
2017-10-16,"6,624.01","373,940,000",0.28%
2017-10-17,"6,623.66","375,090,000",-0.01%
2017-10-18,"6,624.22","390,340,000",0.01%
2017-10-19,"6,605.07","424,740,000",-0.29%
2017-10-20,"6,629.05","457,360,000",0.36%
2017-10-23,"6,586.83","417,650,000",-0.64%
2017-10-24,"6,598.43","421,460,000",0.18%
2017-10-25,"6,563.89","493,720,000",-0.52%
2017-10-26,"6,556.77","496,860,000",-0.11%
2017-10-27,"6,701.26","566,650,000",2.20%
2017-10-30,"6,698.96","477,430,000",-0.03%
2017-10-31,"6,727.67","509,980,000",0.43%
2017-11-01,"6,716.53","491,990,000",-0.17%
2017-11-02,"6,714.94","533,720,000",-0.02%
2017-11-03,"6,764.44","521,390,000",0.74%
2017-11-06,"6,786.44","524,230,000",0.33%
2017-11-07,"6,767.78","531,060,000",-0.27%
2017-11-08,"6,789.12","509,540,000",0.32%
2017-11-09,"6,750.05","517,860,000",-0.58%
2017-11-10,"6,750.94","464,510,000",0.01%
2017-11-13,"6,757.60","462,890,000",0.10%
2017-11-14,"6,737.87","462,990,000",-0.29%
2017-11-15,"6,706.21","457,210,000",-0.47%
2017-11-16,"6,793.29","476,980,000",1.30%
2017-11-17,"6,782.79","493,180,000",-0.15%
2017-11-20,"6,790.71","437,870,000",0.12%
2017-11-21,"6,862.48","465,900,000",1.06%
2017-11-22,"6,867.36","386,640,000",0.07%
2017-11-24,"6,889.16","223,070,000",0.32%
2017-11-27,"6,878.52","444,300,000",-0.15%
2017-11-28,"6,912.36","477,320,000",0.49%
2017-11-29,"6,824.39","586,180,000",-1.27%
2017-11-30,"6,873.97","730,820,000",0.73%
2017-12-01,"6,847.59","547,880,000",-0.38%
2017-12-04,"6,775.37","600,980,000",-1.05%
2017-12-05,"6,762.21","518,900,000",-0.19%
2017-12-06,"6,776.38","454,870,000",0.21%
2017-12-07,"6,812.84","475,250,000",0.54%
2017-12-08,"6,840.08","429,260,000",0.40%
2017-12-11,"6,875.08","448,360,000",0.51%
2017-12-12,"6,862.32","456,450,000",-0.19%
2017-12-13,"6,875.80","490,980,000",0.20%
2017-12-14,"6,856.53","496,560,000",-0.28%
2017-12-15,"6,936.58","1,420,000,000",1.17%
2017-12-18,"6,994.76","539,240,000",0.84%
2017-12-19,"6,963.85","514,900,000",-0.44%
2017-12-20,"6,960.96","442,660,000",-0.04%
2017-12-21,"6,965.36","436,630,000",0.06%
2017-12-22,"6,959.96","372,940,000",-0.08%
2017-12-26,"6,936.25","322,150,000",-0.34%
2017-12-27,"6,939.34","316,130,000",0.04%
2017-12-28,"6,950.16","293,060,000",0.16%
2017-12-29,"6,903.39","422,840,000",-0.67%
2018-01-02,"7,006.90","462,200,000",1.50%
2018-01-03,"7,065.53","483,920,000",0.84%
2018-01-04,"7,077.91","493,870,000",0.18%
2018-01-05,"7,136.56","476,410,000",0.83%
2018-01-08,"7,157.39","497,210,000",0.29%
2018-01-09,"7,163.58","491,700,000",0.09%
2018-01-10,"7,153.57","457,150,000",-0.14%
2018-01-11,"7,211.78","456,810,000",0.81%
2018-01-12,"7,261.06","464,780,000",0.68%
2018-01-16,"7,223.69","577,490,000",-0.51%
2018-01-17,"7,298.28","518,580,000",1.03%
2018-01-18,"7,296.05","463,520,000",-0.03%
2018-01-19,"7,336.38","510,980,000",0.55%
2018-01-22,"7,408.03","501,220,000",0.98%
2018-01-23,"7,460.29","472,920,000",0.71%
2018-01-24,"7,415.06","520,520,000",-0.61%
2018-01-25,"7,411.16","464,670,000",-0.05%
2018-01-26,"7,505.77","485,120,000",1.28%
2018-01-29,"7,466.51","486,380,000",-0.52%
2018-01-30,"7,402.48","505,850,000",-0.86%
2018-01-31,"7,411.48","611,530,000",0.12%
2018-02-01,"7,385.86","538,730,000",-0.35%
2018-02-02,"7,240.95","618,430,000",-1.96%
2018-02-05,"6,967.53","760,520,000",-3.78%
2018-02-06,"7,115.88","789,880,000",2.13%
2018-02-07,"7,051.98","579,220,000",-0.90%
2018-02-08,"6,777.16","672,310,000",-3.90%
2018-02-09,"6,874.49","794,770,000",1.44%
2018-02-12,"6,981.96","580,700,000",1.56%
2018-02-13,"7,013.51","441,580,000",0.45%
2018-02-14,"7,143.61","545,970,000",1.85%
2018-02-15,"7,256.43","508,640,000",1.58%
2018-02-16,"7,239.47","515,060,000",-0.23%
2018-02-20,"7,234.31","489,830,000",-0.07%
2018-02-21,"7,218.23","475,700,000",-0.22%
2018-02-22,"7,210.09","465,450,000",-0.11%
2018-02-23,"7,337.39","445,460,000",1.77%
2018-02-26,"7,421.46","448,970,000",1.15%
2018-02-27,"7,330.35","530,420,000",-1.23%
2018-02-28,"7,273.01","603,590,000",-0.78%
2018-03-01,"7,180.56","593,820,000",-1.27%
2018-03-02,"7,257.87","562,030,000",1.08%
2018-03-05,"7,330.70","508,640,000",1.00%
2018-03-06,"7,372.01","544,060,000",0.56%
2018-03-07,"7,396.65","548,700,000",0.33%
2018-03-08,"7,427.95","532,540,000",0.42%
2018-03-09,"7,560.81","560,830,000",1.79%
2018-03-12,"7,588.32","537,020,000",0.36%
2018-03-13,"7,511.01","582,400,000",-1.02%
2018-03-14,"7,496.81","516,220,000",-0.19%
2018-03-15,"7,481.74","488,940,000",-0.20%
2018-03-16,"7,481.99","1,260,000,000",0.00%
2018-03-19,"7,344.24","574,520,000",-1.84%
2018-03-20,"7,364.30","486,460,000",0.27%
2018-03-21,"7,345.28","465,540,000",-0.26%
2018-03-22,"7,166.68","559,160,000",-2.43%
2018-03-23,"6,992.67","589,290,000",-2.43%
2018-03-26,"7,220.54","575,540,000",3.26%
2018-03-27,"7,008.81","567,570,000",-2.93%
2018-03-28,"6,949.23","589,910,000",-0.85%
2018-03-29,"7,063.44","683,330,000",1.64%
2018-04-02,"6,870.12","586,470,000",-2.74%
2018-04-03,"6,941.28","565,720,000",1.04%
2018-04-04,"7,042.11","543,640,000",1.45%
2018-04-05,"7,076.55","493,980,000",0.49%
2018-04-06,"6,915.11","564,290,000",-2.28%
2018-04-09,"6,950.34","494,550,000",0.51%
2018-04-10,"7,094.30","532,610,000",2.07%
2018-04-11,"7,069.03","407,700,000",-0.36%
2018-04-12,"7,140.25","449,390,000",1.01%
2018-04-13,"7,106.65","406,690,000",-0.47%
2018-04-16,"7,156.28","426,930,000",0.70%
2018-04-17,"7,281.10","440,910,000",1.74%
2018-04-18,"7,295.24","431,370,000",0.19%
2018-04-19,"7,238.06","447,930,000",-0.78%
2018-04-20,"7,146.13","503,760,000",-1.27%
2018-04-23,"7,128.60","421,040,000",-0.25%
2018-04-24,"7,007.35","512,280,000",-1.70%
2018-04-25,"7,003.74","459,970,000",-0.05%
2018-04-26,"7,118.68","486,820,000",1.64%
2018-04-27,"7,119.80","468,930,000",0.02%
2018-04-30,"7,066.27","510,260,000",-0.75%
2018-05-01,"7,130.70","461,100,000",0.91%
2018-05-02,"7,100.90","508,020,000",-0.42%
2018-05-03,"7,088.15","525,370,000",-0.18%
2018-05-04,"7,209.62","490,020,000",1.71%
2018-05-07,"7,265.21","465,630,000",0.77%
2018-05-08,"7,266.90","501,790,000",0.02%
2018-05-09,"7,339.90","521,100,000",1.00%
2018-05-10,"7,404.98","490,340,000",0.89%
2018-05-11,"7,402.88","484,840,000",-0.03%
2018-05-14,"7,411.31","489,170,000",0.11%
2018-05-15,"7,351.63","493,490,000",-0.81%
2018-05-16,"7,398.30","474,870,000",0.63%
2018-05-17,"7,382.47","416,150,000",-0.21%
2018-05-18,"7,354.34","484,550,000",-0.38%
2018-05-21,"7,394.04","443,540,000",0.54%
2018-05-22,"7,378.45","434,480,000",-0.21%
2018-05-23,"7,425.95","445,080,000",0.64%
2018-05-24,"7,424.43","428,960,000",-0.02%
2018-05-25,"7,433.85","386,020,000",0.13%
2018-05-29,"7,396.59","479,260,000",-0.50%
2018-05-30,"7,462.45","487,100,000",0.89%
2018-05-31,"7,442.12","724,940,000",-0.27%
2018-06-01,"7,554.33","523,740,000",1.51%
2018-06-04,"7,606.46","527,780,000",0.69%
2018-06-05,"7,637.86","480,100,000",0.41%
2018-06-06,"7,689.24","502,980,000",0.67%
2018-06-07,"7,635.07","505,790,000",-0.70%
2018-06-08,"7,645.51","467,610,000",0.14%
2018-06-11,"7,659.93","451,370,000",0.19%
2018-06-12,"7,703.79","474,860,000",0.57%
2018-06-13,"7,695.70","552,680,000",-0.11%
2018-06-14,"7,761.04","532,090,000",0.85%
2018-06-15,"7,746.38","1,220,000,000",-0.19%
2018-06-18,"7,747.02","522,210,000",0.01%
2018-06-19,"7,725.59","577,300,000",-0.28%
2018-06-20,"7,781.52","513,780,000",0.72%
2018-06-21,"7,712.95","549,360,000",-0.88%
2018-06-22,"7,692.82","1,670,000,000",-0.26%
2018-06-25,"7,532.01","595,360,000",-2.09%
2018-06-26,"7,561.63","496,220,000",0.39%
2018-06-27,"7,445.09","537,350,000",-1.54%
2018-06-28,"7,503.68","512,330,000",0.79%
2018-06-29,"7,510.30","634,630,000",0.09%
2018-07-02,"7,567.69","447,150,000",0.76%
2018-07-03,"7,502.67","298,410,000",-0.86%
2018-07-05,"7,586.43","471,530,000",1.12%
2018-07-06,"7,688.39","431,500,000",1.34%
2018-07-09,"7,756.20","453,760,000",0.88%
2018-07-10,"7,759.20","419,190,000",0.04%
2018-07-11,"7,716.61","420,720,000",-0.55%
2018-07-12,"7,823.92","453,330,000",1.39%
2018-07-13,"7,825.98","413,130,000",0.03%
2018-07-16,"7,805.72","429,290,000",-0.26%
2018-07-17,"7,855.12","406,400,000",0.63%
2018-07-18,"7,854.44","437,890,000",-0.01%
2018-07-19,"7,825.30","434,390,000",-0.37%
2018-07-20,"7,820.20","464,630,000",-0.07%
2018-07-23,"7,841.87","395,310,000",0.28%
2018-07-24,"7,840.77","470,760,000",-0.01%
2018-07-25,"7,932.24","465,420,000",1.17%
2018-07-26,"7,852.19","521,680,000",-1.01%
2018-07-27,"7,737.42","520,000,000",-1.46%
2018-07-30,"7,630.00","503,870,000",-1.39%
2018-07-31,"7,671.79","566,030,000",0.55%
2018-08-01,"7,707.29","531,480,000",0.46%
2018-08-02,"7,802.69","491,310,000",1.24%
2018-08-03,"7,812.02","477,350,000",0.12%
2018-08-06,"7,859.68","493,690,000",0.61%
2018-08-07,"7,883.66","514,390,000",0.31%
2018-08-08,"7,888.33","474,700,000",0.06%
2018-08-09,"7,891.78","451,620,000",0.04%
2018-08-10,"7,839.11","485,570,000",-0.67%
2018-08-13,"7,819.71","433,650,000",-0.25%
2018-08-14,"7,870.89","451,620,000",0.65%
2018-08-15,"7,774.12","535,190,000",-1.23%
2018-08-16,"7,806.52","468,960,000",0.42%
2018-08-17,"7,816.33","481,160,000",0.13%
2018-08-20,"7,821.01","411,860,000",0.06%
2018-08-21,"7,859.17","427,060,000",0.49%
2018-08-22,"7,889.10","383,820,000",0.38%
2018-08-23,"7,878.46","428,230,000",-0.13%
2018-08-24,"7,945.98","437,250,000",0.86%
2018-08-27,"8,017.90","511,440,000",0.91%
2018-08-28,"8,030.04","453,270,000",0.15%
2018-08-29,"8,109.69","428,410,000",0.99%
2018-08-30,"8,088.36","441,390,000",-0.26%
2018-08-31,"8,109.54","487,910,000",0.26%
2018-09-04,"8,091.25","516,560,000",-0.23%
2018-09-05,"7,995.17","608,420,000",-1.19%
2018-09-06,"7,922.73","539,130,000",-0.91%
2018-09-07,"7,902.54","498,040,000",-0.25%
2018-09-10,"7,924.16","477,690,000",0.27%
2018-09-11,"7,972.47","500,450,000",0.61%
2018-09-12,"7,954.23","536,240,000",-0.23%
2018-09-13,"8,013.71","522,070,000",0.75%
2018-09-14,"8,010.04","487,340,000",-0.05%
2018-09-17,"7,895.79","565,450,000",-1.43%
2018-09-18,"7,956.11","521,300,000",0.76%
2018-09-19,"7,950.04","494,990,000",-0.08%
2018-09-20,"8,028.23","534,960,000",0.98%
2018-09-21,"7,986.95","1,610,000,000",-0.51%
2018-09-24,"7,993.25","584,170,000",0.08%
2018-09-25,"8,007.47","541,530,000",0.18%
2018-09-26,"7,990.37","522,530,000",-0.21%
2018-09-27,"8,041.97","484,630,000",0.65%
2018-09-28,"8,046.35","603,130,000",0.05%
2018-10-01,"8,037.30","543,430,000",-0.11%
2018-10-02,"7,999.55","559,020,000",-0.47%
2018-10-03,"8,025.09","693,990,000",0.32%
2018-10-04,"7,879.51","764,990,000",-1.81%
2018-10-05,"7,788.45","624,600,000",-1.16%
2018-10-08,"7,735.95","551,100,000",-0.67%
2018-10-09,"7,738.02","562,090,000",0.03%
2018-10-10,"7,422.05","758,010,000",-4.08%
2018-10-11,"7,329.06","760,280,000",-1.25%
2018-10-12,"7,496.89","655,730,000",2.29%
2018-10-15,"7,430.74","515,720,000",-0.88%
2018-10-16,"7,645.49","604,950,000",2.89%
2018-10-17,"7,642.70","546,260,000",-0.04%
2018-10-18,"7,485.14","591,760,000",-2.06%
2018-10-19,"7,449.03","633,900,000",-0.48%
2018-10-22,"7,468.63","546,420,000",0.26%
2018-10-23,"7,437.54","666,070,000",-0.42%
2018-10-24,"7,108.40","719,970,000",-4.43%
2018-10-25,"7,318.34","683,410,000",2.95%
2018-10-26,"7,167.21","719,210,000",-2.07%
2018-10-29,"7,050.29","692,710,000",-1.63%
2018-10-30,"7,161.65","675,850,000",1.58%
2018-10-31,"7,305.90","761,540,000",2.01%
2018-11-01,"7,434.06","684,150,000",1.75%
2018-11-02,"7,356.99","713,260,000",-1.04%
2018-11-05,"7,328.85","562,300,000",-0.38%
2018-11-06,"7,375.96","554,210,000",0.64%
2018-11-07,"7,570.75","641,100,000",2.64%
2018-11-08,"7,530.89","599,940,000",-0.53%
2018-11-09,"7,406.90","612,790,000",-1.65%
2018-11-12,"7,200.87","596,550,000",-2.78%
2018-11-13,"7,200.88","594,980,000",0.00%
2018-11-14,"7,136.39","630,160,000",-0.90%
2018-11-15,"7,259.03","646,330,000",1.72%
2018-11-16,"7,247.87","697,930,000",-0.15%
2018-11-19,"7,028.48","627,830,000",-3.03%
2018-11-20,"6,908.82","667,770,000",-1.70%
2018-11-21,"6,972.25","482,970,000",0.92%
2018-11-23,"6,938.98","272,710,000",-0.48%
2018-11-26,"7,081.85","513,760,000",2.06%
2018-11-27,"7,082.70","520,410,000",0.01%
2018-11-28,"7,291.59","600,770,000",2.95%
2018-11-29,"7,273.08","486,980,000",-0.25%
2018-11-30,"7,330.54","862,980,000",0.79%
2018-12-03,"7,441.51","695,880,000",1.51%
2018-12-04,"7,158.43","695,880,000",-3.80%
2018-12-06,"7,188.26","727,610,000",0.42%
2018-12-07,"6,969.25","635,820,000",-3.05%
2018-12-10,"7,020.52","587,310,000",0.74%
2018-12-11,"7,031.83","535,380,000",0.16%
2018-12-12,"7,098.31","600,530,000",0.95%
2018-12-13,"7,070.33","525,890,000",-0.39%
2018-12-14,"6,910.66","564,080,000",-2.26%
2018-12-17,"6,753.73","690,840,000",-2.27%
2018-12-18,"6,783.91","662,800,000",0.45%
2018-12-19,"6,636.83","746,360,000",-2.17%
2018-12-20,"6,528.41","813,450,000",-1.63%
2018-12-21,"6,332.99","1,840,000,000",-2.99%
2018-12-24,"6,192.92","405,620,000",-2.21%
2018-12-26,"6,554.35","660,270,000",5.84%
2018-12-27,"6,579.49","628,650,000",0.38%
2018-12-28,"6,584.52","526,280,000",0.08%
2018-12-31,"6,635.28","582,100,000",0.77%
2019-01-02,"6,665.94","581,370,000",0.46%
2019-01-03,"6,463.50","667,440,000",-3.04%
2019-01-04,"6,738.86","688,190,000",4.26%
2019-01-07,"6,823.47","623,290,000",1.26%
2019-01-08,"6,897.00","599,420,000",1.08%
2019-01-09,"6,957.08","577,670,000",0.87%
2019-01-10,"6,986.07","532,020,000",0.42%
2019-01-11,"6,971.48","499,270,000",-0.21%
2019-01-14,"6,905.91","491,730,000",-0.94%
2019-01-15,"7,023.83","494,720,000",1.71%
2019-01-16,"7,034.69","511,900,000",0.15%
2019-01-17,"7,084.46","518,860,000",0.71%
2019-01-18,"7,157.23","632,260,000",1.03%
2019-01-22,"7,020.36","627,080,000",-1.91%
2019-01-23,"7,025.77","553,190,000",0.08%
2019-01-24,"7,073.46","574,840,000",0.68%
2019-01-25,"7,164.86","592,670,000",1.29%
2019-01-28,"7,085.69","582,850,000",-1.10%
2019-01-29,"7,028.29","498,850,000",-0.81%
2019-01-30,"7,183.08","610,500,000",2.20%
2019-01-31,"7,281.74","769,260,000",1.37%
2019-02-01,"7,263.87","639,920,000",-0.25%
2019-02-04,"7,347.54","498,430,000",1.15%
2019-02-05,"7,402.08","551,120,000",0.74%
2019-02-06,"7,375.28","532,510,000",-0.36%
2019-02-07,"7,288.35","568,690,000",-1.18%
2019-02-08,"7,298.20","514,650,000",0.14%
2019-02-11,"7,307.90","480,650,000",0.13%
2019-02-12,"7,414.62","515,000,000",1.46%
2019-02-13,"7,420.38","503,430,000",0.08%
2019-02-14,"7,426.95","529,290,000",0.09%
2019-02-15,"7,472.41","606,680,000",0.61%
2019-02-19,"7,486.77","524,360,000",0.19%
2019-02-20,"7,489.07","548,580,000",0.03%
2019-02-21,"7,459.71","513,670,000",-0.39%
2019-02-22,"7,527.55","595,340,000",0.91%
2019-02-25,"7,554.46","597,610,000",0.36%
2019-02-26,"7,549.30","597,660,000",-0.07%
2019-02-27,"7,554.51","584,520,000",0.07%
2019-02-28,"7,532.53","735,110,000",-0.29%
2019-03-01,"7,595.35","611,930,000",0.83%
2019-03-04,"7,577.57","643,150,000",-0.23%
2019-03-05,"7,576.36","537,990,000",-0.02%
2019-03-06,"7,505.92","558,830,000",-0.93%
2019-03-07,"7,421.46","599,910,000",-1.13%
2019-03-08,"7,408.14","559,330,000",-0.18%
2019-03-11,"7,558.06","557,760,000",2.02%
2019-03-12,"7,591.03","543,480,000",0.44%
2019-03-13,"7,643.40","619,490,000",0.69%
2019-03-14,"7,630.91","590,480,000",-0.16%
2019-03-15,"7,688.53","1,430,000,000",0.76%
2019-03-18,"7,714.48","595,690,000",0.34%
2019-03-19,"7,723.95","632,440,000",0.12%
2019-03-20,"7,728.97","584,520,000",0.06%
2019-03-21,"7,838.96","634,290,000",1.42%
2019-03-22,"7,642.67","622,740,000",-2.50%
2019-03-25,"7,637.54","516,090,000",-0.07%
2019-03-26,"7,691.52","516,860,000",0.71%
2019-03-27,"7,643.38","553,670,000",-0.63%
2019-03-28,"7,669.17","481,240,000",0.34%
2019-03-29,"7,729.32","654,730,000",0.78%
2019-04-01,"7,828.91","533,380,000",1.29%
2019-04-02,"7,848.69","516,210,000",0.25%
2019-04-03,"7,895.55","618,180,000",0.60%
2019-04-04,"7,891.78","520,120,000",-0.05%
2019-04-05,"7,938.69","526,600,000",0.59%
2019-04-08,"7,953.88","500,600,000",0.19%
2019-04-09,"7,909.28","492,390,000",-0.56%
2019-04-10,"7,964.24","500,460,000",0.69%
2019-04-11,"7,947.36","464,500,000",-0.21%
2019-04-12,"7,984.16","470,310,000",0.46%
2019-04-15,"7,976.01","439,600,000",-0.10%
2019-04-16,"8,000.23","504,800,000",0.30%
2019-04-17,"7,996.08","569,990,000",-0.05%
2019-04-18,"7,998.06","561,240,000",0.02%
2019-04-22,"8,015.27","445,010,000",0.22%
2019-04-23,"8,120.82","513,600,000",1.32%
2019-04-24,"8,102.02","506,590,000",-0.23%
2019-04-25,"8,118.68","534,960,000",0.21%
2019-04-26,"8,146.40","504,720,000",0.34%
2019-04-29,"8,161.85","446,010,000",0.19%
2019-04-30,"8,095.39","582,270,000",-0.81%
2019-05-01,"8,049.64","578,260,000",-0.57%
2019-05-02,"8,036.77","540,170,000",-0.16%
2019-05-03,"8,164.00","524,430,000",1.58%
2019-05-06,"8,123.29","518,370,000",-0.50%
2019-05-07,"7,963.76","617,480,000",-1.96%
2019-05-08,"7,943.32","558,260,000",-0.26%
2019-05-09,"7,910.59","620,650,000",-0.41%
2019-05-10,"7,916.94","587,100,000",0.08%
2019-05-13,"7,647.02","650,130,000",-3.41%
2019-05-14,"7,734.49","525,130,000",1.14%
2019-05-15,"7,822.15","503,470,000",1.13%
2019-05-16,"7,898.05","532,350,000",0.97%
2019-05-17,"7,816.28","579,070,000",-1.04%
2019-05-20,"7,702.38","551,650,000",-1.46%
2019-05-21,"7,785.72","500,280,000",1.08%
2019-05-22,"7,750.84","466,480,000",-0.45%
2019-05-23,"7,628.28","597,200,000",-1.58%
2019-05-24,"7,637.01","422,810,000",0.11%
2019-05-28,"7,607.35","785,600,000",-0.39%
2019-05-29,"7,547.31","579,480,000",-0.79%
2019-05-30,"7,567.72","454,610,000",0.27%
2019-05-31,"7,453.15","590,430,000",-1.51%
2019-06-03,"7,333.02","658,410,000",-1.61%
2019-06-04,"7,527.12","619,530,000",2.65%
2019-06-05,"7,575.48","537,320,000",0.64%
2019-06-06,"7,615.55","542,410,000",0.53%
2019-06-07,"7,742.10","516,840,000",1.66%
2019-06-10,"7,823.17","522,200,000",1.05%
2019-06-11,"7,822.57","534,580,000",-0.01%
2019-06-12,"7,792.72","481,740,000",-0.38%
2019-06-13,"7,837.13","460,870,000",0.57%
2019-06-14,"7,796.66","465,370,000",-0.52%
2019-06-17,"7,845.02","502,920,000",0.62%
2019-06-18,"7,953.88","567,690,000",1.39%
2019-06-19,"7,987.32","536,800,000",0.42%
2019-06-20,"8,051.34","528,690,000",0.80%
2019-06-21,"8,031.71","1,200,000,000",-0.24%
2019-06-24,"8,005.70","528,180,000",-0.32%
2019-06-25,"7,884.72","547,780,000",-1.51%
2019-06-26,"7,909.97","537,920,000",0.32%
2019-06-27,"7,967.76","523,930,000",0.73%
2019-06-28,"8,006.24","1,760,000,000",0.48%
2019-07-01,"8,091.16","583,420,000",1.06%
2019-07-02,"8,109.09","488,380,000",0.22%
2019-07-03,"8,170.23","408,200,000",0.75%
2019-07-05,"8,161.79","425,690,000",-0.10%
2019-07-08,"8,098.38","511,730,000",-0.78%
2019-07-09,"8,141.73","468,360,000",0.54%
2019-07-10,"8,202.53","508,180,000",0.75%
2019-07-11,"8,196.04","483,490,000",-0.08%
2019-07-12,"8,244.14","500,700,000",0.59%
2019-07-15,"8,258.18","470,850,000",0.17%
2019-07-16,"8,222.80","473,990,000",-0.43%
2019-07-17,"8,185.21","473,280,000",-0.46%
2019-07-18,"8,207.24","487,190,000",0.27%
2019-07-19,"8,146.49","520,020,000",-0.74%
2019-07-22,"8,204.14","491,480,000",0.71%
2019-07-23,"8,251.40","474,750,000",0.58%
2019-07-24,"8,321.50","528,510,000",0.85%
2019-07-25,"8,238.54","535,590,000",-1.00%
2019-07-26,"8,330.21","529,370,000",1.11%
2019-07-29,"8,293.33","511,480,000",-0.44%
2019-07-30,"8,273.61","510,520,000",-0.24%
2019-07-31,"8,175.42","758,730,000",-1.19%
2019-08-01,"8,111.12","703,640,000",-0.79%
2019-08-02,"8,004.07","584,300,000",-1.32%
2019-08-05,"7,726.04","699,010,000",-3.47%
2019-08-06,"7,833.27","564,770,000",1.39%
2019-08-07,"7,862.83","615,180,000",0.38%
2019-08-08,"8,039.16","659,540,000",2.24%
2019-08-09,"7,959.14","568,090,000",-1.00%
2019-08-12,"7,863.41","536,970,000",-1.20%
2019-08-13,"8,016.36","604,200,000",1.95%
2019-08-14,"7,773.94","637,260,000",-3.02%
2019-08-15,"7,766.62","539,470,000",-0.09%
2019-08-16,"7,895.99","543,840,000",1.67%
2019-08-19,"8,002.81","500,920,000",1.35%
2019-08-20,"7,948.56","452,710,000",-0.68%
2019-08-21,"8,020.21","428,160,000",0.90%
2019-08-22,"7,991.39","456,700,000",-0.36%
2019-08-23,"7,751.77","598,420,000",-3.00%
2019-08-26,"7,853.73","446,370,000",1.32%
2019-08-27,"7,826.95","532,800,000",-0.34%
2019-08-28,"7,856.88","420,870,000",0.38%
2019-08-29,"7,973.39","434,250,000",1.48%
2019-08-30,"7,962.88","467,010,000",-0.13%
2019-09-03,"7,874.16","512,490,000",-1.11%
2019-09-04,"7,976.88","509,990,000",1.30%
2019-09-05,"8,116.83","542,830,000",1.75%
2019-09-06,"8,103.07","478,400,000",-0.17%
2019-09-09,"8,087.44","573,750,000",-0.19%
2019-09-10,"8,084.15","609,350,000",-0.04%
2019-09-11,"8,169.68","595,760,000",1.06%
2019-09-12,"8,194.47","557,770,000",0.30%
2019-09-13,"8,176.71","495,640,000",-0.22%
2019-09-16,"8,153.54","483,840,000",-0.28%
2019-09-17,"8,186.02","471,620,000",0.40%
2019-09-18,"8,177.39","542,240,000",-0.11%
2019-09-19,"8,182.88","492,920,000",0.07%
2019-09-20,"8,117.67","1,520,000,000",-0.80%
2019-09-23,"8,112.46","473,440,000",-0.06%
2019-09-24,"7,993.63","608,620,000",-1.46%
2019-09-25,"8,077.38","532,510,000",1.05%
2019-09-26,"8,030.66","472,490,000",-0.58%
2019-09-27,"7,939.63","527,850,000",-1.13%
2019-09-30,"7,999.33","510,050,000",0.75%
2019-10-01,"7,908.67","541,530,000",-1.13%
2019-10-02,"7,785.23","629,680,000",-1.56%
2019-10-03,"7,872.25","518,320,000",1.12%
2019-10-04,"7,982.46","443,550,000",1.40%
2019-10-07,"7,956.28","477,670,000",-0.33%
2019-10-08,"7,823.76","478,690,000",-1.67%
2019-10-09,"7,903.73","391,060,000",1.02%
2019-10-10,"7,950.77","451,970,000",0.60%
2019-10-11,"8,057.04","549,190,000",1.34%
2019-10-14,"8,048.65","380,780,000",-0.10%
2019-10-15,"8,148.71","447,400,000",1.24%
2019-10-16,"8,124.18","470,300,000",-0.30%
2019-10-17,"8,156.85","488,850,000",0.40%
2019-10-18,"8,089.54","559,750,000",-0.83%
2019-10-21,"8,162.99","482,280,000",0.91%
2019-10-22,"8,104.30","463,310,000",-0.72%
2019-10-23,"8,119.79","457,420,000",0.19%
2019-10-24,"8,185.80","468,720,000",0.81%
2019-10-25,"8,243.12","475,980,000",0.70%
2019-10-28,"8,325.99","488,910,000",1.01%
2019-10-29,"8,276.85","468,380,000",-0.59%
2019-10-30,"8,303.98","484,370,000",0.33%
2019-10-31,"8,292.36","608,630,000",-0.14%
2019-11-01,"8,386.40","519,420,000",1.13%
2019-11-04,"8,433.20","555,690,000",0.56%
2019-11-05,"8,434.68","559,520,000",0.02%
2019-11-06,"8,410.63","584,190,000",-0.29%
2019-11-07,"8,434.52","618,390,000",0.28%
2019-11-08,"8,475.31","508,330,000",0.48%
2019-11-11,"8,464.28","435,560,000",-0.13%
2019-11-12,"8,486.09","491,230,000",0.26%
2019-11-13,"8,482.10","521,490,000",-0.05%
2019-11-14,"8,479.02","499,400,000",-0.04%
2019-11-15,"8,540.83","588,620,000",0.73%
2019-11-18,"8,549.94","523,430,000",0.11%
2019-11-19,"8,570.66","533,690,000",0.24%
2019-11-20,"8,526.73","771,510,000",-0.51%
2019-11-21,"8,506.21","520,650,000",-0.24%
2019-11-22,"8,519.89","459,670,000",0.16%
2019-11-25,"8,632.49","575,980,000",1.32%
2019-11-26,"8,647.93","739,470,000",0.18%
2019-11-27,"8,705.17","436,370,000",0.66%
2019-11-29,"8,665.47","303,120,000",-0.46%
2019-12-02,"8,567.99","559,260,000",-1.12%
2019-12-03,"8,520.64","599,920,000",-0.55%
2019-12-04,"8,566.67","571,970,000",0.54%
2019-12-05,"8,570.70","536,690,000",0.05%
2019-12-06,"8,656.53","527,650,000",1.00%
2019-12-09,"8,621.83","547,630,000",-0.40%
2019-12-10,"8,616.18","515,360,000",-0.07%
2019-12-11,"8,654.05","486,220,000",0.44%
2019-12-12,"8,717.32","588,220,000",0.73%
2019-12-13,"8,734.88","543,980,000",0.20%
2019-12-16,"8,814.23","632,710,000",0.91%
2019-12-17,"8,823.36","594,890,000",0.10%
2019-12-18,"8,827.74","680,420,000",0.05%
2019-12-19,"8,887.22","629,570,000",0.67%
2019-12-20,"8,924.95","1,600,000,000",0.42%
2019-12-23,"8,945.65","510,230,000",0.23%
2019-12-24,"8,952.88","248,970,000",0.08%
2019-12-26,"9,022.39","394,330,000",0.78%
2019-12-27,"9,006.62","443,170,000",-0.17%
2019-12-30,"8,945.99","483,980,000",-0.67%
2019-12-31,"8,972.60","554,990,000",0.30%
2020-01-02,"9,092.19","654,950,000",1.33%
2020-01-03,"9,020.77","618,550,000",-0.79%
2020-01-06,"9,071.47","690,230,000",0.56%
2020-01-07,"9,068.58","552,230,000",-0.03%
2020-01-08,"9,129.24","595,810,000",0.67%
2020-01-09,"9,203.43","601,330,000",0.81%
2020-01-10,"9,178.86","585,080,000",-0.27%
2020-01-13,"9,273.93","605,160,000",1.04%
2020-01-14,"9,251.33","624,220,000",-0.24%
2020-01-15,"9,258.69","584,770,000",0.08%
2020-01-16,"9,357.13","567,150,000",1.06%
2020-01-17,"9,388.94","659,470,000",0.34%
2020-01-21,"9,370.81","691,600,000",-0.19%
2020-01-22,"9,383.77","580,340,000",0.14%
2020-01-23,"9,402.48","611,040,000",0.20%
2020-01-24,"9,314.91","629,460,000",-0.93%
2020-01-27,"9,139.31","686,780,000",-1.89%
2020-01-28,"9,269.68","530,770,000",1.43%
2020-01-29,"9,275.16","548,870,000",0.06%
2020-01-30,"9,298.93","573,680,000",0.26%
2020-01-31,"9,150.94","695,770,000",-1.59%
2020-02-03,"9,273.40","623,270,000",1.34%
2020-02-04,"9,467.97","607,830,000",2.10%
2020-02-05,"9,508.68","625,910,000",0.43%
2020-02-06,"9,572.15","582,670,000",0.67%
2020-02-07,"9,520.51","549,790,000",-0.54%
2020-02-10,"9,628.39","546,600,000",1.13%
2020-02-11,"9,638.94","567,800,000",0.11%
2020-02-12,"9,725.96","589,710,000",0.90%
2020-02-13,"9,711.97","545,840,000",-0.14%
2020-02-14,"9,731.18","536,340,000",0.20%
2020-02-18,"9,732.74","555,310,000",0.02%
2020-02-19,"9,817.18","580,070,000",0.87%
2020-02-20,"9,750.97","646,920,000",-0.67%
2020-02-21,"9,576.59","699,670,000",-1.79%
2020-02-24,"9,221.28","795,200,000",-3.71%
2020-02-25,"8,965.61","871,820,000",-2.77%
2020-02-26,"8,980.77","870,350,000",0.17%
2020-02-27,"8,566.48","1,150,000,000",-4.61%
2020-02-28,"8,567.37","1,440,000,000",0.01%
2020-03-02,"8,952.17","1,100,000,000",4.49%
2020-03-03,"8,684.09","1,100,000,000",-2.99%
2020-03-04,"9,018.09","878,060,000",3.85%
2020-03-05,"8,738.59","901,110,000",-3.10%
2020-03-06,"8,575.62","1,050,000,000",-1.86%
2020-03-09,"7,950.68","1,200,000,000",-7.29%
2020-03-10,"8,344.25","1,120,000,000",4.95%
2020-03-11,"7,952.05","1,060,000,000",-4.70%
2020-03-12,"7,201.80","1,340,000,000",-9.43%
2020-03-13,"7,874.88","1,250,000,000",9.35%
2020-03-16,"6,904.59","1,270,000,000",-12.32%
2020-03-17,"7,334.78","1,290,000,000",6.23%
2020-03-18,"6,989.84","1,260,000,000",-4.70%
2020-03-19,"7,150.58","1,190,000,000",2.30%
2020-03-20,"6,879.52","1,640,000,000",-3.79%
2020-03-23,"6,860.67","1,080,000,000",-0.27%
2020-03-24,"7,417.86","1,150,000,000",8.12%
2020-03-25,"7,384.30","1,190,000,000",-0.45%
2020-03-26,"7,797.54","1,010,000,000",5.60%
2020-03-27,"7,502.38","1,000,000,000",-3.79%
2020-03-30,"7,774.15","926,450,000",3.62%
2020-03-31,"7,700.10","1,100,000,000",-0.95%
2020-04-01,"7,360.58","914,110,000",-4.41%
2020-04-02,"7,487.31","912,990,000",1.72%
2020-04-03,"7,373.08","836,100,000",-1.53%
2020-04-06,"7,913.24","980,150,000",7.33%
2020-04-07,"7,887.26","1,000,000,000",-0.33%
2020-04-08,"8,090.90","838,250,000",2.58%
2020-04-09,"8,153.57","925,800,000",0.77%
2020-04-13,"8,192.42","761,870,000",0.48%
2020-04-14,"8,515.74","849,820,000",3.95%
2020-04-15,"8,393.18","794,060,000",-1.44%
2020-04-16,"8,532.36","919,560,000",1.66%
2020-04-17,"8,650.14","1,060,000,000",1.38%
2020-04-20,"8,560.73","876,310,000",-1.03%
2020-04-21,"8,263.23","881,560,000",-3.48%
2020-04-22,"8,495.38","733,430,000",2.81%
2020-04-23,"8,494.75","854,520,000",-0.01%
2020-04-24,"8,634.52","797,880,000",1.65%
2020-04-27,"8,730.16","807,920,000",1.11%
2020-04-28,"8,607.73","846,780,000",-1.40%
2020-04-29,"8,914.71","1,030,000,000",3.57%
2020-04-30,"8,889.55","1,130,000,000",-0.28%
2020-05-01,"8,604.95","868,790,000",-3.20%
2020-05-04,"8,710.72","806,280,000",1.23%
2020-05-05,"8,809.12","834,180,000",1.13%
2020-05-06,"8,854.39","782,810,000",0.51%
2020-05-07,"8,979.66","831,290,000",1.41%
2020-05-08,"9,121.32","824,610,000",1.58%
2020-05-11,"9,192.34","878,430,000",0.78%
2020-05-12,"9,002.55","922,430,000",-2.06%
2020-05-13,"8,863.17","952,960,000",-1.55%
2020-05-14,"8,943.72","883,250,000",0.91%
2020-05-15,"9,014.56","1,030,000,000",0.79%
2020-05-18,"9,234.83","968,790,000",2.44%
2020-05-19,"9,185.10","869,450,000",-0.54%
2020-05-20,"9,375.78","938,190,000",2.08%
2020-05-21,"9,284.88","785,340,000",-0.97%
2020-05-22,"9,324.59","746,030,000",0.43%
2020-05-26,"9,340.22","967,900,000",0.17%
2020-05-27,"9,412.36","951,520,000",0.77%
2020-05-28,"9,368.99","877,390,000",-0.46%
2020-05-29,"9,489.87","1,450,000,000",1.29%
2020-06-01,"9,552.05","878,990,000",0.66%
2020-06-02,"9,608.38","908,580,000",0.59%
2020-06-03,"9,682.91","1,010,000,000",0.78%
2020-06-04,"9,615.81","1,290,000,000",-0.69%
2020-06-05,"9,814.08","1,440,000,000",2.06%
2020-06-08,"9,924.75","1,340,000,000",1.13%
2020-06-09,"9,953.75","1,120,000,000",0.29%
2020-06-10,"10,020.35","1,110,000,000",0.67%
2020-06-11,"9,492.73","1,250,000,000",-5.27%
2020-06-12,"9,588.81","1,040,000,000",1.01%
2020-06-15,"9,726.02","1,080,000,000",1.43%
2020-06-16,"9,895.87","1,090,000,000",1.75%
2020-06-17,"9,910.53","1,010,000,000",0.15%
2020-06-18,"9,943.05","1,030,000,000",0.33%
2020-06-19,"9,946.12","2,390,000,000",0.03%
2020-06-22,"10,056.48","1,060,000,000",1.11%
2020-06-23,"10,131.37","1,180,000,000",0.74%
2020-06-24,"9,909.17","1,260,000,000",-2.19%
2020-06-25,"10,017.00","1,060,000,000",1.09%
2020-06-26,"9,757.22","2,670,000,000",-2.59%
2020-06-29,"9,874.15","977,010,000",1.20%
2020-06-30,"10,058.76","1,100,000,000",1.87%
2020-07-01,"10,154.63","972,050,000",0.95%
2020-07-02,"10,207.63","887,000,000",0.52%
2020-07-06,"10,433.65","1,040,000,000",2.21%
2020-07-07,"10,343.89","946,990,000",-0.86%
2020-07-08,"10,492.50","901,930,000",1.44%
2020-07-09,"10,547.75","901,210,000",0.53%
2020-07-10,"10,617.44","781,920,000",0.66%
2020-07-13,"10,390.84","1,080,000,000",-2.13%
2020-07-14,"10,488.58","974,170,000",0.94%
2020-07-15,"10,550.49","1,040,000,000",0.59%
2020-07-16,"10,473.83","873,490,000",-0.73%
2020-07-17,"10,503.19","951,840,000",0.28%
2020-07-20,"10,767.09","937,330,000",2.51%
2020-07-21,"10,680.36","1,060,000,000",-0.81%
2020-07-22,"10,706.13","841,400,000",0.24%
2020-07-23,"10,461.42","990,590,000",-2.29%
2020-07-24,"10,363.18","909,490,000",-0.94%
2020-07-27,"10,536.27","912,980,000",1.67%
2020-07-28,"10,402.09","811,000,000",-1.27%
2020-07-29,"10,542.94","878,490,000",1.35%
2020-07-30,"10,587.81","897,260,000",0.43%
2020-07-31,"10,745.27","1,090,000,000",1.49%
2020-08-03,"10,902.80","904,390,000",1.47%
2020-08-04,"10,941.17","886,040,000",0.35%
2020-08-05,"10,998.40","887,010,000",0.52%
2020-08-06,"11,108.07","876,410,000",1.00%
2020-08-07,"11,010.98","891,080,000",-0.87%
2020-08-10,"10,968.36","894,840,000",-0.39%
2020-08-11,"10,782.82","969,230,000",-1.69%
2020-08-12,"11,012.24","811,570,000",2.13%
2020-08-13,"11,042.50","750,920,000",0.27%
2020-08-14,"11,019.30","729,020,000",-0.21%
2020-08-17,"11,129.73","741,240,000",1.00%
2020-08-18,"11,210.84","736,480,000",0.73%
2020-08-19,"11,146.46","752,240,000",-0.57%
2020-08-20,"11,264.95","830,320,000",1.06%
2020-08-21,"11,311.80","879,960,000",0.42%
2020-08-24,"11,379.72","837,050,000",0.60%
2020-08-25,"11,466.47","719,870,000",0.76%
2020-08-26,"11,665.06","738,610,000",1.73%
2020-08-27,"11,625.34","773,520,000",-0.34%
2020-08-28,"11,695.63","694,250,000",0.60%
2020-08-31,"11,775.46","940,530,000",0.68%
2020-09-01,"11,939.67","812,610,000",1.39%
2020-09-02,"12,056.44","903,540,000",0.98%
2020-09-03,"11,458.10","1,050,000,000",-4.96%
2020-09-04,"11,313.13","1,020,000,000",-1.27%
2020-09-08,"10,847.69","984,130,000",-4.11%
2020-09-09,"11,141.56","861,840,000",2.71%
2020-09-10,"10,919.59","898,020,000",-1.99%
2020-09-11,"10,853.55","817,030,000",-0.60%
2020-09-14,"11,056.65","882,030,000",1.87%
2020-09-15,"11,190.32","828,010,000",1.21%
2020-09-16,"11,050.47","923,760,000",-1.25%
2020-09-17,"10,910.28","936,990,000",-1.27%
2020-09-18,"10,793.28","2,410,000,000",-1.07%
2020-09-21,"10,778.94","1,020,000,000",-0.13%
2020-09-22,"10,963.77","845,800,000",1.71%
2020-09-23,"10,633.15","962,400,000",-3.02%
2020-09-24,"10,672.43","923,440,000",0.37%
2020-09-25,"10,913.73","820,010,000",2.26%
2020-09-28,"11,117.70","840,420,000",1.87%
2020-09-29,"11,085.42","763,320,000",-0.29%
2020-09-30,"11,167.68","1,020,000,000",0.74%
2020-10-01,"11,326.61","843,820,000",1.42%
2020-10-02,"11,075.11","810,860,000",-2.22%
2020-10-05,"11,332.58","781,320,000",2.32%
2020-10-06,"11,154.70","936,320,000",-1.57%
2020-10-07,"11,364.70","834,930,000",1.88%
2020-10-08,"11,421.08","715,150,000",0.50%
2020-10-09,"11,580.05","729,770,000",1.39%
2020-10-12,"11,876.36","830,650,000",2.56%
2020-10-13,"11,864.00","729,330,000",-0.10%
2020-10-14,"11,768.83","697,010,000",-0.80%
2020-10-15,"11,713.97","661,410,000",-0.47%
2020-10-16,"11,671.66","741,760,000",-0.36%
2020-10-19,"11,478.98","755,000,000",-1.65%
2020-10-20,"11,516.49","714,590,000",0.33%
2020-10-21,"11,484.69","753,850,000",-0.28%
2020-10-22,"11,506.01","750,160,000",0.19%
2020-10-23,"11,548.28","657,560,000",0.37%
2020-10-26,"11,358.94","690,960,000",-1.64%
2020-10-27,"11,431.35","676,350,000",0.64%
2020-10-28,"11,004.87","856,550,000",-3.73%
2020-10-29,"11,185.59","733,270,000",1.64%
2020-10-30,"10,911.59","873,940,000",-2.45%
2020-11-02,"10,957.61","715,790,000",0.42%
2020-11-03,"11,160.57","710,540,000",1.85%
2020-11-04,"11,590.78","852,150,000",3.85%
2020-11-05,"11,890.93","828,680,000",2.59%
2020-11-06,"11,895.23","893,720,000",0.04%
2020-11-09,"11,713.78","1,410,000,000",-1.53%
2020-11-10,"11,553.86","1,030,000,000",-1.37%
2020-11-11,"11,786.43","819,260,000",2.01%
2020-11-12,"11,709.59","829,440,000",-0.65%
2020-11-13,"11,829.29","787,300,000",1.02%
2020-11-16,"11,924.13","935,400,000",0.80%
2020-11-17,"11,899.34","849,410,000",-0.21%
2020-11-18,"11,801.60","963,950,000",-0.82%
2020-11-19,"11,904.71","1,080,000,000",0.87%
2020-11-20,"11,854.97","1,120,000,000",-0.42%
2020-11-23,"11,880.63","1,050,000,000",0.22%
2020-11-24,"12,037.33","1,270,000,000",1.32%
2020-11-25,"12,094.40","899,550,000",0.47%
2020-11-27,"12,205.85","655,990,000",0.92%
2020-11-30,"12,198.74","1,760,000,000",-0.06%
2020-12-01,"12,355.11","1,280,000,000",1.28%
2020-12-02,"12,349.37","985,810,000",-0.05%
2020-12-03,"12,377.18","928,310,000",0.23%
2020-12-04,"12,464.23","1,000,000,000",0.70%
2020-12-07,"12,519.95","931,780,000",0.45%
2020-12-08,"12,582.77","973,770,000",0.50%
2020-12-09,"12,338.95","1,070,000,000",-1.94%
2020-12-10,"12,405.81","893,260,000",0.54%
2020-12-11,"12,377.87","876,140,000",-0.23%
2020-12-14,"12,440.04","983,310,000",0.50%
2020-12-15,"12,595.06","915,620,000",1.25%
2020-12-16,"12,658.19","985,820,000",0.50%
2020-12-17,"12,764.75","1,020,000,000",0.84%
2020-12-18,"12,755.64","2,810,000,000",-0.07%
2020-12-21,"12,742.52","1,110,000,000",-0.10%
2020-12-22,"12,807.92","1,110,000,000",0.51%
2020-12-23,"12,771.11","1,230,000,000",-0.29%
2020-12-24,"12,804.73","584,090,000",0.26%
2020-12-28,"12,899.42","978,340,000",0.74%
2020-12-29,"12,850.22","896,810,000",-0.38%
2020-12-30,"12,870.00","954,010,000",0.15%
2020-12-31,"12,888.28","987,150,000",0.14%
2021-01-04,"12,698.45","1,270,000,000",-1.47%
2021-01-05,"12,818.96","1,210,000,000",0.95%
2021-01-06,"12,740.79","1,450,000,000",-0.61%
2021-01-07,"13,067.48","1,250,000,000",2.56%
2021-01-08,"13,201.98","1,330,000,000",1.03%
2021-01-11,"13,036.43","1,240,000,000",-1.25%
2021-01-12,"13,072.43","1,250,000,000",0.28%
2021-01-13,"13,128.95","1,270,000,000",0.43%
2021-01-14,"13,112.64","1,210,000,000",-0.12%
2021-01-15,"12,998.50","1,260,000,000",-0.87%
2021-01-19,"13,197.18","1,220,000,000",1.53%
2021-01-20,"13,457.25","1,290,000,000",1.97%
2021-01-21,"13,530.92","1,340,000,000",0.55%
2021-01-22,"13,543.06","1,130,000,000",0.09%
2021-01-25,"13,635.99","1,430,000,000",0.69%
2021-01-26,"13,626.07","1,250,000,000",-0.07%
2021-01-27,"13,270.60","2,190,000,000",-2.61%
2021-01-28,"13,337.16","2,160,000,000",0.50%
2021-01-29,"13,070.69","1,780,000,000",-2.00%
2021-02-01,"13,403.39","1,390,000,000",2.55%
2021-02-02,"13,612.78","1,430,000,000",1.56%
2021-02-03,"13,610.54","1,360,000,000",-0.02%
2021-02-04,"13,777.74","1,290,000,000",1.23%
2021-02-05,"13,856.30","1,260,000,000",0.57%
2021-02-08,"13,987.64","1,610,000,000",0.95%
2021-02-09,"14,007.70","1,520,000,000",0.14%
2021-02-10,"13,972.53","1,830,000,000",-0.25%
2021-02-11,"14,025.77","1,980,000,000",0.38%
2021-02-12,"14,095.47","1,320,000,000",0.50%
2021-02-16,"14,047.50","1,490,000,000",-0.34%
2021-02-17,"13,965.50","1,350,000,000",-0.58%
2021-02-18,"13,865.36","1,240,000,000",-0.72%
2021-02-19,"13,874.47","1,310,000,000",0.07%
2021-02-22,"13,533.05","1,370,000,000",-2.46%
2021-02-23,"13,465.20","1,640,000,000",-0.50%
2021-02-24,"13,597.97","1,240,000,000",0.99%
2021-02-25,"13,119.43","1,330,000,000",-3.52%
2021-02-26,"13,192.35","1,440,000,000",0.56%
2021-03-01,"13,588.83","1,100,000,000",3.01%
2021-03-02,"13,358.79","1,080,000,000",-1.69%
2021-03-03,"12,997.75","1,160,000,000",-2.70%
2021-03-04,"12,723.47","1,580,000,000",-2.11%
2021-03-05,"12,920.15","1,560,000,000",1.55%
2021-03-08,"12,609.16","1,270,000,000",-2.41%
2021-03-09,"13,073.82","1,280,000,000",3.69%
2021-03-10,"13,068.83","1,220,000,000",-0.04%
2021-03-11,"13,398.67","1,190,000,000",2.52%
2021-03-12,"13,319.86","1,090,000,000",-0.59%
2021-03-15,"13,459.71","1,130,000,000",1.05%
2021-03-16,"13,471.57","1,100,000,000",0.09%
2021-03-17,"13,525.20","1,180,000,000",0.40%
2021-03-18,"13,116.17","1,220,000,000",-3.02%
2021-03-19,"13,215.24","2,930,000,000",0.76%
2021-03-22,"13,377.54","1,110,000,000",1.23%
2021-03-23,"13,227.70","1,190,000,000",-1.12%
2021-03-24,"12,961.89","1,190,000,000",-2.01%
2021-03-25,"12,977.68","1,170,000,000",0.12%
2021-03-26,"13,138.72","1,140,000,000",1.24%
2021-03-29,"13,059.65","1,060,000,000",-0.60%
2021-03-30,"13,045.39","983,510,000",-0.11%
2021-03-31,"13,246.87","1,210,000,000",1.54%
2021-04-01,"13,480.11","939,160,000",1.76%
2021-04-05,"13,705.59","916,610,000",1.67%
2021-04-06,"13,698.38","870,630,000",-0.05%
2021-04-07,"13,688.84","819,480,000",-0.07%
2021-04-08,"13,829.31","870,910,000",1.03%
2021-04-09,"13,900.19","785,760,000",0.51%
2021-04-12,"13,850.00","894,010,000",-0.36%
2021-04-13,"13,996.10","839,450,000",1.05%
2021-04-14,"13,857.84","812,850,000",-0.99%
2021-04-15,"14,038.76","867,560,000",1.31%
2021-04-16,"14,052.34","962,780,000",0.10%
2021-04-19,"13,914.77","907,060,000",-0.98%
2021-04-20,"13,786.27","875,270,000",-0.92%
2021-04-21,"13,950.22","819,760,000",1.19%
2021-04-22,"13,818.41","871,280,000",-0.94%
2021-04-23,"14,016.81","843,300,000",1.44%
2021-04-26,"14,138.78","867,750,000",0.87%
2021-04-27,"14,090.22","871,200,000",-0.34%
2021-04-28,"14,051.03","861,230,000",-0.28%
2021-04-29,"14,082.55","994,150,000",0.22%
2021-04-30,"13,962.68","1,020,000,000",-0.85%
2021-05-03,"13,895.12","919,690,000",-0.48%
2021-05-04,"13,633.50","1,090,000,000",-1.88%
2021-05-05,"13,582.42","909,080,000",-0.37%
2021-05-06,"13,632.84","1,040,000,000",0.37%
2021-05-07,"13,752.24","873,190,000",0.88%
2021-05-10,"13,401.86","1,020,000,000",-2.55%
2021-05-11,"13,389.43","983,050,000",-0.09%
2021-05-12,"13,031.68","985,260,000",-2.67%
2021-05-13,"13,124.99","986,830,000",0.72%
2021-05-14,"13,429.98","854,900,000",2.32%
2021-05-17,"13,379.05","799,860,000",-0.38%
2021-05-18,"13,303.64","852,730,000",-0.56%
2021-05-19,"13,299.74","879,290,000",-0.03%
2021-05-20,"13,535.74","810,410,000",1.77%
2021-05-21,"13,470.99","786,550,000",-0.48%
2021-05-24,"13,661.17","730,820,000",1.41%
2021-05-25,"13,657.17","823,660,000",-0.03%
2021-05-26,"13,738.00","819,710,000",0.59%
2021-05-27,"13,736.28","1,410,000,000",-0.01%
2021-05-28,"13,748.74","911,240,000",0.09%
2021-06-01,"13,736.48","884,820,000",-0.09%
2021-06-02,"13,756.33","996,750,000",0.14%
2021-06-03,"13,614.51","1,020,000,000",-1.03%
2021-06-04,"13,814.49","806,240,000",1.47%
2021-06-07,"13,881.72","916,970,000",0.49%
2021-06-08,"13,924.91","1,170,000,000",0.31%
2021-06-09,"13,911.75","1,090,000,000",-0.09%
2021-06-10,"14,020.33","929,350,000",0.78%
2021-06-11,"14,069.42","824,120,000",0.35%
2021-06-14,"14,174.14","895,430,000",0.74%
2021-06-15,"14,072.86","880,030,000",-0.71%
2021-06-16,"14,039.68","981,270,000",-0.24%
2021-06-17,"14,161.35","990,640,000",0.87%
2021-06-18,"14,030.38","2,140,000,000",-0.92%
2021-06-21,"14,141.48","969,700,000",0.79%
2021-06-22,"14,253.27","891,230,000",0.79%
2021-06-23,"14,271.73","852,780,000",0.13%
2021-06-24,"14,369.71","807,040,000",0.69%
2021-06-25,"14,360.39","3,120,000,000",-0.06%
2021-06-28,"14,500.51","898,050,000",0.98%
2021-06-29,"14,528.33","908,400,000",0.19%
2021-06-30,"14,503.95","1,080,000,000",-0.17%
2021-07-01,"14,522.38","843,430,000",0.13%
2021-07-02,"14,639.33","724,360,000",0.81%
2021-07-06,"14,663.64","909,250,000",0.17%
2021-07-07,"14,665.06","889,860,000",0.01%
2021-07-08,"14,559.78","920,120,000",-0.72%
2021-07-09,"14,701.92","756,930,000",0.98%
2021-07-12,"14,733.24","753,860,000",0.21%
2021-07-13,"14,677.65","805,390,000",-0.38%
2021-07-14,"14,644.95","862,700,000",-0.22%
2021-07-15,"14,543.13","832,920,000",-0.70%
2021-07-16,"14,427.24","811,420,000",-0.80%
2021-07-19,"14,274.98","916,440,000",-1.06%
2021-07-20,"14,498.88","1,030,000,000",1.57%
2021-07-21,"14,631.95","801,830,000",0.92%
2021-07-22,"14,684.60","712,060,000",0.36%
2021-07-23,"14,836.99","758,410,000",1.04%
2021-07-26,"14,840.71","850,810,000",0.03%
2021-07-27,"14,660.58","885,240,000",-1.21%
2021-07-28,"14,762.58","839,140,000",0.70%
2021-07-29,"14,778.26","760,010,000",0.11%
2021-07-30,"14,672.68","788,210,000",-0.71%
2021-08-02,"14,681.07","752,760,000",0.06%
2021-08-03,"14,761.30","831,950,000",0.55%
2021-08-04,"14,780.53","875,560,000",0.13%
2021-08-05,"14,895.12","842,720,000",0.78%
2021-08-06,"14,835.76","817,600,000",-0.40%
2021-08-09,"14,860.18","801,120,000",0.16%
2021-08-10,"14,788.09","781,070,000",-0.49%
2021-08-11,"14,765.14","787,410,000",-0.16%
2021-08-12,"14,816.26","783,880,000",0.35%
2021-08-13,"14,822.90","774,680,000",0.04%
2021-08-16,"14,793.76","774,040,000",-0.20%
2021-08-17,"14,656.18","797,610,000",-0.93%
2021-08-18,"14,525.91","764,920,000",-0.89%
2021-08-19,"14,541.79","841,840,000",0.11%
2021-08-20,"14,714.66","828,730,000",1.19%
2021-08-23,"14,942.65","782,670,000",1.55%
2021-08-24,"15,019.80","737,230,000",0.52%
2021-08-25,"15,041.86","760,110,000",0.15%
2021-08-26,"14,945.81","698,670,000",-0.64%
2021-08-27,"15,129.50","857,200,000",1.23%
2021-08-30,"15,265.89","807,580,000",0.90%
2021-08-31,"15,259.24","981,940,000",-0.04%
2021-09-01,"15,309.38","836,300,000",0.33%
2021-09-02,"15,331.18","771,820,000",0.14%
2021-09-03,"15,363.52","713,300,000",0.21%
2021-09-07,"15,374.33","813,760,000",0.07%
2021-09-08,"15,286.64","799,130,000",-0.57%
2021-09-09,"15,248.25","793,920,000",-0.25%
2021-09-10,"15,115.49","889,080,000",-0.87%
2021-09-13,"15,105.58","943,770,000",-0.07%
2021-09-14,"15,037.76","884,510,000",-0.45%
2021-09-15,"15,161.53","987,750,000",0.82%
2021-09-16,"15,181.92","833,070,000",0.13%
2021-09-17,"15,043.97","2,750,000,000",-0.91%
2021-09-20,"14,713.90","1,100,000,000",-2.19%
2021-09-21,"14,746.40","873,640,000",0.22%
2021-09-22,"14,896.85","831,120,000",1.02%
2021-09-23,"15,052.24","788,230,000",1.04%
2021-09-24,"15,047.70","773,440,000",-0.03%
2021-09-27,"14,969.97","894,610,000",-0.52%
2021-09-28,"14,546.68","996,260,000",-2.83%
2021-09-29,"14,512.44","980,970,000",-0.24%
2021-09-30,"14,448.58","1,140,000,000",-0.44%
2021-10-01,"14,566.70","913,080,000",0.82%
2021-10-04,"14,255.49","920,430,000",-2.14%
2021-10-05,"14,433.83","805,230,000",1.25%
2021-10-06,"14,501.91","817,530,000",0.47%
2021-10-07,"14,654.02","798,160,000",1.05%
2021-10-08,"14,579.54","670,940,000",-0.51%
2021-10-11,"14,486.20","664,490,000",-0.64%
2021-10-12,"14,465.92","768,400,000",-0.14%
2021-10-13,"14,571.64","760,210,000",0.73%
2021-10-14,"14,823.43","815,460,000",1.73%
2021-10-15,"14,897.34","924,170,000",0.50%
2021-10-18,"15,021.81","798,360,000",0.84%
2021-10-19,"15,129.09","788,580,000",0.71%
2021-10-20,"15,121.68","743,430,000",-0.05%
2021-10-21,"15,215.70","891,240,000",0.62%
2021-10-22,"15,090.20","1,100,000,000",-0.82%
2021-10-25,"15,226.71","1,090,000,000",0.90%
2021-10-26,"15,235.72","1,220,000,000",0.06%
2021-10-27,"15,235.84","1,090,000,000",0.00%
2021-10-28,"15,448.12","1,060,000,000",1.39%
2021-10-29,"15,498.39","1,060,000,000",0.33%
2021-11-01,"15,595.92","1,000,000,000",0.63%
2021-11-02,"15,649.60","997,880,000",0.34%
2021-11-03,"15,811.58","1,000,000,000",1.04%
2021-11-04,"15,940.31","1,020,000,000",0.81%
2021-11-05,"15,971.59","1,060,000,000",0.20%
2021-11-08,"15,982.36","1,060,000,000",0.07%
2021-11-09,"15,886.54","1,030,000,000",-0.60%
2021-11-10,"15,622.70","989,630,000",-1.66%
2021-11-11,"15,704.28","867,110,000",0.52%
2021-11-12,"15,860.96","988,930,000",1.00%
2021-11-15,"15,853.85","952,140,000",-0.04%
2021-11-16,"15,973.85","1,010,000,000",0.76%
2021-11-17,"15,921.57","966,810,000",-0.33%
2021-11-18,"15,993.71","1,080,000,000",0.45%
2021-11-19,"16,057.44","1,020,000,000",0.40%
2021-11-22,"15,854.76","1,130,000,000",-1.26%
2021-11-23,"15,775.14","1,070,000,000",-0.50%
2021-11-24,"15,845.23","842,330,000",0.44%
2021-11-26,"15,491.66","781,490,000",-2.23%
2021-11-29,"15,782.83","1,010,000,000",1.88%
2021-11-30,"15,537.69","1,780,000,000",-1.55%
2021-12-01,"15,254.05","1,220,000,000",-1.83%
2021-12-02,"15,381.32","1,100,000,000",0.83%
2021-12-03,"15,085.47","1,200,000,000",-1.92%
2021-12-06,"15,225.15","1,070,000,000",0.93%
2021-12-07,"15,686.92","1,060,000,000",3.03%
2021-12-08,"15,786.99","921,930,000",0.64%
2021-12-09,"15,517.37","869,500,000",-1.71%
2021-12-10,"15,630.60","875,080,000",0.73%
2021-12-13,"15,413.28","996,250,000",-1.39%
2021-12-14,"15,237.64","1,030,000,000",-1.14%
2021-12-15,"15,565.58","1,170,000,000",2.15%
2021-12-16,"15,180.43","1,100,000,000",-2.47%
2021-12-17,"15,169.68","3,010,000,000",-0.07%
2021-12-20,"14,980.94","1,020,000,000",-1.24%
2021-12-21,"15,341.09","976,830,000",2.40%
2021-12-22,"15,521.89","783,470,000",1.18%
2021-12-23,"15,653.37","746,130,000",0.85%
2021-12-27,"15,871.26","741,100,000",1.39%
2021-12-28,"15,781.72","691,470,000",-0.56%
2021-12-29,"15,766.22","699,590,000",-0.10%
2021-12-30,"15,741.56","768,180,000",-0.16%
2021-12-31,"15,644.97","729,410,000",-0.61%
2022-01-03,"15,832.80","871,650,000",1.20%
2022-01-04,"15,622.72","970,700,000",-1.33%
2022-01-05,"15,100.17","1,010,000,000",-3.34%
2022-01-06,"15,080.86","951,120,000",-0.13%
2022-01-07,"14,935.90","852,530,000",-0.96%
2022-01-10,"14,942.83","1,090,000,000",0.05%
2022-01-11,"15,153.45","863,020,000",1.41%
2022-01-12,"15,188.39","840,020,000",0.23%
2022-01-13,"14,806.81","852,150,000",-2.51%
2022-01-14,"14,893.75","872,560,000",0.59%
2022-01-18,"14,506.90","1,060,000,000",-2.60%
2022-01-19,"14,340.25","935,060,000",-1.15%
2022-01-20,"14,154.02","1,020,000,000",-1.30%
2022-01-21,"13,768.92","1,320,000,000",-2.72%
2022-01-24,"13,855.13","1,550,000,000",0.63%
2022-01-25,"13,539.30","1,040,000,000",-2.28%
2022-01-26,"13,542.12","1,180,000,000",0.02%
2022-01-27,"13,352.78","1,070,000,000",-1.40%
2022-01-28,"13,770.57","1,060,000,000",3.13%
2022-01-31,"14,239.88","1,240,000,000",3.41%
2022-02-01,"14,346.00","962,000,000",0.75%
2022-02-02,"14,417.55","1,000,000,000",0.50%
2022-02-03,"13,878.82","945,510,000",-3.74%
2022-02-04,"14,098.01","862,970,000",1.58%
2022-02-07,"14,015.67","858,020,000",-0.58%
2022-02-08,"14,194.45","865,500,000",1.28%
2022-02-09,"14,490.37","935,010,000",2.08%
2022-02-10,"14,185.64","1,060,000,000",-2.10%
2022-02-11,"13,791.15","1,080,000,000",-2.78%
2022-02-14,"13,790.92","936,800,000",0.00%
2022-02-15,"14,139.76","903,090,000",2.53%
2022-02-16,"14,124.09","838,990,000",-0.11%
2022-02-17,"13,716.72","922,820,000",-2.88%
2022-02-18,"13,548.07","1,020,000,000",-1.23%
2022-02-22,"13,381.52","1,020,000,000",-1.23%
2022-02-23,"13,037.49","944,400,000",-2.57%
2022-02-24,"13,473.58","1,380,000,000",3.34%
2022-02-25,"13,694.62","978,450,000",1.64%
2022-02-28,"13,751.40","1,390,000,000",0.41%
2022-03-01,"13,532.46","1,240,000,000",-1.59%
2022-03-02,"13,752.02","1,030,000,000",1.62%
2022-03-03,"13,537.94","1,030,000,000",-1.56%
2022-03-04,"13,313.44","1,040,000,000",-1.66%
2022-03-07,"12,830.96","1,290,000,000",-3.62%
2022-03-08,"12,795.55","1,340,000,000",-0.28%
2022-03-09,"13,255.55","1,120,000,000",3.59%
2022-03-10,"13,129.96","961,590,000",-0.95%
2022-03-11,"12,843.81","1,020,000,000",-2.18%
2022-03-14,"12,581.22","1,210,000,000",-2.04%
2022-03-15,"12,948.62","1,130,000,000",2.92%
2022-03-16,"13,436.55","1,410,000,000",3.77%
2022-03-17,"13,614.78","1,140,000,000",1.33%
2022-03-18,"13,893.84","2,850,000,000",2.05%
2022-03-21,"13,838.46","1,140,000,000",-0.40%
2022-03-22,"14,108.82","1,100,000,000",1.95%
2022-03-23,"13,922.60","961,730,000",-1.32%
2022-03-24,"14,191.84","916,740,000",1.93%
2022-03-25,"14,169.30","941,780,000",-0.16%
2022-03-28,"14,354.90","892,940,000",1.31%
2022-03-29,"14,619.64","1,090,000,000",1.84%
2022-03-30,"14,442.27","1,010,000,000",-1.21%
2022-03-31,"14,220.52","1,100,000,000",-1.54%
2022-04-01,"14,261.50","1,020,000,000",0.29%
2022-04-04,"14,532.55","915,410,000",1.90%
2022-04-05,"14,204.17","930,400,000",-2.26%
2022-04-06,"13,888.82","1,090,000,000",-2.22%
2022-04-07,"13,897.30","931,350,000",0.06%
2022-04-08,"13,711.00","858,450,000",-1.34%
2022-04-11,"13,411.96","991,300,000",-2.18%
2022-04-12,"13,371.57","902,420,000",-0.30%
2022-04-13,"13,643.59","910,790,000",2.03%
2022-04-14,"13,351.08","927,380,000",-2.14%
2022-04-18,"13,332.36","832,410,000",-0.14%
2022-04-19,"13,619.66","855,290,000",2.15%
2022-04-20,"13,453.07","871,260,000",-1.22%
2022-04-21,"13,174.65","993,830,000",-2.07%
2022-04-22,"12,839.29","950,700,000",-2.55%
2022-04-25,"13,004.85","988,040,000",1.29%
2022-04-26,"12,490.74","1,020,000,000",-3.95%
2022-04-27,"12,488.93","942,840,000",-0.01%
2022-04-28,"12,871.53","1,010,000,000",3.06%
2022-04-29,"12,334.64","1,090,000,000",-4.17%
2022-05-02,"12,536.02","1,040,000,000",1.63%
2022-05-03,"12,563.76","897,830,000",0.22%
2022-05-04,"12,964.86","1,110,000,000",3.19%
2022-05-05,"12,317.69","1,100,000,000",-4.99%
2022-05-06,"12,144.66","1,090,000,000",-1.40%
2022-05-09,"11,623.25","1,240,000,000",-4.29%
2022-05-10,"11,737.67","1,280,000,000",0.98%
2022-05-11,"11,364.24","1,270,000,000",-3.18%
2022-05-12,"11,370.96","1,400,000,000",0.06%
2022-05-13,"11,805.00","1,230,000,000",3.82%
2022-05-16,"11,662.79","978,060,000",-1.20%
2022-05-17,"11,984.52","1,020,000,000",2.76%
2022-05-18,"11,418.15","1,030,000,000",-4.73%
2022-05-19,"11,388.50","1,050,000,000",-0.26%
2022-05-20,"11,354.62","1,200,000,000",-0.30%
2022-05-23,"11,535.27","889,210,000",1.59%
2022-05-24,"11,264.45","924,230,000",-2.35%
2022-05-25,"11,434.74","907,180,000",1.51%
2022-05-26,"11,740.65","930,420,000",2.68%
2022-05-27,"12,131.13","942,220,000",3.33%
2022-05-31,"12,081.39","1,770,000,000",-0.41%
2022-06-01,"11,994.46","940,600,000",-0.72%
2022-06-02,"12,316.90","916,660,000",2.69%
2022-06-03,"12,012.73","837,590,000",-2.47%
2022-06-06,"12,061.37","911,010,000",0.40%
2022-06-07,"12,175.23","900,550,000",0.94%
2022-06-08,"12,086.27","911,770,000",-0.73%
2022-06-09,"11,754.23","998,870,000",-2.75%
2022-06-10,"11,340.02","1,060,000,000",-3.52%
2022-06-13,"10,809.23","1,210,000,000",-4.68%
2022-06-14,"10,828.34","953,680,000",0.18%
2022-06-15,"11,099.16","1,220,000,000",2.50%
2022-06-16,"10,646.10","1,250,000,000",-4.08%
2022-06-17,"10,798.35","2,800,000,000",1.43%
2022-06-21,"11,069.30","1,190,000,000",2.51%
2022-06-22,"11,053.08","1,110,000,000",-0.15%
2022-06-23,"11,232.19","1,030,000,000",1.62%
2022-06-24,"11,607.62","4,310,000,000",3.34%
2022-06-27,"11,524.55","991,610,000",-0.72%
2022-06-28,"11,181.54","1,020,000,000",-2.98%
2022-06-29,"11,177.89","1,020,000,000",-0.03%
2022-06-30,"11,028.74","1,160,000,000",-1.33%
2022-07-01,"11,127.84","930,710,000",0.90%
2022-07-05,"11,322.24","1,070,000,000",1.75%
2022-07-06,"11,361.85","933,390,000",0.35%
2022-07-07,"11,621.35","916,260,000",2.28%
2022-07-08,"11,635.31","820,690,000",0.12%
2022-07-11,"11,372.60","844,130,000",-2.26%
2022-07-12,"11,264.73","836,730,000",-0.95%
2022-07-13,"11,247.58","812,600,000",-0.15%
2022-07-14,"11,251.18","817,490,000",0.03%
2022-07-15,"11,452.42","947,430,000",1.79%
2022-07-18,"11,360.05","922,800,000",-0.81%
2022-07-19,"11,713.15","974,150,000",3.11%
2022-07-20,"11,897.65","1,010,000,000",1.58%
2022-07-21,"12,059.61","840,810,000",1.36%
2022-07-22,"11,834.11","884,720,000",-1.87%
2022-07-25,"11,782.67","783,120,000",-0.43%
2022-07-26,"11,562.58","834,490,000",-1.87%
2022-07-27,"12,032.42","939,310,000",4.06%
2022-07-28,"12,162.59","958,800,000",1.08%
2022-07-29,"12,390.69","1,100,000,000",1.88%
2022-08-01,"12,368.98","891,530,000",-0.18%
2022-08-02,"12,348.76","902,820,000",-0.16%
2022-08-03,"12,668.16","1,100,000,000",2.59%
2022-08-04,"12,720.58","1,050,000,000",0.41%
2022-08-05,"12,657.55","991,770,000",-0.50%
2022-08-08,"12,644.46","1,000,000,000",-0.10%
2022-08-09,"12,493.93","1,020,000,000",-1.19%
2022-08-10,"12,854.80","1,050,000,000",2.89%
2022-08-11,"12,779.91","1,080,000,000",-0.58%
2022-08-12,"13,047.19","936,390,000",2.09%
2022-08-15,"13,128.05","862,200,000",0.62%
2022-08-16,"13,102.55","952,790,000",-0.19%
2022-08-17,"12,938.12","977,810,000",-1.25%
2022-08-18,"12,965.34","865,170,000",0.21%
2022-08-19,"12,705.21","998,670,000",-2.01%
2022-08-22,"12,381.57","857,720,000",-2.55%
2022-08-23,"12,381.30","763,640,000",0.00%
2022-08-24,"12,431.53","770,640,000",0.41%
2022-08-25,"12,639.26","797,230,000",1.67%
2022-08-26,"12,141.71","960,490,000",-3.94%
2022-08-29,"12,017.67","798,390,000",-1.02%
2022-08-30,"11,883.14","896,270,000",-1.12%
2022-08-31,"11,816.20","1,160,000,000",-0.56%
2022-09-01,"11,785.13","974,170,000",-0.26%
2022-09-02,"11,630.86","868,070,000",-1.31%
2022-09-06,"11,544.91","945,530,000",-0.74%
2022-09-07,"11,791.90","897,120,000",2.14%
2022-09-08,"11,862.13","875,830,000",0.60%
2022-09-09,"12,112.31","881,470,000",2.11%
2022-09-12,"12,266.41","845,280,000",1.27%
2022-09-13,"11,633.57","1,100,000,000",-5.16%
2022-09-14,"11,719.68","1,050,000,000",0.74%
2022-09-15,"11,552.36","1,030,000,000",-1.43%
2022-09-16,"11,448.40","3,050,000,000",-0.90%
2022-09-19,"11,535.02","932,680,000",0.76%
2022-09-20,"11,425.05","861,660,000",-0.95%
2022-09-21,"11,220.19","909,350,000",-1.79%
2022-09-22,"11,066.80","934,350,000",-1.37%
2022-09-23,"10,867.93","1,000,000,000",-1.80%
2022-09-26,"10,802.92","949,640,000",-0.60%
2022-09-27,"10,829.50","903,370,000",0.25%
2022-09-28,"11,051.64","953,340,000",2.05%
2022-09-29,"10,737.51","971,920,000",-2.84%
2022-09-30,"10,575.62","1,100,000,000",-1.51%
2022-10-03,"10,815.43","943,340,000",2.27%
2022-10-04,"11,176.41","1,020,000,000",3.34%
2022-10-05,"11,148.64","830,230,000",-0.25%
2022-10-06,"11,073.31","873,350,000",-0.68%
2022-10-07,"10,652.41","1,030,000,000",-3.80%
2022-10-10,"10,542.10","812,520,000",-1.04%
2022-10-11,"10,426.19","990,740,000",-1.10%
2022-10-12,"10,417.10","823,610,000",-0.09%
2022-10-13,"10,649.15","1,050,000,000",2.23%
2022-10-14,"10,321.39","918,040,000",-3.08%
2022-10-17,"10,675.80","944,310,000",3.43%
2022-10-18,"10,772.40","929,620,000",0.90%
2022-10-19,"10,680.51","921,130,000",-0.85%
2022-10-20,"10,614.84","866,250,000",-0.61%
2022-10-21,"10,859.72","1,020,000,000",2.31%
2022-10-24,"10,952.61","921,200,000",0.86%
2022-10-25,"11,199.12","991,080,000",2.25%
2022-10-26,"10,970.99","1,000,000,000",-2.04%
2022-10-27,"10,792.67","973,520,000",-1.63%
2022-10-28,"11,102.45","977,640,000",2.87%
2022-10-31,"10,988.15","1,080,000,000",-1.03%
2022-11-01,"10,890.84","903,260,000",-0.89%
2022-11-02,"10,524.80","1,100,000,000",-3.36%
2022-11-03,"10,342.94","1,010,000,000",-1.73%
2022-11-04,"10,475.25","1,090,000,000",1.28%
2022-11-07,"10,564.52","930,250,000",0.85%
2022-11-08,"10,616.20","994,350,000",0.49%
2022-11-09,"10,353.17","1,040,000,000",-2.48%
2022-11-10,"11,114.15","1,400,000,000",7.35%
2022-11-11,"11,323.33","1,210,000,000",1.88%
2022-11-14,"11,196.22","983,400,000",-1.12%
2022-11-15,"11,358.41","1,040,000,000",1.45%
2022-11-16,"11,183.66","887,820,000",-1.54%
2022-11-17,"11,144.96","837,390,000",-0.35%
2022-11-18,"11,146.06","846,400,000",0.01%
2022-11-21,"11,024.51","765,200,000",-1.09%
2022-11-22,"11,174.41","758,800,000",1.36%
2022-11-23,"11,285.32","695,120,000",0.99%
2022-11-25,"11,226.36","377,170,000",-0.52%
2022-11-28,"11,049.50","811,960,000",-1.58%
2022-11-29,"10,983.78","783,460,000",-0.59%
2022-11-30,"11,468.00","1,620,000,000",4.41%
2022-12-01,"11,482.45","912,530,000",0.13%
2022-12-02,"11,461.50","859,610,000",-0.18%
2022-12-05,"11,239.94","885,180,000",-1.93%
2022-12-06,"11,014.89","888,700,000",-2.00%
2022-12-07,"10,958.55","828,480,000",-0.51%
2022-12-08,"11,082.00","832,950,000",1.13%
2022-12-09,"11,004.62","867,240,000",-0.70%
2022-12-12,"11,143.74","955,140,000",1.26%
2022-12-13,"11,256.81","1,240,000,000",1.01%
2022-12-14,"11,170.89","1,120,000,000",-0.76%
2022-12-15,"10,810.53","1,160,000,000",-3.23%
2022-12-16,"10,705.41","3,280,000,000",-0.97%
2022-12-19,"10,546.03","1,040,000,000",-1.49%
2022-12-20,"10,547.11","972,310,000",0.01%
2022-12-21,"10,709.37","937,400,000",1.54%
2022-12-22,"10,476.12","974,200,000",-2.18%
2022-12-23,"10,497.86","678,030,000",0.21%
2022-12-27,"10,353.23","753,050,000",-1.38%
2022-12-28,"10,213.29","751,520,000",-1.35%
2022-12-29,"10,478.09","894,540,000",2.59%
2022-12-30,"10,466.48","850,560,000",-0.11%
2023-01-03,"10,386.99","983,360,000",-0.76%
2023-01-04,"10,458.76","1,040,000,000",0.69%
2023-01-05,"10,305.24","957,480,000",-1.47%
2023-01-06,"10,569.29","970,670,000",2.56%
2023-01-09,"10,635.65","1,040,000,000",0.63%
2023-01-10,"10,742.63","888,700,000",1.01%
2023-01-11,"10,931.67","1,010,000,000",1.76%
2023-01-12,"11,001.11","1,030,000,000",0.64%
2023-01-13,"11,079.16","919,660,000",0.71%
2023-01-17,"11,095.11","990,060,000",0.14%
2023-01-18,"10,957.01","986,970,000",-1.24%
2023-01-19,"10,852.27","905,210,000",-0.96%
2023-01-20,"11,140.43","1,160,000,000",2.66%
2023-01-23,"11,364.41","1,050,000,000",2.01%
2023-01-24,"11,334.27","914,950,000",-0.27%
2023-01-25,"11,313.36","924,720,000",-0.18%
2023-01-26,"11,512.41","992,600,000",1.76%
2023-01-27,"11,621.71","1,050,000,000",0.95%
2023-01-30,"11,393.81","954,430,000",-1.96%
2023-01-31,"11,584.55","1,150,000,000",1.67%
2023-02-01,"11,816.32","1,210,000,000",2.00%
2023-02-02,"12,200.82","1,330,000,000",3.25%
2023-02-03,"12,006.96","1,110,000,000",-1.59%
2023-02-06,"11,887.45","1,010,000,000",-1.00%
2023-02-07,"12,113.79","1,070,000,000",1.90%
2023-02-08,"11,910.52","953,410,000",-1.68%
2023-02-09,"11,789.58","1,030,000,000",-1.02%
2023-02-10,"11,718.12","934,050,000",-0.61%
2023-02-13,"11,891.79","937,010,000",1.48%
2023-02-14,"11,960.14","929,010,000",0.57%
2023-02-15,"12,070.59","951,900,000",0.92%
2023-02-16,"11,855.83","986,410,000",-1.78%
2023-02-17,"11,787.27","966,300,000",-0.58%
2023-02-21,"11,492.30","1,020,000,000",-2.50%
2023-02-22,"11,507.07","942,980,000",0.13%
2023-02-23,"11,590.40","903,170,000",0.72%
2023-02-24,"11,394.94","900,840,000",-1.69%
2023-02-27,"11,466.98","874,290,000",0.63%
2023-02-28,"11,455.54","1,260,000,000",-0.10%
2023-03-01,"11,379.48","964,540,000",-0.66%
2023-03-02,"11,462.98","950,090,000",0.73%
2023-03-03,"11,689.01","965,050,000",1.97%
2023-03-06,"11,675.74","977,570,000",-0.11%
2023-03-07,"11,530.33","973,960,000",-1.25%
2023-03-08,"11,576.00","923,100,000",0.40%
2023-03-09,"11,338.36","994,860,000",-2.05%
2023-03-10,"11,138.89","1,230,000,000",-1.76%
2023-03-13,"11,188.84","1,310,000,000",0.45%
2023-03-14,"11,428.15","1,180,000,000",2.14%
2023-03-15,"11,434.05","1,220,000,000",0.05%
2023-03-16,"11,717.28","1,130,000,000",2.48%
2023-03-17,"11,630.51","2,940,000,000",-0.74%
2023-03-20,"11,675.54","1,080,000,000",0.39%
2023-03-21,"11,860.11","1,040,000,000",1.58%
2023-03-22,"11,669.96","963,970,000",-1.60%
2023-03-23,"11,787.40","1,000,000,000",1.01%
2023-03-24,"11,823.96","897,320,000",0.31%
2023-03-27,"11,768.84","844,710,000",-0.47%
2023-03-28,"11,716.08","773,100,000",-0.45%
2023-03-29,"11,926.24","915,050,000",1.79%
2023-03-30,"12,013.47","923,960,000",0.73%
2023-03-31,"12,221.91","1,160,000,000",1.74%
2023-04-03,"12,189.45","950,520,000",-0.27%
2023-04-04,"12,126.33","877,510,000",-0.52%
2023-04-05,"11,996.86","894,370,000",-1.07%
2023-04-06,"12,087.96","785,430,000",0.76%
2023-04-10,"12,084.36","862,620,000",-0.03%
2023-04-11,"12,031.88","883,240,000",-0.43%
2023-04-12,"11,929.34","916,010,000",-0.85%
2023-04-13,"12,166.27","921,410,000",1.99%
2023-04-14,"12,123.46","874,140,000",-0.35%
2023-04-17,"12,157.72","904,580,000",0.28%
2023-04-18,"12,153.41","883,010,000",-0.04%
2023-04-19,"12,157.23","879,490,000",0.03%
2023-04-20,"12,059.56","899,170,000",-0.80%
2023-04-21,"12,072.46","944,770,000",0.11%
2023-04-24,"12,037.20","853,570,000",-0.29%
2023-04-25,"11,799.16","921,370,000",-1.98%
2023-04-26,"11,854.35","973,400,000",0.47%
2023-04-27,"12,142.24","986,430,000",2.43%
2023-04-28,"12,226.58","1,070,000,000",0.69%
2023-05-01,"12,212.60","926,580,000",-0.11%
2023-05-02,"12,080.51","1,050,000,000",-1.08%
2023-05-03,"12,025.33","1,090,000,000",-0.46%
2023-05-04,"11,966.40","1,010,000,000",-0.49%
2023-05-05,"12,235.41","1,010,000,000",2.25%
2023-05-08,"12,256.92","882,600,000",0.18%
2023-05-09,"12,179.55","899,760,000",-0.63%
2023-05-10,"12,306.44","1,040,000,000",1.04%
2023-05-11,"12,328.51","934,310,000",0.18%
2023-05-12,"12,284.74","865,590,000",-0.35%
2023-05-15,"12,365.21","857,250,000",0.66%
2023-05-16,"12,343.05","857,540,000",-0.18%
2023-05-17,"12,500.57","936,600,000",1.28%
2023-05-18,"12,688.84","932,200,000",1.51%
2023-05-19,"12,657.90","899,330,000",-0.24%
2023-05-22,"12,720.78","886,960,000",0.50%
2023-05-23,"12,560.25","899,730,000",-1.26%
2023-05-24,"12,484.16","842,720,000",-0.61%
2023-05-25,"12,698.09","970,490,000",1.71%
2023-05-26,"12,975.69","914,770,000",2.19%
2023-05-30,"13,017.43","969,210,000",0.32%
2023-05-31,"12,935.29","1,940,000,000",-0.63%
2023-06-01,"13,100.98","957,130,000",1.28%
2023-06-02,"13,240.77","941,890,000",1.07%
2023-06-05,"13,229.43","887,680,000",-0.09%
2023-06-06,"13,276.42","978,700,000",0.36%
2023-06-07,"13,104.89","1,110,000,000",-1.29%
2023-06-08,"13,238.52","873,240,000",1.02%
2023-06-09,"13,259.14","899,240,000",0.16%
2023-06-12,"13,461.92","974,530,000",1.53%
2023-06-13,"13,573.32","1,040,000,000",0.83%
2023-06-14,"13,626.48","1,160,000,000",0.39%
2023-06-15,"13,782.82","1,130,000,000",1.15%
2023-06-16,"13,689.57","2,920,000,000",-0.68%
2023-06-20,"13,667.29","1,130,000,000",-0.16%
2023-06-21,"13,502.20","1,060,000,000",-1.21%
2023-06-22,"13,630.61","898,270,000",0.95%
2023-06-23,"13,492.52","3,360,000,000",-1.01%
2023-06-26,"13,335.78","936,280,000",-1.16%
2023-06-27,"13,555.67","966,180,000",1.65%
2023-06-28,"13,591.75","890,520,000",0.27%
2023-06-29,"13,591.33","871,640,000",0.00%
2023-06-30,"13,787.92","1,070,000,000",1.45%
2023-07-03,"13,816.77","583,700,000",0.21%
2023-07-05,"13,791.65","937,600,000",-0.18%
2023-07-06,"13,679.04","1,040,000,000",-0.82%
2023-07-07,"13,660.72","949,890,000",-0.13%
2023-07-10,"13,685.48","1,000,000,000",0.18%
2023-07-11,"13,760.70","913,100,000",0.55%
2023-07-12,"13,918.96","1,010,000,000",1.15%
2023-07-13,"14,138.57","962,460,000",1.58%
2023-07-14,"14,113.70","996,350,000",-0.18%
2023-07-17,"14,244.95","914,530,000",0.93%
2023-07-18,"14,353.64","930,200,000",0.76%
2023-07-19,"14,358.02","978,630,000",0.03%
2023-07-20,"14,063.31","996,240,000",-2.05%
2023-07-21,"14,032.80","1,450,000,000",-0.22%
2023-07-24,"14,058.87","812,220,000",0.19%
2023-07-25,"14,144.55","864,050,000",0.61%
2023-07-26,"14,127.28","883,420,000",-0.12%
2023-07-27,"14,050.11","1,000,000,000",-0.55%
2023-07-28,"14,316.66","937,550,000",1.90%
2023-07-31,"14,346.02","1,080,000,000",0.21%
2023-08-01,"14,283.91","909,920,000",-0.43%
2023-08-02,"13,973.45","1,060,000,000",-2.17%
2023-08-03,"13,959.71","1,030,000,000",-0.10%
2023-08-04,"13,892.07","1,000,000,000",-0.48%
2023-08-07,"13,977.13","957,810,000",0.61%
2023-08-08,"13,867.19","1,040,000,000",-0.79%
2023-08-09,"13,705.08","1,060,000,000",-1.17%
2023-08-10,"13,721.03","979,720,000",0.12%
2023-08-11,"13,644.85","842,280,000",-0.56%
2023-08-14,"13,788.33","836,910,000",1.05%
2023-08-15,"13,631.05","816,650,000",-1.14%
2023-08-16,"13,474.63","993,030,000",-1.15%
2023-08-17,"13,316.93","956,290,000",-1.17%
2023-08-18,"13,290.78","980,920,000",-0.20%
2023-08-21,"13,497.59","828,820,000",1.56%
2023-08-22,"13,505.87","780,240,000",0.06%
2023-08-23,"13,721.03","811,820,000",1.59%
2023-08-24,"13,463.97","891,760,000",-1.87%
2023-08-25,"13,590.65","782,120,000",0.94%
2023-08-28,"13,705.13","674,530,000",0.84%
2023-08-29,"13,943.76","865,540,000",1.74%
2023-08-30,"14,019.31","829,230,000",0.54%
2023-08-31,"14,034.97","1,130,000,000",0.11%
2023-09-01,"14,031.82","820,130,000",-0.02%
2023-09-05,"14,020.95","882,280,000",-0.08%
2023-09-06,"13,872.47","826,450,000",-1.06%
2023-09-07,"13,748.83","920,580,000",-0.89%
2023-09-08,"13,761.53","781,910,000",0.09%
2023-09-11,"13,917.89","853,340,000",1.14%
2023-09-12,"13,773.62","853,610,000",-1.04%
2023-09-13,"13,813.58","929,030,000",0.29%
2023-09-14,"13,926.05","930,530,000",0.81%
2023-09-15,"13,708.33","3,050,000,000",-1.56%
2023-09-18,"13,710.24","962,570,000",0.01%
2023-09-19,"13,678.19","881,730,000",-0.23%
2023-09-20,"13,469.13","835,280,000",-1.53%
2023-09-21,"13,223.99","928,740,000",-1.82%
2023-09-22,"13,211.81","831,540,000",-0.09%
2023-09-25,"13,271.32","769,220,000",0.45%
2023-09-26,"13,063.61","891,040,000",-1.57%
2023-09-27,"13,092.85","894,110,000",0.22%
2023-09-28,"13,201.28","884,750,000",0.83%
2023-09-29,"13,219.32","1,020,000,000",0.14%
2023-10-02,"13,307.77","877,570,000",0.67%
2023-10-03,"13,059.47","889,310,000",-1.87%
2023-10-04,"13,236.01","854,220,000",1.35%
2023-10-05,"13,219.83","870,000,000",-0.12%
2023-10-06,"13,431.34","860,520,000",1.60%
2023-10-09,"13,484.24","723,950,000",0.39%
2023-10-10,"13,562.84","823,870,000",0.58%
2023-10-11,"13,659.68","797,050,000",0.71%
2023-10-12,"13,574.22","921,270,000",-0.63%
2023-10-13,"13,407.23","843,480,000",-1.23%
2023-10-16,"13,567.98","832,450,000",1.20%
2023-10-17,"13,533.75","906,420,000",-0.25%
2023-10-18,"13,314.30","843,060,000",-1.62%
2023-10-19,"13,186.17","920,000,000",-0.96%
2023-10-20,"12,983.81","1,030,000,000",-1.53%
2023-10-23,"13,018.33","859,070,000",0.27%
2023-10-24,"13,139.88","878,120,000",0.93%
2023-10-25,"12,821.22","950,800,000",-2.43%
2023-10-26,"12,595.61","941,240,000",-1.76%
2023-10-27,"12,643.01","856,380,000",0.38%
2023-10-30,"12,789.48","801,650,000",1.16%
2023-10-31,"12,851.24","914,040,000",0.48%
2023-11-01,"13,061.47","937,650,000",1.64%
2023-11-02,"13,294.19","1,030,000,000",1.78%
2023-11-03,"13,478.28","1,020,000,000",1.38%
2023-11-06,"13,518.78","912,890,000",0.30%
2023-11-07,"13,639.86","896,950,000",0.90%
2023-11-08,"13,650.41","956,590,000",0.08%
2023-11-09,"13,521.45","1,040,000,000",-0.94%
2023-11-10,"13,798.11","998,710,000",2.05%
2023-11-13,"13,767.74","837,610,000",-0.22%
2023-11-14,"14,094.38","1,110,000,000",2.37%
2023-11-15,"14,103.84","1,060,000,000",0.07%
2023-11-16,"14,113.67","925,110,000",0.07%
2023-11-17,"14,125.48","946,650,000",0.08%
2023-11-20,"14,284.53","902,050,000",1.13%
2023-11-21,"14,199.98","815,360,000",-0.59%
2023-11-22,"14,265.86","717,390,000",0.46%
2023-11-24,"14,250.86","441,680,000",-0.11%
2023-11-27,"14,241.02","839,280,000",-0.07%
2023-11-28,"14,281.76","870,610,000",0.29%
2023-11-29,"14,258.49","979,430,000",-0.16%
2023-11-30,"14,226.22","1,530,000,000",-0.23%
2023-12-01,"14,305.03","1,090,000,000",0.55%
2023-12-04,"14,185.49","1,180,000,000",-0.84%
2023-12-05,"14,229.91","1,110,000,000",0.31%
2023-12-06,"14,146.71","1,020,000,000",-0.58%
2023-12-07,"14,339.99","1,050,000,000",1.37%
2023-12-08,"14,403.97","997,650,000",0.45%
2023-12-11,"14,432.49","1,050,000,000",0.20%
2023-12-12,"14,533.40","939,560,000",0.70%
2023-12-13,"14,733.96","1,130,000,000",1.38%
2023-12-14,"14,761.56","1,580,000,000",0.19%
2023-12-15,"14,813.92","3,350,000,000",0.35%
2023-12-18,"14,905.19","1,150,000,000",0.62%
2023-12-19,"15,003.22","1,130,000,000",0.66%
2023-12-20,"14,777.94","1,200,000,000",-1.50%
2023-12-21,"14,963.87","945,080,000",1.26%
2023-12-22,"14,992.97","880,440,000",0.19%
2023-12-26,"15,074.57","871,340,000",0.54%
2023-12-27,"15,099.18","1,070,000,000",0.16%
2023-12-28,"15,095.14","907,140,000",-0.03%
2023-12-29,"15,011.35","1,040,000,000",-0.56%
2024-01-02,"14,765.94","1,080,000,000",-1.63%
2024-01-03,"14,592.21","1,060,000,000",-1.18%
2024-01-04,"14,510.30","1,040,000,000",-0.56%
2024-01-05,"14,524.07","1,010,000,000",0.09%
2024-01-08,"14,843.77","1,140,000,000",2.20%
2024-01-09,"14,857.71","959,650,000",0.09%
2024-01-10,"14,969.65","904,430,000",0.75%
2024-01-11,"14,970.18","1,000,000,000",0.00%
2024-01-12,"14,972.76","865,510,000",0.02%
2024-01-16,"14,944.35","1,100,000,000",-0.19%
2024-01-17,"14,855.62","944,500,000",-0.59%
2024-01-18,"15,055.65","1,040,000,000",1.35%
2024-01-19,"15,310.97","1,140,000,000",1.70%
2024-01-22,"15,360.29","1,040,000,000",0.32%
2024-01-23,"15,425.94","959,540,000",0.43%
2024-01-24,"15,481.92","932,890,000",0.36%
2024-01-25,"15,510.50","998,980,000",0.18%
2024-01-26,"15,455.36","857,500,000",-0.36%
2024-01-29,"15,628.04","959,390,000",1.12%
2024-01-30,"15,509.90","915,720,000",-0.76%
2024-01-31,"15,164.01","1,290,000,000",-2.23%
2024-02-01,"15,361.64","1,010,000,000",1.30%
2024-02-02,"15,628.95","956,870,000",1.74%
2024-02-05,"15,597.68","923,280,000",-0.20%
2024-02-06,"15,609.00","931,550,000",0.07%
2024-02-07,"15,756.64","943,130,000",0.95%
2024-02-08,"15,793.71","1,020,000,000",0.24%
2024-02-09,"15,990.66","1,080,000,000",1.25%
2024-02-12,"15,942.54","1,090,000,000",-0.30%
2024-02-13,"15,655.60","1,210,000,000",-1.80%
2024-02-14,"15,859.15","1,080,000,000",1.30%
2024-02-15,"15,906.17","1,220,000,000",0.30%
2024-02-16,"15,775.65","1,120,000,000",-0.82%
2024-02-20,"15,630.78","1,100,000,000",-0.92%
2024-02-21,"15,580.87","984,020,000",-0.32%
2024-02-22,"16,041.62","1,140,000,000",2.96%
2024-02-23,"15,996.82","1,000,000,000",-0.28%
2024-02-26,"15,976.25","1,060,000,000",-0.13%
2024-02-27,"16,035.30","1,100,000,000",0.37%
2024-02-28,"15,947.74","1,100,000,000",-0.55%
2024-02-29,"16,091.92","1,650,000,000",0.90%
2024-03-01,"16,274.94","1,100,000,000",1.14%
2024-03-04,"16,207.51","1,170,000,000",-0.41%
2024-03-05,"15,939.59","1,160,000,000",-1.65%
2024-03-06,"16,031.54","1,110,000,000",0.58%
2024-03-07,"16,273.38","1,030,000,000",1.51%
2024-03-08,"16,085.11","1,090,000,000",-1.16%
2024-03-11,"16,019.27","970,770,000",-0.41%
2024-03-12,"16,265.64","1,020,000,000",1.54%
2024-03-13,"16,177.77","1,090,000,000",-0.54%
2024-03-14,"16,128.53","1,180,000,000",-0.30%
2024-03-15,"15,973.17","3,070,000,000",-0.96%
2024-03-18,"16,103.45","1,040,000,000",0.82%
2024-03-19,"16,166.79","1,040,000,000",0.39%
2024-03-20,"16,369.41","1,030,000,000",1.25%
2024-03-21,"16,401.84","1,060,000,000",0.20%
2024-03-22,"16,428.82","880,010,000",0.16%
2024-03-25,"16,384.47","896,530,000",-0.27%
2024-03-26,"16,315.70","1,000,000,000",-0.42%
2024-03-27,"16,399.52","986,800,000",0.51%
2024-03-28,"16,379.46","1,220,000,000",-0.12%
2024-04-01,"16,396.83","930,020,000",0.11%
2024-04-02,"16,240.45","1,030,000,000",-0.95%
2024-04-03,"16,277.46","1,010,000,000",0.23%
2024-04-04,"16,049.08","1,070,000,000",-1.40%
2024-04-05,"16,248.52","903,320,000",1.24%
2024-04-08,"16,253.96","852,610,000",0.03%
2024-04-09,"16,306.64","888,260,000",0.32%
2024-04-10,"16,170.36","992,410,000",-0.84%
2024-04-11,"16,442.20","888,860,000",1.68%
2024-04-12,"16,175.09","906,050,000",-1.62%
2024-04-15,"15,885.02","980,760,000",-1.79%
2024-04-16,"15,865.25","912,040,000",-0.12%
2024-04-17,"15,683.37","896,710,000",-1.15%
2024-04-18,"15,601.50","936,420,000",-0.52%
2024-04-19,"15,282.01","1,110,000,000",-2.05%
2024-04-22,"15,451.30","930,200,000",1.11%
2024-04-23,"15,696.64","981,750,000",1.59%
2024-04-24,"15,712.75","955,270,000",0.10%
2024-04-25,"15,611.76","990,230,000",-0.64%
2024-04-26,"15,927.90","939,960,000",2.03%
2024-04-29,"15,983.08","953,160,000",0.35%
2024-04-30,"15,657.82","1,150,000,000",-2.04%
2024-05-01,"15,605.48","1,120,000,000",-0.33%
2024-05-02,"15,840.96","1,050,000,000",1.51%
2024-05-03,"16,156.33","1,030,000,000",1.99%
2024-05-06,"16,349.25","919,310,000",1.19%
2024-05-07,"16,332.55","1,020,000,000",-0.10%
2024-05-08,"16,302.76","976,920,000",-0.18%
2024-05-09,"16,346.26","945,460,000",0.27%
2024-05-10,"16,340.87","940,760,000",-0.03%
2024-05-13,"16,388.24","953,220,000",0.29%
2024-05-14,"16,511.18","1,240,000,000",0.75%
2024-05-15,"16,742.39","1,320,000,000",1.40%
2024-05-16,"16,698.32","1,470,000,000",-0.26%
2024-05-17,"16,685.97","1,430,000,000",-0.07%
2024-05-20,"16,794.87","1,120,000,000",0.65%
2024-05-21,"16,832.62","1,020,000,000",0.22%
2024-05-22,"16,801.54","1,150,000,000",-0.18%
2024-05-23,"16,736.03","1,210,000,000",-0.39%
2024-05-24,"16,920.79","953,610,000",1.10%
2024-05-28,"17,019.88","1,100,000,000",0.59%
2024-05-29,"16,920.58","1,150,000,000",-0.58%
2024-05-30,"16,737.08","1,110,000,000",-1.08%
2024-05-31,"16,735.02","1,810,000,000",-0.01%
2024-06-03,"16,828.67","1,060,000,000",0.56%
2024-06-04,"16,857.05","975,740,000",0.17%
2024-06-05,"17,187.90","1,010,000,000",1.96%
2024-06-06,"17,173.12","940,920,000",-0.09%
2024-06-07,"17,133.13","897,390,000",-0.23%
2024-06-10,"17,192.53","1,010,000,000",0.35%
2024-06-11,"17,343.55","941,870,000",0.88%
2024-06-12,"17,608.44","1,130,000,000",1.53%
2024-06-13,"17,667.56","981,980,000",0.34%
2024-06-14,"17,688.88","965,430,000",0.12%
2024-06-17,"17,857.02","1,040,000,000",0.95%
2024-06-18,"17,862.23","1,110,000,000",0.03%
2024-06-20,"17,721.59","1,260,000,000",-0.79%
2024-06-21,"17,689.36","3,540,000,000",-0.18%
2024-06-24,"17,496.82","1,140,000,000",-1.09%
2024-06-25,"17,717.65","1,080,000,000",1.26%
2024-06-26,"17,805.16","1,040,000,000",0.49%
2024-06-27,"17,858.68","1,050,000,000",0.30%
2024-06-28,"17,732.60","3,780,000,000",-0.71%
2024-07-01,"17,879.30","1,030,000,000",0.83%
2024-07-02,"18,028.76","932,120,000",0.84%
2024-07-03,"18,188.30","692,060,000",0.88%
2024-07-05,"18,352.76","963,800,000",0.90%
2024-07-08,"18,403.74","984,760,000",0.28%
2024-07-09,"18,429.29","914,800,000",0.14%
2024-07-10,"18,647.45","971,360,000",1.18%
2024-07-11,"18,283.41","1,230,000,000",-1.95%
2024-07-12,"18,398.45","1,100,000,000",0.63%
2024-07-15,"18,472.57","1,080,000,000",0.40%
2024-07-16,"18,509.34","1,120,000,000",0.20%
2024-07-17,"17,996.93","1,260,000,000",-2.77%
2024-07-18,"17,871.22","1,130,000,000",-0.70%
2024-07-19,"17,726.94","1,120,000,000",-0.81%
2024-07-22,"18,007.57","1,040,000,000",1.58%
2024-07-23,"17,997.35","960,970,000",-0.06%
2024-07-24,"17,342.41","1,190,000,000",-3.64%
2024-07-25,"17,181.72","1,200,000,000",-0.93%
2024-07-26,"17,357.88","972,960,000",1.03%
2024-07-29,"17,370.20","909,680,000",0.07%
2024-07-30,"17,147.42","1,110,000,000",-1.28%
2024-07-31,"17,599.40","1,340,000,000",2.64%
2024-08-01,"17,194.14","1,320,000,000",-2.30%
2024-08-02,"16,776.16","1,340,000,000",-2.43%
2024-08-05,"16,200.08","1,530,000,000",-3.43%
2024-08-06,"16,366.86","1,190,000,000",1.03%
2024-08-07,"16,195.81","1,220,000,000",-1.05%
2024-08-08,"16,660.02","1,170,000,000",2.87%
2024-08-09,"16,745.30","1,010,000,000",0.51%
2024-08-12,"16,780.61","4,100,000,000",0.21%
2024-08-13,"17,187.61","1,070,000,000",2.43%
2024-08-14,"17,192.60","948,920,000",0.03%
2024-08-15,"17,594.50","1,130,000,000",2.34%
2024-08-16,"17,631.72","989,750,000",0.21%
2024-08-19,"17,876.77","1,010,000,000",1.39%
2024-08-20,"17,816.94","905,040,000",-0.33%
2024-08-21,"17,918.99","892,180,000",0.57%
2024-08-22,"17,619.35","938,950,000",-1.67%
2024-08-23,"17,877.79","1,000,000,000",1.47%
2024-08-26,"17,725.77","924,580,000",-0.85%
2024-08-27,"17,754.82","799,400,000",0.16%
2024-08-28,"17,556.03","949,550,000",-1.12%
2024-08-29,"17,516.43","974,880,000",-0.23%
2024-08-30,"17,713.62","1,360,000,000",1.13%
2024-09-03,"17,136.30","1,170,000,000",-3.26%
2024-09-04,"17,084.30","966,700,000",-0.30%
2024-09-05,"17,127.66","933,230,000",0.25%
2024-09-06,"16,690.83","1,080,000,000",-2.55%
2024-09-09,"16,884.60","1,040,000,000",1.16%
2024-09-10,"17,025.88","936,370,000",0.84%
2024-09-11,"17,395.53","1,100,000,000",2.17%
2024-09-12,"17,569.68","952,150,000",1.00%
2024-09-13,"17,683.98","927,280,000",0.65%
2024-09-16,"17,592.13","876,140,000",-0.52%
2024-09-17,"17,628.06","940,890,000",0.20%
2024-09-18,"17,573.30","1,090,000,000",-0.31%
2024-09-19,"18,013.98","1,170,000,000",2.51%
2024-09-20,"17,948.32","3,610,000,000",-0.36%
2024-09-23,"17,974.27","1,050,000,000",0.14%
2024-09-24,"18,074.52","1,090,000,000",0.56%
2024-09-25,"18,082.21","958,500,000",0.04%
2024-09-26,"18,190.29","1,100,000,000",0.60%
2024-09-27,"18,119.59","1,020,000,000",-0.39%
2024-09-30,"18,189.17","1,200,000,000",0.38%
2024-10-01,"17,910.36","1,110,000,000",-1.53%
2024-10-02,"17,925.12","985,440,000",0.08%
2024-10-03,"17,918.48","908,710,000",-0.04%
2024-10-04,"18,137.85","950,410,000",1.22%
2024-10-07,"17,923.90","1,010,000,000",-1.18%
2024-10-08,"18,182.92","944,800,000",1.45%
2024-10-09,"18,291.62","898,500,000",0.60%
2024-10-10,"18,282.05","957,620,000",-0.05%
2024-10-11,"18,342.94","912,770,000",0.33%
2024-10-14,"18,502.69","901,620,000",0.87%
2024-10-15,"18,315.59","1,150,000,000",-1.01%
2024-10-16,"18,367.08","1,010,000,000",0.28%
2024-10-17,"18,373.61","1,030,000,000",0.04%
2024-10-18,"18,489.55","1,010,000,000",0.63%
2024-10-21,"18,540.01","1,010,000,000",0.27%
2024-10-22,"18,573.13","949,370,000",0.18%
2024-10-23,"18,276.65","1,020,000,000",-1.60%
2024-10-24,"18,415.49","977,770,000",0.76%
2024-10-25,"18,518.61","976,290,000",0.56%
2024-10-28,"18,567.19","1,030,000,000",0.26%
2024-10-29,"18,712.75","1,120,000,000",0.78%
2024-10-30,"18,607.93","1,160,000,000",-0.56%
2024-10-31,"18,095.15","1,310,000,000",-2.76%
2024-11-01,"18,239.92","1,050,000,000",0.80%
2024-11-04,"18,179.98","1,040,000,000",-0.33%
2024-11-05,"18,439.17","1,070,000,000",1.43%
2024-11-06,"18,983.46","1,640,000,000",2.95%
2024-11-07,"19,269.46","1,430,000,000",1.51%
2024-11-08,"19,286.78","1,310,000,000",0.09%
2024-11-11,"19,298.76","1,330,000,000",0.06%
2024-11-12,"19,281.40","1,320,000,000",-0.09%
2024-11-13,"19,230.72","1,390,000,000",-0.26%
2024-11-14,"19,107.65","1,280,000,000",-0.64%
2024-11-15,"18,680.12","1,370,000,000",-2.24%
2024-11-18,"18,791.81","1,240,000,000",0.60%
2024-11-19,"18,987.47","1,150,000,000",1.04%
2024-11-20,"18,966.14","1,130,000,000",-0.11%
2024-11-21,"18,972.42","1,260,000,000",0.03%
2024-11-22,"19,003.65","1,190,000,000",0.16%
2024-11-25,"19,054.84","1,910,000,000",0.27%
2024-11-26,"19,175.58","1,120,000,000",0.63%
2024-11-27,"19,060.48","1,030,000,000",-0.60%
2024-11-29,"19,218.17","797,080,000",0.83%
2024-12-02,"19,403.95","1,250,000,000",0.97%
2024-12-03,"19,480.91","1,130,000,000",0.40%
2024-12-04,"19,735.12","1,270,000,000",1.30%
2024-12-05,"19,700.72","1,270,000,000",-0.17%
2024-12-06,"19,859.77","1,230,000,000",0.81%
2024-12-09,"19,736.69","1,460,000,000",-0.62%
2024-12-10,"19,687.24","1,280,000,000",-0.25%
2024-12-11,"20,034.89","1,310,000,000",1.77%
2024-12-12,"19,902.84","1,150,000,000",-0.66%
2024-12-13,"19,926.72","1,170,000,000",0.12%
2024-12-16,"20,173.89","1,510,000,000",1.24%
2024-12-17,"20,109.06","1,530,000,000",-0.32%
2024-12-18,"19,392.69","1,790,000,000",-3.56%
2024-12-19,"19,372.77","1,510,000,000",-0.10%
2024-12-20,"19,572.60","3,700,000,000",1.03%
2024-12-23,"19,764.88","1,260,000,000",0.98%
2024-12-24,"20,031.13","711,220,000",1.35%
2024-12-26,"20,020.36","1,030,000,000",-0.05%
2024-12-27,"19,722.03","1,280,000,000",-1.49%
2024-12-30,"19,486.79","1,300,000,000",-1.19%
2024-12-31,"19,310.79","1,350,000,000",-0.90%
2025-01-02,"19,280.79","1,300,000,000",-0.16%
2025-01-03,"19,621.68","1,310,000,000",1.77%
2025-01-06,"19,864.98","1,590,000,000",1.24%
2025-01-07,"19,489.68","1,640,000,000",-1.89%
2025-01-08,"19,478.88","1,450,000,000",-0.06%
2025-01-10,"19,161.63","1,470,000,000",-1.63%
2025-01-13,"19,088.10","1,420,000,000",-0.38%
2025-01-14,"19,044.39","1,240,000,000",-0.23%
2025-01-15,"19,511.23","1,360,000,000",2.45%
2025-01-16,"19,338.29","1,220,000,000",-0.89%
2025-01-17,"19,630.20","1,380,000,000",1.51%
2025-01-21,"19,756.78","1,440,000,000",0.64%
2025-01-22,"20,009.34","1,320,000,000",1.28%
2025-01-23,"20,053.68","1,200,000,000",0.22%
2025-01-24,"19,954.30","1,270,000,000",-0.50%
2025-01-27,"19,341.83","1,680,000,000",-3.07%
2025-01-28,"19,733.59","1,340,000,000",2.03%
2025-01-29,"19,632.32","1,160,000,000",-0.51%
2025-01-30,"19,681.75","1,250,000,000",0.25%
2025-01-31,"19,627.44","1,440,000,000",-0.28%
2025-02-03,"19,391.96","1,360,000,000",-1.20%
2025-02-04,"19,654.02","1,190,000,000",1.35%
2025-02-05,"19,692.33","1,240,000,000",0.19%
2025-02-06,"19,791.99","1,220,000,000",0.51%
2025-02-07,"19,523.40","1,280,000,000",-1.36%
2025-02-10,"19,714.27","1,340,000,000",0.98%
2025-02-11,"19,643.86","1,310,000,000",-0.36%
2025-02-12,"19,649.95","1,330,000,000",0.03%
2025-02-13,"19,945.64","1,400,000,000",1.50%
2025-02-14,"20,026.77","1,360,000,000",0.41%
2025-02-18,"20,041.26","1,490,000,000",0.07%
2025-02-19,"20,056.25","1,360,000,000",0.07%
2025-02-20,"19,962.36","1,290,000,000",-0.47%
2025-02-21,"19,524.01","1,550,000,000",-2.20%
2025-02-24,"19,286.93","1,460,000,000",-1.21%
2025-02-25,"19,026.39","1,510,000,000",-1.35%
2025-02-26,"19,075.26","1,320,000,000",0.26%
2025-02-27,"18,544.42","1,470,000,000",-2.78%
2025-02-28,"18,847.28","1,960,000,000",1.63%
2025-03-03,"18,350.19","1,560,000,000",-2.64%
2025-03-04,"18,285.16","1,650,000,000",-0.35%
2025-03-05,"18,552.73","1,380,000,000",1.46%
2025-03-06,"18,069.26","1,450,000,000",-2.61%
2025-03-07,"18,196.22","1,440,000,000",0.70%
2025-03-10,"17,468.32","1,650,000,000",-4.00%
2025-03-11,"17,436.10","1,560,000,000",-0.18%
2025-03-12,"17,648.45","1,410,000,000",1.22%
2025-03-13,"17,303.01","1,260,000,000",-1.96%
2025-03-14,"17,754.09","1,260,000,000",2.61%
2025-03-17,"17,808.66","1,220,000,000",0.31%
2025-03-18,"17,504.12","1,190,000,000",-1.71%
2025-03-19,"17,750.79","1,270,000,000",1.41%
2025-03-20,"17,691.63","1,190,000,000",-0.33%
2025-03-21,"17,784.05","3,330,000,000",0.52%
2025-03-24,"18,188.59","1,340,000,000",2.27%
2025-03-25,"18,271.86","1,200,000,000",0.46%
2025-03-26,"17,899.02","1,260,000,000",-2.04%
2025-03-27,"17,804.03","1,190,000,000",-0.53%
2025-03-28,"17,322.99","1,280,000,000",-2.70%
2025-03-31,"17,299.29","1,620,000,000",-0.14%
2025-04-01,"17,449.89","1,300,000,000",0.87%
2025-04-02,"17,601.05","8,410,000,000",0.87%
2025-04-03,"16,550.61","1,720,000,000",-5.97%
2025-04-04,"15,587.79","2,150,000,000",-5.82%
2025-04-07,"15,603.26","2,410,000,000",0.10%
2025-04-08,"15,267.91","1,920,000,000",-2.15%
2025-04-09,"17,124.97","2,710,000,000",12.16%
2025-04-10,"16,387.31","1,880,000,000",-4.31%
2025-04-11,"16,724.46","1,530,000,000",2.06%
2025-04-14,"16,831.48","1,360,000,000",0.64%
2025-04-15,"16,823.17","1,160,000,000",-0.05%
2025-04-16,"16,307.16","1,340,000,000",-3.07%
2025-04-17,"16,286.45","1,250,000,000",-0.13%
2025-04-21,"15,870.90","1,140,000,000",-2.55%
2025-04-22,"16,300.42","1,200,000,000",2.71%
2025-04-23,"16,708.05","1,410,000,000",2.50%
2025-04-24,"17,166.04","1,300,000,000",2.74%
2025-04-25,"17,382.94","1,170,000,000",1.26%
2025-04-28,"17,366.13","1,270,000,000",-0.10%
2025-04-29,"17,461.32","1,330,000,000",0.55%
2025-04-30,"17,446.34","1,480,000,000",-0.09%
2025-05-01,"17,710.74","1,270,000,000",1.52%
2025-05-02,"17,977.73","1,300,000,000",1.51%
2025-05-05,"17,844.24","1,140,000,000",-0.74%
2025-05-06,"17,689.66","1,230,000,000",-0.87%
2025-05-07,"17,738.16","1,430,000,000",0.27%
2025-05-08,"17,928.14","1,460,000,000",1.07%
2025-05-09,"17,928.92","1,370,000,000",0.00%
2025-05-12,"18,708.34","1,760,000,000",4.35%
2025-05-13,"19,010.09","1,560,000,000",1.61%
2025-05-14,"19,146.81","1,620,000,000",0.72%
2025-05-15,"19,112.32","1,470,000,000",-0.18%
2025-05-16,"19,211.10","1,610,000,000",0.52%
2025-05-19,"19,215.46","1,560,000,000",0.02%
2025-05-20,"19,142.71","1,290,000,000",-0.38%
2025-05-21,"18,872.64","1,490,000,000",-1.41%
2025-05-22,"18,925.73","1,310,000,000",0.28%
2025-05-23,"18,737.21","1,210,000,000",-1.00%
2025-05-27,"19,199.16","1,390,000,000",2.47%
2025-05-28,"19,100.94","1,240,000,000",-0.51%
2025-05-29,"19,175.87","1,330,000,000",0.39%
2025-05-30,"19,113.77","2,090,000,000",-0.32%
2025-06-02,"19,242.61","1,270,000,000",0.67%
2025-06-03,"19,398.96","1,320,000,000",0.81%
2025-06-04,"19,460.49","1,210,000,000",0.32%
2025-06-05,"19,298.45","1,370,000,000",-0.83%
2025-06-06,"19,529.95","1,210,000,000",1.20%
2025-06-09,"19,591.24","1,410,000,000",0.31%
2025-06-10,"19,714.99","1,430,000,000",0.63%
2025-06-11,"19,615.88","1,430,000,000",-0.50%
2025-06-12,"19,662.48","1,400,000,000",0.24%
2025-06-13,"19,406.83","1,280,000,000",-1.30%
2025-06-16,"19,701.21","1,360,000,000",1.52%
2025-06-17,"19,521.09","1,370,000,000",-0.91%
2025-06-18,"19,546.27","1,330,000,000",0.13%
2025-06-20,"19,447.41","2,830,000,000",-0.51%
2025-06-23,"19,630.97","1,400,000,000",0.94%
2025-06-24,"19,912.53","1,450,000,000",1.43%
2025-06-25,"19,973.55","1,280,000,000",0.31%
2025-06-26,"20,167.91","1,420,000,000",0.97%
2025-06-27,"20,273.46","3,660,000,000",0.52%
2025-06-30,"20,369.73","1,580,000,000",0.47%
2025-07-01,"20,202.89","1,460,000,000",-0.82%
2025-07-02,"20,393.13","1,420,000,000",0.94%
2025-07-03,"20,601.10","974,430,000",1.02%
2025-07-07,"20,412.52","1,450,000,000",-0.92%
2025-07-08,"20,418.46","1,500,000,000",0.03%
2025-07-09,"20,611.34","1,410,000,000",0.94%
2025-07-10,"20,630.66","1,430,000,000",0.09%
2025-07-11,"20,585.53","1,310,000,000",-0.22%
2025-07-14,"20,640.33","1,380,000,000",0.27%
2025-07-15,"20,677.80","1,380,000,000",0.18%
2025-07-16,"20,730.49","1,500,000,000",0.25%
2025-07-17,"20,885.65","1,740,000,000",0.75%
2025-07-18,"20,895.65","1,590,000,000",0.05%
2025-07-21,"20,974.18","1,700,000,000",0.38%
2025-07-22,"20,892.69","1,600,000,000",-0.39%
2025-07-23,"21,020.02","1,590,000,000",0.61%
2025-07-24,"21,057.96","1,590,000,000",0.18%
2025-07-25,"21,108.32","1,390,000,000",0.24%
2025-07-28,"21,178.58","1,430,000,000",0.33%
2025-07-29,"21,098.29","1,490,000,000",-0.38%
2025-07-30,"21,129.67","1,480,000,000",0.15%
2025-07-31,"21,122.45","1,720,000,000",-0.03%
2025-08-01,"20,650.13","1,550,000,000",-2.24%
2025-08-04,"21,053.58","1,310,000,000",1.95%
2025-08-05,"20,916.55","1,400,000,000",-0.65%
2025-08-06,"21,169.42","1,480,000,000",1.21%
2025-08-07,"21,242.70","1,510,000,000",0.35%
2025-08-08,"21,450.02","1,430,000,000",0.98%
2025-08-11,"21,385.40","1,530,000,000",-0.30%
2025-08-12,"21,681.90","1,450,000,000",1.39%
2025-08-13,"21,713.14","1,580,000,000",0.14%
2025-08-14,"21,710.67","1,450,000,000",-0.01%
2025-08-15,"21,622.98","1,540,000,000",-0.40%
2025-08-18,"21,629.77","1,380,000,000",0.03%
2025-08-19,"21,314.95","1,360,000,000",-1.46%
2025-08-20,"21,172.86","1,310,000,000",-0.67%
2025-08-21,"21,100.31","1,060,000,000",-0.34%
2025-08-22,"21,496.54","1,550,000,000",1.88%
2025-08-25,"21,449.29","1,340,000,000",-0.22%
2025-08-26,"21,544.27","1,770,000,000",0.44%
2025-08-27,"21,590.14","1,450,000,000",0.21%
2025-08-28,"21,705.16","1,280,000,000",0.53%
2025-08-29,"21,455.55","1,380,000,000",-1.15%
2025-09-02,"21,279.63","1,420,000,000",-0.82%
2025-09-03,"21,497.73","1,330,000,000",1.02%
2025-09-04,"21,707.69","1,300,000,000",0.98%
2025-09-05,"21,700.39","1,400,000,000",-0.03%
2025-09-08,"21,798.70","1,420,000,000",0.45%
2025-09-09,"21,879.49","1,380,000,000",0.37%
2025-09-10,"21,886.06","1,560,000,000",0.03%
2025-09-11,"22,043.07","1,680,000,000",0.72%
2025-09-12,"22,141.10","1,490,000,000",0.44%
2025-09-15,"22,348.75","1,510,000,000",0.94%
2025-09-16,"22,333.96","1,490,000,000",-0.07%
2025-09-17,"22,261.33","1,680,000,000",-0.33%
2025-09-18,"22,470.72","1,820,000,000",0.94%
2025-09-19,"22,631.48","4,470,000,000",0.72%
2025-09-22,"22,788.98","1,780,000,000",0.70%
2025-09-23,"22,573.47","1,740,000,000",-0.95%
2025-09-24,"22,497.86","1,620,000,000",-0.33%
2025-09-25,"22,384.70","1,620,000,000",-0.50%
2025-09-26,"22,484.07","1,400,000,000",0.44%
2025-09-29,"22,591.15","1,660,000,000",0.48%
2025-09-30,"22,660.01","1,720,000,000",0.30%
2025-10-01,"22,755.16","1,660,000,000",0.42%
2025-10-02,"22,844.05","1,600,000,000",0.39%
2025-10-03,"22,780.51","1,770,000,000",-0.28%
2025-10-06,"22,941.67","1,830,000,000",0.71%
2025-10-07,"22,788.36","1,830,000,000",-0.67%
2025-10-08,"23,043.38","1,920,000,000",1.12%
2025-10-09,"23,024.63","1,740,000,000",-0.08%
2025-10-10,"22,204.43","2,160,000,000",-3.56%
2025-10-13,"22,694.61","1,640,000,000",2.21%
2025-10-14,"22,521.70","1,680,000,000",-0.76%
2025-10-15,"22,670.08","1,880,000,000",0.66%
2025-10-16,"22,562.54","1,830,000,000",-0.47%
2025-10-17,"22,679.97","1,670,000,000",0.52%
2025-10-20,"22,990.54","1,570,000,000",1.37%
2025-10-21,"22,953.67","1,670,000,000",-0.16%
2025-10-22,"22,740.40","2,060,000,000",-0.93%
2025-10-23,"22,941.80","1,490,000,000",0.89%
2025-10-24,"23,204.87","1,550,000,000",1.15%
2025-10-27,"23,637.46","1,670,000,000",1.86%
2025-10-28,"23,827.49","1,610,000,000",0.80%
2025-10-29,"23,958.47","1,730,000,000",0.55%
2025-10-30,"23,581.14","1,670,000,000",-1.57%
2025-10-31,"23,724.96","1,710,000,000",0.61%
2025-11-03,"23,834.72","1,700,000,000",0.46%
2025-11-04,"23,348.64","1,710,000,000",-2.04%
2025-11-05,"23,499.80","1,720,000,000",0.65%
2025-11-06,"23,053.99","1,820,000,000",-1.90%
2025-11-07,"23,004.54","1,800,000,000",-0.21%
2025-11-10,"23,527.17","1,650,000,000",2.27%
2025-11-11,"23,468.30","1,450,000,000",-0.25%
2025-11-12,"23,406.46","1,590,000,000",-0.26%
2025-11-13,"22,870.36","1,780,000,000",-2.29%
2025-11-14,"22,900.59","1,660,000,000",0.13%
2025-11-17,"22,708.07","1,560,000,000",-0.84%
2025-11-18,"22,432.85","1,600,000,000",-1.21%
2025-11-19,"22,564.23","1,490,000,000",0.59%
2025-11-20,"22,078.05","1,790,000,000",-2.15%
2025-11-21,"22,273.08","1,910,000,000",0.88%
2025-11-24,"22,872.01","2,210,000,000",2.69%
2025-11-25,"23,025.59","1,480,000,000",0.67%
2025-11-26,"23,214.69","1,420,000,000",0.82%
2025-11-28,"23,365.69","869,350,000",0.65%
2025-12-01,"23,275.92","1,440,000,000",-0.38%
2025-12-02,"23,413.67","1,450,000,000",0.59%
2025-12-03,"23,454.09","1,420,000,000",0.17%
2025-12-04,"23,505.14","1,350,000,000",0.22%
2025-12-05,"23,578.13","1,400,000,000",0.31%
2025-12-08,"23,545.90","1,480,000,000",-0.14%
2025-12-09,"23,576.49","1,290,000,000",0.13%
2025-12-10,"23,654.15","1,570,000,000",0.33%
2025-12-11,"23,593.86","1,430,000,000",-0.25%
2025-12-12,"23,195.17","1,560,000,000",-1.69%
2025-12-15,"23,057.41","1,670,000,000",-0.59%
2025-12-16,"23,111.46","1,520,000,000",0.23%
2025-12-17,"22,693.32","1,690,000,000",-1.81%
2025-12-18,"23,006.36","1,570,000,000",1.38%
2025-12-19,"23,307.62","4,420,000,000",1.31%
2025-12-22,"23,428.83","1,350,000,000",0.52%
2025-12-23,"23,561.84","1,210,000,000",0.57%
2025-12-24,"23,613.31","615,750,000",0.22%
2025-12-26,"23,593.10","853,270,000",-0.09%
2025-12-29,"23,474.35","1,090,000,000",-0.50%
2025-12-30,"23,419.08","1,050,000,000",-0.24%
2025-12-31,"23,241.99","1,140,000,000",-0.76%
2026-01-02,"23,235.63","1,350,000,000",-0.03%
2026-01-05,"23,395.82","1,580,000,000",0.69%
2026-01-06,"23,547.17","1,590,000,000",0.65%
2026-01-07,"23,584.28","1,440,000,000",0.16%
2026-01-08,"23,480.02","1,420,000,000",-0.44%
2026-01-09,"23,671.35","1,410,000,000",0.81%
2026-01-12,"23,733.90","1,470,000,000",0.26%
2026-01-13,"23,709.87","1,550,000,000",-0.10%
2026-01-14,"23,471.75","1,690,000,000",-1.00%
2026-01-15,"23,530.02","1,560,000,000",0.25%
2026-01-16,"23,515.39","2,000,000,000",-0.06%
2026-01-20,"22,954.32","1,770,000,000",-2.39%
2026-01-21,"23,224.82","1,700,000,000",1.18%
2026-01-22,"23,436.02","1,580,000,000",0.91%
2026-01-23,"23,501.24","1,490,000,000",0.28%
2026-01-26,"23,601.36","1,420,000,000",0.43%
2026-01-27,"23,817.10","1,400,000,000",0.91%
2026-01-28,"23,857.45","1,470,000,000",0.17%
2026-01-29,"23,685.12","1,710,000,000",-0.72%
2026-01-30,"23,461.82","2,040,000,000",-0.94%
2026-02-02,"23,592.11","1,560,000,000",0.56%
2026-02-03,"23,255.19","1,840,000,000",-1.43%
2026-02-04,"22,904.58","2,010,000,000",-1.51%
2026-02-05,"22,540.59","1,920,000,000",-1.59%
2026-02-06,"23,031.21","1,820,000,000",2.18%
2026-02-09,"23,238.67","1,530,000,000",0.90%
2026-02-10,"23,102.47","1,500,000,000",-0.59%
2026-02-11,"23,066.47","1,650,000,000",-0.16%
2026-02-12,"22,597.15","1,770,000,000",-2.03%
2026-02-13,"22,546.67","1,480,000,000",-0.22%
2026-02-17,"22,578.38","1,420,000,000",0.14%
2026-02-18,"22,753.63","1,410,000,000",0.78%
2026-02-19,"22,682.73","1,270,000,000",-0.31%
2026-02-20,"22,886.07","1,540,000,000",0.90%
2026-02-23,"22,627.27","1,430,000,000",-1.13%
2026-02-24,"22,863.68","1,440,000,000",1.04%
2026-02-25,"23,152.08","1,500,000,000",1.26%
2026-02-26,"22,878.38","1,660,000,000",-1.18%
2026-02-27,"22,668.21","2,140,000,000",-0.92%
2026-03-02,"22,748.86","1,550,000,000",0.36%
2026-03-03,"22,516.69","1,640,000,000",-1.02%
2026-03-04,"22,807.48","1,610,000,000",1.29%
2026-03-05,"22,748.99","1,740,000,000",-0.26%
2026-03-06,"22,387.68","1,590,000,000",-1.59%
2026-03-09,"22,695.95","1,670,000,000",1.38%
2026-03-10,"22,697.10","1,440,000,000",0.01%
2026-03-11,"22,716.13","1,380,000,000",0.08%
2026-03-12,"22,311.98","1,470,000,000",-1.78%
2026-03-13,"22,105.36","1,410,000,000",-0.93%
2026-03-16,"22,374.18","1,450,000,000",1.22%
2026-03-17,"22,479.53","1,400,000,000",0.47%
2026-03-18,"22,152.42","1,590,000,000",-1.46%
2026-03-19,"22,090.69","1,460,000,000",-0.28%
2026-03-20,"21,647.61","4,160,000,000",-2.01%
2026-03-23,"21,946.76","1,670,000,000",1.38%
2026-03-24,"21,761.89","1,560,000,000",-0.84%
2026-03-25,"21,929.82","1,480,000,000",0.77%
2026-03-26,"21,408.08","1,500,000,000",-2.38%
2026-03-27,"20,948.36","1,470,000,000",-2.15%
2026-03-30,"20,794.64","1,580,000,000",-0.73%
2026-03-31,"21,590.63","1,990,000,000",3.83%
2026-04-01,"21,840.95","1,490,000,000",1.16%
2026-04-02,"21,879.18","1,390,000,000",0.18%
2026-04-06,"21,996.34","1,300,000,000",0.54%
2026-04-07,"22,017.85","1,450,000,000",0.10%
2026-04-08,"22,634.99","1,820,000,000",2.80%
2026-04-09,"22,822.42","1,470,000,000",0.83%
2026-04-10,"22,902.89","1,370,000,000",0.35%
2026-04-13,"23,183.74","1,430,000,000",1.23%
2026-04-14,"23,639.08","1,520,000,000",1.96%
2026-04-15,"24,016.02","1,580,000,000",1.59%
2026-04-16,"24,102.70","1,590,000,000",0.36%
2026-04-17,"24,468.48","1,870,000,000",1.52%
2026-04-20,"24,404.39","1,470,000,000",-0.26%
2026-04-21,"24,259.96","1,560,000,000",-0.59%
2026-04-22,"24,657.57","1,500,000,000",1.64%
2026-04-23,"24,438.50","1,490,000,000",-0.89%
2026-04-24,"24,836.60","1,520,000,000",1.63%
2026-04-27,"24,887.10","1,520,000,000",0.20%
2026-04-28,"24,663.80","1,420,000,000",-0.90%
2026-04-29,"24,673.24","1,460,000,000",0.04%
2026-04-30,"24,892.31","1,800,000,000",0.89%
2026-05-01,"25,114.44","1,430,000,000",0.89%
2026-05-04,"25,067.80","1,490,000,000",-0.19%
2026-05-05,"25,326.13","1,590,000,000",1.03%
2026-05-06,"25,838.94","1,870,000,000",2.02%
2026-05-07,"25,806.20","1,850,000,000",-0.13%
2026-05-08,"26,247.08","1,820,000,000",1.71%
2026-05-11,"26,274.13","1,870,000,000",0.10%
2026-05-12,"26,088.20","1,760,000,000",-0.71%
2026-05-13,"26,402.34","1,870,000,000",1.20%
2026-05-14,"26,635.22","1,760,000,000",0.88%
2026-05-15,"26,225.14","1,870,000,000",-1.54%
2026-05-18,"26,090.73","1,730,000,000",-0.51%
2026-05-19,"25,870.71","1,620,000,000",-0.84%
2026-05-20,"26,270.36","1,650,000,000",1.54%
2026-05-21,"26,293.10","1,620,000,000",0.09%
2026-05-22,"26,343.97","1,600,000,000",0.19%
2026-05-26,"26,656.18","1,840,000,000",1.19%
2026-05-27,"26,674.73","1,690,000,000",0.07%
2026-05-28,"26,917.47","1,690,000,000",0.91%
2026-05-29,"26,972.62","2,650,000,000",0.20%
2026-06-01,"27,086.81","1,890,000,000",0.42%
2026-06-02,"27,093.90","1,830,000,000",0.03%
2026-06-03,"26,853.98","1,810,000,000",-0.89%
2026-06-04,"26,830.96","1,630,000,000",-0.09%
2026-06-05,"25,709.43","1,960,000,000",-4.18%
2026-06-08,"25,929.66","1,620,000,000",0.86%
2026-06-09,"25,678.82","1,950,000,000",-0.97%
2026-06-10,"25,169.50","1,700,000,000",-1.98%
2026-06-11,"25,809.66","1,860,000,000",2.54%
2026-06-12,"25,888.84","1,650,000,000",0.31%
2026-06-15,"26,683.94","1,700,000,000",3.07%
2026-06-16,"26,376.34","2,030,000,000",-1.15%
2026-06-17,"26,021.66","1,980,000,000",-1.34%
