Date,Price,Open,High,Low,Vol.,Change %
2026-07-02,"25,834.58","26,047.38","26,261.09","25,798.97",559.19M,-0.79%
2026-07-01,"26,040.03","26,039.51","26,238.06","25,954.46",1.75B,-0.66%
2026-06-30,"26,213.72","25,824.47","26,253.04","25,808.06",2.01B,1.52%
2026-06-29,"25,820.14","25,502.09","25,834.35","25,289.76",1.91B,2.07%
2026-06-26,"25,297.62","25,105.41","25,491.38","25,014.96",1.45B,-0.24%
2026-06-25,"25,358.60","25,724.78","25,724.78","25,123.43",1.71B,-0.46%
2026-06-24,"25,476.64","25,578.62","25,840.56","25,354.66",1.91B,-0.43%
2026-06-23,"25,587.04","25,549.76","25,882.57","25,513.26",2.34B,-2.21%
2026-06-22,"26,166.60","26,483.31","26,561.12","26,125.48",2.16B,-1.32%
2026-06-18,"26,517.93","26,410.62","26,559.74","26,188.69",4.80B,1.91%
2026-06-17,"26,021.66","26,493.82","26,511.55","25,960.41",1.98B,-1.34%
2026-06-16,"26,376.34","26,649.97","26,788.62","26,369.39",2.03B,-1.15%
2026-06-15,"26,683.94","26,447.23","26,687.56","26,438.77",1.70B,3.07%
2026-06-12,"25,888.84","25,783.36","26,010.31","25,599.94",1.65B,0.31%
2026-06-11,"25,809.66","25,309.78","25,846.56","25,109.39",1.86B,2.54%
2026-06-10,"25,169.50","25,512.07","25,726.00","25,145.30",1.70B,-1.98%
2026-06-09,"25,678.82","26,110.31","26,259.92","24,980.38",1.95B,-0.97%
2026-06-08,"25,929.66","26,065.07","26,179.65","25,872.68",1.62B,0.86%
2026-06-05,"25,709.43","26,536.59","26,572.25","25,648.47",1.96B,-4.18%
2026-06-04,"26,830.96","26,579.30","26,923.70","26,554.24",1.63B,-0.09%
2026-06-03,"26,853.98","27,092.85","27,130.88","26,769.15",1.81B,-0.89%
2026-06-02,"27,093.90","27,030.07","27,171.29","26,932.77",1.83B,0.03%
2026-06-01,"27,086.81","26,952.58","27,190.21","26,913.12",1.89B,0.42%
2026-05-29,"26,972.62","26,960.84","27,094.80","26,859.27",2.65B,0.20%
2026-05-28,"26,917.47","26,686.53","26,934.84","26,588.52",1.69B,0.91%
2026-05-27,"26,674.73","26,695.44","26,715.31","26,538.31",1.69B,0.07%
2026-05-26,"26,656.18","26,590.50","26,725.29","26,520.30",1.84B,1.19%
2026-05-22,"26,343.97","26,381.56","26,504.55","26,309.80",1.60B,0.19%
2026-05-21,"26,293.10","26,143.62","26,403.57","26,039.37",1.62B,0.09%
2026-05-20,"26,270.36","25,991.51","26,273.76","25,928.33",1.65B,1.54%
2026-05-19,"25,870.71","25,923.49","26,050.29","25,701.44",1.62B,-0.84%
2026-05-18,"26,090.73","26,289.49","26,310.84","25,867.30",1.73B,-0.51%
2026-05-15,"26,225.14","26,288.92","26,460.76","26,097.54",1.87B,-1.54%
2026-05-14,"26,635.22","26,425.47","26,707.14","26,423.21",1.76B,0.88%
2026-05-13,"26,402.34","26,147.65","26,474.18","25,990.16",1.87B,1.20%
2026-05-12,"26,088.20","26,087.01","26,190.48","25,739.22",1.76B,-0.71%
2026-05-11,"26,274.13","26,135.63","26,359.31","26,129.83",1.87B,0.10%
2026-05-08,"26,247.08","25,958.12","26,248.62","25,944.78",1.82B,1.71%
2026-05-07,"25,806.20","25,881.30","26,036.38","25,713.65",1.85B,-0.13%
2026-05-06,"25,838.94","25,495.17","25,850.19","25,464.44",1.87B,2.02%
2026-05-05,"25,326.13","25,258.88","25,361.05","25,217.16",1.59B,1.03%
2026-05-04,"25,067.80","25,112.18","25,210.47","24,913.12",1.49B,-0.19%
2026-05-01,"25,114.44","24,977.79","25,223.12","24,967.09",1.43B,0.89%
2026-04-30,"24,892.31","24,859.94","24,935.60","24,491.83",1.80B,0.89%
2026-04-29,"24,673.24","24,606.53","24,724.11","24,532.70",1.46B,0.04%
2026-04-28,"24,663.80","24,609.57","24,724.70","24,524.23",1.42B,-0.90%
2026-04-27,"24,887.10","24,799.64","24,899.37","24,694.82",1.52B,0.20%
2026-04-24,"24,836.60","24,616.56","24,854.04","24,524.37",1.52B,1.63%
2026-04-23,"24,438.50","24,553.75","24,664.87","24,209.74",1.49B,-0.89%
2026-04-22,"24,657.57","24,462.31","24,660.11","24,421.40",1.50B,1.64%
2026-04-21,"24,259.96","24,465.34","24,537.58","24,198.99",1.56B,-0.59%
2026-04-20,"24,404.39","24,417.53","24,435.92","24,221.53",1.47B,-0.26%
2026-04-17,"24,468.48","24,338.01","24,519.51","24,286.47",1.87B,1.52%
2026-04-16,"24,102.70","24,062.45","24,156.18","23,894.91",1.59B,0.36%
2026-04-15,"24,016.02","23,688.12","24,026.56","23,672.26",1.58B,1.59%
2026-04-14,"23,639.08","23,331.50","23,639.08","23,331.50",1.52B,1.96%
2026-04-13,"23,183.74","22,849.23","23,187.96","22,795.82",1.43B,1.23%
2026-04-10,"22,902.89","22,913.91","23,011.77","22,845.05",1.37B,0.35%
2026-04-09,"22,822.42","22,646.35","22,836.75","22,529.21",1.47B,0.83%
2026-04-08,"22,634.99","22,821.21","22,821.21","22,501.28",1.82B,2.80%
2026-04-07,"22,017.85","21,927.09","22,024.90","21,611.00",1.45B,0.10%
2026-04-06,"21,996.34","21,939.80","22,052.41","21,864.50",1.30B,0.54%
2026-04-02,"21,879.18","21,472.52","21,906.48","21,371.32",1.39B,0.18%
2026-04-01,"21,840.95","21,742.79","21,983.07","21,723.72",1.49B,1.16%
2026-03-31,"21,590.63","21,064.33","21,642.62","21,063.38",1.99B,3.83%
2026-03-30,"20,794.64","21,096.24","21,139.72","20,690.25",1.58B,-0.73%
2026-03-27,"20,948.36","21,287.19","21,293.50","20,909.93",1.47B,-2.15%
2026-03-26,"21,408.08","21,693.18","21,823.58","21,395.77",1.50B,-2.38%
2026-03-25,"21,929.82","22,006.43","22,093.18","21,865.46",1.48B,0.77%
2026-03-24,"21,761.89","21,807.60","21,916.16","21,712.04",1.56B,-0.84%
2026-03-23,"21,946.76","21,995.78","22,189.34","21,865.80",1.67B,1.38%
2026-03-20,"21,647.61","21,989.33","21,997.09","21,522.75",4.16B,-2.01%
2026-03-19,"22,090.69","21,871.04","22,187.06","21,851.05",1.46B,-0.28%
2026-03-18,"22,152.42","22,421.96","22,461.76","22,144.76",1.59B,-1.46%
2026-03-17,"22,479.53","22,458.03","22,569.64","22,409.07",1.40B,0.47%
2026-03-16,"22,374.18","22,340.39","22,521.59","22,316.63",1.45B,1.22%
2026-03-13,"22,105.36","22,425.70","22,521.38","22,069.24",1.41B,-0.93%
2026-03-12,"22,311.98","22,526.59","22,550.75","22,290.48",1.47B,-1.78%
2026-03-11,"22,716.13","22,771.27","22,877.71","22,602.33",1.38B,0.08%
2026-03-10,"22,697.10","22,722.94","22,906.72","22,608.23",1.44B,0.01%
2026-03-09,"22,695.95","22,184.05","22,741.03","22,061.97",1.67B,1.38%
2026-03-06,"22,387.68","22,421.17","22,614.41","22,328.13",1.59B,-1.59%
2026-03-05,"22,748.99","22,707.47","22,877.02","22,500.29",1.74B,-0.26%
2026-03-04,"22,807.48","22,620.89","22,891.88","22,570.67",1.61B,1.29%
2026-03-03,"22,516.69","22,292.37","22,601.59","22,124.78",1.64B,-1.02%
2026-03-02,"22,748.86","22,322.12","22,802.80","22,306.08",1.55B,0.36%
2026-02-27,"22,668.21","22,615.43","22,735.78","22,538.30",2.14B,-0.92%
2026-02-26,"22,878.38","23,100.58","23,109.46","22,670.80",1.66B,-1.18%
2026-02-25,"23,152.08","23,005.01","23,169.68","23,004.69",1.50B,1.26%
2026-02-24,"22,863.68","22,641.60","22,895.48","22,528.26",1.44B,1.04%
2026-02-23,"22,627.27","22,840.97","22,893.22","22,547.12",1.43B,-1.13%
2026-02-20,"22,886.07","22,542.28","22,948.87","22,539.05",1.54B,0.90%
2026-02-19,"22,682.73","22,639.88","22,768.83","22,583.61",1.27B,-0.31%
2026-02-18,"22,753.63","22,629.85","22,895.96","22,597.77",1.41B,0.78%
2026-02-17,"22,578.38","22,394.76","22,690.83","22,256.76",1.42B,0.14%
2026-02-13,"22,546.67","22,561.46","22,742.06","22,402.38",1.48B,-0.22%
2026-02-12,"22,597.15","23,142.87","23,161.60","22,548.02",1.77B,-2.03%
2026-02-11,"23,066.47","23,278.29","23,320.62","22,902.01",1.65B,-0.16%
2026-02-10,"23,102.47","23,271.22","23,310.73","23,089.10",1.50B,-0.59%
2026-02-09,"23,238.67","22,952.24","23,314.67","22,878.37",1.53B,0.90%
2026-02-06,"23,031.21","22,625.30","23,088.46","22,586.40",1.82B,2.18%
2026-02-05,"22,540.59","22,604.02","22,841.28","22,461.14",1.92B,-1.59%
2026-02-04,"22,904.58","23,217.02","23,270.07","22,684.51",2.01B,-1.51%
2026-02-03,"23,255.19","23,667.44","23,691.60","23,027.21",1.84B,-1.43%
2026-02-02,"23,592.11","23,370.54","23,686.83","23,356.40",1.56B,0.56%
2026-01-30,"23,461.82","23,578.96","23,662.25","23,351.55",2.04B,-0.94%
2026-01-29,"23,685.12","23,830.92","23,840.55","23,232.78",1.71B,-0.72%
2026-01-28,"23,857.45","23,965.11","23,988.27","23,775.49",1.47B,0.17%
2026-01-27,"23,817.10","23,734.75","23,865.26","23,694.38",1.40B,0.91%
2026-01-26,"23,601.36","23,529.28","23,688.94","23,486.08",1.42B,0.43%
2026-01-23,"23,501.24","23,440.92","23,610.74","23,374.26",1.49B,0.28%
2026-01-22,"23,436.02","23,440.71","23,503.16","23,335.15",1.58B,0.91%
2026-01-21,"23,224.82","23,017.68","23,383.24","22,927.88",1.70B,1.18%
2026-01-20,"22,954.32","23,142.69","23,236.05","22,916.83",1.77B,-2.39%
2026-01-16,"23,515.39","23,639.69","23,664.26","23,446.81",2.00B,-0.06%
2026-01-15,"23,530.02","23,693.97","23,721.11","23,502.18",1.56B,0.25%
2026-01-14,"23,471.75","23,563.92","23,590.20","23,306.66",1.69B,-1.00%
2026-01-13,"23,709.87","23,735.12","23,813.30","23,607.59",1.55B,-0.10%
2026-01-12,"23,733.90","23,576.88","23,804.04","23,562.97",1.47B,0.26%
2026-01-09,"23,671.35","23,496.21","23,721.15","23,426.48",1.41B,0.81%
2026-01-08,"23,480.02","23,548.88","23,558.17","23,353.46",1.42B,-0.44%
2026-01-07,"23,584.28","23,544.89","23,723.37","23,504.21",1.44B,0.16%
2026-01-06,"23,547.17","23,446.96","23,559.15","23,389.57",1.59B,0.65%
2026-01-05,"23,395.82","23,449.67","23,476.51","23,332.23",1.58B,0.69%
2026-01-02,"23,235.63","23,481.49","23,585.96","23,119.49",1.35B,-0.03%
2025-12-31,"23,241.99","23,420.85","23,445.26","23,237.78",1.14B,-0.76%
2025-12-30,"23,419.08","23,465.67","23,521.05","23,414.83",1.05B,-0.24%
2025-12-29,"23,474.35","23,414.68","23,531.02","23,397.52",1.09B,-0.50%
2025-12-26,"23,593.10","23,645.91","23,665.15","23,567.86",853.27M,-0.09%
2025-12-24,"23,613.31","23,555.95","23,621.72","23,527.97",615.75M,0.22%
2025-12-23,"23,561.84","23,407.70","23,563.46","23,377.49",1.21B,0.57%
2025-12-22,"23,428.83","23,450.53","23,476.50","23,362.93",1.35B,0.52%
2025-12-19,"23,307.62","23,121.90","23,307.91","23,106.19",4.42B,1.31%
2025-12-18,"23,006.36","23,012.06","23,149.61","22,906.23",1.57B,1.38%
2025-12-17,"22,693.32","23,135.61","23,159.20","22,692.00",1.69B,-1.81%
2025-12-16,"23,111.46","22,981.82","23,162.60","22,920.66",1.52B,0.23%
2025-12-15,"23,057.41","23,330.04","23,345.56","23,012.00",1.67B,-0.59%
2025-12-12,"23,195.17","23,488.87","23,554.89","23,094.51",1.56B,-1.69%
2025-12-11,"23,593.86","23,509.22","23,606.70","23,308.95",1.43B,-0.25%
2025-12-10,"23,654.15","23,536.00","23,704.08","23,435.17",1.57B,0.33%
2025-12-09,"23,576.49","23,504.61","23,616.46","23,449.73",1.29B,0.13%
2025-12-08,"23,545.90","23,638.22","23,698.93","23,455.05",1.48B,-0.14%
2025-12-05,"23,578.13","23,567.77","23,680.03","23,506.00",1.40B,0.31%
2025-12-04,"23,505.14","23,527.30","23,528.53","23,372.33",1.35B,0.22%
2025-12-03,"23,454.09","23,315.58","23,499.93","23,271.83",1.42B,0.17%
2025-12-02,"23,413.67","23,379.75","23,526.23","23,286.46",1.45B,0.59%
2025-12-01,"23,275.92","23,172.34","23,363.85","23,110.21",1.44B,-0.38%
2025-11-28,"23,365.69","23,291.59","23,365.79","23,250.51",869.35M,0.65%
2025-11-26,"23,214.69","23,163.19","23,280.58","23,074.39",1.42B,0.82%
2025-11-25,"23,025.59","22,802.85","23,070.09","22,587.11",1.48B,0.67%
2025-11-24,"22,872.01","22,482.16","22,916.40","22,478.27",2.21B,2.69%
2025-11-21,"22,273.08","22,162.83","22,531.84","21,898.29",1.91B,0.88%
2025-11-20,"22,078.05","23,057.00","23,147.33","22,043.20",1.79B,-2.15%
2025-11-19,"22,564.23","22,459.27","22,821.24","22,385.22",1.49B,0.59%
2025-11-18,"22,432.85","22,565.90","22,643.01","22,231.15",1.60B,-1.21%
2025-11-17,"22,708.07","22,788.32","23,044.55","22,559.51",1.56B,-0.84%
2025-11-14,"22,900.59","22,544.72","23,073.18","22,436.79",1.66B,0.13%
2025-11-13,"22,870.36","23,262.64","23,264.27","22,796.07",1.78B,-2.29%
2025-11-12,"23,406.46","23,563.84","23,564.09","23,278.30",1.59B,-0.26%
2025-11-11,"23,468.30","23,407.72","23,508.44","23,315.28",1.45B,-0.25%
2025-11-10,"23,527.17","23,354.85","23,569.62","23,290.05",1.65B,2.27%
2025-11-07,"23,004.54","22,892.92","23,009.91","22,563.42",1.80B,-0.21%
2025-11-06,"23,053.99","23,461.29","23,469.55","23,011.06",1.82B,-1.90%
2025-11-05,"23,499.80","23,358.07","23,636.53","23,286.87",1.72B,0.65%
2025-11-04,"23,348.64","23,458.21","23,644.15","23,333.32",1.71B,-2.04%
2025-11-03,"23,834.72","23,951.91","23,976.84","23,764.87",1.70B,0.46%
2025-10-31,"23,724.96","23,941.78","23,946.23","23,628.82",1.71B,0.61%
2025-10-30,"23,581.14","23,793.08","23,846.13","23,578.47",1.67B,-1.57%
2025-10-29,"23,958.47","23,987.29","24,019.99","23,763.99",1.73B,0.55%
2025-10-28,"23,827.49","23,766.46","23,901.36","23,675.19",1.61B,0.80%
2025-10-27,"23,637.46","23,537.32","23,658.66","23,493.96",1.67B,1.86%
2025-10-24,"23,204.87","23,143.23","23,261.26","23,127.96",1.55B,1.15%
2025-10-23,"22,941.80","22,751.33","22,983.46","22,732.18",1.49B,0.89%
2025-10-22,"22,740.40","22,940.79","22,978.40","22,514.08",2.06B,-0.93%
2025-10-21,"22,953.67","22,984.55","23,010.35","22,894.42",1.67B,-0.16%
2025-10-20,"22,990.54","22,844.82","23,031.87","22,841.00",1.57B,1.37%
2025-10-17,"22,679.97","22,489.81","22,736.01","22,396.65",1.67B,0.52%
2025-10-16,"22,562.54","22,764.40","22,886.87","22,404.69",1.83B,-0.47%
2025-10-15,"22,670.08","22,738.50","22,841.69","22,427.79",1.88B,0.66%
2025-10-14,"22,521.70","22,388.04","22,691.07","22,213.73",1.68B,-0.76%
2025-10-13,"22,694.61","22,578.67","22,718.75","22,499.49",1.64B,2.21%
2025-10-10,"22,204.43","23,043.52","23,119.91","22,193.07",2.16B,-3.56%
2025-10-09,"23,024.63","23,045.33","23,062.62","22,899.16",1.74B,-0.08%
2025-10-08,"23,043.38","22,852.32","23,045.14","22,845.42",1.92B,1.12%
2025-10-07,"22,788.36","22,972.37","23,006.07","22,718.76",1.83B,-0.67%
2025-10-06,"22,941.67","22,894.35","22,991.72","22,827.56",1.83B,0.71%
2025-10-03,"22,780.51","22,886.16","22,925.43","22,695.82",1.77B,-0.28%
2025-10-02,"22,844.05","22,885.90","22,900.60","22,729.75",1.60B,0.39%
2025-10-01,"22,755.16","22,530.95","22,782.58","22,516.74",1.66B,0.42%
2025-09-30,"22,660.01","22,580.36","22,671.39","22,493.96",1.72B,0.30%
2025-09-29,"22,591.15","22,605.30","22,704.90","22,536.05",1.66B,0.48%
2025-09-26,"22,484.07","22,403.27","22,488.18","22,285.44",1.40B,0.44%
2025-09-25,"22,384.70","22,318.77","22,456.78","22,185.87",1.62B,-0.50%
2025-09-24,"22,497.86","22,656.02","22,657.45","22,397.00",1.62B,-0.33%
2025-09-23,"22,573.47","22,782.72","22,785.13","22,539.04",1.74B,-0.95%
2025-09-22,"22,788.98","22,606.59","22,801.90","22,590.86",1.78B,0.70%
2025-09-19,"22,631.48","22,554.31","22,645.11","22,497.71",4.47B,0.72%
2025-09-18,"22,470.72","22,439.11","22,540.93","22,358.48",1.82B,0.94%
2025-09-17,"22,261.33","22,333.02","22,339.54","22,058.92",1.68B,-0.33%
2025-09-16,"22,333.96","22,397.50","22,397.50","22,308.78",1.49B,-0.07%
2025-09-15,"22,348.75","22,243.20","22,352.25","22,233.00",1.51B,0.94%
2025-09-12,"22,141.10","22,078.63","22,182.34","22,031.62",1.49B,0.44%
2025-09-11,"22,043.07","21,977.52","22,059.71","21,908.81",1.68B,0.72%
2025-09-10,"21,886.06","21,980.60","22,000.97","21,810.84",1.56B,0.03%
2025-09-09,"21,879.49","21,858.17","21,891.42","21,731.48",1.38B,0.37%
2025-09-08,"21,798.70","21,806.22","21,885.62","21,776.24",1.42B,0.45%
2025-09-05,"21,700.39","21,860.44","21,878.81","21,534.72",1.40B,-0.03%
2025-09-04,"21,707.69","21,539.91","21,711.96","21,469.40",1.30B,0.98%
2025-09-03,"21,497.73","21,461.63","21,553.98","21,370.98",1.33B,1.02%
2025-09-02,"21,279.63","21,086.57","21,293.69","21,033.05",1.42B,-0.82%
2025-08-29,"21,455.55","21,630.33","21,631.15","21,397.98",1.38B,-1.15%
2025-08-28,"21,705.16","21,619.27","21,742.46","21,534.94",1.28B,0.53%
2025-08-27,"21,590.14","21,526.33","21,616.17","21,476.30",1.45B,0.21%
2025-08-26,"21,544.27","21,443.63","21,550.93","21,389.10",1.77B,0.44%
2025-08-25,"21,449.29","21,466.47","21,572.18","21,400.09",1.34B,-0.22%
2025-08-22,"21,496.54","21,139.83","21,545.43","21,092.36",1.55B,1.88%
2025-08-21,"21,100.31","21,112.52","21,198.76","21,013.53",1.06B,-0.34%
2025-08-20,"21,172.86","21,269.67","21,269.67","20,905.99",1.31B,-0.67%
2025-08-19,"21,314.95","21,607.45","21,610.24","21,277.71",1.36B,-1.46%
2025-08-18,"21,629.77","21,616.82","21,651.50","21,559.33",1.38B,0.03%
2025-08-15,"21,622.98","21,709.34","21,716.18","21,567.46",1.54B,-0.40%
2025-08-14,"21,710.67","21,649.21","21,766.29","21,627.13",1.45B,-0.01%
2025-08-13,"21,713.14","21,764.55","21,803.75","21,645.14",1.58B,0.14%
2025-08-12,"21,681.90","21,507.44","21,689.68","21,386.25",1.45B,1.39%
2025-08-11,"21,385.40","21,459.65","21,549.73","21,346.62",1.53B,-0.30%
2025-08-08,"21,450.02","21,316.37","21,464.53","21,284.97",1.43B,0.98%
2025-08-07,"21,242.70","21,325.01","21,408.15","21,090.05",1.51B,0.35%
2025-08-06,"21,169.42","20,955.22","21,183.88","20,937.49",1.48B,1.21%
2025-08-05,"20,916.55","21,092.10","21,138.72","20,893.29",1.40B,-0.65%
2025-08-04,"21,053.58","20,853.91","21,055.24","20,833.86",1.31B,1.95%
2025-08-01,"20,650.13","20,830.64","20,865.63","20,560.17",1.55B,-2.24%
2025-07-31,"21,122.45","21,457.48","21,457.48","21,078.67",1.72B,-0.03%
2025-07-30,"21,129.67","21,140.40","21,230.88","21,016.92",1.48B,0.15%
2025-07-29,"21,098.29","21,286.72","21,303.96","21,081.69",1.49B,-0.38%
2025-07-28,"21,178.58","21,176.40","21,202.18","21,122.12",1.43B,0.33%
2025-07-25,"21,108.32","21,059.94","21,159.80","21,036.85",1.39B,0.24%
2025-07-24,"21,057.96","21,083.82","21,113.10","21,001.68",1.59B,0.18%
2025-07-23,"21,020.02","20,966.47","21,023.85","20,870.67",1.59B,0.61%
2025-07-22,"20,892.69","20,982.21","20,985.34","20,750.90",1.60B,-0.39%
2025-07-21,"20,974.18","20,960.33","21,077.37","20,957.44",1.70B,0.38%
2025-07-18,"20,895.65","20,959.57","20,980.56","20,846.12",1.59B,0.05%
2025-07-17,"20,885.65","20,760.32","20,911.83","20,735.55",1.74B,0.75%
2025-07-16,"20,730.49","20,717.81","20,751.05","20,507.06",1.50B,0.25%
2025-07-15,"20,677.80","20,822.76","20,836.04","20,670.58",1.38B,0.18%
2025-07-14,"20,640.33","20,592.56","20,672.34","20,492.63",1.38B,0.27%
2025-07-11,"20,585.53","20,562.88","20,647.97","20,509.75",1.31B,-0.22%
2025-07-10,"20,630.66","20,636.48","20,655.39","20,495.14",1.43B,0.09%
2025-07-09,"20,611.34","20,522.09","20,645.41","20,486.38",1.41B,0.94%
2025-07-08,"20,418.46","20,466.93","20,480.89","20,377.36",1.50B,0.03%
2025-07-07,"20,412.52","20,490.55","20,511.82","20,323.02",1.45B,-0.92%
2025-07-03,"20,601.10","20,497.66","20,624.51","20,480.22",974.43M,1.02%
2025-07-02,"20,393.13","20,184.37","20,397.22","20,181.74",1.42B,0.94%
2025-07-01,"20,202.89","20,290.61","20,339.05","20,105.41",1.46B,-0.82%
2025-06-30,"20,369.73","20,360.15","20,418.31","20,266.36",1.58B,0.47%
2025-06-27,"20,273.46","20,217.26","20,311.51","20,095.05",3.66B,0.52%
2025-06-26,"20,167.91","20,062.19","20,187.15","19,982.48",1.42B,0.97%
2025-06-25,"19,973.55","20,013.95","20,052.78","19,918.08",1.28B,0.31%
2025-06-24,"19,912.53","19,809.62","19,946.72","19,795.29",1.45B,1.43%
2025-06-23,"19,630.97","19,427.01","19,643.70","19,334.98",1.40B,0.94%
2025-06-20,"19,447.41","19,639.41","19,696.11","19,380.58",2.83B,-0.51%
2025-06-18,"19,546.27","19,526.92","19,660.77","19,489.56",1.33B,0.13%
2025-06-17,"19,521.09","19,627.08","19,666.56","19,485.44",1.37B,-0.91%
2025-06-16,"19,701.21","19,550.75","19,733.31","19,550.75",1.36B,1.52%
2025-06-13,"19,406.83","19,450.93","19,591.87","19,367.42",1.28B,-1.30%
2025-06-12,"19,662.48","19,578.87","19,690.61","19,553.56",1.40B,0.24%
2025-06-11,"19,615.88","19,779.36","19,800.46","19,551.35",1.43B,-0.50%
2025-06-10,"19,714.99","19,620.11","19,730.38","19,539.09",1.43B,0.63%
2025-06-09,"19,591.24","19,573.14","19,637.56","19,531.10",1.41B,0.31%
2025-06-06,"19,529.95","19,526.99","19,593.18","19,464.84",1.21B,1.20%
2025-06-05,"19,298.45","19,518.20","19,610.51","19,226.21",1.37B,-0.83%
2025-06-04,"19,460.49","19,434.94","19,493.45","19,359.09",1.21B,0.32%
2025-06-03,"19,398.96","19,288.66","19,459.28","19,224.70",1.32B,0.81%
2025-06-02,"19,242.61","19,063.06","19,252.71","18,985.30",1.27B,0.67%
2025-05-30,"19,113.77","19,131.22","19,157.78","18,847.74",2.09B,-0.32%
2025-05-29,"19,175.87","19,389.39","19,389.39","19,091.54",1.33B,0.39%
2025-05-28,"19,100.94","19,232.62","19,276.83","19,084.38",1.24B,-0.51%
2025-05-27,"19,199.16","19,014.44","19,210.95","18,961.69",1.39B,2.47%
2025-05-23,"18,737.21","18,622.38","18,841.52","18,599.69",1.21B,-1.00%
2025-05-22,"18,925.73","18,888.05","19,061.11","18,840.34",1.31B,0.28%
2025-05-21,"18,872.64","19,002.94","19,241.41","18,799.20",1.49B,-1.41%
2025-05-20,"19,142.71","19,132.06","19,186.69","19,015.63",1.29B,-0.38%
2025-05-19,"19,215.46","18,937.42","19,227.22","18,937.42",1.56B,0.02%
2025-05-16,"19,211.10","19,151.54","19,213.42","19,038.48",1.61B,0.52%
2025-05-15,"19,112.32","19,031.24","19,207.22","18,967.78",1.47B,-0.18%
2025-05-14,"19,146.81","19,074.72","19,174.55","19,023.61",1.62B,0.72%
2025-05-13,"19,010.09","18,761.23","19,065.96","18,745.50",1.56B,1.61%
2025-05-12,"18,708.34","18,674.55","18,710.22","18,472.71",1.76B,4.35%
2025-05-09,"17,928.92","18,022.55","18,068.90","17,853.84",1.37B,0.00%
2025-05-08,"17,928.14","17,920.15","18,096.00","17,776.00",1.46B,1.07%
2025-05-07,"17,738.16","17,706.83","17,820.29","17,503.01",1.43B,0.27%
2025-05-06,"17,689.66","17,623.21","17,830.35","17,592.88",1.23B,-0.87%
2025-05-05,"17,844.24","17,817.01","17,965.64","17,792.08",1.14B,-0.74%
2025-05-02,"17,977.73","17,868.76","18,048.83","17,812.04",1.30B,1.51%
2025-05-01,"17,710.74","17,793.14","17,922.83","17,688.11",1.27B,1.52%
2025-04-30,"17,446.34","17,099.98","17,483.82","16,959.53",1.48B,-0.09%
2025-04-29,"17,461.32","17,270.76","17,500.41","17,256.20",1.33B,0.55%
2025-04-28,"17,366.13","17,390.93","17,467.35","17,128.71",1.27B,-0.10%
2025-04-25,"17,382.94","17,182.11","17,404.49","17,110.72",1.17B,1.26%
2025-04-24,"17,166.04","16,754.76","17,174.35","16,744.97",1.30B,2.74%
2025-04-23,"16,708.05","16,880.29","17,029.86","16,642.66",1.41B,2.50%
2025-04-22,"16,300.42","16,079.94","16,410.56","16,038.73",1.20B,2.71%
2025-04-21,"15,870.90","16,052.76","16,066.79","15,685.33",1.14B,-2.55%
2025-04-17,"16,286.45","16,399.97","16,408.51","16,181.17",1.25B,-0.13%
2025-04-16,"16,307.16","16,499.69","16,600.37","16,066.46",1.34B,-3.07%
2025-04-15,"16,823.17","16,842.39","16,979.96","16,753.21",1.16B,-0.05%
2025-04-14,"16,831.48","17,120.44","17,136.55","16,661.26",1.36B,0.64%
2025-04-11,"16,724.46","16,358.53","16,753.41","16,228.04",1.53B,2.06%
2025-04-10,"16,387.31","16,635.45","16,712.37","15,894.26",1.88B,-4.31%
2025-04-09,"17,124.97","15,295.44","17,202.94","15,270.28",2.71B,12.16%
2025-04-08,"15,267.91","16,181.04","16,316.50","15,053.39",1.92B,-2.15%
2025-04-07,"15,603.26","14,978.03","16,292.28","14,784.03",2.41B,0.10%
2025-04-04,"15,587.79","16,045.60","16,128.16","15,575.68",2.15B,-5.82%
2025-04-03,"16,550.61","16,790.53","16,889.34","16,533.04",1.72B,-5.97%
2025-04-02,"17,601.05","17,207.01","17,716.52","17,181.27",8.41B,0.87%
2025-04-01,"17,449.89","17,221.55","17,506.59","17,149.36",1.30B,0.87%
2025-03-31,"17,299.29","17,045.44","17,334.98","16,854.37",1.62B,-0.14%
2025-03-28,"17,322.99","17,722.09","17,763.28","17,283.06",1.28B,-2.70%
2025-03-27,"17,804.03","17,811.24","17,988.02","17,743.80",1.19B,-0.53%
2025-03-26,"17,899.02","18,217.33","18,236.55","17,837.26",1.26B,-2.04%
2025-03-25,"18,271.86","18,207.97","18,281.13","18,170.42",1.20B,0.46%
2025-03-24,"18,188.59","18,046.19","18,210.05","18,030.68",1.34B,2.27%
2025-03-21,"17,784.05","17,519.84","17,798.06","17,474.81",3.33B,0.52%
2025-03-20,"17,691.63","17,586.06","17,903.20","17,576.82",1.19B,-0.33%
2025-03-19,"17,750.79","17,590.12","17,917.54","17,533.94",1.27B,1.41%
2025-03-18,"17,504.12","17,662.57","17,682.92","17,431.67",1.19B,-1.71%
2025-03-17,"17,808.66","17,722.54","17,925.94","17,645.87",1.22B,0.31%
2025-03-14,"17,754.09","17,523.30","17,773.48","17,491.08",1.26B,2.61%
2025-03-13,"17,303.01","17,598.56","17,621.91","17,239.44",1.26B,-1.96%
2025-03-12,"17,648.45","17,711.41","17,800.10","17,436.27",1.41B,1.22%
2025-03-11,"17,436.10","17,443.09","17,687.40","17,238.24",1.56B,-0.18%
2025-03-10,"17,468.32","17,840.32","17,868.07","17,291.82",1.65B,-4.00%
2025-03-07,"18,196.22","18,029.85","18,243.58","17,768.59",1.44B,0.70%
2025-03-06,"18,069.26","18,204.53","18,439.24","17,980.39",1.45B,-2.61%
2025-03-05,"18,552.73","18,312.96","18,604.47","18,144.73",1.38B,1.46%
2025-03-04,"18,285.16","18,176.43","18,589.49","17,956.60",1.65B,-0.35%
2025-03-03,"18,350.19","18,923.36","18,992.30","18,216.63",1.56B,-2.64%
2025-02-28,"18,847.28","18,477.17","18,861.33","18,372.99",1.96B,1.63%
2025-02-27,"18,544.42","19,212.36","19,242.69","18,535.22",1.47B,-2.78%
2025-02-26,"19,075.26","19,109.32","19,286.02","18,966.46",1.32B,0.26%
2025-02-25,"19,026.39","19,242.61","19,256.35","18,871.52",1.51B,-1.35%
2025-02-24,"19,286.93","19,590.85","19,644.23","19,275.46",1.46B,-1.21%
2025-02-21,"19,524.01","20,006.69","20,016.66","19,510.91",1.55B,-2.20%
2025-02-20,"19,962.36","20,029.19","20,041.15","19,795.02",1.29B,-0.47%
2025-02-19,"20,056.25","19,994.50","20,099.39","19,928.89",1.36B,0.07%
2025-02-18,"20,041.26","20,090.55","20,110.12","19,909.74",1.49B,0.07%
2025-02-14,"20,026.77","19,956.82","20,045.76","19,932.15",1.36B,0.41%
2025-02-13,"19,945.64","19,696.92","19,952.17","19,675.87",1.40B,1.50%
2025-02-12,"19,649.95","19,436.51","19,682.51","19,415.48",1.33B,0.03%
2025-02-11,"19,643.86","19,602.11","19,731.93","19,579.77",1.31B,-0.36%
2025-02-10,"19,714.27","19,668.18","19,772.04","19,650.79",1.34B,0.98%
2025-02-07,"19,523.40","19,774.87","19,862.54","19,489.36",1.28B,-1.36%
2025-02-06,"19,791.99","19,725.83","19,793.36","19,654.11",1.22B,0.51%
2025-02-05,"19,692.33","19,533.05","19,696.94","19,498.90",1.24B,0.19%
2025-02-04,"19,654.02","19,422.17","19,666.44","19,408.18",1.19B,1.35%
2025-02-03,"19,391.96","19,215.38","19,502.13","19,141.15",1.36B,-1.20%
2025-01-31,"19,627.44","19,832.33","19,969.17","19,575.21",1.44B,-0.28%
2025-01-30,"19,681.75","19,697.53","19,785.79","19,483.83",1.25B,0.25%
2025-01-29,"19,632.32","19,695.68","19,699.82","19,479.51",1.16B,-0.51%
2025-01-28,"19,733.59","19,418.22","19,759.43","19,294.62",1.34B,2.03%
2025-01-27,"19,341.83","19,234.04","19,514.35","19,204.95",1.68B,-3.07%
2025-01-24,"19,954.30","20,087.11","20,118.61","19,897.13",1.27B,-0.50%
2025-01-23,"20,053.68","19,906.99","20,053.68","19,892.55",1.20B,0.22%
2025-01-22,"20,009.34","19,903.05","20,068.52","19,903.05",1.32B,1.28%
2025-01-21,"19,756.78","19,734.39","19,789.63","19,551.17",1.44B,0.64%
2025-01-17,"19,630.20","19,655.55","19,709.64","19,543.32",1.38B,1.51%
2025-01-16,"19,338.29","19,573.87","19,579.85","19,335.68",1.22B,-0.89%
2025-01-15,"19,511.23","19,350.31","19,548.90","19,299.32",1.36B,2.45%
2025-01-14,"19,044.39","19,207.75","19,273.14","18,926.60",1.24B,-0.23%
2025-01-13,"19,088.10","18,903.66","19,099.97","18,831.91",1.42B,-0.38%
2025-01-10,"19,161.63","19,312.26","19,315.11","19,018.75",1.47B,-1.63%
2025-01-08,"19,478.88","19,469.37","19,544.51","19,308.54",1.45B,-0.06%
2025-01-07,"19,489.68","19,938.08","19,940.21","19,421.02",1.64B,-1.89%
2025-01-06,"19,864.98","19,851.99","20,007.95","19,784.99",1.59B,1.24%
2025-01-03,"19,621.68","19,395.51","19,638.66","19,379.57",1.31B,1.77%
2025-01-02,"19,280.79","19,403.90","19,517.87","19,117.59",1.30B,-0.16%
2024-12-31,"19,310.79","19,551.36","19,563.72","19,283.41",1.35B,-0.90%
2024-12-30,"19,486.79","19,460.41","19,622.93","19,342.51",1.30B,-1.19%
2024-12-27,"19,722.03","19,896.77","19,904.77","19,553.40",1.28B,-1.49%
2024-12-26,"20,020.36","19,979.25","20,070.08","19,888.11",1.03B,-0.05%
2024-12-24,"20,031.13","19,818.48","20,031.13","19,813.76",711.22M,1.35%
2024-12-23,"19,764.88","19,641.05","19,772.10","19,504.68",1.26B,0.98%
2024-12-20,"19,572.60","19,190.04","19,758.61","19,168.38",3.70B,1.03%
2024-12-19,"19,372.77","19,565.66","19,623.02","19,357.76",1.51B,-0.10%
2024-12-18,"19,392.69","20,114.98","20,179.77","19,336.59",1.79B,-3.56%
2024-12-17,"20,109.06","20,095.62","20,148.83","20,004.73",1.53B,-0.32%
2024-12-16,"20,173.89","20,016.12","20,204.58","19,988.12",1.51B,1.24%
2024-12-13,"19,926.72","19,995.18","20,061.65","19,817.47",1.17B,0.12%
2024-12-12,"19,902.84","19,947.34","20,018.24","19,897.38",1.15B,-0.66%
2024-12-11,"20,034.89","19,832.96","20,055.93","19,830.64",1.31B,1.77%
2024-12-10,"19,687.24","19,796.39","19,887.08","19,641.34",1.28B,-0.25%
2024-12-09,"19,736.69","19,824.09","19,872.79","19,698.05",1.46B,-0.62%
2024-12-06,"19,859.77","19,743.96","19,863.14","19,734.42",1.23B,0.81%
2024-12-05,"19,700.72","19,756.40","19,790.03","19,688.59",1.27B,-0.17%
2024-12-04,"19,735.12","19,587.48","19,741.76","19,575.39",1.27B,1.30%
2024-12-03,"19,480.91","19,364.34","19,486.14","19,340.41",1.13B,0.40%
2024-12-02,"19,403.95","19,255.43","19,436.92","19,255.43",1.25B,0.97%
2024-11-29,"19,218.17","19,087.47","19,245.49","19,066.52",797.08M,0.83%
2024-11-27,"19,060.48","19,132.99","19,133.11","18,937.20",1.03B,-0.60%
2024-11-26,"19,175.58","19,109.08","19,184.40","19,100.73",1.12B,0.63%
2024-11-25,"19,054.84","19,140.59","19,208.68","18,969.35",1.91B,0.27%
2024-11-22,"19,003.65","18,966.32","19,025.77","18,899.48",1.19B,0.16%
2024-11-21,"18,972.42","19,072.78","19,110.89","18,714.06",1.26B,0.03%
2024-11-20,"18,966.14","18,971.31","18,974.91","18,724.39",1.13B,-0.11%
2024-11-19,"18,987.47","18,699.71","18,992.08","18,689.83",1.15B,1.04%
2024-11-18,"18,791.81","18,717.93","18,865.28","18,672.30",1.24B,0.60%
2024-11-15,"18,680.12","18,929.92","18,936.75","18,598.87",1.37B,-2.24%
2024-11-14,"19,107.65","19,256.09","19,275.80","19,073.39",1.28B,-0.64%
2024-11-13,"19,230.72","19,286.46","19,358.48","19,191.13",1.39B,-0.26%
2024-11-12,"19,281.40","19,289.81","19,343.05","19,168.52",1.32B,-0.09%
2024-11-11,"19,298.76","19,355.34","19,366.07","19,193.29",1.33B,0.06%
2024-11-08,"19,286.78","19,255.14","19,318.56","19,224.43",1.31B,0.09%
2024-11-07,"19,269.46","19,084.43","19,301.70","19,084.43",1.43B,1.51%
2024-11-06,"18,983.46","18,772.76","19,000.50","18,730.21",1.64B,2.95%
2024-11-05,"18,439.17","18,250.71","18,449.68","18,250.71",1.07B,1.43%
2024-11-04,"18,179.98","18,220.43","18,308.30","18,112.83",1.04B,-0.33%
2024-11-01,"18,239.92","18,189.67","18,363.94","18,181.53",1.05B,0.80%
2024-10-31,"18,095.15","18,427.31","18,427.31","18,083.95",1.31B,-2.76%
2024-10-30,"18,607.93","18,731.69","18,785.49","18,598.24",1.16B,-0.56%
2024-10-29,"18,712.75","18,576.09","18,753.19","18,509.59",1.12B,0.78%
2024-10-28,"18,567.19","18,648.25","18,671.01","18,563.02",1.03B,0.26%
2024-10-25,"18,518.61","18,512.58","18,690.01","18,487.06",976.29M,0.56%
2024-10-24,"18,415.49","18,384.15","18,435.37","18,305.42",977.77M,0.76%
2024-10-23,"18,276.65","18,502.06","18,509.19","18,146.61",1.02B,-1.60%
2024-10-22,"18,573.13","18,451.86","18,620.71","18,413.47",949.37M,0.18%
2024-10-21,"18,540.01","18,456.48","18,543.58","18,377.63",1.01B,0.27%
2024-10-18,"18,489.55","18,466.01","18,524.33","18,452.58",1.01B,0.63%
2024-10-17,"18,373.61","18,537.21","18,541.46","18,368.79",1.03B,0.04%
2024-10-16,"18,367.08","18,333.29","18,383.11","18,214.96",1.01B,0.28%
2024-10-15,"18,315.59","18,515.97","18,564.25","18,252.52",1.15B,-1.01%
2024-10-14,"18,502.69","18,426.66","18,547.91","18,423.60",901.62M,0.87%
2024-10-11,"18,342.94","18,217.73","18,375.53","18,208.44",912.77M,0.33%
2024-10-10,"18,282.05","18,200.62","18,333.39","18,154.18",957.62M,-0.05%
2024-10-09,"18,291.62","18,179.22","18,302.05","18,133.02",898.50M,0.60%
2024-10-08,"18,182.92","18,017.93","18,203.04","17,989.70",944.80M,1.45%
2024-10-07,"17,923.90","18,080.12","18,096.33","17,900.04",1.01B,-1.18%
2024-10-04,"18,137.85","18,130.42","18,145.28","17,952.30",950.41M,1.22%
2024-10-03,"17,918.48","17,859.49","18,011.25","17,826.42",908.71M,-0.04%
2024-10-02,"17,925.12","17,867.12","17,978.57","17,767.79",985.44M,0.08%
2024-10-01,"17,910.36","18,154.94","18,162.72","17,779.77",1.11B,-1.53%
2024-09-30,"18,189.17","18,069.83","18,198.16","17,997.56",1.20B,0.38%
2024-09-27,"18,119.59","18,228.78","18,238.28","18,069.18",1.02B,-0.39%
2024-09-26,"18,190.29","18,327.34","18,327.34","18,071.74",1.10B,0.60%
2024-09-25,"18,082.21","18,050.36","18,155.04","18,040.62",958.50M,0.04%
2024-09-24,"18,074.52","18,046.44","18,091.96","17,863.38",1.09B,0.56%
2024-09-23,"17,974.27","17,994.90","18,021.57","17,936.37",1.05B,0.14%
2024-09-20,"17,948.32","17,999.35","18,024.34","17,835.64",3.61B,-0.36%
2024-09-19,"18,013.98","17,980.89","18,099.93","17,909.75",1.17B,2.51%
2024-09-18,"17,573.30","17,663.38","17,832.70","17,556.43",1.09B,-0.31%
2024-09-17,"17,628.06","17,707.02","17,781.74","17,544.64",940.89M,0.20%
2024-09-16,"17,592.13","17,573.70","17,618.40","17,480.66",876.14M,-0.52%
2024-09-13,"17,683.98","17,575.26","17,719.14","17,564.61",927.28M,0.65%
2024-09-12,"17,569.68","17,413.89","17,605.72","17,338.32",952.15M,1.00%
2024-09-11,"17,395.53","17,061.41","17,420.23","16,787.84",1.10B,2.17%
2024-09-10,"17,025.88","16,949.64","17,036.07","16,801.13",936.37M,0.84%
2024-09-09,"16,884.60","16,835.67","16,923.28","16,732.84",1.04B,1.16%
2024-09-06,"16,690.83","17,137.62","17,166.54","16,668.57",1.08B,-2.55%
2024-09-05,"17,127.66","17,063.24","17,295.58","17,035.07",933.23M,0.25%
2024-09-04,"17,084.30","17,015.71","17,232.65","16,984.67",966.70M,-0.30%
2024-09-03,"17,136.30","17,585.45","17,585.45","17,057.79",1.17B,-3.26%
2024-08-30,"17,713.62","17,650.49","17,720.38","17,498.79",1.36B,1.13%
2024-08-29,"17,516.43","17,610.57","17,789.21","17,482.60",974.88M,-0.23%
2024-08-28,"17,556.03","17,738.80","17,759.94","17,439.40",949.55M,-1.12%
2024-08-27,"17,754.82","17,655.52","17,789.72","17,573.37",799.40M,0.16%
2024-08-26,"17,725.77","17,867.85","17,909.09","17,645.69",924.58M,-0.85%
2024-08-23,"17,877.79","17,772.73","17,941.27","17,700.27",1.00B,1.47%
2024-08-22,"17,619.35","17,993.72","18,017.69","17,589.15",938.95M,-1.67%
2024-08-21,"17,918.99","17,840.51","17,963.07","17,790.98",892.18M,0.57%
2024-08-20,"17,816.94","17,849.09","17,932.53","17,758.20",905.04M,-0.33%
2024-08-19,"17,876.77","17,649.74","17,877.44","17,585.58",1.01B,1.39%
2024-08-16,"17,631.72","17,516.40","17,674.65","17,502.82",989.75M,0.21%
2024-08-15,"17,594.50","17,394.54","17,602.72","17,375.41",1.13B,2.34%
2024-08-14,"17,192.60","17,227.64","17,260.73","17,032.17",948.92M,0.03%
2024-08-13,"17,187.61","16,944.73","17,192.79","16,943.95",1.07B,2.43%
2024-08-12,"16,780.61","16,793.64","16,895.79","16,699.39",4.10B,0.21%
2024-08-09,"16,745.30","16,636.52","16,789.22","16,574.57",1.01B,0.51%
2024-08-08,"16,660.02","16,408.27","16,694.25","16,262.93",1.17B,2.87%
2024-08-07,"16,195.81","16,622.31","16,709.81","16,179.53",1.22B,-1.05%
2024-08-06,"16,366.86","16,261.36","16,620.31","16,137.65",1.19B,1.03%
2024-08-05,"16,200.08","15,712.53","16,453.46","15,708.54",1.53B,-3.43%
2024-08-02,"16,776.16","16,780.45","16,920.63","16,582.79",1.34B,-2.43%
2024-08-01,"17,194.14","17,647.03","17,791.59","17,051.42",1.32B,-2.30%
2024-07-31,"17,599.40","17,499.23","17,693.98","17,438.60",1.34B,2.64%
2024-07-30,"17,147.42","17,424.10","17,468.56","17,015.38",1.11B,-1.28%
2024-07-29,"17,370.20","17,444.39","17,535.32","17,299.83",909.68M,0.07%
2024-07-26,"17,357.88","17,331.95","17,454.57","17,239.99",972.96M,1.03%
2024-07-25,"17,181.72","17,352.64","17,544.46","17,033.96",1.20B,-0.93%
2024-07-24,"17,342.41","17,733.91","17,747.06","17,313.52",1.19B,-3.64%
2024-07-23,"17,997.35","17,982.74","18,128.38","17,968.10",960.97M,-0.06%
2024-07-22,"18,007.57","17,923.64","18,040.99","17,839.76",1.04B,1.58%
2024-07-19,"17,726.94","17,835.59","17,935.14","17,691.43",1.12B,-0.81%
2024-07-18,"17,871.22","18,119.15","18,130.87","17,759.54",1.13B,-0.70%
2024-07-17,"17,996.93","18,188.19","18,223.24","17,972.87",1.26B,-2.77%
2024-07-16,"18,509.34","18,534.27","18,576.83","18,386.07",1.12B,0.20%
2024-07-15,"18,472.57","18,485.91","18,641.53","18,397.83",1.08B,0.40%
2024-07-12,"18,398.45","18,303.64","18,556.73","18,293.60",1.10B,0.63%
2024-07-11,"18,283.41","18,659.25","18,671.07","18,238.78",1.23B,-1.95%
2024-07-10,"18,647.45","18,512.09","18,655.19","18,467.58",971.36M,1.18%
2024-07-09,"18,429.29","18,465.02","18,511.89","18,381.60",914.80M,0.14%
2024-07-08,"18,403.74","18,371.86","18,416.94","18,342.60",984.76M,0.28%
2024-07-05,"18,352.76","18,200.60","18,366.31","18,197.13",963.80M,0.90%
2024-07-03,"18,188.30","18,016.12","18,188.30","18,016.12",692.06M,0.88%
2024-07-02,"18,028.76","17,808.04","18,031.29","17,802.24",932.12M,0.84%
2024-07-01,"17,879.30","17,773.90","17,894.28","17,657.64",1.03B,0.83%
2024-06-28,"17,732.60","17,891.10","18,035.00","17,723.83",3.78B,-0.71%
2024-06-27,"17,858.68","17,793.95","17,892.78","17,765.42",1.05B,0.30%
2024-06-26,"17,805.16","17,697.27","17,813.55","17,687.07",1.04B,0.49%
2024-06-25,"17,717.65","17,572.16","17,734.35","17,546.63",1.08B,1.26%
2024-06-24,"17,496.82","17,640.26","17,730.12","17,494.02",1.14B,-1.09%
2024-06-21,"17,689.36","17,681.01","17,787.34","17,620.57",3.54B,-0.18%
2024-06-20,"17,721.59","17,913.94","17,936.79","17,650.70",1.26B,-0.79%
2024-06-18,"17,862.23","17,856.76","17,890.52","17,796.88",1.11B,0.03%
2024-06-17,"17,857.02","17,697.30","17,935.98","17,636.36",1.04B,0.95%
2024-06-14,"17,688.88","17,621.18","17,693.43","17,590.80",965.43M,0.12%
2024-06-13,"17,667.56","17,715.27","17,741.80","17,566.32",981.98M,0.34%
2024-06-12,"17,608.44","17,502.15","17,725.39","17,490.64",1.13B,1.53%
2024-06-11,"17,343.55","17,160.42","17,345.05","17,107.99",941.87M,0.88%
2024-06-10,"17,192.53","17,083.45","17,213.45","17,057.34",1.01B,0.35%
2024-06-07,"17,133.13","17,124.13","17,229.31","17,090.04",897.39M,-0.23%
2024-06-06,"17,173.12","17,204.87","17,235.73","17,123.59",940.92M,-0.09%
2024-06-05,"17,187.90","16,974.48","17,187.92","16,955.56",1.01B,1.96%
2024-06-04,"16,857.05","16,823.88","16,891.87","16,750.39",975.74M,0.17%
2024-06-03,"16,828.67","16,865.70","16,909.89","16,646.43",1.06B,0.56%
2024-05-31,"16,735.02","16,771.90","16,789.27","16,445.54",1.81B,-0.01%
2024-05-30,"16,737.08","16,878.63","16,900.46","16,690.36",1.11B,-1.08%
2024-05-29,"16,920.58","16,879.35","16,989.60","16,873.97",1.15B,-0.58%
2024-05-28,"17,019.88","16,988.31","17,032.65","16,917.51",1.10B,0.59%
2024-05-24,"16,920.79","16,786.79","16,947.79","16,771.58",953.61M,1.10%
2024-05-23,"16,736.03","16,996.38","16,996.38","16,678.37",1.21B,-0.39%
2024-05-22,"16,801.54","16,839.02","16,855.27","16,712.09",1.15B,-0.18%
2024-05-21,"16,832.62","16,736.10","16,839.02","16,719.97",1.02B,0.22%
2024-05-20,"16,794.87","16,702.02","16,823.83","16,695.69",1.12B,0.65%
2024-05-17,"16,685.97","16,708.49","16,726.41","16,613.84",1.43B,-0.07%
2024-05-16,"16,698.32","16,738.11","16,797.83","16,693.45",1.47B,-0.26%
2024-05-15,"16,742.39","16,601.14","16,749.74","16,544.09",1.32B,1.40%
2024-05-14,"16,511.18","16,391.16","16,526.27","16,386.44",1.24B,0.75%
2024-05-13,"16,388.24","16,400.31","16,407.05","16,334.86",953.22M,0.29%
2024-05-10,"16,340.87","16,389.02","16,437.39","16,293.52",940.76M,-0.03%
2024-05-09,"16,346.26","16,323.74","16,362.79","16,241.98",945.46M,0.27%
2024-05-08,"16,302.76","16,226.07","16,341.65","16,226.07",976.92M,-0.18%
2024-05-07,"16,332.55","16,358.34","16,397.39","16,303.84",1.02B,-0.10%
2024-05-06,"16,349.25","16,208.54","16,350.08","16,197.86",919.31M,1.19%
2024-05-03,"16,156.33","16,147.48","16,204.71","16,068.34",1.03B,1.99%
2024-05-02,"15,840.96","15,758.11","15,862.79","15,604.73",1.05B,1.51%
2024-05-01,"15,605.48","15,646.09","15,926.22","15,557.64",1.12B,-0.33%
2024-04-30,"15,657.82","15,920.89","15,979.36","15,655.67",1.15B,-2.04%
2024-04-29,"15,983.08","16,007.00","16,021.50","15,885.89",953.16M,0.35%
2024-04-26,"15,927.90","15,821.33","15,981.00","15,770.72",939.96M,2.03%
2024-04-25,"15,611.76","15,375.26","15,644.51","15,343.91",990.23M,-0.64%
2024-04-24,"15,712.75","15,805.60","15,839.00","15,634.44",955.27M,0.10%
2024-04-23,"15,696.64","15,525.55","15,730.35","15,510.58",981.75M,1.59%
2024-04-22,"15,451.30","15,396.13","15,539.00","15,265.66",930.20M,1.11%
2024-04-19,"15,282.01","15,547.10","15,576.70","15,222.78",1.11B,-2.05%
2024-04-18,"15,601.50","15,705.70","15,786.12","15,587.50",936.42M,-0.52%
2024-04-17,"15,683.37","15,942.29","15,957.03","15,654.51",896.71M,-1.15%
2024-04-16,"15,865.25","15,856.38","15,965.79","15,822.02",912.04M,-0.12%
2024-04-15,"15,885.02","16,276.47","16,295.27","15,863.88",980.76M,-1.79%
2024-04-12,"16,175.09","16,293.03","16,341.46","16,125.33",906.05M,-1.62%
2024-04-11,"16,442.20","16,236.20","16,464.60","16,154.65",888.86M,1.68%
2024-04-10,"16,170.36","16,104.01","16,200.10","16,092.02",992.41M,-0.84%
2024-04-09,"16,306.64","16,328.76","16,348.18","16,141.15",888.26M,0.32%
2024-04-08,"16,253.96","16,285.18","16,323.60","16,220.72",852.61M,0.03%
2024-04-05,"16,248.52","16,095.40","16,326.50","16,080.49",903.32M,1.24%
2024-04-04,"16,049.08","16,418.57","16,468.04","16,046.56",1.07B,-1.40%
2024-04-03,"16,277.46","16,178.79","16,340.74","16,169.31",1.01B,0.23%
2024-04-02,"16,240.45","16,199.24","16,251.41","16,137.24",1.03B,-0.95%
2024-04-01,"16,396.83","16,397.05","16,490.65","16,327.89",930.02M,0.11%
2024-03-28,"16,379.46","16,377.23","16,420.92","16,347.38",1.22B,-0.12%
2024-03-27,"16,399.52","16,424.76","16,431.82","16,279.17",986.80M,0.51%
2024-03-26,"16,315.70","16,446.85","16,476.38","16,312.95",1.00B,-0.42%
2024-03-25,"16,384.47","16,335.30","16,441.17","16,315.72",896.53M,-0.27%
2024-03-22,"16,428.82","16,387.83","16,467.62","16,361.00",880.01M,0.16%
2024-03-21,"16,401.84","16,517.24","16,538.86","16,393.90",1.06B,0.20%
2024-03-20,"16,369.41","16,185.76","16,377.44","16,127.48",1.03B,1.25%
2024-03-19,"16,166.79","16,031.93","16,175.59","15,951.86",1.04B,0.39%
2024-03-18,"16,103.45","16,154.92","16,247.59","16,094.17",1.04B,0.82%
2024-03-15,"15,973.17","16,043.58","16,055.33","15,925.91",3.07B,-0.96%
2024-03-14,"16,128.53","16,209.19","16,245.32","16,039.68",1.18B,-0.30%
2024-03-13,"16,177.77","16,220.11","16,233.29","16,143.34",1.09B,-0.54%
2024-03-12,"16,265.64","16,116.98","16,275.45","15,992.98",1.02B,1.54%
2024-03-11,"16,019.27","16,052.63","16,085.95","15,978.04",970.77M,-0.41%
2024-03-08,"16,085.11","16,322.10","16,449.70","16,059.50",1.09B,-1.16%
2024-03-07,"16,273.38","16,147.32","16,309.02","16,096.01",1.03B,1.51%
2024-03-06,"16,031.54","16,092.00","16,128.56","15,956.66",1.11B,0.58%
2024-03-05,"15,939.59","16,077.74","16,087.57","15,862.63",1.16B,-1.65%
2024-03-04,"16,207.51","16,264.21","16,289.06","16,199.06",1.17B,-0.41%
2024-03-01,"16,274.94","16,109.83","16,302.24","16,096.60",1.10B,1.14%
2024-02-29,"16,091.92","16,059.34","16,115.96","15,931.70",1.65B,0.90%
2024-02-28,"15,947.74","15,969.14","16,003.56","15,924.72",1.10B,-0.55%
2024-02-27,"16,035.30","16,013.98","16,046.10","15,940.51",1.10B,0.37%
2024-02-26,"15,976.25","16,014.45","16,054.90","15,973.90",1.06B,-0.13%
2024-02-23,"15,996.82","16,094.80","16,134.22","15,954.50",1.00B,-0.28%
2024-02-22,"16,041.62","15,904.48","16,061.82","15,869.24",1.14B,2.96%
2024-02-21,"15,580.87","15,532.12","15,583.68","15,451.65",984.02M,-0.32%
2024-02-20,"15,630.78","15,679.84","15,730.47","15,508.50",1.10B,-0.92%
2024-02-16,"15,775.65","15,910.43","15,917.41","15,752.02",1.12B,-0.82%
2024-02-15,"15,906.17","15,865.30","15,911.22","15,779.71",1.22B,0.30%
2024-02-14,"15,859.15","15,781.71","15,865.51","15,683.94",1.08B,1.30%
2024-02-13,"15,655.60","15,598.88","15,770.42","15,551.44",1.21B,-1.80%
2024-02-12,"15,942.54","15,980.62","16,080.07","15,917.87",1.09B,-0.30%
2024-02-09,"15,990.66","15,842.38","16,007.29","15,831.76",1.08B,1.25%
2024-02-08,"15,793.71","15,762.23","15,813.27","15,739.18",1.02B,0.24%
2024-02-07,"15,756.64","15,690.35","15,770.67","15,645.80",943.13M,0.95%
2024-02-06,"15,609.00","15,638.19","15,652.75","15,515.25",931.55M,0.07%
2024-02-05,"15,597.68","15,613.99","15,637.88","15,471.68",923.28M,-0.20%
2024-02-02,"15,628.95","15,403.16","15,664.21","15,366.78",956.87M,1.74%
2024-02-01,"15,361.64","15,254.02","15,372.13","15,208.88",1.01B,1.30%
2024-01-31,"15,164.01","15,324.19","15,405.55","15,158.49",1.29B,-2.23%
2024-01-30,"15,509.90","15,604.08","15,619.23","15,484.67",915.72M,-0.76%
2024-01-29,"15,628.04","15,470.66","15,630.58","15,449.87",959.39M,1.12%
2024-01-26,"15,455.36","15,474.85","15,538.84","15,433.04",857.50M,-0.36%
2024-01-25,"15,510.50","15,555.62","15,597.25","15,430.68",998.98M,0.18%
2024-01-24,"15,481.92","15,560.61","15,629.07","15,468.91",932.89M,0.36%
2024-01-23,"15,425.94","15,391.41","15,432.35","15,337.23",959.54M,0.43%
2024-01-22,"15,360.29","15,393.05","15,438.85","15,333.63",1.04B,0.32%
2024-01-19,"15,310.97","15,122.38","15,310.97","15,087.20",1.14B,1.70%
2024-01-18,"15,055.65","14,994.52","15,066.81","14,911.11",1.04B,1.35%
2024-01-17,"14,855.62","14,814.77","14,865.76","14,706.23",944.50M,-0.59%
2024-01-16,"14,944.35","14,908.26","15,004.35","14,863.81",1.10B,-0.19%
2024-01-12,"14,972.76","15,001.01","15,047.25","14,931.88",865.51M,0.02%
2024-01-11,"14,970.18","15,020.95","15,063.61","14,800.38",1.00B,0.00%
2024-01-10,"14,969.65","14,877.70","14,998.20","14,842.70",904.43M,0.75%
2024-01-09,"14,857.71","14,744.13","14,894.32","14,716.71",959.65M,0.09%
2024-01-08,"14,843.77","14,564.47","14,846.90","14,560.20",1.14B,2.20%
2024-01-05,"14,524.07","14,500.11","14,625.19","14,477.57",1.01B,0.09%
2024-01-04,"14,510.30","14,532.23","14,632.77","14,504.78",1.04B,-0.56%
2024-01-03,"14,592.21","14,641.47","14,694.58","14,577.44",1.06B,-1.18%
2024-01-02,"14,765.94","14,873.70","14,887.80","14,682.38",1.08B,-1.63%
2023-12-29,"15,011.35","15,099.20","15,111.41","14,955.37",1.04B,-0.56%
2023-12-28,"15,095.14","15,142.09","15,150.07","15,087.22",907.14M,-0.03%
2023-12-27,"15,099.18","15,089.66","15,114.08","15,051.67",1.07B,0.16%
2023-12-26,"15,074.57","15,028.69","15,101.18","15,024.06",871.34M,0.54%
2023-12-22,"14,992.97","15,006.18","15,047.19","14,927.12",880.44M,0.19%
2023-12-21,"14,963.87","14,923.14","14,970.81","14,837.47",945.08M,1.26%
2023-12-20,"14,777.94","14,973.36","15,069.29","14,776.29",1.20B,-1.50%
2023-12-19,"15,003.22","14,923.02","15,003.80","14,921.60",1.13B,0.66%
2023-12-18,"14,905.19","14,814.02","14,938.04","14,811.82",1.15B,0.62%
2023-12-15,"14,813.92","14,797.46","14,848.41","14,753.16",3.35B,0.35%
2023-12-14,"14,761.56","14,798.72","14,855.62","14,642.23",1.58B,0.19%
2023-12-13,"14,733.96","14,555.68","14,743.55","14,517.53",1.13B,1.38%
2023-12-12,"14,533.40","14,423.01","14,533.40","14,385.39",939.56M,0.70%
2023-12-11,"14,432.49","14,340.13","14,436.08","14,324.57",1.05B,0.20%
2023-12-08,"14,403.97","14,279.46","14,416.92","14,264.96",997.65M,0.45%
2023-12-07,"14,339.99","14,230.43","14,353.11","14,220.87",1.05B,1.37%
2023-12-06,"14,146.71","14,325.62","14,327.63","14,138.51",1.02B,-0.58%
2023-12-05,"14,229.91","14,126.40","14,285.66","14,121.76",1.11B,0.31%
2023-12-04,"14,185.49","14,168.66","14,197.52","14,058.52",1.18B,-0.84%
2023-12-01,"14,305.03","14,181.35","14,311.95","14,135.00",1.09B,0.55%
2023-11-30,"14,226.22","14,265.05","14,289.20","14,127.05",1.53B,-0.23%
2023-11-29,"14,258.49","14,367.11","14,423.22","14,247.89",979.43M,-0.16%
2023-11-28,"14,281.76","14,224.63","14,303.66","14,195.72",870.61M,0.29%
2023-11-27,"14,241.02","14,239.31","14,305.71","14,205.24",839.28M,-0.07%
2023-11-24,"14,250.86","14,238.04","14,270.28","14,214.13",441.68M,-0.11%
2023-11-22,"14,265.86","14,283.82","14,359.61","14,226.63",717.39M,0.46%
2023-11-21,"14,199.98","14,217.23","14,237.50","14,146.30",815.36M,-0.59%
2023-11-20,"14,284.53","14,134.75","14,309.80","14,134.20",902.05M,1.13%
2023-11-17,"14,125.48","14,101.43","14,154.32","14,063.93",946.65M,0.08%
2023-11-16,"14,113.67","14,066.88","14,130.45","14,033.79",925.11M,0.07%
2023-11-15,"14,103.84","14,147.27","14,194.36","14,060.70",1.06B,0.07%
2023-11-14,"14,094.38","14,015.37","14,124.06","14,003.14",1.11B,2.37%
2023-11-13,"13,767.74","13,745.96","13,805.11","13,687.78",837.61M,-0.22%
2023-11-10,"13,798.11","13,571.19","13,802.53","13,556.35",998.71M,2.05%
2023-11-09,"13,521.45","13,693.70","13,697.82","13,506.02",1.04B,-0.94%
2023-11-08,"13,650.41","13,660.22","13,684.87","13,573.58",956.59M,0.08%
2023-11-07,"13,639.86","13,555.79","13,675.46","13,516.56",896.95M,0.90%
2023-11-06,"13,518.78","13,514.08","13,551.62","13,435.99",912.89M,0.30%
2023-11-03,"13,478.28","13,362.85","13,520.28","13,344.73",1.02B,1.38%
2023-11-02,"13,294.19","13,230.49","13,302.18","13,177.64",1.03B,1.78%
2023-11-01,"13,061.47","12,887.06","13,072.42","12,875.20",937.65M,1.64%
2023-10-31,"12,851.24","12,786.62","12,859.40","12,697.04",914.04M,0.48%
2023-10-30,"12,789.48","12,750.46","12,842.96","12,691.56",801.65M,1.16%
2023-10-27,"12,643.01","12,718.69","12,772.43","12,600.57",856.38M,0.38%
2023-10-26,"12,595.61","12,768.97","12,818.14","12,543.86",941.24M,-1.76%
2023-10-25,"12,821.22","13,039.86","13,042.52","12,804.30",950.80M,-2.43%
2023-10-24,"13,139.88","13,084.99","13,170.39","13,022.85",878.12M,0.93%
2023-10-23,"13,018.33","12,930.85","13,143.22","12,848.83",859.07M,0.27%
2023-10-20,"12,983.81","13,157.77","13,177.35","12,977.43",1.03B,-1.53%
2023-10-19,"13,186.17","13,354.80","13,404.73","13,157.33",920.00M,-0.96%
2023-10-18,"13,314.30","13,439.68","13,499.74","13,275.30",843.06M,-1.62%
2023-10-17,"13,533.75","13,419.87","13,602.25","13,364.74",906.42M,-0.25%
2023-10-16,"13,567.98","13,453.81","13,598.05","13,447.17",832.45M,1.20%
2023-10-13,"13,407.23","13,613.59","13,619.54","13,361.85",843.48M,-1.23%
2023-10-12,"13,574.22","13,672.47","13,714.14","13,491.56",921.27M,-0.63%
2023-10-11,"13,659.68","13,619.21","13,671.11","13,549.29",797.05M,0.71%
2023-10-10,"13,562.84","13,505.81","13,659.63","13,491.81",823.87M,0.58%
2023-10-09,"13,484.24","13,326.22","13,509.30","13,277.48",723.95M,0.39%
2023-10-06,"13,431.34","13,127.68","13,472.27","13,099.03",860.52M,1.60%
2023-10-05,"13,219.83","13,228.12","13,251.18","13,087.57",870.00M,-0.12%
2023-10-04,"13,236.01","13,092.92","13,258.76","13,072.51",854.22M,1.35%
2023-10-03,"13,059.47","13,229.68","13,280.04","13,008.60",889.31M,-1.87%
2023-10-02,"13,307.77","13,217.99","13,364.03","13,204.08",877.57M,0.67%
2023-09-29,"13,219.32","13,337.71","13,382.98","13,177.09",1.02B,0.14%
2023-09-28,"13,201.28","13,043.37","13,270.97","13,025.11",884.75M,0.83%
2023-09-27,"13,092.85","13,115.36","13,156.37","12,963.16",894.11M,0.22%
2023-09-26,"13,063.61","13,180.96","13,199.13","13,033.40",891.04M,-1.57%
2023-09-25,"13,271.32","13,172.54","13,277.83","13,132.00",769.22M,0.45%
2023-09-22,"13,211.81","13,287.17","13,353.22","13,200.64",831.54M,-0.09%
2023-09-21,"13,223.99","13,328.06","13,362.23","13,222.56",928.74M,-1.82%
2023-09-20,"13,469.13","13,710.26","13,727.81","13,467.28",835.28M,-1.53%
2023-09-19,"13,678.19","13,649.44","13,705.15","13,578.87",881.73M,-0.23%
2023-09-18,"13,710.24","13,669.96","13,751.28","13,663.46",962.57M,0.01%
2023-09-15,"13,708.33","13,889.20","13,895.75","13,684.24",3.05B,-1.56%
2023-09-14,"13,926.05","13,889.76","13,957.57","13,810.66",930.53M,0.81%
2023-09-13,"13,813.58","13,773.67","13,868.57","13,733.82",929.03M,0.29%
2023-09-12,"13,773.62","13,858.94","13,913.60","13,763.69",853.61M,-1.04%
2023-09-11,"13,917.89","13,884.03","13,937.46","13,805.13",853.34M,1.14%
2023-09-08,"13,761.53","13,754.71","13,843.37","13,733.18",781.91M,0.09%
2023-09-07,"13,748.83","13,675.11","13,774.63","13,642.47",920.58M,-0.89%
2023-09-06,"13,872.47","13,988.81","14,001.95","13,802.42",826.45M,-1.06%
2023-09-05,"14,020.95","13,994.54","14,060.85","13,945.65",882.28M,-0.08%
2023-09-01,"14,031.82","14,129.96","14,149.62","13,982.42",820.13M,-0.02%
2023-08-31,"14,034.97","14,041.54","14,114.67","14,010.48",1.13B,0.11%
2023-08-30,"14,019.31","13,961.77","14,050.82","13,924.20",829.23M,0.54%
2023-08-29,"13,943.76","13,687.23","13,959.81","13,677.06",865.54M,1.74%
2023-08-28,"13,705.13","13,695.36","13,735.98","13,626.64",674.53M,0.84%
2023-08-25,"13,590.65","13,514.37","13,633.42","13,376.34",782.12M,0.94%
2023-08-24,"13,463.97","13,834.31","13,834.68","13,462.84",891.76M,-1.87%
2023-08-23,"13,721.03","13,532.43","13,757.00","13,532.43",811.82M,1.59%
2023-08-22,"13,505.87","13,593.95","13,598.76","13,484.38",780.24M,0.06%
2023-08-21,"13,497.59","13,347.26","13,516.86","13,325.59",828.82M,1.56%
2023-08-18,"13,290.78","13,190.02","13,335.87","13,161.76",980.92M,-0.20%
2023-08-17,"13,316.93","13,527.30","13,535.09","13,303.45",956.29M,-1.17%
2023-08-16,"13,474.63","13,593.17","13,644.32","13,473.03",993.03M,-1.15%
2023-08-15,"13,631.05","13,760.48","13,774.98","13,611.93",816.65M,-1.14%
2023-08-14,"13,788.33","13,599.00","13,789.16","13,582.49",836.91M,1.05%
2023-08-11,"13,644.85","13,633.65","13,720.33","13,609.98",842.28M,-0.56%
2023-08-10,"13,721.03","13,818.25","13,947.16","13,686.51",979.72M,0.12%
2023-08-09,"13,705.08","13,897.61","13,898.54","13,698.39",1.06B,-1.17%
2023-08-08,"13,867.19","13,875.45","13,899.74","13,769.34",1.04B,-0.79%
2023-08-07,"13,977.13","13,972.45","13,997.15","13,864.92",957.81M,0.61%
2023-08-04,"13,892.07","14,025.96","14,119.22","13,897.93",1.00B,-0.48%
2023-08-03,"13,959.71","13,899.76","14,032.28","13,881.35",1.03B,-0.10%
2023-08-02,"13,973.45","14,132.73","14,133.85","13,914.81",1.06B,-2.17%
2023-08-01,"14,283.91","14,274.93","14,309.21","14,215.64",909.92M,-0.43%
2023-07-31,"14,346.02","14,337.90","14,370.91","14,292.75",1.08B,0.21%
2023-07-28,"14,316.66","14,199.83","14,344.35","14,188.10",937.55M,1.90%
2023-07-27,"14,050.11","14,319.16","14,360.20","14,006.92",1.00B,-0.55%
2023-07-26,"14,127.28","14,123.52","14,187.35","14,041.95",883.42M,-0.12%
2023-07-25,"14,144.55","14,093.24","14,201.91","14,092.52",864.05M,0.61%
2023-07-24,"14,058.87","14,081.63","14,110.15","13,997.13",812.22M,0.19%
2023-07-21,"14,032.80","14,148.17","14,179.01","14,020.45",1.45B,-0.22%
2023-07-20,"14,063.31","14,273.29","14,309.92","14,030.63",996.24M,-2.05%
2023-07-19,"14,358.02","14,398.53","14,446.55","14,317.09",978.63M,0.03%
2023-07-18,"14,353.64","14,212.25","14,396.69","14,176.11",930.20M,0.76%
2023-07-17,"14,244.95","14,149.92","14,274.41","14,138.00",914.53M,0.93%
2023-07-14,"14,113.70","14,166.66","14,232.11","14,081.96",996.35M,-0.18%
2023-07-13,"14,138.57","14,021.15","14,163.80","14,012.24",962.46M,1.58%
2023-07-12,"13,918.96","13,915.64","13,963.45","13,842.13",1.01B,1.15%
2023-07-11,"13,760.70","13,709.82","13,774.83","13,643.32",913.10M,0.55%
2023-07-10,"13,685.48","13,645.37","13,692.41","13,584.87",1.00B,0.18%
2023-07-07,"13,660.72","13,668.07","13,804.51","13,656.74",949.89M,-0.13%
2023-07-06,"13,679.04","13,653.17","13,689.52","13,567.25",1.04B,-0.82%
2023-07-05,"13,791.65","13,772.10","13,844.50","13,764.25",937.60M,-0.18%
2023-07-03,"13,816.77","13,798.70","13,839.09","13,773.41",583.70M,0.21%
2023-06-30,"13,787.92","13,719.98","13,816.67","13,716.16",1.07B,1.45%
2023-06-29,"13,591.33","13,592.36","13,618.53","13,540.26",871.64M,0.00%
2023-06-28,"13,591.75","13,506.02","13,654.14","13,495.73",890.52M,0.27%
2023-06-27,"13,555.67","13,389.25","13,578.80","13,366.97",966.18M,1.65%
2023-06-26,"13,335.78","13,468.75","13,573.57","13,334.42",936.28M,-1.16%
2023-06-23,"13,492.52","13,484.10","13,572.18","13,442.65",3.36B,-1.01%
2023-06-22,"13,630.61","13,443.41","13,631.85","13,441.56",898.27M,0.95%
2023-06-21,"13,502.20","13,620.87","13,638.57","13,460.94",1.06B,-1.21%
2023-06-20,"13,667.29","13,642.29","13,711.18","13,561.84",1.13B,-0.16%
2023-06-16,"13,689.57","13,859.07","13,864.06","13,680.96",2.92B,-0.68%
2023-06-15,"13,782.82","13,572.88","13,828.17","13,561.37",1.13B,1.15%
2023-06-14,"13,626.48","13,570.56","13,661.74","13,455.99",1.16B,0.39%
2023-06-13,"13,573.32","13,566.53","13,594.40","13,473.19",1.04B,0.83%
2023-06-12,"13,461.92","13,326.37","13,465.91","13,302.58",974.53M,1.53%
2023-06-09,"13,259.14","13,312.39","13,385.95","13,229.33",899.24M,0.16%
2023-06-08,"13,238.52","13,113.27","13,248.60","13,101.18",873.24M,1.02%
2023-06-07,"13,104.89","13,295.26","13,361.90","13,089.48",1.11B,-1.29%
2023-06-06,"13,276.42","13,199.59","13,306.21","13,165.65",978.70M,0.36%
2023-06-05,"13,229.43","13,238.48","13,330.65","13,194.95",887.68M,-0.09%
2023-06-02,"13,240.77","13,190.48","13,256.21","13,125.86",941.89M,1.07%
2023-06-01,"13,100.98","12,944.46","13,141.83","12,903.63",957.13M,1.28%
2023-05-31,"12,935.29","12,968.38","13,029.08","12,889.37",1.94B,-0.63%
2023-05-30,"13,017.43","13,109.10","13,154.29","12,968.12",969.21M,0.32%
2023-05-26,"12,975.69","12,736.42","13,001.91","12,729.74",914.77M,2.19%
2023-05-25,"12,698.09","12,706.44","12,736.92","12,604.89",970.49M,1.71%
2023-05-24,"12,484.16","12,481.89","12,529.63","12,415.85",842.72M,-0.61%
2023-05-23,"12,560.25","12,652.88","12,709.74","12,554.43",899.73M,-1.26%
2023-05-22,"12,720.78","12,664.44","12,756.22","12,655.26",886.96M,0.50%
2023-05-19,"12,657.90","12,709.46","12,731.73","12,624.06",899.33M,-0.24%
2023-05-18,"12,688.84","12,513.87","12,698.50","12,512.26",932.20M,1.51%
2023-05-17,"12,500.57","12,388.58","12,514.07","12,335.02",936.60M,1.28%
2023-05-16,"12,343.05","12,327.05","12,403.81","12,324.52",857.54M,-0.18%
2023-05-15,"12,365.21","12,301.17","12,376.40","12,263.35",857.25M,0.66%
2023-05-12,"12,284.74","12,350.52","12,364.65","12,209.58",865.59M,-0.35%
2023-05-11,"12,328.51","12,321.26","12,347.38","12,255.44",934.31M,0.18%
2023-05-10,"12,306.44","12,286.66","12,337.69","12,180.86",1.04B,1.04%
2023-05-09,"12,179.55","12,195.78","12,216.13","12,174.06",899.76M,-0.63%
2023-05-08,"12,256.92","12,231.68","12,264.99","12,178.26",882.60M,0.18%
2023-05-05,"12,235.41","12,073.03","12,264.83","12,065.72",1.01B,2.25%
2023-05-04,"11,966.40","11,997.34","12,033.15","11,925.37",1.01B,-0.49%
2023-05-03,"12,025.33","12,097.04","12,212.55","12,022.46",1.09B,-0.46%
2023-05-02,"12,080.51","12,198.02","12,206.58","12,015.22",1.05B,-1.08%
2023-05-01,"12,212.60","12,210.05","12,261.32","12,181.08",926.58M,-0.11%
2023-04-28,"12,226.58","12,117.54","12,227.72","12,082.57",1.07B,0.69%
2023-04-27,"12,142.24","11,972.15","12,154.01","11,950.92",986.43M,2.43%
2023-04-26,"11,854.35","11,913.23","11,967.99","11,833.07",973.40M,0.47%
2023-04-25,"11,799.16","11,968.81","11,990.46","11,798.77",921.37M,-1.98%
2023-04-24,"12,037.20","12,053.47","12,103.58","11,960.30",853.57M,-0.29%
2023-04-21,"12,072.46","12,046.03","12,097.15","11,986.82",944.77M,0.11%
2023-04-20,"12,059.56","12,039.08","12,155.96","12,011.95",899.17M,-0.80%
2023-04-19,"12,157.23","12,063.68","12,191.10","12,060.17",879.49M,0.03%
2023-04-18,"12,153.41","12,234.56","12,245.43","12,110.23",883.01M,-0.04%
2023-04-17,"12,157.72","12,108.23","12,159.02","12,064.10",904.58M,0.28%
2023-04-14,"12,123.46","12,117.91","12,205.72","12,026.55",874.14M,-0.35%
2023-04-13,"12,166.27","11,997.42","12,178.80","11,995.94",921.41M,1.99%
2023-04-12,"11,929.34","12,110.87","12,134.50","11,916.54",916.01M,-0.85%
2023-04-11,"12,031.88","12,080.24","12,091.27","12,011.40",883.24M,-0.43%
2023-04-10,"12,084.36","11,975.13","12,084.95","11,924.20",862.62M,-0.03%
2023-04-06,"12,087.96","11,939.08","12,098.50","11,898.36",785.43M,0.76%
2023-04-05,"11,996.86","12,081.76","12,086.75","11,931.84",894.37M,-1.07%
2023-04-04,"12,126.33","12,208.49","12,224.68","12,081.81",877.51M,-0.52%
2023-04-03,"12,189.45","12,146.09","12,196.34","12,086.52",950.52M,-0.27%
2023-03-31,"12,221.91","12,031.54","12,227.93","12,030.44",1.16B,1.74%
2023-03-30,"12,013.47","12,010.45","12,044.79","11,953.37",923.96M,0.73%
2023-03-29,"11,926.24","11,855.59","11,941.59","11,823.35",915.05M,1.79%
2023-03-28,"11,716.08","11,752.76","11,752.76","11,635.03",773.10M,-0.45%
2023-03-27,"11,768.84","11,868.54","11,903.21","11,739.05",844.71M,-0.47%
2023-03-24,"11,823.96","11,747.62","11,826.23","11,670.67",897.32M,0.31%
2023-03-23,"11,787.40","11,811.32","11,962.69","11,684.52",1.00B,1.01%
2023-03-22,"11,669.96","11,857.50","12,013.99","11,666.85",963.97M,-1.60%
2023-03-21,"11,860.11","11,764.79","11,879.16","11,724.91",1.04B,1.58%
2023-03-20,"11,675.54","11,614.39","11,695.55","11,550.69",1.08B,0.39%
2023-03-17,"11,630.51","11,696.34","11,773.11","11,562.63",2.94B,-0.74%
2023-03-16,"11,717.28","11,384.87","11,733.80","11,365.49",1.13B,2.48%
2023-03-15,"11,434.05","11,291.17","11,447.90","11,238.44",1.22B,0.05%
2023-03-14,"11,428.15","11,357.74","11,467.01","11,284.93",1.18B,2.14%
2023-03-13,"11,188.84","11,041.46","11,326.73","10,982.80",1.31B,0.45%
2023-03-10,"11,138.89","11,325.36","11,373.81","11,093.86",1.23B,-1.76%
2023-03-09,"11,338.36","11,578.31","11,667.12","11,319.98",994.86M,-2.05%
2023-03-08,"11,576.00","11,553.09","11,601.23","11,487.75",923.10M,0.40%
2023-03-07,"11,530.33","11,670.98","11,705.96","11,512.03",973.96M,-1.25%
2023-03-06,"11,675.74","11,736.87","11,827.92","11,667.48",977.57M,-0.11%
2023-03-03,"11,689.01","11,524.65","11,699.63","11,514.74",965.05M,1.97%
2023-03-02,"11,462.98","11,273.77","11,487.59","11,273.61",950.09M,0.73%
2023-03-01,"11,379.48","11,447.58","11,479.00","11,349.87",964.54M,-0.66%
2023-02-28,"11,455.54","11,451.05","11,548.22","11,435.39",1.26B,-0.10%
2023-02-27,"11,466.98","11,517.19","11,565.23","11,444.60",874.29M,0.63%
2023-02-24,"11,394.94","11,404.18","11,434.36","11,334.46",900.84M,-1.69%
2023-02-23,"11,590.40","11,636.93","11,638.97","11,432.58",903.17M,0.72%
2023-02-22,"11,507.07","11,517.20","11,582.52","11,445.17",942.98M,0.13%
2023-02-21,"11,492.30","11,640.37","11,684.14","11,491.18",1.02B,-2.50%
2023-02-17,"11,787.27","11,777.50","11,803.22","11,673.21",966.30M,-0.58%
2023-02-16,"11,855.83","11,896.31","12,040.34","11,853.36",986.41M,-1.78%
2023-02-15,"12,070.59","11,905.12","12,071.29","11,876.82",951.90M,0.92%
2023-02-14,"11,960.14","11,808.20","11,999.85","11,760.57",929.01M,0.57%
2023-02-13,"11,891.79","11,759.09","11,910.92","11,719.73",937.01M,1.48%
2023-02-10,"11,718.12","11,714.60","11,775.80","11,630.54",934.05M,-0.61%
2023-02-09,"11,789.58","12,069.10","12,070.96","11,745.11",1.03B,-1.02%
2023-02-08,"11,910.52","12,069.12","12,096.39","11,890.09",953.41M,-1.68%
2023-02-07,"12,113.79","11,891.25","12,150.22","11,836.78",1.07B,1.90%
2023-02-06,"11,887.45","11,904.41","11,973.41","11,843.49",1.01B,-1.00%
2023-02-03,"12,006.96","11,946.86","12,231.31","11,946.86",1.11B,-1.59%
2023-02-02,"12,200.82","12,065.15","12,269.55","12,024.14",1.33B,3.25%
2023-02-01,"11,816.32","11,573.14","11,904.02","11,500.33",1.21B,2.00%
2023-01-31,"11,584.55","11,398.58","11,586.01","11,398.37",1.15B,1.67%
2023-01-30,"11,393.81","11,512.34","11,553.31","11,388.54",954.43M,-1.96%
2023-01-27,"11,621.71","11,470.47","11,691.89","11,470.27",1.05B,0.95%
2023-01-26,"11,512.41","11,458.41","11,516.05","11,341.19",992.60M,1.76%
2023-01-25,"11,313.36","11,146.53","11,334.22","11,069.17",924.72M,-0.18%
2023-01-24,"11,334.27","11,302.93","11,378.15","11,282.65",914.95M,-0.27%
2023-01-23,"11,364.41","11,171.94","11,405.50","11,144.03",1.05B,2.01%
2023-01-20,"11,140.43","10,924.66","11,143.17","10,885.64",1.16B,2.66%
2023-01-19,"10,852.27","10,890.40","10,932.52","10,804.57",905.21M,-0.96%
2023-01-18,"10,957.01","11,170.95","11,223.41","10,952.05",986.97M,-1.24%
2023-01-17,"11,095.11","11,070.00","11,145.44","11,024.72",990.06M,0.14%
2023-01-13,"11,079.16","10,906.37","11,084.01","10,900.16",919.66M,0.71%
2023-01-12,"11,001.11","10,969.26","11,027.75","10,797.12",1.03B,0.64%
2023-01-11,"10,931.67","10,794.99","10,932.44","10,762.73",1.01B,1.76%
2023-01-10,"10,742.63","10,607.72","10,743.67","10,589.59",888.70M,1.01%
2023-01-09,"10,635.65","10,662.11","10,807.26","10,619.12",1.04B,0.63%
2023-01-06,"10,569.29","10,363.96","10,604.14","10,265.04",970.67M,2.56%
2023-01-05,"10,305.24","10,390.31","10,393.22","10,295.25",957.48M,-1.47%
2023-01-04,"10,458.76","10,467.82","10,515.22","10,337.64",1.04B,0.69%
2023-01-03,"10,386.99","10,562.06","10,613.06","10,309.16",983.36M,-0.76%
2022-12-30,"10,466.48","10,368.37","10,468.31","10,324.70",850.56M,-0.11%
2022-12-29,"10,478.09","10,321.46","10,502.08","10,301.06",894.54M,2.59%
2022-12-28,"10,213.29","10,339.20","10,414.82","10,207.47",751.52M,-1.35%
2022-12-27,"10,353.23","10,462.19","10,472.32","10,340.73",753.05M,-1.38%
2022-12-23,"10,497.86","10,437.75","10,514.76","10,361.82",678.03M,0.21%
2022-12-22,"10,476.12","10,586.46","10,599.34","10,313.32",974.20M,-2.18%
2022-12-21,"10,709.37","10,592.00","10,753.57","10,569.20",937.40M,1.54%
2022-12-20,"10,547.11","10,490.89","10,609.46","10,446.82",972.31M,0.01%
2022-12-19,"10,546.03","10,707.44","10,713.97","10,497.55",1.04B,-1.49%
2022-12-16,"10,705.41","10,767.63","10,833.24","10,642.10",3.28B,-0.97%
2022-12-15,"10,810.53","11,012.62","11,029.57","10,775.61",1.16B,-3.23%
2022-12-14,"11,170.89","11,248.09","11,352.09","11,065.24",1.12B,-0.76%
2022-12-13,"11,256.81","11,542.84","11,571.64","11,160.54",1.24B,1.01%
2022-12-12,"11,143.74","11,015.48","11,144.67","10,984.82",955.14M,1.26%
2022-12-09,"11,004.62","11,038.17","11,138.70","10,999.26",867.24M,-0.70%
2022-12-08,"11,082.00","11,011.33","11,119.16","10,939.47",832.95M,1.13%
2022-12-07,"10,958.55","10,963.95","11,039.81","10,910.62",828.48M,-0.51%
2022-12-06,"11,014.89","11,228.42","11,241.42","10,956.20",888.70M,-2.00%
2022-12-05,"11,239.94","11,380.99","11,425.51","11,193.03",885.18M,-1.93%
2022-12-02,"11,461.50","11,308.38","11,492.32","11,296.72",859.61M,-0.18%
2022-12-01,"11,482.45","11,475.17","11,546.77","11,378.75",912.53M,0.13%
2022-11-30,"11,468.00","10,995.20","11,468.47","10,966.53",1.62B,4.41%
2022-11-29,"10,983.78","11,060.02","11,086.02","10,944.37",783.46M,-0.59%
2022-11-28,"11,049.50","11,147.57","11,217.75","11,020.69",811.96M,-1.58%
2022-11-25,"11,226.36","11,231.00","11,261.57","11,206.38",377.17M,-0.52%
2022-11-23,"11,285.32","11,174.61","11,310.82","11,174.61",695.12M,0.99%
2022-11-22,"11,174.41","11,058.56","11,179.87","10,975.66",758.80M,1.36%
2022-11-21,"11,024.51","11,091.01","11,128.78","10,999.75",765.20M,-1.09%
2022-11-18,"11,146.06","11,257.01","11,259.44","11,059.16",846.40M,0.01%
2022-11-17,"11,144.96","11,008.67","11,198.84","11,006.21",837.39M,-0.35%
2022-11-16,"11,183.66","11,260.09","11,286.10","11,162.92",887.82M,-1.54%
2022-11-15,"11,358.41","11,474.82","11,492.62","11,241.15",1.04B,1.45%
2022-11-14,"11,196.22","11,233.90","11,350.13","11,167.17",983.40M,-1.12%
2022-11-11,"11,323.33","11,124.75","11,352.43","11,069.83",1.21B,1.88%
2022-11-10,"11,114.15","10,869.17","11,119.12","10,779.95",1.40B,7.35%
2022-11-09,"10,353.17","10,528.45","10,564.97","10,344.01",1.04B,-2.48%
2022-11-08,"10,616.20","10,611.53","10,745.64","10,472.73",994.35M,0.49%
2022-11-07,"10,564.52","10,516.94","10,587.96","10,428.91",930.25M,0.85%
2022-11-04,"10,475.25","10,548.14","10,553.63","10,262.93",1.09B,1.28%
2022-11-03,"10,342.94","10,399.45","10,486.01","10,319.54",1.01B,-1.73%
2022-11-02,"10,524.80","10,885.01","10,993.24","10,522.90",1.10B,-3.36%
2022-11-01,"10,890.84","11,154.74","11,156.35","10,881.19",903.26M,-0.89%
2022-10-31,"10,988.15","11,028.43","11,047.94","10,914.00",1.08B,-1.03%
2022-10-28,"11,102.45","10,766.20","11,117.04","10,766.20",977.64M,2.87%
2022-10-27,"10,792.67","10,971.95","10,998.73","10,780.50",973.52M,-1.63%
2022-10-26,"10,970.99","10,969.02","11,205.84","10,948.38",1.00B,-2.04%
2022-10-25,"11,199.12","10,996.97","11,210.38","10,996.97",991.08M,2.25%
2022-10-24,"10,952.61","10,867.07","10,983.52","10,713.33",921.20M,0.86%
2022-10-21,"10,859.72","10,576.04","10,875.72","10,542.43",1.02B,2.31%
2022-10-20,"10,614.84","10,657.41","10,837.30","10,574.55",866.25M,-0.61%
2022-10-19,"10,680.51","10,689.31","10,808.04","10,592.88",921.13M,-0.85%
2022-10-18,"10,772.40","10,963.99","10,972.97","10,670.12",929.62M,0.90%
2022-10-17,"10,675.80","10,575.65","10,696.59","10,569.69",944.31M,3.43%
2022-10-14,"10,321.39","10,742.81","10,766.68","10,308.81",918.04M,-3.08%
2022-10-13,"10,649.15","10,131.82","10,697.71","10,088.83",1.05B,2.23%
2022-10-12,"10,417.10","10,437.00","10,494.53","10,372.21",823.61M,-0.09%
2022-10-11,"10,426.19","10,484.37","10,608.84","10,351.98",990.74M,-1.10%
2022-10-10,"10,542.10","10,659.95","10,669.93","10,449.04",812.52M,-1.04%
2022-10-07,"10,652.41","10,877.28","10,891.93","10,608.52",1.03B,-3.80%
2022-10-06,"11,073.31","11,129.04","11,230.44","11,051.27",873.35M,-0.68%
2022-10-05,"11,148.64","11,022.67","11,210.32","10,910.76",830.23M,-0.25%
2022-10-04,"11,176.41","11,054.72","11,189.96","11,044.04",1.02B,3.34%
2022-10-03,"10,815.43","10,659.01","10,875.46","10,577.89",943.34M,2.27%
2022-09-30,"10,575.62","10,697.71","10,883.04","10,572.33",1.10B,-1.51%
2022-09-29,"10,737.51","10,894.44","10,899.47","10,623.22",971.92M,-2.84%
2022-09-28,"11,051.64","10,817.53","11,101.50","10,776.34",953.34M,2.05%
2022-09-27,"10,829.50","10,955.29","11,040.99","10,741.02",903.37M,0.25%
2022-09-26,"10,802.92","10,833.38","11,024.00","10,789.05",949.64M,-0.60%
2022-09-23,"10,867.93","10,952.69","10,958.29","10,732.72",1.00B,-1.80%
2022-09-22,"11,066.80","11,167.38","11,203.77","11,024.64",934.35M,-1.37%
2022-09-21,"11,220.19","11,466.21","11,613.57","11,219.00",909.35M,-1.79%
2022-09-20,"11,425.05","11,440.14","11,520.99","11,343.72",861.66M,-0.95%
2022-09-19,"11,535.02","11,338.57","11,538.13","11,337.83",932.68M,0.76%
2022-09-16,"11,448.40","11,401.21","11,460.43","11,316.92",3.05B,-0.90%
2022-09-15,"11,552.36","11,633.24","11,760.73","11,497.11",1.03B,-1.43%
2022-09-14,"11,719.68","11,680.41","11,746.83","11,602.76",1.05B,0.74%
2022-09-13,"11,633.57","11,908.81","11,957.97","11,604.43",1.10B,-5.16%
2022-09-12,"12,266.41","12,174.94","12,270.19","12,169.28",845.28M,1.27%
2022-09-09,"12,112.31","11,958.61","12,132.67","11,958.61",881.47M,2.11%
2022-09-08,"11,862.13","11,679.86","11,896.73","11,660.53",875.83M,0.60%
2022-09-07,"11,791.90","11,559.38","11,819.07","11,555.08",897.12M,2.14%
2022-09-06,"11,544.91","11,643.03","11,679.43","11,471.50",945.53M,-0.74%
2022-09-02,"11,630.86","11,899.14","11,945.91","11,573.51",868.07M,-1.31%
2022-09-01,"11,785.13","11,707.44","11,798.37","11,546.52",974.17M,-0.26%
2022-08-31,"11,816.20","11,972.56","12,027.43","11,814.17",1.16B,-0.56%
2022-08-30,"11,883.14","12,093.06","12,101.85","11,790.03",896.27M,-1.12%
2022-08-29,"12,017.67","12,021.05","12,124.87","11,981.42",798.39M,-1.02%
2022-08-26,"12,141.71","12,630.58","12,655.84","12,141.52",960.49M,-3.94%
2022-08-25,"12,639.26","12,506.37","12,641.26","12,471.98",797.23M,1.67%
2022-08-24,"12,431.53","12,375.15","12,504.33","12,350.16",770.64M,0.41%
2022-08-23,"12,381.30","12,380.37","12,490.86","12,352.03",763.64M,0.00%
2022-08-22,"12,381.57","12,523.16","12,538.55","12,353.73",857.72M,-2.55%
2022-08-19,"12,705.21","12,832.27","12,859.01","12,674.87",998.67M,-2.01%
2022-08-18,"12,965.34","12,937.79","13,002.66","12,873.49",865.17M,0.21%
2022-08-17,"12,938.12","12,968.63","13,053.51","12,863.01",977.81M,-1.25%
2022-08-16,"13,102.55","13,082.64","13,181.09","12,979.24",952.79M,-0.19%
2022-08-15,"13,128.05","12,996.63","13,146.06","12,993.78",862.20M,0.62%
2022-08-12,"13,047.19","12,866.31","13,047.19","12,821.22",936.39M,2.09%
2022-08-11,"12,779.91","12,944.82","13,026.24","12,760.09",1.08B,-0.58%
2022-08-10,"12,854.80","12,793.44","12,861.44","12,698.61",1.05B,2.89%
2022-08-09,"12,493.93","12,557.49","12,582.91","12,438.86",1.02B,-1.19%
2022-08-08,"12,644.46","12,703.72","12,855.16","12,597.75",1.00B,-0.10%
2022-08-05,"12,657.55","12,538.80","12,720.44","12,525.77",991.77M,-0.50%
2022-08-04,"12,720.58","12,675.04","12,736.19","12,600.78",1.05B,0.41%
2022-08-03,"12,668.16","12,433.87","12,699.64","12,425.21",1.10B,2.59%
2022-08-02,"12,348.76","12,287.67","12,503.34","12,260.48",902.82M,-0.16%
2022-08-01,"12,368.98","12,317.96","12,499.72","12,271.98",891.53M,-0.18%
2022-07-29,"12,390.69","12,239.69","12,426.26","12,181.13",1.10B,1.88%
2022-07-28,"12,162.59","12,036.48","12,179.09","11,886.67",958.80M,1.08%
2022-07-27,"12,032.42","11,756.19","12,081.73","11,718.38",939.31M,4.06%
2022-07-26,"11,562.58","11,701.53","11,711.31","11,533.37",834.49M,-1.87%
2022-07-25,"11,782.67","11,837.96","11,855.11","11,707.53",783.12M,-0.43%
2022-07-22,"11,834.11","12,025.37","12,093.02","11,767.19",884.72M,-1.87%
2022-07-21,"12,059.61","11,914.15","12,060.59","11,812.72",840.81M,1.36%
2022-07-20,"11,897.65","11,726.09","11,939.96","11,703.36",1.01B,1.58%
2022-07-19,"11,713.15","11,515.00","11,721.22","11,448.97",974.15M,3.11%
2022-07-18,"11,360.05","11,561.64","11,629.03","11,322.84",922.80M,-0.81%
2022-07-15,"11,452.42","11,379.36","11,454.69","11,295.33",947.43M,1.79%
2022-07-14,"11,251.18","11,151.21","11,279.97","11,005.93",817.49M,0.03%
2022-07-13,"11,247.58","11,056.55","11,325.67","11,031.27",812.60M,-0.15%
2022-07-12,"11,264.73","11,420.89","11,483.17","11,207.08",836.73M,-0.95%
2022-07-11,"11,372.60","11,524.49","11,541.10","11,348.06",844.13M,-2.26%
2022-07-08,"11,635.31","11,503.61","11,689.70","11,479.77",820.69M,0.12%
2022-07-07,"11,621.35","11,422.60","11,644.47","11,412.88",916.26M,2.28%
2022-07-06,"11,361.85","11,337.90","11,443.15","11,250.32",933.39M,0.35%
2022-07-05,"11,322.24","10,964.18","11,323.90","10,911.45",1.07B,1.75%
2022-07-01,"11,127.84","11,006.83","11,132.55","10,922.71",930.71M,0.90%
2022-06-30,"11,028.74","11,048.25","11,160.92","10,850.01",1.16B,-1.33%
2022-06-29,"11,177.89","11,160.22","11,226.33","11,072.19",1.02B,-0.03%
2022-06-28,"11,181.54","11,542.24","11,635.85","11,177.68",1.02B,-2.98%
2022-06-27,"11,524.55","11,661.02","11,677.49","11,487.07",991.61M,-0.72%
2022-06-24,"11,607.62","11,351.31","11,613.23","11,337.78",4.31B,3.34%
2022-06-23,"11,232.19","11,137.68","11,260.27","11,046.28",1.03B,1.62%
2022-06-22,"11,053.08","10,941.95","11,216.77","10,938.06",1.11B,-0.15%
2022-06-21,"11,069.30","10,974.05","11,164.99","10,974.05",1.19B,2.51%
2022-06-17,"10,798.35","10,697.55","10,884.71","10,638.72",2.80B,1.43%
2022-06-16,"10,646.10","10,806.02","10,831.07","10,565.14",1.25B,-4.08%
2022-06-15,"11,099.16","10,968.40","11,244.26","10,866.39",1.22B,2.50%
2022-06-14,"10,828.34","10,897.43","10,926.81","10,733.04",953.68M,0.18%
2022-06-13,"10,809.23","10,986.84","11,071.48","10,775.14",1.21B,-4.68%
2022-06-10,"11,340.02","11,543.88","11,569.15","11,328.27",1.06B,-3.52%
2022-06-09,"11,754.23","12,016.47","12,115.07","11,751.98",998.87M,-2.75%
2022-06-08,"12,086.27","12,147.28","12,235.78","12,052.70",911.77M,-0.73%
2022-06-07,"12,175.23","11,925.81","12,194.86","11,888.61",900.55M,0.94%
2022-06-06,"12,061.37","12,200.33","12,245.40","12,004.20",911.01M,0.40%
2022-06-03,"12,012.73","12,097.12","12,167.44","11,966.62",837.59M,-2.47%
2022-06-02,"12,316.90","11,945.57","12,320.12","11,901.45",916.66M,2.69%
2022-06-01,"11,994.46","12,176.89","12,237.93","11,901.43",940.60M,-0.72%
2022-05-31,"12,081.39","12,137.54","12,190.08","11,942.50",1.77B,-0.41%
2022-05-27,"12,131.13","11,869.69","12,131.66","11,856.82",942.22M,3.33%
2022-05-26,"11,740.65","11,409.84","11,796.97","11,406.16",930.42M,2.68%
2022-05-25,"11,434.74","11,225.03","11,511.90","11,211.85",907.18M,1.51%
2022-05-24,"11,264.45","11,326.44","11,351.61","11,092.48",924.23M,-2.35%
2022-05-23,"11,535.27","11,396.28","11,552.07","11,304.56",889.21M,1.59%
2022-05-20,"11,354.62","11,542.67","11,552.21","11,035.69",1.20B,-0.30%
2022-05-19,"11,388.50","11,364.40","11,562.82","11,313.31",1.05B,-0.26%
2022-05-18,"11,418.15","11,790.68","11,826.22","11,381.69",1.03B,-4.73%
2022-05-17,"11,984.52","11,905.57","11,988.43","11,754.28",1.02B,2.76%
2022-05-16,"11,662.79","11,727.14","11,804.59","11,627.53",978.06M,-1.20%
2022-05-13,"11,805.00","11,555.98","11,856.71","11,510.25",1.23B,3.82%
2022-05-12,"11,370.96","11,199.25","11,547.33","11,108.76",1.40B,0.06%
2022-05-11,"11,364.24","11,645.57","11,844.50","11,339.18",1.27B,-3.18%
2022-05-10,"11,737.67","11,900.34","11,944.94","11,566.28",1.28B,0.98%
2022-05-09,"11,623.25","11,923.03","11,990.61","11,574.94",1.24B,-4.29%
2022-05-06,"12,144.66","12,246.83","12,358.42","11,990.15",1.09B,-1.40%
2022-05-05,"12,317.69","12,787.52","12,787.52","12,183.56",1.10B,-4.99%
2022-05-04,"12,964.86","12,574.73","12,985.01","12,367.02",1.11B,3.19%
2022-05-03,"12,563.76","12,511.46","12,645.83","12,460.99",897.83M,0.22%
2022-05-02,"12,536.02","12,331.69","12,542.54","12,202.41",1.04B,1.63%
2022-04-29,"12,334.64","12,710.42","12,861.83","12,315.74",1.09B,-4.17%
2022-04-28,"12,871.53","12,712.86","12,948.52","12,487.86",1.01B,3.06%
2022-04-27,"12,488.93","12,500.88","12,703.79","12,430.90",942.84M,-0.01%
2022-04-26,"12,490.74","12,918.04","12,918.04","12,490.74",1.02B,-3.95%
2022-04-25,"13,004.85","12,749.17","13,011.45","12,722.59",988.04M,1.29%
2022-04-22,"12,839.29","13,168.80","13,212.60","12,828.02",950.70M,-2.55%
2022-04-21,"13,174.65","13,623.70","13,710.69","13,140.83",993.83M,-2.07%
2022-04-20,"13,453.07","13,665.38","13,678.55","13,426.12",871.26M,-1.22%
2022-04-19,"13,619.66","13,312.44","13,643.97","13,281.22",855.29M,2.15%
2022-04-18,"13,332.36","13,319.39","13,414.27","13,222.03",832.41M,-0.14%
2022-04-14,"13,351.08","13,647.42","13,662.93","13,345.22",927.38M,-2.14%
2022-04-13,"13,643.59","13,373.12","13,679.43","13,353.66",910.79M,2.03%
2022-04-12,"13,371.57","13,584.69","13,685.95","13,317.74",902.42M,-0.30%
2022-04-11,"13,411.96","13,547.29","13,585.08","13,401.39",991.30M,-2.18%
2022-04-08,"13,711.00","13,830.47","13,866.06","13,693.69",858.45M,-1.34%
2022-04-07,"13,897.30","13,861.49","13,978.25","13,689.23",931.35M,0.06%
2022-04-06,"13,888.82","14,002.58","14,032.84","13,788.90",1.09B,-2.22%
2022-04-05,"14,204.17","14,490.26","14,500.29","14,169.12",930.40M,-2.26%
2022-04-04,"14,532.55","14,304.35","14,534.38","14,286.45",915.41M,1.90%
2022-04-01,"14,261.50","14,269.53","14,306.94","14,131.81",1.02B,0.29%
2022-03-31,"14,220.52","14,444.78","14,456.74","14,217.73",1.10B,-1.54%
2022-03-30,"14,442.27","14,558.59","14,609.25","14,383.45",1.01B,-1.21%
2022-03-29,"14,619.64","14,500.39","14,646.90","14,419.40",1.09B,1.84%
2022-03-28,"14,354.90","14,177.21","14,356.00","14,101.34",892.94M,1.31%
2022-03-25,"14,169.30","14,194.72","14,218.76","14,010.79",941.78M,-0.16%
2022-03-24,"14,191.84","14,001.32","14,193.55","13,897.20",916.74M,1.93%
2022-03-23,"13,922.60","13,990.35","14,152.14","13,921.65",961.73M,-1.32%
2022-03-22,"14,108.82","13,866.43","14,141.07","13,857.29",1.10B,1.95%
2022-03-21,"13,838.46","13,860.39","13,945.81","13,682.55",1.14B,-0.40%
2022-03-18,"13,893.84","13,564.63","13,899.28","13,528.06",2.85B,2.05%
2022-03-17,"13,614.78","13,360.72","13,620.80","13,317.14",1.14B,1.33%
2022-03-16,"13,436.55","13,119.36","13,440.12","12,992.20",1.41B,3.77%
2022-03-15,"12,948.62","12,685.23","12,973.88","12,616.59",1.13B,2.92%
2022-03-14,"12,581.22","12,795.12","12,918.01","12,555.35",1.21B,-2.04%
2022-03-11,"12,843.81","13,229.77","13,239.35","12,830.37",1.02B,-2.18%
2022-03-10,"13,129.96","13,098.35","13,163.50","12,946.28",961.59M,-0.95%
2022-03-09,"13,255.55","13,113.70","13,301.16","13,039.79",1.12B,3.59%
2022-03-08,"12,795.55","12,800.04","13,159.44","12,670.08",1.34B,-0.28%
2022-03-07,"12,830.96","13,328.36","13,353.28","12,828.02",1.29B,-3.62%
2022-03-04,"13,313.44","13,455.23","13,486.71","13,224.98",1.04B,-1.66%
2022-03-03,"13,537.94","13,837.59","13,837.59","13,472.64",1.03B,-1.56%
2022-03-02,"13,752.02","13,597.53","13,796.55","13,493.91",1.03B,1.62%
2022-03-01,"13,532.46","13,716.70","13,777.04","13,441.32",1.24B,-1.59%
2022-02-28,"13,751.40","13,570.83","13,810.64","13,549.90",1.39B,0.41%
2022-02-25,"13,694.62","13,485.26","13,696.86","13,358.29",978.45M,1.64%
2022-02-24,"13,473.58","12,587.88","13,486.11","12,587.88",1.38B,3.34%
2022-02-23,"13,037.49","13,511.75","13,533.78","13,032.17",944.40M,-2.57%
2022-02-22,"13,381.52","13,424.36","13,618.72","13,249.65",1.02B,-1.23%
2022-02-18,"13,548.07","13,735.40","13,762.40","13,465.56",1.02B,-1.23%
2022-02-17,"13,716.72","14,004.19","14,020.82","13,704.70",922.82M,-2.88%
2022-02-16,"14,124.09","14,038.92","14,163.73","13,931.99",838.99M,-0.11%
2022-02-15,"14,139.76","13,997.18","14,142.49","13,976.29",903.09M,2.53%
2022-02-14,"13,790.92","13,768.97","13,921.71","13,664.76",936.80M,0.00%
2022-02-11,"13,791.15","14,213.62","14,246.70","13,733.16",1.08B,-2.78%
2022-02-10,"14,185.64","14,228.68","14,509.56","14,118.20",1.06B,-2.10%
2022-02-09,"14,490.37","14,368.16","14,490.72","14,330.87",935.01M,2.08%
2022-02-08,"14,194.45","13,984.43","14,226.48","13,934.78",865.50M,1.28%
2022-02-07,"14,015.67","14,118.79","14,236.31","13,974.10",858.02M,-0.58%
2022-02-04,"14,098.01","13,958.48","14,222.76","13,850.39",862.97M,1.58%
2022-02-03,"13,878.82","14,045.83","14,207.89","13,851.75",945.51M,-3.74%
2022-02-02,"14,417.55","14,494.47","14,504.82","14,264.65",1.00B,0.50%
2022-02-01,"14,346.00","14,277.43","14,358.69","14,070.77",962.00M,0.75%
2022-01-31,"14,239.88","13,812.19","14,242.90","13,767.71",1.24B,3.41%
2022-01-28,"13,770.57","13,436.71","13,771.91","13,236.56",1.06B,3.13%
2022-01-27,"13,352.78","13,710.99","13,765.91","13,322.66",1.07B,-1.40%
2022-01-26,"13,542.12","13,871.77","14,002.65","13,392.19",1.18B,0.02%
2022-01-25,"13,539.30","13,610.87","13,781.62","13,414.14",1.04B,-2.28%
2022-01-24,"13,855.13","13,481.50","13,876.61","13,094.65",1.55B,0.63%
2022-01-21,"13,768.92","14,046.22","14,171.72","13,764.24",1.32B,-2.72%
2022-01-20,"14,154.02","14,462.85","14,642.03","14,140.78",1.02B,-1.30%
2022-01-19,"14,340.25","14,582.22","14,658.89","14,331.65",935.06M,-1.15%
2022-01-18,"14,506.90","14,681.83","14,740.54","14,482.94",1.06B,-2.60%
2022-01-14,"14,893.75","14,708.02","14,897.67","14,689.43",872.56M,0.59%
2022-01-13,"14,806.81","15,245.04","15,259.71","14,782.24",852.15M,-2.51%
2022-01-12,"15,188.39","15,263.10","15,319.03","15,117.29",840.02M,0.23%
2022-01-11,"15,153.45","14,919.26","15,158.71","14,837.64",863.02M,1.41%
2022-01-10,"14,942.83","14,751.78","14,953.85","14,530.23",1.09B,0.05%
2022-01-07,"14,935.90","15,095.72","15,171.02","14,877.63",852.53M,-0.96%
2022-01-06,"15,080.86","15,024.15","15,198.45","14,914.87",951.12M,-0.13%
2022-01-05,"15,100.17","15,547.16","15,586.30","15,095.18",1.01B,-3.34%
2022-01-04,"15,622.72","15,852.14","15,852.14","15,512.41",970.70M,-1.33%
2022-01-03,"15,832.80","15,732.50","15,832.80","15,644.09",871.65M,1.20%
2021-12-31,"15,644.97","15,722.91","15,777.43","15,643.93",729.41M,-0.61%
2021-12-30,"15,741.56","15,758.98","15,868.09","15,729.16",768.18M,-0.16%
2021-12-29,"15,766.22","15,794.92","15,821.81","15,679.85",699.59M,-0.10%
2021-12-28,"15,781.72","15,895.20","15,901.47","15,757.07",691.47M,-0.56%
2021-12-27,"15,871.26","15,696.83","15,871.40","15,696.83",741.10M,1.39%
2021-12-23,"15,653.37","15,544.79","15,697.98","15,528.91",746.13M,0.85%
2021-12-22,"15,521.89","15,319.16","15,525.97","15,303.06",783.47M,1.18%
2021-12-21,"15,341.09","15,140.43","15,349.06","15,015.02",976.83M,2.40%
2021-12-20,"14,980.94","14,933.00","15,007.30","14,860.04",1.02B,-1.24%
2021-12-17,"15,169.68","15,036.77","15,288.78","14,960.37",3.01B,-0.07%
2021-12-16,"15,180.43","15,629.08","15,633.19","15,119.49",1.10B,-2.47%
2021-12-15,"15,565.58","15,230.71","15,575.76","15,055.23",1.17B,2.15%
2021-12-14,"15,237.64","15,215.96","15,317.55","15,097.35",1.03B,-1.14%
2021-12-13,"15,413.28","15,621.27","15,637.06","15,408.25",996.25M,-1.39%
2021-12-10,"15,630.60","15,629.59","15,677.60","15,477.85",875.08M,0.73%
2021-12-09,"15,517.37","15,720.54","15,796.05","15,511.12",869.50M,-1.71%
2021-12-08,"15,786.99","15,690.65","15,792.64","15,618.88",921.93M,0.64%
2021-12-07,"15,686.92","15,510.91","15,720.09","15,507.66",1.06B,3.03%
2021-12-06,"15,225.15","15,117.63","15,281.99","14,931.61",1.07B,0.93%
2021-12-03,"15,085.47","15,428.71","15,470.36","14,931.06",1.20B,-1.92%
2021-12-02,"15,381.32","15,181.82","15,444.54","15,150.12",1.10B,0.83%
2021-12-01,"15,254.05","15,752.27","15,816.82","15,243.93",1.22B,-1.83%
2021-11-30,"15,537.69","15,716.50","15,828.20","15,451.39",1.78B,-1.55%
2021-11-29,"15,782.83","15,719.42","15,833.11","15,644.61",1.01B,1.88%
2021-11-26,"15,491.66","15,664.38","15,731.54","15,456.09",781.49M,-2.23%
2021-11-24,"15,845.23","15,677.88","15,848.56","15,591.36",842.33M,0.44%
2021-11-23,"15,775.14","15,809.50","15,895.86","15,601.46",1.07B,-0.50%
2021-11-22,"15,854.76","16,120.92","16,212.23","15,851.04",1.13B,-1.26%
2021-11-19,"16,057.44","16,042.16","16,121.12","16,017.23",1.02B,0.40%
2021-11-18,"15,993.71","15,973.40","16,010.88","15,848.83",1.08B,0.45%
2021-11-17,"15,921.57","15,973.61","15,998.57","15,909.39",966.81M,-0.33%
2021-11-16,"15,973.85","15,840.32","15,989.61","15,825.00",1.01B,0.76%
2021-11-15,"15,853.85","15,894.82","15,918.45","15,778.31",952.14M,-0.04%
2021-11-12,"15,860.96","15,752.62","15,874.58","15,705.38",988.93M,1.00%
2021-11-11,"15,704.28","15,752.08","15,768.03","15,695.77",867.11M,0.52%
2021-11-10,"15,622.70","15,753.84","15,867.24","15,543.68",989.63M,-1.66%
2021-11-09,"15,886.54","16,024.13","16,035.21","15,836.68",1.03B,-0.60%
2021-11-08,"15,982.36","15,995.72","16,038.23","15,961.81",1.06B,0.07%
2021-11-05,"15,971.59","16,003.56","16,053.39","15,900.78",1.06B,0.20%
2021-11-04,"15,940.31","15,849.74","15,966.09","15,827.66",1.02B,0.81%
2021-11-03,"15,811.58","15,658.52","15,821.58","15,616.44",1.00B,1.04%
2021-11-02,"15,649.60","15,583.99","15,656.60","15,569.27",997.88M,0.34%
2021-11-01,"15,595.92","15,541.26","15,598.95","15,470.82",1.00B,0.63%
2021-10-29,"15,498.39","15,323.29","15,504.12","15,323.29",1.06B,0.33%
2021-10-28,"15,448.12","15,304.74","15,452.30","15,290.31",1.06B,1.39%
2021-10-27,"15,235.84","15,276.00","15,364.54","15,235.84",1.09B,0.00%
2021-10-26,"15,235.72","15,317.50","15,384.00","15,198.23",1.22B,0.06%
2021-10-25,"15,226.71","15,142.92","15,259.63","15,070.75",1.09B,0.90%
2021-10-22,"15,090.20","15,158.07","15,193.01","15,021.02",1.10B,-0.82%
2021-10-21,"15,215.70","15,104.80","15,222.25","15,094.14",891.24M,0.62%
2021-10-20,"15,121.68","15,160.00","15,178.39","15,071.15",743.43M,-0.05%
2021-10-19,"15,129.09","15,073.13","15,137.85","15,049.73",788.58M,0.71%
2021-10-18,"15,021.81","14,839.74","15,026.68","14,833.28",798.36M,0.84%
2021-10-15,"14,897.34","14,891.24","14,904.98","14,847.97",924.17M,0.50%
2021-10-14,"14,823.43","14,717.50","14,827.56","14,699.52",815.46M,1.73%
2021-10-13,"14,571.64","14,537.17","14,589.28","14,471.88",760.21M,0.73%
2021-10-12,"14,465.92","14,539.09","14,552.71","14,441.60",768.40M,-0.14%
2021-10-11,"14,486.20","14,540.08","14,665.99","14,482.61",664.49M,-0.64%
2021-10-08,"14,579.54","14,694.72","14,699.91","14,569.68",670.94M,-0.51%
2021-10-07,"14,654.02","14,631.80","14,755.72","14,615.14",798.16M,1.05%
2021-10-06,"14,501.91","14,289.45","14,509.55","14,259.07",817.53M,0.47%
2021-10-05,"14,433.83","14,312.86","14,508.65","14,299.78",805.23M,1.25%
2021-10-04,"14,255.49","14,493.12","14,499.74","14,181.69",920.43M,-2.14%
2021-10-01,"14,566.70","14,494.93","14,606.82","14,324.01",913.08M,0.82%
2021-09-30,"14,448.58","14,582.60","14,632.36","14,444.30",1.14B,-0.44%
2021-09-29,"14,512.44","14,614.88","14,676.62","14,493.67",980.97M,-0.24%
2021-09-28,"14,546.68","14,787.21","14,817.74","14,539.88",996.26M,-2.83%
2021-09-27,"14,969.97","14,954.17","15,003.16","14,864.96",894.61M,-0.52%
2021-09-24,"15,047.70","14,961.61","15,067.56","14,946.57",773.44M,-0.03%
2021-09-23,"15,052.24","14,960.00","15,085.44","14,932.51",788.23M,1.04%
2021-09-22,"14,896.85","14,800.59","14,950.12","14,767.01",831.12M,1.02%
2021-09-21,"14,746.40","14,803.36","14,847.03","14,696.47",873.64M,0.22%
2021-09-20,"14,713.90","14,758.14","14,841.82","14,530.07",1.10B,-2.19%
2021-09-17,"15,043.97","15,163.35","15,166.56","14,998.73",2.75B,-0.91%
2021-09-16,"15,181.92","15,120.09","15,205.50","15,047.14",833.07M,0.13%
2021-09-15,"15,161.53","15,071.34","15,174.38","14,984.68",987.75M,0.82%
2021-09-14,"15,037.76","15,168.45","15,181.19","15,008.30",884.51M,-0.45%
2021-09-13,"15,105.58","15,211.43","15,215.44","15,030.85",943.77M,-0.07%
2021-09-10,"15,115.49","15,332.92","15,349.47","15,111.31",889.08M,-0.87%
2021-09-09,"15,248.25","15,296.06","15,352.38","15,245.17",793.92M,-0.25%
2021-09-08,"15,286.64","15,360.35","15,360.35","15,206.61",799.13M,-0.57%
2021-09-07,"15,374.33","15,375.98","15,403.44","15,343.28",813.76M,0.07%
2021-09-03,"15,363.52","15,313.42","15,375.56","15,283.67",713.30M,0.21%
2021-09-02,"15,331.18","15,358.47","15,380.07","15,285.35",771.82M,0.14%
2021-09-01,"15,309.38","15,308.98","15,379.50","15,302.11",836.30M,0.33%
2021-08-31,"15,259.24","15,262.88","15,278.96","15,202.67",981.94M,-0.04%
2021-08-30,"15,265.89","15,165.94","15,288.08","15,165.12",807.58M,0.90%
2021-08-27,"15,129.50","14,969.76","15,144.48","14,966.52",857.20M,1.23%
2021-08-26,"14,945.81","15,025.17","15,059.63","14,939.56",698.67M,-0.64%
2021-08-25,"15,041.86","15,039.03","15,059.43","15,011.58",760.11M,0.15%
2021-08-24,"15,019.80","14,978.14","15,034.89","14,965.54",737.23M,0.52%
2021-08-23,"14,942.65","14,776.98","14,963.47","14,776.98",782.67M,1.55%
2021-08-20,"14,714.66","14,571.53","14,722.16","14,571.53",828.73M,1.19%
2021-08-19,"14,541.79","14,423.16","14,610.76","14,423.16",841.84M,0.11%
2021-08-18,"14,525.91","14,636.24","14,697.25","14,516.30",764.92M,-0.89%
2021-08-17,"14,656.18","14,670.56","14,716.95","14,550.88",797.61M,-0.93%
2021-08-16,"14,793.76","14,771.53","14,794.68","14,610.02",774.04M,-0.20%
2021-08-13,"14,822.90","14,825.07","14,850.61","14,797.22",774.68M,0.04%
2021-08-12,"14,816.26","14,751.36","14,824.31","14,698.94",783.88M,0.35%
2021-08-11,"14,765.14","14,834.38","14,842.50","14,692.41",787.41M,-0.16%
2021-08-10,"14,788.09","14,887.75","14,894.61","14,754.48",781.07M,-0.49%
2021-08-09,"14,860.18","14,855.75","14,883.81","14,802.69",801.12M,0.16%
2021-08-06,"14,835.76","14,864.22","14,890.18","14,788.59",817.60M,-0.40%
2021-08-05,"14,895.12","14,794.08","14,896.48","14,776.03",842.72M,0.78%
2021-08-04,"14,780.53","14,747.21","14,812.37","14,734.12",875.56M,0.13%
2021-08-03,"14,761.30","14,714.00","14,762.60","14,584.09",831.95M,0.55%
2021-08-02,"14,681.07","14,758.60","14,770.41","14,665.67",752.76M,0.06%
2021-07-30,"14,672.68","14,615.85","14,728.78","14,615.85",788.21M,-0.71%
2021-07-29,"14,778.26","14,771.17","14,833.74","14,761.38",760.01M,0.11%
2021-07-28,"14,762.58","14,715.66","14,798.88","14,645.63",839.14M,0.70%
2021-07-27,"14,660.58","14,807.95","14,811.08","14,503.76",885.24M,-1.21%
2021-07-26,"14,840.71","14,821.03","14,863.65","14,790.49",850.81M,0.03%
2021-07-23,"14,836.99","14,753.06","14,846.06","14,698.77",758.41M,1.04%
2021-07-22,"14,684.60","14,652.72","14,694.19","14,617.87",712.06M,0.36%
2021-07-21,"14,631.95","14,508.75","14,633.15","14,498.65",801.83M,0.92%
2021-07-20,"14,498.88","14,330.46","14,555.75","14,271.23",1.03B,1.57%
2021-07-19,"14,274.98","14,235.98","14,313.60","14,178.66",916.44M,-1.06%
2021-07-16,"14,427.24","14,597.51","14,623.02","14,413.32",811.42M,-0.80%
2021-07-15,"14,543.13","14,635.78","14,650.38","14,451.80",832.92M,-0.70%
2021-07-14,"14,644.95","14,780.90","14,790.55","14,632.95",862.70M,-0.22%
2021-07-13,"14,677.65","14,715.13","14,803.68","14,660.19",805.39M,-0.38%
2021-07-12,"14,733.24","14,743.86","14,761.08","14,672.63",753.86M,0.21%
2021-07-09,"14,701.92","14,578.43","14,710.20","14,552.26",756.93M,0.98%
2021-07-08,"14,559.78","14,409.20","14,610.06","14,371.59",920.12M,-0.72%
2021-07-07,"14,665.06","14,753.42","14,755.33","14,580.79",889.86M,0.01%
2021-07-06,"14,663.64","14,661.55","14,687.00","14,529.80",909.25M,0.17%
2021-07-02,"14,639.33","14,582.98","14,649.11","14,555.33",724.36M,0.81%
2021-07-01,"14,522.38","14,493.69","14,533.55","14,439.40",843.43M,0.13%
2021-06-30,"14,503.95","14,509.85","14,526.81","14,478.06",1.08B,-0.17%
2021-06-29,"14,528.33","14,509.19","14,535.97","14,471.38",908.40M,0.19%
2021-06-28,"14,500.51","14,417.81","14,505.19","14,417.20",898.05M,0.98%
2021-06-25,"14,360.39","14,400.81","14,409.08","14,337.65",3.12B,-0.06%
2021-06-24,"14,369.71","14,357.26","14,414.46","14,333.70",807.04M,0.69%
2021-06-23,"14,271.73","14,263.38","14,317.66","14,246.30",852.78M,0.13%
2021-06-22,"14,253.27","14,138.29","14,269.77","14,121.00",891.23M,0.79%
2021-06-21,"14,141.48","14,047.42","14,150.78","13,960.04",969.70M,0.79%
2021-06-18,"14,030.38","14,096.93","14,129.22","14,009.03",2.14B,-0.92%
2021-06-17,"14,161.35","13,999.13","14,196.21","13,998.93",990.64M,0.87%
2021-06-16,"14,039.68","14,085.55","14,129.69","13,903.73",981.27M,-0.24%
2021-06-15,"14,072.86","14,166.64","14,171.02","14,052.16",880.03M,-0.71%
2021-06-14,"14,174.14","14,083.47","14,175.45","14,056.67",895.43M,0.74%
2021-06-11,"14,069.42","14,030.85","14,069.42","14,006.59",824.12M,0.35%
2021-06-10,"14,020.33","13,933.88","14,031.19","13,904.40",929.35M,0.78%
2021-06-09,"13,911.75","13,980.23","14,003.50","13,906.45",1.09B,-0.09%
2021-06-08,"13,924.91","13,946.32","13,981.72","13,831.98",1.17B,0.31%
2021-06-07,"13,881.72","13,802.82","13,889.11","13,784.89",916.97M,0.49%
2021-06-04,"13,814.49","13,697.25","13,826.82","13,692.01",806.24M,1.47%
2021-06-03,"13,614.51","13,655.75","13,684.13","13,548.93",1.02B,-1.03%
2021-06-02,"13,756.33","13,743.24","13,775.89","13,689.74",996.75M,0.14%
2021-06-01,"13,736.48","13,829.06","13,836.17","13,678.76",884.82M,-0.09%
2021-05-28,"13,748.74","13,792.05","13,820.87","13,747.61",911.24M,0.09%
2021-05-27,"13,736.28","13,742.58","13,776.52","13,701.62",1.41B,-0.01%
2021-05-26,"13,738.00","13,693.94","13,750.16","13,679.59",819.71M,0.59%
2021-05-25,"13,657.17","13,721.54","13,751.14","13,631.80",823.66M,-0.03%
2021-05-24,"13,661.17","13,557.21","13,708.85","13,551.01",730.82M,1.41%
2021-05-21,"13,470.99","13,616.19","13,616.58","13,463.26",786.55M,-0.48%
2021-05-20,"13,535.74","13,356.63","13,563.52","13,355.71",810.41M,1.77%
2021-05-19,"13,299.74","13,078.19","13,304.61","13,072.23",879.29M,-0.03%
2021-05-18,"13,303.64","13,416.90","13,485.34","13,299.92",852.73M,-0.56%
2021-05-17,"13,379.05","13,368.80","13,399.17","13,265.40",799.86M,-0.38%
2021-05-14,"13,429.98","13,255.65","13,460.88","13,242.97",854.90M,2.32%
2021-05-13,"13,124.99","13,150.94","13,247.87","13,007.24",986.83M,0.72%
2021-05-12,"13,031.68","13,215.49","13,288.61","13,002.53",985.26M,-2.67%
2021-05-11,"13,389.43","13,115.85","13,423.31","13,107.67",983.05M,-0.09%
2021-05-10,"13,401.86","13,687.59","13,687.93","13,401.75",1.02B,-2.55%
2021-05-07,"13,752.24","13,723.09","13,828.62","13,690.75",873.19M,0.88%
2021-05-06,"13,632.84","13,557.83","13,635.74","13,439.39",1.04B,0.37%
2021-05-05,"13,582.42","13,731.13","13,753.05","13,553.93",909.08M,-0.37%
2021-05-04,"13,633.50","13,774.51","13,795.57","13,485.59",1.09B,-1.88%
2021-05-03,"13,895.12","14,031.77","14,042.12","13,881.51",919.69M,-0.48%
2021-04-30,"13,962.68","13,970.73","14,084.76","13,941.63",1.02B,-0.85%
2021-04-29,"14,082.55","14,204.51","14,211.57","13,952.80",994.15M,0.22%
2021-04-28,"14,051.03","14,082.78","14,133.65","14,034.70",861.23M,-0.28%
2021-04-27,"14,090.22","14,170.91","14,171.24","14,064.28",871.20M,-0.34%
2021-04-26,"14,138.78","14,052.38","14,154.03","14,019.50",867.75M,0.87%
2021-04-23,"14,016.81","13,861.37","14,062.74","13,856.83",843.30M,1.44%
2021-04-22,"13,818.41","13,952.57","14,015.87","13,771.04",871.28M,-0.94%
2021-04-21,"13,950.22","13,745.77","13,951.35","13,706.86",819.76M,1.19%
2021-04-20,"13,786.27","13,894.46","13,927.67","13,698.67",875.27M,-0.92%
2021-04-19,"13,914.77","13,984.58","14,041.79","13,842.57",907.06M,-0.98%
2021-04-16,"14,052.34","14,059.11","14,062.50","13,977.05",962.78M,0.10%
2021-04-15,"14,038.76","13,983.23","14,049.13","13,970.42",867.56M,1.31%
2021-04-14,"13,857.84","14,004.08","14,033.63","13,839.04",812.85M,-0.99%
2021-04-13,"13,996.10","13,902.45","14,011.51","13,902.45",839.45M,1.05%
2021-04-12,"13,850.00","13,854.44","13,877.00","13,783.95",894.01M,-0.36%
2021-04-09,"13,900.19","13,787.01","13,905.41","13,748.35",785.76M,0.51%
2021-04-08,"13,829.31","13,796.89","13,830.14","13,758.71",870.91M,1.03%
2021-04-07,"13,688.84","13,675.30","13,733.03","13,653.58",819.48M,-0.07%
2021-04-06,"13,698.38","13,681.67","13,776.71","13,674.28",870.63M,-0.05%
2021-04-05,"13,705.59","13,594.90","13,720.58","13,582.75",916.61M,1.67%
2021-04-01,"13,480.11","13,414.33","13,487.08","13,404.18",939.16M,1.76%
2021-03-31,"13,246.87","13,122.57","13,325.54","13,118.38",1.21B,1.54%
2021-03-30,"13,045.39","13,008.80","13,075.75","12,922.57",983.51M,-0.11%
2021-03-29,"13,059.65","13,103.97","13,143.41","12,968.16",1.06B,-0.60%
2021-03-26,"13,138.72","12,996.03","13,149.55","12,878.72",1.14B,1.24%
2021-03-25,"12,977.68","12,844.58","13,021.86","12,786.81",1.17B,0.12%
2021-03-24,"12,961.89","13,289.24","13,292.92","12,961.35",1.19B,-2.01%
2021-03-23,"13,227.70","13,381.43","13,405.15","13,202.43",1.19B,-1.12%
2021-03-22,"13,377.54","13,278.78","13,455.64","13,278.78",1.11B,1.23%
2021-03-19,"13,215.24","13,119.90","13,252.37","13,039.45",2.93B,0.76%
2021-03-18,"13,116.17","13,349.20","13,384.46","13,101.92",1.22B,-3.02%
2021-03-17,"13,525.20","13,336.92","13,595.00","13,272.69",1.18B,0.40%
2021-03-16,"13,471.57","13,523.17","13,620.71","13,397.08",1.10B,0.09%
2021-03-15,"13,459.71","13,323.47","13,460.35","13,272.50",1.13B,1.05%
2021-03-12,"13,319.86","13,222.81","13,324.69","13,158.72",1.09B,-0.59%
2021-03-11,"13,398.67","13,273.31","13,433.62","13,246.33",1.19B,2.52%
2021-03-10,"13,068.83","13,234.73","13,277.10","13,035.44",1.22B,-0.04%
2021-03-09,"13,073.82","12,923.07","13,151.54","12,882.49",1.28B,3.69%
2021-03-08,"12,609.16","12,904.26","13,001.00","12,599.23",1.27B,-2.41%
2021-03-05,"12,920.15","12,860.04","12,941.21","12,397.05",1.56B,1.55%
2021-03-04,"12,723.47","12,953.99","13,068.71","12,553.96",1.58B,-2.11%
2021-03-03,"12,997.75","13,336.25","13,372.52","12,995.07",1.16B,-2.70%
2021-03-02,"13,358.79","13,599.45","13,601.33","13,352.00",1.08B,-1.69%
2021-03-01,"13,588.83","13,406.16","13,596.59","13,362.66",1.10B,3.01%
2021-02-26,"13,192.35","13,232.90","13,368.06","13,024.53",1.44B,0.56%
2021-02-25,"13,119.43","13,512.64","13,602.86","13,066.38",1.33B,-3.52%
2021-02-24,"13,597.97","13,400.25","13,607.36","13,286.59",1.24B,0.99%
2021-02-23,"13,465.20","13,262.61","13,526.09","13,003.98",1.64B,-0.50%
2021-02-22,"13,533.05","13,714.20","13,757.06","13,530.96",1.37B,-2.46%
2021-02-19,"13,874.47","13,929.20","13,985.58","13,842.60",1.31B,0.07%
2021-02-18,"13,865.36","13,814.67","13,905.96","13,714.35",1.24B,-0.72%
2021-02-17,"13,965.50","13,911.65","13,976.43","13,804.26",1.35B,-0.58%
2021-02-16,"14,047.50","14,152.22","14,175.11","13,995.45",1.49B,-0.34%
2021-02-12,"14,095.47","13,979.21","14,102.04","13,937.71",1.32B,0.50%
2021-02-11,"14,025.77","14,045.21","14,058.91","13,916.84",1.98B,0.38%
2021-02-10,"13,972.53","14,093.35","14,109.12","13,845.47",1.83B,-0.25%
2021-02-09,"14,007.70","13,966.82","14,044.95","13,966.55",1.52B,0.14%
2021-02-08,"13,987.64","13,937.06","13,987.74","13,894.15",1.61B,0.95%
2021-02-05,"13,856.30","13,824.88","13,878.16","13,761.66",1.26B,0.57%
2021-02-04,"13,777.74","13,674.06","13,778.42","13,631.62",1.29B,1.23%
2021-02-03,"13,610.54","13,718.31","13,723.83","13,585.34",1.36B,-0.02%
2021-02-02,"13,612.78","13,543.10","13,652.69","13,535.86",1.43B,1.56%
2021-02-01,"13,403.39","13,226.18","13,431.46","13,132.47",1.39B,2.55%
2021-01-29,"13,070.69","13,284.72","13,322.00","12,985.05",1.78B,-2.00%
2021-01-28,"13,337.16","13,323.29","13,507.64","13,316.52",2.16B,0.50%
2021-01-27,"13,270.60","13,486.58","13,538.42","13,192.91",2.19B,-2.61%
2021-01-26,"13,626.07","13,681.72","13,702.69","13,603.19",1.25B,-0.07%
2021-01-25,"13,635.99","13,681.21","13,728.98","13,368.68",1.43B,0.69%
2021-01-22,"13,543.06","13,474.81","13,567.14","13,463.66",1.13B,0.09%
2021-01-21,"13,530.92","13,521.48","13,560.35","13,454.08",1.34B,0.55%
2021-01-20,"13,457.25","13,342.55","13,486.13","13,329.77",1.29B,1.97%
2021-01-19,"13,197.18","13,132.73","13,206.86","13,078.70",1.22B,1.53%
2021-01-15,"12,998.50","13,099.90","13,139.83","12,949.76",1.26B,-0.87%
2021-01-14,"13,112.64","13,174.75","13,220.16","13,098.41",1.21B,-0.12%
2021-01-13,"13,128.95","13,088.01","13,171.15","13,051.07",1.27B,0.43%
2021-01-12,"13,072.43","13,062.06","13,105.04","12,963.92",1.25B,0.28%
2021-01-11,"13,036.43","13,048.78","13,138.27","12,999.51",1.24B,-1.25%
2021-01-08,"13,201.98","13,160.22","13,208.09","13,036.55",1.33B,1.03%
2021-01-07,"13,067.48","12,867.34","13,090.91","12,867.34",1.25B,2.56%
2021-01-06,"12,740.79","12,666.15","12,909.63","12,649.99",1.45B,-0.61%
2021-01-05,"12,818.96","12,665.65","12,828.27","12,665.65",1.21B,0.95%
2021-01-04,"12,698.45","12,958.52","12,958.73","12,543.24",1.27B,-1.47%
2020-12-31,"12,888.28","12,877.09","12,902.07","12,821.23",987.15M,0.14%
2020-12-30,"12,870.00","12,906.51","12,924.93","12,857.76",954.01M,0.15%
2020-12-29,"12,850.22","12,965.39","12,973.33","12,821.96",896.81M,-0.38%
2020-12-28,"12,899.42","12,914.64","12,930.89","12,827.44",978.34M,0.74%
2020-12-24,"12,804.73","12,791.54","12,833.55","12,767.64",584.09M,0.26%
2020-12-23,"12,771.11","12,834.94","12,841.92","12,758.67",1.23B,-0.29%
2020-12-22,"12,807.92","12,785.22","12,840.57","12,695.31",1.11B,0.51%
2020-12-21,"12,742.52","12,596.14","12,751.27","12,525.22",1.11B,-0.10%
2020-12-18,"12,755.64","12,804.93","12,809.60","12,654.60",2.81B,-0.07%
2020-12-17,"12,764.75","12,730.78","12,765.25","12,696.35",1.02B,0.84%
2020-12-16,"12,658.19","12,611.03","12,687.32","12,566.38",985.82M,0.50%
2020-12-15,"12,595.06","12,543.26","12,596.13","12,465.42",915.62M,1.25%
2020-12-14,"12,440.04","12,447.44","12,543.00","12,432.71",983.31M,0.50%
2020-12-11,"12,377.87","12,336.79","12,383.50","12,246.77",876.14M,-0.23%
2020-12-10,"12,405.81","12,247.55","12,431.56","12,214.74",893.26M,0.54%
2020-12-09,"12,338.95","12,591.68","12,607.14","12,290.78",1.07B,-1.94%
2020-12-08,"12,582.77","12,503.17","12,594.54","12,453.21",973.77M,0.50%
2020-12-07,"12,519.95","12,461.00","12,536.23","12,460.55",931.78M,0.45%
2020-12-04,"12,464.23","12,399.32","12,464.23","12,376.44",1.00B,0.70%
2020-12-03,"12,377.18","12,369.26","12,439.02","12,356.99",928.31M,0.23%
2020-12-02,"12,349.37","12,285.75","12,360.06","12,217.35",985.81M,-0.05%
2020-12-01,"12,355.11","12,313.36","12,405.79","12,263.93",1.28B,1.28%
2020-11-30,"12,198.74","12,224.25","12,244.65","12,027.16",1.76B,-0.06%
2020-11-27,"12,205.85","12,159.18","12,236.23","12,154.57",655.99M,0.92%
2020-11-25,"12,094.40","12,053.89","12,114.77","12,020.95",899.55M,0.47%
2020-11-24,"12,037.33","11,939.33","12,049.88","11,863.45",1.27B,1.32%
2020-11-23,"11,880.63","11,916.76","11,949.33","11,796.53",1.05B,0.22%
2020-11-20,"11,854.97","11,892.70","11,935.47","11,852.51",1.12B,-0.42%
2020-11-19,"11,904.71","11,779.03","11,912.64","11,760.98",1.08B,0.87%
2020-11-18,"11,801.60","11,896.06","11,942.49","11,799.96",963.95M,-0.82%
2020-11-17,"11,899.34","11,913.35","11,950.18","11,852.41",849.41M,-0.21%
2020-11-16,"11,924.13","11,847.11","11,937.72","11,814.89",935.40M,0.80%
2020-11-13,"11,829.29","11,794.94","11,849.78","11,715.52",787.30M,1.02%
2020-11-12,"11,709.59","11,802.50","11,847.84","11,666.37",829.44M,-0.65%
2020-11-11,"11,786.43","11,656.65","11,793.58","11,638.90",819.26M,2.01%
2020-11-10,"11,553.86","11,622.44","11,665.87","11,424.61",1.03B,-1.37%
2020-11-09,"11,713.78","12,046.66","12,108.07","11,703.49",1.41B,-1.53%
2020-11-06,"11,895.23","11,869.90","11,920.53","11,737.13",893.72M,0.04%
2020-11-05,"11,890.93","11,816.33","11,924.28","11,784.15",828.68M,2.59%
2020-11-04,"11,590.78","11,443.77","11,663.31","11,394.21",852.15M,3.85%
2020-11-03,"11,160.57","11,038.66","11,213.92","11,004.84",710.54M,1.85%
2020-11-02,"10,957.61","11,010.45","11,071.08","10,830.94",715.79M,0.42%
2020-10-30,"10,911.59","11,103.47","11,129.81","10,822.57",873.94M,-2.45%
2020-10-29,"11,185.59","11,064.47","11,287.63","11,030.19",733.27M,1.64%
2020-10-28,"11,004.87","11,230.90","11,249.95","10,999.07",856.55M,-3.73%
2020-10-27,"11,431.35","11,409.34","11,465.06","11,361.86",676.35M,0.64%
2020-10-26,"11,358.94","11,440.64","11,545.63","11,221.06",690.96M,-1.64%
2020-10-23,"11,548.28","11,536.00","11,548.85","11,434.86",657.56M,0.37%
2020-10-22,"11,506.01","11,526.98","11,548.77","11,369.29",750.16M,0.19%
2020-10-21,"11,484.69","11,530.39","11,613.79","11,476.08",753.85M,-0.28%
2020-10-20,"11,516.49","11,531.83","11,632.89","11,471.24",714.59M,0.33%
2020-10-19,"11,478.98","11,732.34","11,778.11","11,454.57",755.00M,-1.65%
2020-10-16,"11,671.66","11,761.83","11,827.42","11,648.53",741.76M,-0.36%
2020-10-15,"11,713.97","11,559.88","11,740.68","11,559.10",661.41M,-0.47%
2020-10-14,"11,768.83","11,889.07","11,939.92","11,714.35",697.01M,-0.80%
2020-10-13,"11,864.00","11,901.76","11,946.98","11,821.83",729.33M,-0.10%
2020-10-12,"11,876.36","11,732.33","11,965.54","11,704.13",830.65M,2.56%
2020-10-09,"11,580.05","11,487.60","11,581.23","11,476.66",729.77M,1.39%
2020-10-08,"11,421.08","11,443.35","11,448.23","11,384.33",715.15M,0.50%
2020-10-07,"11,364.70","11,271.68","11,380.56","11,258.35",834.93M,1.88%
2020-10-06,"11,154.70","11,314.53","11,392.41","11,124.45",936.32M,-1.57%
2020-10-05,"11,332.58","11,169.10","11,335.21","11,162.52",781.32M,2.32%
2020-10-02,"11,075.11","11,082.53","11,244.87","11,033.69",810.86M,-2.22%
2020-10-01,"11,326.61","11,291.99","11,344.13","11,240.53",843.82M,1.42%
2020-09-30,"11,167.68","11,092.90","11,277.96","11,092.90",1.02B,0.74%
2020-09-29,"11,085.42","11,109.00","11,153.23","11,065.63",763.32M,-0.29%
2020-09-28,"11,117.70","11,084.38","11,120.80","11,019.14",840.42M,1.87%
2020-09-25,"10,913.73","10,680.46","10,939.55","10,639.98",820.01M,2.26%
2020-09-24,"10,672.43","10,551.02","10,799.55","10,520.22",923.44M,0.37%
2020-09-23,"10,633.15","10,950.83","10,962.02","10,612.92",962.40M,-3.02%
2020-09-22,"10,963.77","10,873.30","10,979.65","10,737.52",845.80M,1.71%
2020-09-21,"10,778.94","10,610.14","10,782.74","10,519.49",1.02B,-0.13%
2020-09-18,"10,793.28","10,973.45","10,977.68","10,639.95",2.41B,-1.07%
2020-09-17,"10,910.28","10,796.05","10,974.45","10,783.81",936.99M,-1.27%
2020-09-16,"11,050.47","11,222.08","11,245.42","11,046.43",923.76M,-1.25%
2020-09-15,"11,190.32","11,193.96","11,244.46","11,127.98",828.01M,1.21%
2020-09-14,"11,056.65","11,010.14","11,118.28","10,982.26",882.03M,1.87%
2020-09-11,"10,853.55","11,010.07","11,033.05","10,728.03",817.03M,-0.60%
2020-09-10,"10,919.59","11,235.53","11,299.53","10,875.02",898.02M,-1.99%
2020-09-09,"11,141.56","11,064.76","11,217.69","10,970.45",861.84M,2.71%
2020-09-08,"10,847.69","10,900.69","11,131.50","10,837.20",984.13M,-4.11%
2020-09-04,"11,313.13","11,396.24","11,531.18","10,875.87",1.02B,-1.27%
2020-09-03,"11,458.10","11,861.90","11,894.40","11,361.35",1.05B,-4.96%
2020-09-02,"12,056.44","12,047.26","12,074.07","11,836.18",903.54M,0.98%
2020-09-01,"11,939.67","11,850.96","11,945.72","11,794.78",812.61M,1.39%
2020-08-31,"11,775.46","11,718.81","11,829.84","11,697.42",940.53M,0.68%
2020-08-28,"11,695.63","11,689.28","11,708.77","11,634.77",694.25M,0.60%
2020-08-27,"11,625.34","11,688.19","11,730.01","11,551.01",773.52M,-0.34%
2020-08-26,"11,665.06","11,516.62","11,672.05","11,507.46",738.61M,1.73%
2020-08-25,"11,466.47","11,370.23","11,468.26","11,343.04",719.87M,0.76%
2020-08-24,"11,379.72","11,449.25","11,462.05","11,297.53",837.05M,0.60%
2020-08-21,"11,311.80","11,258.44","11,326.22","11,245.44",879.96M,0.42%
2020-08-20,"11,264.95","11,096.40","11,283.62","11,090.03",830.32M,1.06%
2020-08-19,"11,146.46","11,214.80","11,257.42","11,132.10",752.24M,-0.57%
2020-08-18,"11,210.84","11,170.75","11,230.61","11,103.83",736.48M,0.73%
2020-08-17,"11,129.73","11,083.25","11,144.53","11,080.30",741.24M,1.00%
2020-08-14,"11,019.30","11,042.24","11,058.44","10,972.06",729.02M,-0.21%
2020-08-13,"11,042.50","11,026.86","11,124.85","11,007.50",750.92M,0.27%
2020-08-12,"11,012.24","10,878.11","11,036.72","10,877.16",811.57M,2.13%
2020-08-11,"10,782.82","10,942.66","10,989.42","10,762.71",969.23M,-1.69%
2020-08-10,"10,968.36","11,033.73","11,040.24","10,849.46",894.84M,-0.39%
2020-08-07,"11,010.98","11,072.53","11,126.04","10,920.37",891.08M,-0.87%
2020-08-06,"11,108.07","10,989.98","11,121.19","10,963.41",876.41M,1.00%
2020-08-05,"10,998.40","10,967.87","11,002.11","10,943.72",887.01M,0.52%
2020-08-04,"10,941.17","10,897.89","10,941.91","10,852.90",886.04M,0.35%
2020-08-03,"10,902.80","10,848.64","10,927.56","10,831.15",904.39M,1.47%
2020-07-31,"10,745.27","10,741.47","10,747.80","10,557.70",1.09B,1.49%
2020-07-30,"10,587.81","10,450.12","10,609.59","10,412.09",897.26M,0.43%
2020-07-29,"10,542.94","10,474.70","10,567.91","10,464.00",878.49M,1.35%
2020-07-28,"10,402.09","10,509.20","10,523.64","10,397.87",811.00M,-1.27%
2020-07-27,"10,536.27","10,421.70","10,546.43","10,399.86",912.98M,1.67%
2020-07-24,"10,363.18","10,294.41","10,418.75","10,217.31",909.49M,-0.94%
2020-07-23,"10,461.42","10,689.50","10,728.12","10,407.87",990.59M,-2.29%
2020-07-22,"10,706.13","10,687.58","10,745.32","10,627.45",841.40M,0.24%
2020-07-21,"10,680.36","10,837.88","10,839.93","10,650.46",1.06B,-0.81%
2020-07-20,"10,767.09","10,526.02","10,783.80","10,488.04",937.33M,2.51%
2020-07-17,"10,503.19","10,500.52","10,532.62","10,421.20",951.84M,0.28%
2020-07-16,"10,473.83","10,443.87","10,499.79","10,364.39",873.49M,-0.73%
2020-07-15,"10,550.49","10,576.72","10,604.67","10,420.54",1.04B,0.59%
2020-07-14,"10,488.58","10,310.25","10,497.83","10,182.46",974.17M,0.94%
2020-07-13,"10,390.84","10,729.92","10,824.78","10,368.04",1.08B,-2.13%
2020-07-10,"10,617.44","10,545.91","10,622.35","10,447.01",781.92M,0.66%
2020-07-09,"10,547.75","10,563.72","10,578.10","10,379.91",901.21M,0.53%
2020-07-08,"10,492.50","10,409.35","10,494.64","10,350.96",901.93M,1.44%
2020-07-07,"10,343.89","10,412.46","10,518.98","10,337.98",946.99M,-0.86%
2020-07-06,"10,433.65","10,360.38","10,462.05","10,354.98",1.04B,2.21%
2020-07-02,"10,207.63","10,268.67","10,310.36","10,194.06",887.00M,0.52%
2020-07-01,"10,154.63","10,063.67","10,197.19","10,048.04",972.05M,0.95%
2020-06-30,"10,058.76","9,875.28","10,085.59","9,863.67",1.10B,1.87%
2020-06-29,"9,874.15","9,771.72","9,877.34","9,663.61",977.01M,1.20%
2020-06-26,"9,757.22","9,995.12","10,000.67","9,749.07",2.67B,-2.59%
2020-06-25,"10,017.00","9,899.36","10,023.28","9,810.47",1.06B,1.09%
2020-06-24,"9,909.17","10,092.92","10,137.50","9,842.22",1.26B,-2.19%
2020-06-23,"10,131.37","10,130.83","10,221.85","10,112.44",1.18B,0.74%
2020-06-22,"10,056.48","9,945.49","10,059.61","9,916.60",1.06B,1.11%
2020-06-19,"9,946.12","10,042.13","10,053.91","9,872.94",2.39B,0.03%
2020-06-18,"9,943.05","9,892.48","9,959.20","9,885.66",1.03B,0.33%
2020-06-17,"9,910.53","9,943.31","9,991.21","9,891.81",1.01B,0.15%
2020-06-16,"9,895.87","9,949.78","9,963.63","9,748.38",1.09B,1.75%
2020-06-15,"9,726.02","9,426.90","9,756.07","9,403.00",1.08B,1.43%
2020-06-12,"9,588.81","9,715.87","9,768.64","9,413.62",1.04B,1.01%
2020-06-11,"9,492.73","9,791.24","9,868.08","9,491.31",1.25B,-5.27%
2020-06-10,"10,020.35","10,012.32","10,086.89","9,962.58",1.11B,0.67%
2020-06-09,"9,953.75","9,867.19","10,002.50","9,863.27",1.12B,0.29%
2020-06-08,"9,924.75","9,823.44","9,927.12","9,780.61",1.34B,1.13%
2020-06-05,"9,814.08","9,703.54","9,845.69","9,685.35",1.44B,2.06%
2020-06-04,"9,615.81","9,649.65","9,716.14","9,560.41",1.29B,-0.69%
2020-06-03,"9,682.91","9,651.86","9,707.78","9,627.17",1.01B,0.78%
2020-06-02,"9,608.38","9,566.53","9,611.22","9,472.08",908.58M,0.59%
2020-06-01,"9,552.05","9,471.42","9,571.28","9,462.32",878.99M,0.66%
2020-05-29,"9,489.87","9,382.35","9,505.55","9,324.73",1.45B,1.29%
2020-05-28,"9,368.99","9,392.99","9,523.64","9,345.28",877.39M,-0.46%
2020-05-27,"9,412.36","9,346.12","9,414.62","9,144.28",951.52M,0.77%
2020-05-26,"9,340.22","9,501.21","9,501.21","9,333.16",967.90M,0.17%
2020-05-22,"9,324.59","9,278.55","9,328.28","9,239.41",746.03M,0.43%
2020-05-21,"9,284.88","9,375.19","9,405.25","9,254.85",785.34M,-0.97%
2020-05-20,"9,375.78","9,305.62","9,392.82","9,304.20",938.19M,2.08%
2020-05-19,"9,185.10","9,227.46","9,317.25","9,183.25",869.45M,-0.54%
2020-05-18,"9,234.83","9,177.15","9,267.22","9,154.35",968.79M,2.44%
2020-05-15,"9,014.56","8,839.99","9,018.40","8,821.38",1.03B,0.79%
2020-05-14,"8,943.72","8,788.04","8,945.71","8,705.25",883.25M,0.91%
2020-05-13,"8,863.17","9,006.05","9,074.16","8,752.68",952.96M,-1.55%
2020-05-12,"9,002.55","9,225.15","9,250.96","9,000.07",922.43M,-2.06%
2020-05-11,"9,192.34","9,054.91","9,241.92","9,053.17",878.43M,0.78%
2020-05-08,"9,121.32","9,056.89","9,125.98","9,018.21",824.61M,1.58%
2020-05-07,"8,979.66","8,973.78","9,015.99","8,932.85",831.29M,1.41%
2020-05-06,"8,854.39","8,874.70","8,933.25","8,819.37",782.81M,0.51%
2020-05-05,"8,809.12","8,809.66","8,909.96","8,781.31",834.18M,1.13%
2020-05-04,"8,710.72","8,555.32","8,715.82","8,537.83",806.28M,1.23%
2020-05-01,"8,604.95","8,681.29","8,754.46","8,566.84",868.79M,-3.20%
2020-04-30,"8,889.55","8,911.01","8,926.11","8,825.83",1.13B,-0.28%
2020-04-29,"8,914.71","8,802.70","8,957.26","8,765.01",1.03B,3.57%
2020-04-28,"8,607.73","8,825.68","8,830.57","8,600.70",846.78M,-1.40%
2020-04-27,"8,730.16","8,717.98","8,754.57","8,697.37",807.92M,1.11%
2020-04-24,"8,634.52","8,530.08","8,642.93","8,464.42",797.88M,1.65%
2020-04-23,"8,494.75","8,528.84","8,635.23","8,475.20",854.52M,-0.01%
2020-04-22,"8,495.38","8,434.55","8,537.31","8,404.54",733.43M,2.81%
2020-04-21,"8,263.23","8,460.69","8,480.29","8,215.69",881.56M,-3.48%
2020-04-20,"8,560.73","8,553.38","8,684.91","8,553.38",876.31M,-1.03%
2020-04-17,"8,650.14","8,667.48","8,670.30","8,531.69",1.06B,1.38%
2020-04-16,"8,532.36","8,479.11","8,560.16","8,393.27",919.56M,1.66%
2020-04-15,"8,393.18","8,355.96","8,464.66","8,308.79",794.06M,-1.44%
2020-04-14,"8,515.74","8,353.21","8,531.11","8,338.08",849.82M,3.95%
2020-04-13,"8,192.42","8,127.69","8,200.44","8,035.95",761.87M,0.48%
2020-04-09,"8,153.57","8,169.01","8,227.91","8,072.32",925.80M,0.77%
2020-04-08,"8,090.90","7,975.72","8,114.43","7,901.94",838.25M,2.58%
2020-04-07,"7,887.26","8,129.99","8,146.43","7,881.22",1.00B,-0.33%
2020-04-06,"7,913.24","7,660.17","7,938.33","7,617.79",980.15M,7.33%
2020-04-03,"7,373.08","7,477.27","7,518.72","7,288.11",836.10M,-1.53%
2020-04-02,"7,487.31","7,317.45","7,501.70","7,307.95",912.99M,1.72%
2020-04-01,"7,360.58","7,459.50","7,566.37","7,301.98",914.11M,-4.41%
2020-03-31,"7,700.10","7,740.06","7,880.31","7,642.86",1.10B,-0.95%
2020-03-30,"7,774.15","7,583.46","7,784.35","7,539.97",926.45M,3.62%
2020-03-27,"7,502.38","7,554.25","7,716.24","7,491.14",1.00B,-3.79%
2020-03-26,"7,797.54","7,462.21","7,809.82","7,462.21",1.01B,5.60%
2020-03-25,"7,384.30","7,421.36","7,671.21","7,276.40",1.19B,-0.45%
2020-03-24,"7,417.86","7,196.15","7,418.37","7,169.86",1.15B,8.12%
2020-03-23,"6,860.67","6,847.28","6,984.94","6,631.42",1.08B,-0.27%
2020-03-20,"6,879.52","7,248.07","7,354.44","6,854.67",1.64B,-3.79%
2020-03-19,"7,150.58","6,996.45","7,341.38","6,858.38",1.19B,2.30%
2020-03-18,"6,989.84","6,902.32","7,182.83","6,686.36",1.26B,-4.70%
2020-03-17,"7,334.78","6,904.59","7,406.23","6,828.91",1.29B,6.23%
2020-03-16,"6,904.59","7,392.73","7,422.20","6,882.86",1.27B,-12.32%
2020-03-13,"7,874.88","7,610.39","7,875.93","7,219.09",1.25B,9.35%
2020-03-12,"7,201.80","7,398.58","7,712.33","7,194.67",1.34B,-9.43%
2020-03-11,"7,952.05","8,136.25","8,181.36","7,850.94",1.06B,-4.70%
2020-03-10,"8,344.25","8,219.76","8,347.40","7,930.43",1.12B,4.95%
2020-03-09,"7,950.68","7,957.93","8,243.31","7,943.16",1.20B,-7.29%
2020-03-06,"8,575.62","8,469.01","8,612.36","8,375.13",1.05B,-1.86%
2020-03-05,"8,738.59","8,790.09","8,921.08","8,677.39",901.11M,-3.10%
2020-03-04,"9,018.09","8,834.10","9,019.96","8,757.66",878.06M,3.85%
2020-03-03,"8,684.09","8,965.10","9,070.32","8,602.89",1.10B,-2.99%
2020-03-02,"8,952.17","8,667.14","8,952.81","8,543.35",1.10B,4.49%
2020-02-28,"8,567.37","8,269.74","8,591.82","8,264.16",1.44B,0.01%
2020-02-27,"8,566.48","8,744.03","8,904.11","8,562.05",1.15B,-4.61%
2020-02-26,"8,980.77","9,011.55","9,148.32","8,927.80",870.35M,0.17%
2020-02-25,"8,965.61","9,301.20","9,315.26","8,940.49",871.82M,-2.77%
2020-02-24,"9,221.28","9,188.44","9,322.88","9,166.01",795.20M,-3.71%
2020-02-21,"9,576.59","9,708.01","9,715.95","9,542.33",699.67M,-1.79%
2020-02-20,"9,750.97","9,799.20","9,820.86","9,636.94",646.92M,-0.67%
2020-02-19,"9,817.18","9,782.81","9,838.37","9,777.10",580.07M,0.87%
2020-02-18,"9,732.74","9,679.04","9,747.68","9,675.80",555.31M,0.02%
2020-02-14,"9,731.18","9,728.90","9,746.36","9,693.05",536.34M,0.20%
2020-02-13,"9,711.97","9,657.04","9,748.32","9,650.02",545.84M,-0.14%
2020-02-12,"9,725.96","9,688.60","9,728.77","9,666.68",589.71M,0.90%
2020-02-11,"9,638.94","9,680.89","9,714.74","9,617.21",567.80M,0.11%
2020-02-10,"9,628.39","9,493.63","9,628.66","9,493.63",546.60M,1.13%
2020-02-07,"9,520.51","9,526.64","9,570.09","9,496.53",549.79M,-0.54%
2020-02-06,"9,572.15","9,540.98","9,575.66","9,505.68",582.67M,0.67%
2020-02-05,"9,508.68","9,574.10","9,574.93","9,454.93",625.91M,0.43%
2020-02-04,"9,467.97","9,398.39","9,485.38","9,374.05",607.83M,2.10%
2020-02-03,"9,273.40","9,190.72","9,299.85","9,188.55",623.27M,1.34%
2020-01-31,"9,150.94","9,324.33","9,324.80","9,123.22",695.77M,-1.59%
2020-01-30,"9,298.93","9,211.15","9,303.00","9,185.18",573.68M,0.26%
2020-01-29,"9,275.16","9,318.26","9,329.11","9,249.04",548.87M,0.06%
2020-01-28,"9,269.68","9,201.82","9,288.87","9,182.33",530.77M,1.43%
2020-01-27,"9,139.31","9,092.46","9,185.45","9,088.04",686.78M,-1.89%
2020-01-24,"9,314.91","9,446.20","9,451.43","9,273.23",629.46M,-0.93%
2020-01-23,"9,402.48","9,377.72","9,409.20","9,334.13",611.04M,0.20%
2020-01-22,"9,383.77","9,413.61","9,439.29","9,375.13",580.34M,0.14%
2020-01-21,"9,370.81","9,361.07","9,397.58","9,350.20",691.60M,-0.19%
2020-01-17,"9,388.94","9,392.37","9,393.48","9,346.81",659.47M,0.34%
2020-01-16,"9,357.13","9,313.44","9,357.92","9,301.32",567.15M,1.06%
2020-01-15,"9,258.69","9,253.76","9,298.82","9,231.14",584.77M,0.08%
2020-01-14,"9,251.33","9,270.61","9,298.33","9,226.49",624.22M,-0.24%
2020-01-13,"9,273.93","9,213.72","9,274.49","9,193.06",605.16M,1.04%
2020-01-10,"9,178.86","9,232.94","9,235.20","9,164.66",585.08M,-0.27%
2020-01-09,"9,203.43","9,202.27","9,215.95","9,158.50",601.33M,0.81%
2020-01-08,"9,129.24","9,068.03","9,168.89","9,059.38",595.81M,0.67%
2020-01-07,"9,068.58","9,076.65","9,091.93","9,042.55",552.23M,-0.03%
2020-01-06,"9,071.47","8,943.50","9,072.41","8,943.50",690.23M,0.56%
2020-01-03,"9,020.77","8,976.43","9,065.76","8,976.43",618.55M,-0.79%
2020-01-02,"9,092.19","9,039.46","9,093.43","9,010.89",654.95M,1.33%
2019-12-31,"8,972.60","8,918.74","8,975.35","8,912.77",554.99M,0.30%
2019-12-30,"8,945.99","9,004.45","9,006.36","8,909.19",483.98M,-0.67%
2019-12-27,"9,006.62","9,049.47","9,052.00","8,987.32",443.17M,-0.17%
2019-12-26,"9,022.39","8,970.21","9,022.46","8,968.45",394.33M,0.78%
2019-12-24,"8,952.88","8,955.01","8,957.12","8,934.36",248.97M,0.08%
2019-12-23,"8,945.65","8,950.20","8,956.64","8,934.55",510.23M,0.23%
2019-12-20,"8,924.95","8,911.84","8,931.91","8,901.87",1.60B,0.42%
2019-12-19,"8,887.22","8,838.97","8,888.13","8,838.97",629.57M,0.67%
2019-12-18,"8,827.74","8,834.65","8,848.76","8,820.42",680.42M,0.05%
2019-12-17,"8,823.36","8,829.47","8,831.99","8,804.60",594.89M,0.10%
2019-12-16,"8,814.23","8,791.31","8,833.45","8,789.77",632.71M,0.91%
2019-12-13,"8,734.88","8,713.91","8,768.87","8,697.58",543.98M,0.20%
2019-12-12,"8,717.32","8,645.36","8,745.82","8,633.60",588.22M,0.73%
2019-12-11,"8,654.05","8,631.12","8,658.48","8,622.35",486.22M,0.44%
2019-12-10,"8,616.18","8,623.56","8,650.76","8,600.82",515.36M,-0.07%
2019-12-09,"8,621.83","8,650.86","8,678.85","8,619.77",547.63M,-0.40%
2019-12-06,"8,656.53","8,634.25","8,665.44","8,630.58",527.65M,1.00%
2019-12-05,"8,570.70","8,587.93","8,588.89","8,541.92",536.69M,0.05%
2019-12-04,"8,566.67","8,557.44","8,584.88","8,552.38",571.97M,0.54%
2019-12-03,"8,520.64","8,460.72","8,523.98","8,435.40",599.92M,-0.55%
2019-12-02,"8,567.99","8,672.84","8,672.84","8,540.16",559.26M,-1.12%
2019-11-29,"8,665.47","8,682.01","8,697.33","8,664.03",303.12M,-0.46%
2019-11-27,"8,705.17","8,669.59","8,705.91","8,662.58",436.37M,0.66%
2019-11-26,"8,647.93","8,635.40","8,659.73","8,625.62",739.47M,0.18%
2019-11-25,"8,632.49","8,559.65","8,633.15","8,559.65",575.98M,1.32%
2019-11-22,"8,519.89","8,530.54","8,535.46","8,477.49",459.67M,0.16%
2019-11-21,"8,506.21","8,527.87","8,530.73","8,487.29",520.65M,-0.24%
2019-11-20,"8,526.73","8,543.57","8,578.27","8,468.63",771.51M,-0.51%
2019-11-19,"8,570.66","8,578.02","8,589.76","8,536.73",533.69M,0.24%
2019-11-18,"8,549.94","8,529.16","8,559.78","8,503.62",523.43M,0.11%
2019-11-15,"8,540.83","8,524.48","8,540.83","8,506.80",588.62M,0.73%
2019-11-14,"8,479.02","8,461.06","8,485.36","8,441.58",499.40M,-0.04%
2019-11-13,"8,482.10","8,455.02","8,496.90","8,451.34",521.49M,-0.05%
2019-11-12,"8,486.09","8,471.07","8,514.84","8,462.99",491.23M,0.26%
2019-11-11,"8,464.28","8,431.26","8,467.29","8,425.49",435.56M,-0.13%
2019-11-08,"8,475.31","8,422.67","8,475.57","8,405.89",508.33M,0.48%
2019-11-07,"8,434.52","8,455.11","8,483.16","8,415.87",618.39M,0.28%
2019-11-06,"8,410.63","8,426.57","8,426.57","8,379.33",584.19M,-0.29%
2019-11-05,"8,434.68","8,446.62","8,457.39","8,421.05",559.52M,0.02%
2019-11-04,"8,433.20","8,445.50","8,451.37","8,421.30",555.69M,0.56%
2019-11-01,"8,386.40","8,335.05","8,386.75","8,326.56",519.42M,1.13%
2019-10-31,"8,292.36","8,314.38","8,321.80","8,248.81",608.63M,-0.14%
2019-10-30,"8,303.98","8,284.28","8,315.50","8,241.70",484.37M,0.33%
2019-10-29,"8,276.85","8,313.35","8,319.29","8,275.14",468.38M,-0.59%
2019-10-28,"8,325.99","8,285.77","8,335.56","8,285.27",488.91M,1.01%
2019-10-25,"8,243.12","8,150.59","8,249.97","8,150.59",475.98M,0.70%
2019-10-24,"8,185.80","8,180.04","8,187.84","8,137.66",468.72M,0.81%
2019-10-23,"8,119.79","8,090.24","8,122.89","8,078.35",457.42M,0.19%
2019-10-22,"8,104.30","8,188.12","8,194.62","8,101.98",463.31M,-0.72%
2019-10-21,"8,162.99","8,137.42","8,164.14","8,117.26",482.28M,0.91%
2019-10-18,"8,089.54","8,149.85","8,157.36","8,045.38",559.75M,-0.83%
2019-10-17,"8,156.85","8,176.91","8,183.64","8,131.25",488.85M,0.40%
2019-10-16,"8,124.18","8,119.81","8,146.15","8,103.38",470.30M,-0.30%
2019-10-15,"8,148.71","8,074.85","8,166.18","8,071.81",447.40M,1.24%
2019-10-14,"8,048.65","8,044.35","8,069.85","8,036.41",380.78M,-0.10%
2019-10-11,"8,057.04","8,047.34","8,115.80","8,046.80",549.19M,1.34%
2019-10-10,"7,950.77","7,904.56","7,982.85","7,899.81",451.97M,0.60%
2019-10-09,"7,903.73","7,895.96","7,930.91","7,873.52",391.06M,1.02%
2019-10-08,"7,823.76","7,898.27","7,921.88","7,823.73",478.69M,-1.67%
2019-10-07,"7,956.28","7,956.41","8,013.31","7,942.08",477.67M,-0.33%
2019-10-04,"7,982.46","7,908.44","7,986.62","7,899.39",443.55M,1.40%
2019-10-03,"7,872.25","7,787.02","7,872.27","7,700.00",518.32M,1.12%
2019-10-02,"7,785.23","7,851.13","7,852.70","7,744.95",629.68M,-1.56%
2019-10-01,"7,908.67","8,026.83","8,062.50","7,906.29",541.53M,-1.13%
2019-09-30,"7,999.33","7,964.09","8,012.16","7,949.63",510.05M,0.75%
2019-09-27,"7,939.63","8,047.11","8,051.83","7,890.28",527.85M,-1.13%
2019-09-26,"8,030.66","8,070.12","8,072.11","7,991.02",472.49M,-0.58%
2019-09-25,"8,077.38","7,990.66","8,095.00","7,935.57",532.51M,1.05%
2019-09-24,"7,993.63","8,147.23","8,158.84","7,969.65",608.62M,-1.46%
2019-09-23,"8,112.46","8,106.49","8,135.81","8,085.34",473.44M,-0.06%
2019-09-20,"8,117.67","8,184.88","8,202.82","8,086.16",1.52B,-0.80%
2019-09-19,"8,182.88","8,193.59","8,237.43","8,174.32",492.92M,0.07%
2019-09-18,"8,177.39","8,174.62","8,179.87","8,086.22",542.24M,-0.11%
2019-09-17,"8,186.02","8,148.65","8,188.23","8,139.82",471.62M,0.40%
2019-09-16,"8,153.54","8,121.64","8,165.32","8,121.25",483.84M,-0.28%
2019-09-13,"8,176.71","8,190.57","8,210.20","8,165.47",495.64M,-0.22%
2019-09-12,"8,194.47","8,206.58","8,243.80","8,176.73",557.77M,0.30%
2019-09-11,"8,169.68","8,091.68","8,169.68","8,081.56",595.76M,1.06%
2019-09-10,"8,084.15","8,049.98","8,086.53","8,001.69",609.35M,-0.04%
2019-09-09,"8,087.44","8,130.91","8,131.65","8,052.35",573.75M,-0.19%
2019-09-06,"8,103.07","8,125.58","8,134.39","8,098.52",478.40M,-0.17%
2019-09-05,"8,116.83","8,061.29","8,134.42","8,061.29",542.83M,1.75%
2019-09-04,"7,976.88","7,949.81","7,981.41","7,928.94",509.99M,1.30%
2019-09-03,"7,874.16","7,906.44","7,940.37","7,847.32",512.49M,-1.11%
2019-08-30,"7,962.88","8,015.16","8,017.91","7,914.74",467.01M,-0.13%
2019-08-29,"7,973.39","7,945.78","7,992.29","7,925.83",434.25M,1.48%
2019-08-28,"7,856.88","7,798.35","7,866.87","7,766.67",420.87M,0.38%
2019-08-27,"7,826.95","7,908.78","7,916.83","7,795.18",532.80M,-0.34%
2019-08-26,"7,853.73","7,829.58","7,856.04","7,789.05",446.37M,1.32%
2019-08-23,"7,751.77","7,943.65","8,005.34","7,730.77",598.42M,-3.00%
2019-08-22,"7,991.39","8,038.79","8,048.58","7,937.12",456.70M,-0.36%
2019-08-21,"8,020.21","8,017.07","8,036.94","7,998.50",428.16M,0.90%
2019-08-20,"7,948.56","7,989.36","8,010.58","7,948.09",452.71M,-0.68%
2019-08-19,"8,002.81","8,006.18","8,026.75","7,974.36",500.92M,1.35%
2019-08-16,"7,895.99","7,828.35","7,907.52","7,828.35",543.84M,1.67%
2019-08-15,"7,766.62","7,790.20","7,805.93","7,716.55",539.47M,-0.09%
2019-08-14,"7,773.94","7,877.33","7,900.28","7,762.87",637.26M,-3.02%
2019-08-13,"8,016.36","7,863.41","8,065.24","7,851.58",604.20M,1.95%
2019-08-12,"7,863.41","7,907.49","7,924.99","7,833.79",536.97M,-1.20%
2019-08-09,"7,959.14","7,997.19","8,020.56","7,910.35",568.09M,-1.00%
2019-08-08,"8,039.16","7,921.59","8,041.12","7,896.15",659.54M,2.24%
2019-08-07,"7,862.83","7,747.27","7,881.38","7,702.42",615.18M,0.38%
2019-08-06,"7,833.27","7,804.51","7,845.01","7,739.57",564.77M,1.39%
2019-08-05,"7,726.04","7,823.33","7,836.45","7,662.90",699.01M,-3.47%
2019-08-02,"8,004.07","8,056.42","8,068.80","7,953.67",584.30M,-1.32%
2019-08-01,"8,111.12","8,190.56","8,311.04","8,080.52",703.64M,-0.79%
2019-07-31,"8,175.42","8,290.80","8,299.83","8,110.02",758.73M,-1.19%
2019-07-30,"8,273.61","8,231.77","8,295.46","8,228.02",510.52M,-0.24%
2019-07-29,"8,293.33","8,325.10","8,325.28","8,247.37",511.48M,-0.44%
2019-07-26,"8,330.21","8,294.30","8,339.64","8,291.12",529.37M,1.11%
2019-07-25,"8,238.54","8,294.68","8,295.95","8,233.40",535.59M,-1.00%
2019-07-24,"8,321.50","8,227.36","8,321.81","8,226.50",528.51M,0.85%
2019-07-23,"8,251.40","8,242.50","8,251.83","8,193.89",474.75M,0.58%
2019-07-22,"8,204.14","8,171.99","8,218.42","8,171.54",491.48M,0.71%
2019-07-19,"8,146.49","8,241.34","8,245.78","8,144.63",520.02M,-0.74%
2019-07-18,"8,207.24","8,151.76","8,215.58","8,135.12",487.19M,0.27%
2019-07-17,"8,185.21","8,224.00","8,230.67","8,184.66",473.28M,-0.46%
2019-07-16,"8,222.80","8,251.66","8,259.75","8,204.23",473.99M,-0.43%
2019-07-15,"8,258.18","8,263.18","8,264.78","8,236.27",470.85M,0.17%
2019-07-12,"8,244.14","8,209.20","8,245.66","8,201.52",500.70M,0.59%
2019-07-11,"8,196.04","8,219.28","8,226.18","8,171.63",483.49M,-0.08%
2019-07-10,"8,202.53","8,183.19","8,228.60","8,160.56",508.18M,0.75%
2019-07-09,"8,141.73","8,061.41","8,146.98","8,061.32",468.36M,0.54%
2019-07-08,"8,098.38","8,112.91","8,112.91","8,078.39",511.73M,-0.78%
2019-07-05,"8,161.79","8,123.28","8,171.97","8,093.66",425.69M,-0.10%
2019-07-03,"8,170.23","8,129.57","8,170.23","8,122.34",408.20M,0.75%
2019-07-02,"8,109.09","8,086.65","8,109.37","8,063.10",488.38M,0.22%
2019-07-01,"8,091.16","8,145.85","8,150.45","8,059.29",583.42M,1.06%
2019-06-28,"8,006.24","7,988.76","8,010.15","7,961.46",1.76B,0.48%
2019-06-27,"7,967.76","7,939.36","7,976.58","7,935.47",523.93M,0.73%
2019-06-26,"7,909.97","7,933.93","7,974.28","7,903.07",537.92M,0.32%
2019-06-25,"7,884.72","8,005.27","8,007.31","7,879.15",547.78M,-1.51%
2019-06-24,"8,005.70","8,040.58","8,047.56","8,004.63",528.18M,-0.32%
2019-06-21,"8,031.71","8,028.69","8,073.02","8,011.20",1.20B,-0.24%
2019-06-20,"8,051.34","8,087.45","8,088.88","7,996.87",528.69M,0.80%
2019-06-19,"7,987.32","7,970.26","7,998.59","7,930.38",536.80M,0.42%
2019-06-18,"7,953.88","7,920.98","8,005.21","7,911.67",567.69M,1.39%
2019-06-17,"7,845.02","7,819.43","7,865.98","7,812.61",502.92M,0.62%
2019-06-14,"7,796.66","7,807.19","7,819.21","7,778.12",465.37M,-0.52%
2019-06-13,"7,837.13","7,822.56","7,848.36","7,813.60",460.87M,0.57%
2019-06-12,"7,792.72","7,803.13","7,819.16","7,773.97",481.74M,-0.38%
2019-06-11,"7,822.57","7,901.04","7,909.99","7,798.63",534.58M,-0.01%
2019-06-10,"7,823.17","7,798.87","7,895.44","7,795.76",522.20M,1.05%
2019-06-07,"7,742.10","7,652.97","7,767.02","7,647.91",516.84M,1.66%
2019-06-06,"7,615.55","7,582.24","7,634.12","7,546.22",542.41M,0.53%
2019-06-05,"7,575.48","7,585.68","7,589.47","7,498.17",537.32M,0.64%
2019-06-04,"7,527.12","7,413.94","7,529.50","7,385.02",619.53M,2.65%
2019-06-03,"7,333.02","7,441.22","7,457.66","7,292.22",658.41M,-1.61%
2019-05-31,"7,453.15","7,470.95","7,506.86","7,448.23",590.43M,-1.51%
2019-05-30,"7,567.72","7,565.46","7,595.90","7,527.66",454.61M,0.27%
2019-05-29,"7,547.31","7,553.02","7,581.11","7,503.94",579.48M,-0.79%
2019-05-28,"7,607.35","7,655.66","7,693.74","7,603.76",785.60M,-0.39%
2019-05-24,"7,637.01","7,675.57","7,694.15","7,631.25",422.81M,0.11%
2019-05-23,"7,628.28","7,660.72","7,665.15","7,585.32",597.20M,-1.58%
2019-05-22,"7,750.84","7,749.81","7,786.33","7,738.35",466.48M,-0.45%
2019-05-21,"7,785.72","7,765.57","7,804.44","7,752.92",500.28M,1.08%
2019-05-20,"7,702.38","7,714.06","7,747.27","7,678.35",551.65M,-1.46%
2019-05-17,"7,816.28","7,829.03","7,918.71","7,810.35",579.07M,-1.04%
2019-05-16,"7,898.05","7,832.58","7,946.23","7,826.67",532.35M,0.97%
2019-05-15,"7,822.15","7,682.80","7,838.72","7,682.24",503.47M,1.13%
2019-05-14,"7,734.49","7,689.66","7,776.20","7,665.30",525.13M,1.14%
2019-05-13,"7,647.02","7,720.07","7,760.83","7,627.23",650.13M,-3.41%
2019-05-10,"7,916.94","7,881.31","7,949.34","7,759.34",587.10M,0.08%
2019-05-09,"7,910.59","7,853.21","7,929.78","7,796.16",620.65M,-0.41%
2019-05-08,"7,943.32","7,946.24","8,004.49","7,923.35",558.26M,-0.26%
2019-05-07,"7,963.76","8,043.52","8,070.97","7,899.02",617.48M,-1.96%
2019-05-06,"8,123.29","7,981.85","8,135.54","7,981.85",518.37M,-0.50%
2019-05-03,"8,164.00","8,092.88","8,164.71","8,084.80",524.43M,1.58%
2019-05-02,"8,036.77","8,046.48","8,094.06","7,976.77",540.17M,-0.16%
2019-05-01,"8,049.64","8,132.93","8,146.00","8,048.23",578.26M,-0.57%
2019-04-30,"8,095.39","8,104.91","8,124.61","8,050.55",582.27M,-0.81%
2019-04-29,"8,161.85","8,147.65","8,176.08","8,136.41",446.01M,0.19%
2019-04-26,"8,146.40","8,100.28","8,146.42","8,060.89",504.72M,0.34%
2019-04-25,"8,118.68","8,150.85","8,151.85","8,075.41",534.96M,0.21%
2019-04-24,"8,102.02","8,122.88","8,139.55","8,101.70",506.59M,-0.23%
2019-04-23,"8,120.82","8,026.74","8,128.88","8,023.81",513.60M,1.32%
2019-04-22,"8,015.27","7,969.37","8,017.15","7,965.90",445.01M,0.22%
2019-04-18,"7,998.06","7,998.44","8,002.31","7,950.97",561.24M,0.02%
2019-04-17,"7,996.08","8,044.97","8,052.40","7,973.38",569.99M,-0.05%
2019-04-16,"8,000.23","8,000.57","8,017.56","7,978.81",504.80M,0.30%
2019-04-15,"7,976.01","7,987.16","7,993.33","7,933.56",439.60M,-0.10%
2019-04-12,"7,984.16","7,984.15","7,992.09","7,952.61",470.31M,0.46%
2019-04-11,"7,947.36","7,975.20","7,975.20","7,933.41",464.50M,-0.21%
2019-04-10,"7,964.24","7,922.73","7,965.33","7,916.90",500.46M,0.69%
2019-04-09,"7,909.28","7,924.77","7,945.55","7,897.61",492.39M,-0.56%
2019-04-08,"7,953.88","7,924.89","7,955.90","7,891.85",500.60M,0.19%
2019-04-05,"7,938.69","7,914.51","7,940.45","7,909.14",526.60M,0.59%
2019-04-04,"7,891.78","7,894.26","7,917.65","7,844.96",520.12M,-0.05%
2019-04-03,"7,895.55","7,891.18","7,938.26","7,870.90",618.18M,0.60%
2019-04-02,"7,848.69","7,824.61","7,854.92","7,811.28",516.21M,0.25%
2019-04-01,"7,828.91","7,800.24","7,831.45","7,777.10",533.38M,1.29%
2019-03-29,"7,729.32","7,726.71","7,733.62","7,688.51",654.73M,0.78%
2019-03-28,"7,669.17","7,660.07","7,689.16","7,619.82",481.24M,0.34%
2019-03-27,"7,643.38","7,702.05","7,712.84","7,582.09",553.67M,-0.63%
2019-03-26,"7,691.52","7,700.00","7,738.17","7,649.21",516.86M,0.71%
2019-03-25,"7,637.54","7,618.98","7,662.38","7,579.29",516.09M,-0.07%
2019-03-22,"7,642.67","7,800.25","7,817.83","7,642.57",622.74M,-2.50%
2019-03-21,"7,838.96","7,705.43","7,850.10","7,705.43",634.29M,1.42%
2019-03-20,"7,728.97","7,721.95","7,779.24","7,674.04",584.52M,0.06%
2019-03-19,"7,723.95","7,747.40","7,767.89","7,699.15",632.44M,0.12%
2019-03-18,"7,714.48","7,696.38","7,737.67","7,677.74",595.69M,0.34%
2019-03-15,"7,688.53","7,658.41","7,714.96","7,652.03",1.43B,0.76%
2019-03-14,"7,630.91","7,644.79","7,653.10","7,627.02",590.48M,-0.16%
2019-03-13,"7,643.40","7,621.38","7,677.07","7,619.46",619.49M,0.69%
2019-03-12,"7,591.03","7,571.85","7,611.13","7,560.46",543.48M,0.44%
2019-03-11,"7,558.06","7,442.56","7,558.23","7,442.40",557.76M,2.02%
2019-03-08,"7,408.14","7,334.35","7,411.52","7,332.92",559.33M,-0.18%
2019-03-07,"7,421.46","7,483.79","7,489.08","7,397.19",599.91M,-1.13%
2019-03-06,"7,505.92","7,575.38","7,579.02","7,499.87",558.83M,-0.93%
2019-03-05,"7,576.36","7,582.29","7,598.66","7,543.54",537.99M,-0.02%
2019-03-04,"7,577.57","7,636.62","7,643.66","7,501.56",643.15M,-0.23%
2019-03-01,"7,595.35","7,587.45","7,603.03","7,540.75",611.93M,0.83%
2019-02-28,"7,532.53","7,533.31","7,561.90","7,516.48",735.11M,-0.29%
2019-02-27,"7,554.51","7,526.42","7,562.30","7,485.39",584.52M,0.07%
2019-02-26,"7,549.30","7,535.29","7,573.22","7,524.31",597.66M,-0.07%
2019-02-25,"7,554.46","7,585.30","7,602.69","7,551.61",597.61M,0.36%
2019-02-22,"7,527.55","7,481.63","7,527.55","7,479.01",595.34M,0.91%
2019-02-21,"7,459.71","7,475.41","7,485.75","7,430.89",513.67M,-0.39%
2019-02-20,"7,489.07","7,490.31","7,513.70","7,455.25",548.58M,0.03%
2019-02-19,"7,486.77","7,450.75","7,507.79","7,450.27",524.36M,0.19%
2019-02-15,"7,472.41","7,468.57","7,477.28","7,440.26",606.68M,0.61%
2019-02-14,"7,426.95","7,390.25","7,454.42","7,375.71",529.29M,0.09%
2019-02-13,"7,420.38","7,437.46","7,461.66","7,413.84",503.43M,0.08%
2019-02-12,"7,414.62","7,358.85","7,419.43","7,349.81",515.00M,1.46%
2019-02-11,"7,307.90","7,327.37","7,343.56","7,290.03",480.65M,0.13%
2019-02-08,"7,298.20","7,232.30","7,299.44","7,225.14",514.65M,0.14%
2019-02-07,"7,288.35","7,316.50","7,336.74","7,235.05",568.69M,-1.18%
2019-02-06,"7,375.28","7,400.44","7,410.77","7,346.72",532.51M,-0.36%
2019-02-05,"7,402.08","7,356.34","7,408.69","7,355.36",551.12M,0.74%
2019-02-04,"7,347.54","7,266.28","7,348.23","7,261.07",498.43M,1.15%
2019-02-01,"7,263.87","7,256.37","7,299.94","7,243.41",639.92M,-0.25%
2019-01-31,"7,281.74","7,208.17","7,303.12","7,205.94",769.26M,1.37%
2019-01-30,"7,183.08","7,094.79","7,201.31","7,065.57",610.50M,2.20%
2019-01-29,"7,028.29","7,087.49","7,092.29","7,011.47",498.85M,-0.81%
2019-01-28,"7,085.69","7,075.01","7,086.30","7,034.25",582.85M,-1.10%
2019-01-25,"7,164.86","7,128.19","7,174.56","7,111.09",592.67M,1.29%
2019-01-24,"7,073.46","7,042.25","7,078.96","7,029.95",574.84M,0.68%
2019-01-23,"7,025.77","7,061.65","7,084.85","6,953.23",553.19M,0.08%
2019-01-22,"7,020.36","7,109.57","7,110.16","6,979.81",627.08M,-1.91%
2019-01-18,"7,157.23","7,134.10","7,185.38","7,096.62",632.26M,1.03%
2019-01-17,"7,084.46","7,010.13","7,113.95","7,003.62",518.86M,0.71%
2019-01-16,"7,034.69","7,033.75","7,079.63","7,028.12",511.90M,0.15%
2019-01-15,"7,023.83","6,931.39","7,025.85","6,928.12",494.72M,1.71%
2019-01-14,"6,905.91","6,908.03","6,936.22","6,887.48",491.73M,-0.94%
2019-01-11,"6,971.48","6,947.46","6,975.65","6,933.60",499.27M,-0.21%
2019-01-10,"6,986.07","6,908.65","6,991.37","6,877.08",532.02M,0.42%
2019-01-09,"6,957.08","6,923.06","6,985.22","6,899.56",577.67M,0.87%
2019-01-08,"6,897.00","6,893.44","6,909.58","6,795.86",599.42M,1.08%
2019-01-07,"6,823.47","6,757.53","6,855.60","6,741.40",623.29M,1.26%
2019-01-04,"6,738.86","6,567.14","6,760.69","6,554.24",688.19M,4.26%
2019-01-03,"6,463.50","6,584.77","6,600.21","6,457.13",667.44M,-3.04%
2019-01-02,"6,665.94","6,506.91","6,693.71","6,506.88",581.37M,0.46%
2018-12-31,"6,635.28","6,649.52","6,659.96","6,570.06",582.10M,0.77%
2018-12-28,"6,584.52","6,616.79","6,684.18","6,529.22",526.28M,0.08%
2018-12-27,"6,579.49","6,457.19","6,583.01","6,336.97",628.65M,0.38%
2018-12-26,"6,554.35","6,257.86","6,555.53","6,214.34",660.27M,5.84%
2018-12-24,"6,192.92","6,278.49","6,355.18","6,190.17",405.62M,-2.21%
2018-12-21,"6,332.99","6,573.48","6,586.68","6,304.63",1.84B,-2.99%
2018-12-20,"6,528.41","6,607.76","6,666.20","6,447.91",813.45M,-1.63%
2018-12-19,"6,636.83","6,777.59","6,868.86","6,586.50",746.36M,-2.17%
2018-12-18,"6,783.91","6,809.81","6,847.27","6,733.71",662.80M,0.45%
2018-12-17,"6,753.73","6,886.46","6,931.81","6,710.01",690.84M,-2.27%
2018-12-14,"6,910.66","6,986.37","7,027.17","6,898.99",564.08M,-2.26%
2018-12-13,"7,070.33","7,135.28","7,154.64","7,034.82",525.89M,-0.39%
2018-12-12,"7,098.31","7,127.00","7,197.29","7,096.56",600.53M,0.95%
2018-12-11,"7,031.83","7,121.65","7,129.83","6,983.01",535.38M,0.16%
2018-12-10,"7,020.52","6,959.63","7,047.62","6,878.98",587.31M,0.74%
2018-12-07,"6,969.25","7,163.49","7,205.37","6,945.27",635.82M,-3.05%
2018-12-06,"7,188.26","7,017.05","7,189.52","6,984.34",727.61M,0.42%
2018-12-04,"7,158.43","7,407.95","7,421.11","7,150.11",695.88M,-3.80%
2018-12-03,"7,441.51","7,486.13","7,486.51","7,392.22",695.88M,1.51%
2018-11-30,"7,330.54","7,279.30","7,332.79","7,255.68",862.98M,0.79%
2018-11-29,"7,273.08","7,267.37","7,319.96","7,217.69",486.98M,-0.25%
2018-11-28,"7,291.59","7,135.08","7,292.71","7,090.98",600.77M,2.95%
2018-11-27,"7,082.70","7,041.23","7,105.14","7,014.36",520.41M,0.01%
2018-11-26,"7,081.85","7,026.50","7,083.93","7,003.12",513.76M,2.06%
2018-11-23,"6,938.98","6,919.52","6,987.89","6,919.16",272.71M,-0.48%
2018-11-21,"6,972.25","6,985.51","7,029.93","6,951.62",482.97M,0.92%
2018-11-20,"6,908.82","6,867.43","6,994.75","6,830.76",667.77M,-1.70%
2018-11-19,"7,028.48","7,217.24","7,224.12","7,011.40",627.83M,-3.03%
2018-11-16,"7,247.87","7,193.60","7,274.86","7,171.70",697.93M,-0.15%
2018-11-15,"7,259.03","7,112.83","7,274.26","7,072.36",646.33M,1.72%
2018-11-14,"7,136.39","7,265.39","7,285.57","7,101.17",630.16M,-0.90%
2018-11-13,"7,200.88","7,230.69","7,319.11","7,182.86",594.98M,0.00%
2018-11-12,"7,200.87","7,364.05","7,371.09","7,193.77",596.55M,-2.78%
2018-11-09,"7,406.90","7,468.51","7,474.34","7,349.48",612.79M,-1.65%
2018-11-08,"7,530.89","7,544.17","7,566.93","7,499.71",599.94M,-0.53%
2018-11-07,"7,570.75","7,446.09","7,572.93","7,435.87",641.10M,2.64%
2018-11-06,"7,375.96","7,326.07","7,400.64","7,320.89",554.21M,0.64%
2018-11-05,"7,328.85","7,344.08","7,349.23","7,255.88",562.30M,-0.38%
2018-11-02,"7,356.99","7,424.02","7,466.53","7,298.68",713.26M,-1.04%
2018-11-01,"7,434.06","7,327.82","7,435.88","7,286.50",684.15M,1.75%
2018-10-31,"7,305.90","7,276.62","7,368.49","7,270.63",761.54M,2.01%
2018-10-30,"7,161.65","7,017.87","7,166.84","7,001.48",675.85M,1.58%
2018-10-29,"7,050.29","7,272.42","7,295.61","6,922.83",692.71M,-1.63%
2018-10-26,"7,167.21","7,125.18","7,283.32","7,057.00",719.21M,-2.07%
2018-10-25,"7,318.34","7,197.49","7,364.82","7,178.54",683.41M,2.95%
2018-10-24,"7,108.40","7,423.21","7,435.69","7,099.00",719.97M,-4.43%
2018-10-23,"7,437.54","7,328.55","7,472.58","7,260.13",666.07M,-0.42%
2018-10-22,"7,468.63","7,486.74","7,520.53","7,424.74",546.42M,0.26%
2018-10-19,"7,449.03","7,530.15","7,582.89","7,428.30",633.90M,-0.48%
2018-10-18,"7,485.14","7,616.47","7,616.86","7,452.46",591.76M,-2.06%
2018-10-17,"7,642.70","7,669.26","7,670.49","7,563.09",546.26M,-0.04%
2018-10-16,"7,645.49","7,501.78","7,658.14","7,493.44",604.95M,2.89%
2018-10-15,"7,430.74","7,473.33","7,500.93","7,400.07",515.72M,-0.88%
2018-10-12,"7,496.89","7,507.84","7,516.69","7,368.33",655.73M,2.29%
2018-10-11,"7,329.06","7,388.07","7,493.21","7,274.04",760.28M,-1.25%
2018-10-10,"7,422.05","7,694.08","7,701.20","7,420.56",758.01M,-4.08%
2018-10-09,"7,738.02","7,728.51","7,799.75","7,718.95",562.09M,0.03%
2018-10-08,"7,735.95","7,747.10","7,797.32","7,654.84",551.10M,-0.67%
2018-10-05,"7,788.45","7,874.76","7,902.67","7,715.97",624.60M,-1.16%
2018-10-04,"7,879.51","7,993.33","7,997.17","7,833.16",764.99M,-1.81%
2018-10-03,"8,025.09","8,034.65","8,053.93","8,012.03",693.99M,0.32%
2018-10-02,"7,999.55","8,024.48","8,054.15","7,983.99",559.02M,-0.47%
2018-10-01,"8,037.30","8,091.50","8,107.38","8,019.77",543.43M,-0.11%
2018-09-28,"8,046.35","8,024.50","8,065.06","8,015.86",603.13M,0.05%
2018-09-27,"8,041.97","8,021.22","8,071.56","8,017.91",484.63M,0.65%
2018-09-26,"7,990.37","8,011.68","8,067.03","7,982.77",522.53M,-0.21%
2018-09-25,"8,007.47","8,001.59","8,014.12","7,979.29",541.53M,0.18%
2018-09-24,"7,993.25","7,939.38","7,997.90","7,912.47",584.17M,0.08%
2018-09-21,"7,986.95","8,041.69","8,057.26","7,979.67",1.61B,-0.51%
2018-09-20,"8,028.23","7,993.53","8,039.06","7,986.40",534.96M,0.98%
2018-09-19,"7,950.04","7,962.55","7,976.12","7,917.73",494.99M,-0.08%
2018-09-18,"7,956.11","7,903.57","7,986.10","7,901.01",521.30M,0.76%
2018-09-17,"7,895.79","7,992.21","8,002.78","7,890.07",565.45M,-1.43%
2018-09-14,"8,010.04","8,026.16","8,040.83","7,979.78",487.34M,-0.05%
2018-09-13,"8,013.71","7,999.93","8,037.51","7,989.85",522.07M,0.75%
2018-09-12,"7,954.23","7,958.87","7,965.39","7,884.05",536.24M,-0.23%
2018-09-11,"7,972.47","7,894.87","7,986.32","7,880.93",500.45M,0.61%
2018-09-10,"7,924.16","7,939.57","7,945.03","7,890.39",477.69M,0.27%
2018-09-07,"7,902.54","7,878.79","7,962.53","7,873.93",498.04M,-0.25%
2018-09-06,"7,922.73","7,998.27","8,001.97","7,885.49",539.13M,-0.91%
2018-09-05,"7,995.17","8,073.53","8,077.84","7,962.35",608.42M,-1.19%
2018-09-04,"8,091.25","8,087.95","8,104.07","8,042.14",516.56M,-0.23%
2018-08-31,"8,109.54","8,079.31","8,119.82","8,079.31",487.91M,0.26%
2018-08-30,"8,088.36","8,094.20","8,133.30","8,069.57",441.39M,-0.26%
2018-08-29,"8,109.69","8,044.34","8,113.56","8,042.10",428.41M,0.99%
2018-08-28,"8,030.04","8,039.01","8,046.31","8,009.59",453.27M,0.15%
2018-08-27,"8,017.90","7,989.64","8,024.94","7,976.60",511.44M,0.91%
2018-08-24,"7,945.98","7,907.81","7,949.71","7,907.10",437.25M,0.86%
2018-08-23,"7,878.46","7,886.47","7,926.32","7,866.53",428.23M,-0.13%
2018-08-22,"7,889.10","7,844.04","7,897.63","7,840.84",383.82M,0.38%
2018-08-21,"7,859.17","7,840.09","7,897.68","7,836.79",427.06M,0.49%
2018-08-20,"7,821.01","7,834.37","7,837.14","7,787.90",411.86M,0.06%
2018-08-17,"7,816.33","7,786.64","7,830.78","7,752.68",481.16M,0.13%
2018-08-16,"7,806.52","7,826.95","7,849.67","7,795.74",468.96M,0.42%
2018-08-15,"7,774.12","7,810.02","7,832.66","7,732.69",535.19M,-1.23%
2018-08-14,"7,870.89","7,847.88","7,878.23","7,815.50",451.62M,0.65%
2018-08-13,"7,819.71","7,848.00","7,888.66","7,814.27",433.65M,-0.25%
2018-08-10,"7,839.11","7,834.71","7,866.19","7,818.37",485.57M,-0.67%
2018-08-09,"7,891.78","7,886.52","7,923.35","7,881.06",451.62M,0.04%
2018-08-08,"7,888.33","7,880.00","7,901.69","7,864.46",474.70M,0.06%
2018-08-07,"7,883.66","7,878.62","7,898.20","7,868.65",514.39M,0.31%
2018-08-06,"7,859.68","7,809.54","7,859.68","7,801.88",493.69M,0.61%
2018-08-03,"7,812.02","7,819.23","7,824.06","7,783.30",477.35M,0.12%
2018-08-02,"7,802.69","7,659.52","7,808.85","7,659.52",491.31M,1.24%
2018-08-01,"7,707.29","7,701.82","7,732.68","7,670.71",531.48M,0.46%
2018-07-31,"7,671.79","7,654.59","7,709.49","7,614.84",566.03M,0.55%
2018-07-30,"7,630.00","7,735.27","7,740.26","7,604.24",503.87M,-1.39%
2018-07-27,"7,737.42","7,889.75","7,889.75","7,698.96",520.00M,-1.46%
2018-07-26,"7,852.19","7,848.04","7,881.30","7,834.08",521.68M,-1.01%
2018-07-25,"7,932.24","7,839.09","7,933.31","7,838.76",465.42M,1.17%
2018-07-24,"7,840.77","7,914.35","7,928.79","7,814.33",470.76M,-0.01%
2018-07-23,"7,841.87","7,806.93","7,846.76","7,776.55",395.31M,0.28%
2018-07-20,"7,820.20","7,843.08","7,860.25","7,815.86",464.63M,-0.07%
2018-07-19,"7,825.30","7,829.80","7,849.85","7,811.15",434.39M,-0.37%
2018-07-18,"7,854.44","7,859.43","7,863.77","7,822.83",437.89M,-0.01%
2018-07-17,"7,855.12","7,751.98","7,867.15","7,749.60",406.40M,0.63%
2018-07-16,"7,805.72","7,831.74","7,838.82","7,791.98",429.29M,-0.26%
2018-07-13,"7,825.98","7,827.62","7,843.52","7,803.34",413.13M,0.03%
2018-07-12,"7,823.92","7,752.71","7,825.67","7,746.76",453.33M,1.39%
2018-07-11,"7,716.61","7,698.51","7,748.16","7,696.58",420.72M,-0.55%
2018-07-10,"7,759.20","7,770.63","7,777.48","7,731.98",419.19M,0.04%
2018-07-09,"7,756.20","7,731.74","7,757.28","7,702.06",453.76M,0.88%
2018-07-06,"7,688.39","7,595.93","7,695.81","7,588.65",431.50M,1.34%
2018-07-05,"7,586.43","7,550.65","7,589.19","7,511.43",471.53M,1.12%
2018-07-03,"7,502.67","7,593.63","7,594.33","7,498.50",298.41M,-0.86%
2018-07-02,"7,567.69","7,451.90","7,568.10","7,443.10",447.15M,0.76%
2018-06-29,"7,510.30","7,544.13","7,573.59","7,502.95",634.63M,0.09%
2018-06-28,"7,503.68","7,438.11","7,526.07","7,419.56",512.33M,0.79%
2018-06-27,"7,445.09","7,586.33","7,610.67","7,444.17",537.35M,-1.54%
2018-06-26,"7,561.63","7,553.74","7,597.49","7,527.00",496.22M,0.39%
2018-06-25,"7,532.01","7,631.12","7,639.73","7,477.73",595.36M,-2.09%
2018-06-22,"7,692.82","7,739.69","7,739.71","7,679.12",1.67B,-0.26%
2018-06-21,"7,712.95","7,800.30","7,803.45","7,699.19",549.36M,-0.88%
2018-06-20,"7,781.52","7,764.15","7,806.60","7,755.48",513.78M,0.72%
2018-06-19,"7,725.59","7,658.47","7,727.41","7,635.73",577.30M,-0.28%
2018-06-18,"7,747.02","7,692.96","7,749.36","7,676.83",522.21M,0.01%
2018-06-15,"7,746.38","7,725.03","7,755.72","7,704.34",1.22B,-0.19%
2018-06-14,"7,761.04","7,723.53","7,768.60","7,723.53",532.09M,0.85%
2018-06-13,"7,695.70","7,713.90","7,748.96","7,686.65",552.68M,-0.11%
2018-06-12,"7,703.79","7,673.87","7,708.25","7,669.53",474.86M,0.57%
2018-06-11,"7,659.93","7,647.23","7,677.29","7,642.87",451.37M,0.19%
2018-06-08,"7,645.51","7,607.73","7,653.57","7,595.14",467.61M,0.14%
2018-06-07,"7,635.07","7,697.41","7,697.41","7,597.66",505.79M,-0.70%
2018-06-06,"7,689.24","7,652.81","7,691.65","7,622.31",502.98M,0.67%
2018-06-05,"7,637.86","7,621.36","7,644.48","7,602.38",480.10M,0.41%
2018-06-04,"7,606.46","7,570.08","7,607.17","7,561.20",527.78M,0.69%
2018-06-01,"7,554.33","7,487.66","7,557.38","7,487.23",523.74M,1.51%
2018-05-31,"7,442.12","7,455.58","7,492.42","7,431.41",724.94M,-0.27%
2018-05-30,"7,462.45","7,428.41","7,473.81","7,423.67",487.10M,0.89%
2018-05-29,"7,396.59","7,398.51","7,435.13","7,354.29",479.26M,-0.50%
2018-05-25,"7,433.85","7,422.20","7,452.85","7,415.58",386.02M,0.13%
2018-05-24,"7,424.43","7,421.99","7,435.38","7,357.50",428.96M,-0.02%
2018-05-23,"7,425.95","7,335.03","7,426.78","7,334.61",445.08M,0.64%
2018-05-22,"7,378.45","7,420.85","7,432.53","7,370.33",434.48M,-0.21%
2018-05-21,"7,394.04","7,406.34","7,431.83","7,368.20",443.54M,0.54%
2018-05-18,"7,354.34","7,364.34","7,381.16","7,343.97",484.55M,-0.38%
2018-05-17,"7,382.47","7,379.58","7,425.39","7,350.46",416.15M,-0.21%
2018-05-16,"7,398.30","7,356.22","7,413.32","7,356.16",474.87M,0.63%
2018-05-15,"7,351.63","7,361.30","7,363.52","7,320.97",493.49M,-0.81%
2018-05-14,"7,411.31","7,429.45","7,458.42","7,401.89",489.17M,0.11%
2018-05-11,"7,402.88","7,393.97","7,417.67","7,372.26",484.84M,-0.03%
2018-05-10,"7,404.98","7,355.90","7,414.15","7,353.63",490.34M,0.89%
2018-05-09,"7,339.90","7,281.53","7,344.80","7,259.05",521.10M,1.00%
2018-05-08,"7,266.90","7,255.34","7,278.81","7,224.70",501.79M,0.02%
2018-05-07,"7,265.21","7,241.82","7,291.74","7,235.76",465.63M,0.77%
2018-05-04,"7,209.62","7,065.67","7,228.26","7,057.89",490.02M,1.71%
2018-05-03,"7,088.15","7,065.03","7,112.59","6,991.14",525.37M,-0.18%
2018-05-02,"7,100.90","7,138.45","7,169.46","7,094.72",508.02M,-0.42%
2018-05-01,"7,130.70","7,053.65","7,133.27","7,036.18",461.10M,0.91%
2018-04-30,"7,066.27","7,133.95","7,169.80","7,065.41",510.26M,-0.75%
2018-04-27,"7,119.80","7,195.52","7,197.15","7,083.95",468.93M,0.02%
2018-04-26,"7,118.68","7,080.49","7,143.94","7,055.66",486.82M,1.64%
2018-04-25,"7,003.74","7,009.99","7,030.74","6,926.98",459.97M,-0.05%
2018-04-24,"7,007.35","7,160.77","7,171.67","6,961.52",512.28M,-1.70%
2018-04-23,"7,128.60","7,173.99","7,195.72","7,094.43",421.04M,-0.25%
2018-04-20,"7,146.13","7,220.64","7,222.99","7,123.49",503.76M,-1.27%
2018-04-19,"7,238.06","7,258.61","7,277.45","7,215.18",447.93M,-0.78%
2018-04-18,"7,295.24","7,292.38","7,319.58","7,259.90",431.37M,0.19%
2018-04-17,"7,281.10","7,215.11","7,298.59","7,206.55",440.91M,1.74%
2018-04-16,"7,156.28","7,153.87","7,178.51","7,115.85",426.93M,0.70%
2018-04-13,"7,106.65","7,179.62","7,183.62","7,078.14",406.69M,-0.47%
2018-04-12,"7,140.25","7,112.02","7,166.00","7,105.09",449.39M,1.01%
2018-04-11,"7,069.03","7,055.00","7,128.54","7,055.00",407.70M,-0.36%
2018-04-10,"7,094.30","7,060.99","7,117.98","7,014.88",532.61M,2.07%
2018-04-09,"6,950.34","6,971.44","7,074.95","6,944.96",494.55M,0.51%
2018-04-06,"6,915.11","6,999.57","7,066.64","6,877.76",564.29M,-2.28%
2018-04-05,"7,076.55","7,099.25","7,112.38","7,036.62",493.98M,0.49%
2018-04-04,"7,042.11","6,811.77","7,059.29","6,811.77",543.64M,1.45%
2018-04-03,"6,941.28","6,924.35","6,963.71","6,835.23",565.72M,1.04%
2018-04-02,"6,870.12","7,016.17","7,044.71","6,805.96",586.47M,-2.74%
2018-03-29,"7,063.44","6,984.65","7,120.46","6,935.78",683.33M,1.64%
2018-03-28,"6,949.23","6,978.30","7,036.09","6,901.07",589.91M,-0.85%
2018-03-27,"7,008.81","7,255.47","7,255.54","6,963.68",567.57M,-2.93%
2018-03-26,"7,220.54","7,125.20","7,225.84","7,022.34",575.54M,3.26%
2018-03-23,"6,992.67","7,170.68","7,194.31","6,992.67",589.29M,-2.43%
2018-03-22,"7,166.68","7,257.55","7,303.19","7,164.38",559.16M,-2.43%
2018-03-21,"7,345.28","7,347.50","7,415.66","7,325.35",465.54M,-0.26%
2018-03-20,"7,364.30","7,353.25","7,380.74","7,331.24",486.46M,0.27%
2018-03-19,"7,344.24","7,419.20","7,421.23","7,285.27",574.52M,-1.84%
2018-03-16,"7,481.99","7,504.37","7,514.21","7,473.68",1.26B,0.00%
2018-03-15,"7,481.74","7,509.24","7,525.44","7,463.19",488.94M,-0.20%
2018-03-14,"7,496.81","7,539.78","7,544.89","7,473.90",516.22M,-0.19%
2018-03-13,"7,511.01","7,627.52","7,637.27","7,492.98",582.40M,-1.02%
2018-03-12,"7,588.32","7,581.04","7,609.10","7,563.44",537.02M,0.36%
2018-03-09,"7,560.81","7,475.98","7,560.81","7,469.03",560.83M,1.79%
2018-03-08,"7,427.95","7,422.77","7,435.01","7,391.50",532.54M,0.42%
2018-03-07,"7,396.65","7,311.73","7,403.79","7,311.73",548.70M,0.33%
2018-03-06,"7,372.01","7,366.61","7,378.03","7,319.68",544.06M,0.56%
2018-03-05,"7,330.70","7,222.89","7,350.07","7,205.31",508.64M,1.00%
2018-03-02,"7,257.87","7,099.54","7,267.19","7,084.83",562.03M,1.08%
2018-03-01,"7,180.56","7,274.75","7,307.85","7,117.66",593.82M,-1.27%
2018-02-28,"7,273.01","7,371.41","7,386.80","7,273.01",603.59M,-0.78%
2018-02-27,"7,330.35","7,416.17","7,438.09","7,330.35",530.42M,-1.23%
2018-02-26,"7,421.46","7,373.30","7,421.85","7,360.25",448.97M,1.15%
2018-02-23,"7,337.39","7,261.35","7,337.83","7,232.49",445.46M,1.77%
2018-02-22,"7,210.09","7,252.47","7,280.93","7,194.84",465.45M,-0.11%
2018-02-21,"7,218.23","7,258.48","7,338.64","7,218.11",475.70M,-0.22%
2018-02-20,"7,234.31","7,209.03","7,295.95","7,206.00",489.83M,-0.07%
2018-02-16,"7,239.47","7,236.52","7,303.26","7,226.38",515.06M,-0.23%
2018-02-15,"7,256.43","7,200.75","7,256.93","7,130.39",508.64M,1.58%
2018-02-14,"7,143.61","6,979.24","7,152.05","6,977.07",545.97M,1.85%
2018-02-13,"7,013.51","6,942.16","7,025.68","6,938.16",441.58M,0.45%
2018-02-12,"6,981.96","6,936.68","7,023.62","6,879.69",580.70M,1.56%
2018-02-09,"6,874.49","6,863.34","6,917.01","6,630.67",794.77M,1.44%
2018-02-08,"6,777.16","7,067.30","7,073.99","6,776.77",672.31M,-3.90%
2018-02-07,"7,051.98","7,086.20","7,170.34","7,051.53",579.22M,-0.90%
2018-02-06,"7,115.88","6,837.56","7,126.55","6,824.82",789.88M,2.13%
2018-02-05,"6,967.53","7,165.96","7,277.36","6,967.53",760.52M,-3.78%
2018-02-02,"7,240.95","7,347.59","7,364.43","7,238.18",618.43M,-1.96%
2018-02-01,"7,385.86","7,377.17","7,441.09","7,362.28",538.73M,-0.35%
2018-01-31,"7,411.48","7,443.25","7,453.99","7,381.12",611.53M,0.12%
2018-01-30,"7,402.48","7,388.89","7,433.65","7,373.99",505.85M,-0.86%
2018-01-29,"7,466.51","7,484.47","7,500.61","7,455.55",486.38M,-0.52%
2018-01-26,"7,505.77","7,448.33","7,505.77","7,431.22",485.12M,1.28%
2018-01-25,"7,411.16","7,457.94","7,458.53","7,388.58",464.67M,-0.05%
2018-01-24,"7,415.06","7,474.16","7,486.32","7,376.75",520.52M,-0.61%
2018-01-23,"7,460.29","7,424.95","7,465.39","7,423.18",472.92M,0.71%
2018-01-22,"7,408.03","7,338.04","7,408.03","7,332.81",501.22M,0.98%
2018-01-19,"7,336.38","7,312.00","7,336.38","7,297.28",510.98M,0.55%
2018-01-18,"7,296.05","7,293.65","7,313.89","7,276.11",463.52M,-0.03%
2018-01-17,"7,298.28","7,257.77","7,309.36","7,229.32",518.58M,1.03%
2018-01-16,"7,223.69","7,307.19","7,330.33","7,205.93",577.49M,-0.51%
2018-01-12,"7,261.06","7,208.17","7,265.26","7,205.18",464.78M,0.68%
2018-01-11,"7,211.78","7,168.73","7,211.78","7,163.23",456.81M,0.81%
2018-01-10,"7,153.57","7,129.83","7,154.24","7,111.52",457.15M,-0.14%
2018-01-09,"7,163.58","7,174.19","7,181.14","7,148.30",491.70M,0.09%
2018-01-08,"7,157.39","7,135.38","7,161.35","7,124.09",497.21M,0.29%
2018-01-05,"7,136.56","7,105.74","7,137.04","7,097.08",476.41M,0.83%
2018-01-04,"7,077.91","7,089.50","7,098.05","7,072.38",493.87M,0.18%
2018-01-03,"7,065.53","7,017.07","7,069.15","7,016.70",483.92M,0.84%
2018-01-02,"7,006.90","6,937.65","7,006.91","6,924.08",462.20M,1.50%
2017-12-29,"6,903.39","6,952.60","6,954.98","6,903.39",422.84M,-0.67%
2017-12-28,"6,950.16","6,953.38","6,954.80","6,936.75",293.06M,0.16%
2017-12-27,"6,939.34","6,941.45","6,955.38","6,931.34",316.13M,0.04%
2017-12-26,"6,936.25","6,928.92","6,942.14","6,915.56",322.15M,-0.34%
2017-12-22,"6,959.96","6,958.02","6,962.26","6,944.44",372.94M,-0.08%
2017-12-21,"6,965.36","6,972.88","6,992.63","6,961.20",436.63M,0.06%
2017-12-20,"6,960.96","6,991.26","6,991.26","6,935.42",442.66M,-0.04%
2017-12-19,"6,963.85","6,991.25","6,995.88","6,951.49",514.90M,-0.44%
2017-12-18,"6,994.76","6,980.40","7,003.89","6,975.55",539.24M,0.84%
2017-12-15,"6,936.58","6,871.55","6,945.82","6,871.45",1.42B,1.17%
2017-12-14,"6,856.53","6,887.39","6,901.13","6,851.63",496.56M,-0.28%
2017-12-13,"6,875.80","6,880.41","6,897.62","6,871.87",490.98M,0.20%
2017-12-12,"6,862.32","6,872.72","6,884.81","6,856.30",456.45M,-0.19%
2017-12-11,"6,875.08","6,847.64","6,879.80","6,844.88",448.36M,0.51%
2017-12-08,"6,840.08","6,859.94","6,870.48","6,831.61",429.26M,0.40%
2017-12-07,"6,812.84","6,785.74","6,829.29","6,778.20",475.25M,0.54%
2017-12-06,"6,776.38","6,742.07","6,787.42","6,734.13",454.87M,0.21%
2017-12-05,"6,762.21","6,759.14","6,836.45","6,752.32",518.90M,-0.19%
2017-12-04,"6,775.37","6,897.14","6,899.23","6,770.69",600.98M,-1.05%
2017-12-01,"6,847.59","6,844.04","6,872.17","6,737.16",547.88M,-0.38%
2017-11-30,"6,873.97","6,852.80","6,888.65","6,838.48",730.82M,0.73%
2017-11-29,"6,824.39","6,907.28","6,908.33","6,793.95",586.18M,-1.27%
2017-11-28,"6,912.36","6,893.72","6,914.19","6,866.21",477.32M,0.49%
2017-11-27,"6,878.52","6,889.91","6,897.43","6,867.89",444.30M,-0.15%
2017-11-24,"6,889.16","6,878.11","6,890.02","6,873.74",223.07M,0.32%
2017-11-22,"6,867.36","6,869.53","6,874.52","6,859.28",386.64M,0.07%
2017-11-21,"6,862.48","6,820.55","6,862.66","6,820.02",465.90M,1.06%
2017-11-20,"6,790.71","6,789.28","6,795.83","6,779.48",437.87M,0.12%
2017-11-17,"6,782.79","6,794.45","6,797.75","6,777.43",493.18M,-0.15%
2017-11-16,"6,793.29","6,742.34","6,806.67","6,742.34",476.98M,1.30%
2017-11-15,"6,706.21","6,700.68","6,725.32","6,667.31",457.21M,-0.47%
2017-11-14,"6,737.87","6,733.87","6,743.63","6,709.27",462.99M,-0.29%
2017-11-13,"6,757.60","6,727.39","6,766.30","6,723.43",462.89M,0.10%
2017-11-10,"6,750.94","6,736.39","6,757.35","6,727.35",464.51M,0.01%
2017-11-09,"6,750.05","6,737.45","6,758.93","6,687.28",517.86M,-0.58%
2017-11-08,"6,789.12","6,764.85","6,791.65","6,753.34",509.54M,0.32%
2017-11-07,"6,767.78","6,785.44","6,795.52","6,750.35",531.06M,-0.27%
2017-11-06,"6,786.44","6,763.30","6,790.66","6,763.17",524.23M,0.33%
2017-11-03,"6,764.44","6,737.09","6,765.14","6,712.93",521.39M,0.74%
2017-11-02,"6,714.94","6,709.39","6,719.97","6,677.55",533.72M,-0.02%
2017-11-01,"6,716.53","6,758.64","6,759.66","6,691.48",491.99M,-0.17%
2017-10-31,"6,727.67","6,713.71","6,737.75","6,705.79",509.98M,0.43%
2017-10-30,"6,698.96","6,693.77","6,727.39","6,677.15",477.43M,-0.03%
2017-10-27,"6,701.26","6,635.03","6,708.13","6,625.78",566.65M,2.20%
2017-10-26,"6,556.77","6,567.59","6,582.76","6,550.03",496.86M,-0.11%
2017-10-25,"6,563.89","6,587.22","6,600.65","6,517.93",493.72M,-0.52%
2017-10-24,"6,598.43","6,598.60","6,611.90","6,582.06",421.46M,0.18%
2017-10-23,"6,586.83","6,641.57","6,641.57","6,581.15",417.65M,-0.64%
2017-10-20,"6,629.05","6,633.37","6,640.02","6,622.92",457.36M,0.36%
2017-10-19,"6,605.07","6,583.70","6,605.29","6,558.53",424.74M,-0.29%
2017-10-18,"6,624.22","6,634.26","6,635.52","6,613.55",390.34M,0.01%
2017-10-17,"6,623.66","6,621.42","6,628.60","6,613.21",375.09M,-0.01%
2017-10-16,"6,624.01","6,622.55","6,632.50","6,607.03",373.94M,0.28%
2017-10-13,"6,605.80","6,613.21","6,616.58","6,602.20",417.54M,0.22%
2017-10-12,"6,591.51","6,594.76","6,613.50","6,586.32",476.36M,-0.18%
2017-10-11,"6,603.55","6,586.73","6,604.21","6,577.98",429.37M,0.25%
2017-10-10,"6,587.25","6,602.49","6,608.30","6,561.78",401.70M,0.11%
2017-10-09,"6,579.73","6,597.37","6,599.34","6,572.44",359.14M,-0.16%
2017-10-06,"6,590.18","6,566.95","6,590.18","6,566.84",410.59M,0.07%
2017-10-05,"6,585.36","6,552.87","6,587.21","6,547.65",422.21M,0.78%
2017-10-04,"6,534.63","6,521.96","6,546.46","6,513.12",434.61M,0.04%
2017-10-03,"6,531.71","6,523.74","6,532.18","6,509.71",438.92M,0.23%
2017-10-02,"6,516.72","6,506.08","6,527.22","6,484.14",448.11M,0.32%
2017-09-29,"6,495.96","6,461.28","6,497.98","6,454.86",492.43M,0.66%
2017-09-28,"6,453.45","6,437.96","6,456.23","6,427.66",428.05M,0.00%
2017-09-27,"6,453.26","6,414.37","6,472.65","6,405.35",470.98M,1.15%
2017-09-26,"6,380.16","6,391.85","6,405.01","6,364.57",439.70M,0.15%
2017-09-25,"6,370.59","6,403.11","6,408.06","6,343.96",486.99M,-0.88%
2017-09-22,"6,426.92","6,401.44","6,429.54","6,400.81",388.10M,0.07%
2017-09-21,"6,422.69","6,448.57","6,448.57","6,405.30",400.64M,-0.52%
2017-09-20,"6,456.04","6,459.74","6,466.05","6,414.23",470.40M,-0.08%
2017-09-19,"6,461.32","6,465.57","6,467.79","6,446.75",430.73M,0.10%
2017-09-18,"6,454.64","6,460.10","6,477.77","6,438.41",445.50M,0.10%
2017-09-15,"6,448.47","6,426.16","6,464.27","6,419.65",1.19B,0.30%
2017-09-14,"6,429.08","6,439.46","6,455.32","6,424.04",430.37M,-0.48%
2017-09-13,"6,460.19","6,440.72","6,460.42","6,433.20",447.20M,0.09%
2017-09-12,"6,454.28","6,448.81","6,455.02","6,429.54",404.69M,0.34%
2017-09-11,"6,432.26","6,411.18","6,439.11","6,410.71",431.57M,1.13%
2017-09-08,"6,360.19","6,389.65","6,391.41","6,354.96",408.11M,-0.59%
2017-09-07,"6,397.87","6,402.94","6,413.07","6,379.81",433.05M,0.07%
2017-09-06,"6,393.31","6,394.35","6,407.40","6,356.20",419.28M,0.28%
2017-09-05,"6,375.57","6,414.82","6,426.51","6,334.59",438.96M,-0.93%
2017-09-01,"6,435.33","6,442.17","6,449.65","6,417.87",347.64M,0.10%
2017-08-31,"6,428.66","6,385.80","6,435.27","6,383.58",478.19M,0.95%
2017-08-30,"6,368.31","6,308.68","6,374.48","6,303.57",384.51M,1.05%
2017-08-29,"6,301.89","6,228.90","6,311.26","6,228.73",379.62M,0.30%
2017-08-28,"6,283.02","6,286.01","6,292.26","6,267.85",384.99M,0.28%
2017-08-25,"6,265.64","6,293.81","6,308.72","6,257.10",343.10M,-0.09%
2017-08-24,"6,271.33","6,294.82","6,302.85","6,244.57",369.11M,-0.11%
2017-08-23,"6,278.41","6,263.47","6,291.30","6,263.28",349.56M,-0.30%
2017-08-22,"6,297.48","6,241.21","6,302.84","6,241.21",363.16M,1.36%
2017-08-21,"6,213.13","6,216.32","6,226.93","6,177.19",375.22M,-0.05%
2017-08-18,"6,216.53","6,222.46","6,254.22","6,193.38",469.44M,-0.09%
2017-08-17,"6,221.91","6,322.72","6,334.23","6,221.91",435.27M,-1.94%
2017-08-16,"6,345.11","6,348.11","6,374.56","6,330.27",396.20M,0.19%
2017-08-15,"6,333.01","6,350.51","6,350.74","6,324.75",368.07M,-0.11%
2017-08-14,"6,340.23","6,306.11","6,346.82","6,305.55",410.78M,1.34%
2017-08-11,"6,256.56","6,222.18","6,266.89","6,216.19",418.07M,0.64%
2017-08-10,"6,216.87","6,312.65","6,318.28","6,214.41",495.54M,-2.13%
2017-08-09,"6,352.33","6,322.92","6,355.04","6,309.44",469.74M,-0.28%
2017-08-08,"6,370.46","6,373.33","6,423.35","6,355.88",445.32M,-0.21%
2017-08-07,"6,383.77","6,361.06","6,386.03","6,356.23",408.69M,0.51%
2017-08-04,"6,351.56","6,350.79","6,361.49","6,329.73",443.76M,0.18%
2017-08-03,"6,340.34","6,366.24","6,368.53","6,331.14",476.05M,-0.35%
2017-08-02,"6,362.65","6,393.10","6,394.21","6,313.43",490.37M,0.00%
2017-08-01,"6,362.94","6,372.16","6,375.75","6,345.75",426.55M,0.23%
2017-07-31,"6,348.12","6,394.69","6,396.59","6,338.78",485.92M,-0.42%
2017-07-28,"6,374.68","6,350.27","6,379.70","6,337.23",436.77M,-0.12%
2017-07-27,"6,382.19","6,459.76","6,460.84","6,318.62",564.93M,-0.63%
2017-07-26,"6,422.75","6,425.93","6,432.38","6,416.30",433.53M,0.16%
2017-07-25,"6,412.17","6,407.59","6,425.45","6,396.87",479.54M,0.02%
2017-07-24,"6,410.81","6,387.82","6,417.70","6,380.61",418.95M,0.36%
2017-07-21,"6,387.75","6,383.05","6,388.78","6,365.11",468.14M,-0.04%
2017-07-20,"6,390.00","6,396.46","6,398.26","6,365.68",414.71M,0.08%
2017-07-19,"6,385.04","6,363.24","6,387.73","6,362.19",423.94M,0.64%
2017-07-18,"6,344.31","6,304.82","6,344.55","6,291.07",388.97M,0.47%
2017-07-17,"6,314.43","6,320.35","6,330.97","6,307.34",367.32M,0.03%
2017-07-14,"6,312.47","6,289.08","6,321.76","6,278.70",364.80M,0.61%
2017-07-13,"6,274.44","6,269.10","6,281.45","6,251.26",423.33M,0.21%
2017-07-12,"6,261.17","6,238.90","6,265.64","6,236.82",424.25M,1.10%
2017-07-11,"6,193.31","6,171.25","6,200.58","6,149.87",426.66M,0.27%
2017-07-10,"6,176.39","6,156.03","6,191.27","6,141.83",409.75M,0.38%
2017-07-07,"6,153.08","6,111.21","6,164.94","6,111.21",397.25M,1.04%
2017-07-06,"6,089.46","6,109.60","6,127.98","6,081.96",514.78M,-1.00%
2017-07-05,"6,150.85","6,122.06","6,163.62","6,100.42",462.92M,0.67%
2017-07-03,"6,110.06","6,173.29","6,177.36","6,106.12",272.19M,-0.49%
2017-06-30,"6,140.42","6,166.84","6,170.63","6,129.04",501.47M,-0.06%
2017-06-29,"6,144.35","6,215.49","6,216.60","6,087.81",528.05M,-1.44%
2017-06-28,"6,234.41","6,173.10","6,238.29","6,144.80",461.44M,1.43%
2017-06-27,"6,146.62","6,227.90","6,234.32","6,146.62",490.36M,-1.61%
2017-06-26,"6,247.15","6,292.73","6,303.44","6,233.43",455.73M,-0.29%
2017-06-23,"6,265.25","6,234.35","6,269.37","6,218.78",1.46B,0.46%
2017-06-22,"6,236.69","6,239.15","6,257.68","6,221.96",471.36M,0.04%
2017-06-21,"6,233.95","6,202.75","6,236.66","6,200.86",491.84M,0.74%
2017-06-20,"6,188.03","6,229.62","6,234.01","6,186.94",488.69M,-0.82%
2017-06-19,"6,239.01","6,196.85","6,243.31","6,194.00",447.66M,1.42%
2017-06-16,"6,151.76","6,154.28","6,161.56","6,125.50",1.31B,-0.22%
2017-06-15,"6,165.50","6,127.05","6,170.15","6,107.85",436.59M,-0.47%
2017-06-14,"6,194.89","6,237.46","6,237.53","6,153.55",457.03M,-0.41%
2017-06-13,"6,220.37","6,206.11","6,226.41","6,180.04",525.01M,0.73%
2017-06-12,"6,175.47","6,153.56","6,183.81","6,110.66",604.27M,-0.52%
2017-06-09,"6,207.92","6,330.25","6,341.70","6,137.68",670.48M,-1.80%
2017-06-08,"6,321.76","6,311.73","6,324.06","6,282.93",484.13M,0.39%
2017-06-07,"6,297.38","6,290.44","6,302.78","6,267.18",432.54M,0.36%
2017-06-06,"6,275.06","6,281.88","6,304.21","6,269.86",430.50M,-0.33%
2017-06-05,"6,295.68","6,305.47","6,310.61","6,292.15",398.25M,-0.16%
2017-06-02,"6,305.80","6,261.59","6,308.76","6,253.77",454.57M,0.94%
2017-06-01,"6,246.83","6,215.91","6,247.07","6,200.45",502.29M,0.78%
2017-05-31,"6,198.52","6,221.62","6,221.99","6,164.07",697.15M,-0.08%
2017-05-30,"6,203.19","6,204.18","6,217.13","6,200.41",402.25M,-0.11%
2017-05-26,"6,210.19","6,207.04","6,211.52","6,196.66",373.96M,0.08%
2017-05-25,"6,205.26","6,183.02","6,217.34","6,174.52",417.08M,0.69%
2017-05-24,"6,163.02","6,154.18","6,166.09","6,139.33",400.25M,0.40%
2017-05-23,"6,138.71","6,149.55","6,150.91","6,121.79",407.73M,0.08%
2017-05-22,"6,133.62","6,098.25","6,135.92","6,097.24",421.95M,0.82%
2017-05-19,"6,083.70","6,070.23","6,106.55","6,070.23",517.15M,0.47%
2017-05-18,"6,055.13","5,998.46","6,073.45","5,996.81",511.17M,0.73%
2017-05-17,"6,011.24","6,108.62","6,122.87","6,009.48",565.78M,-2.57%
2017-05-16,"6,169.87","6,160.52","6,170.16","6,139.10",460.05M,0.33%
2017-05-15,"6,149.67","6,128.11","6,153.04","6,124.79",452.00M,0.46%
2017-05-12,"6,121.23","6,119.27","6,122.84","6,105.42",412.46M,0.09%
2017-05-11,"6,115.96","6,110.05","6,120.20","6,075.68",452.52M,-0.22%
2017-05-10,"6,129.14","6,121.64","6,131.64","6,103.87",482.51M,0.14%
2017-05-09,"6,120.59","6,111.82","6,133.00","6,107.59",466.70M,0.29%
2017-05-08,"6,102.66","6,100.66","6,106.12","6,083.06",459.30M,0.03%
2017-05-05,"6,100.76","6,091.69","6,100.76","6,067.15",443.62M,0.42%
2017-05-04,"6,075.34","6,075.06","6,080.82","6,054.32",481.85M,0.05%
2017-05-03,"6,072.55","6,075.04","6,076.96","6,053.28",498.86M,-0.37%
2017-05-02,"6,095.37","6,102.51","6,102.72","6,081.56",498.62M,0.06%
2017-05-01,"6,091.60","6,067.56","6,100.73","6,061.35",416.34M,0.73%
2017-04-28,"6,047.61","6,072.87","6,074.04","6,040.71",523.42M,-0.02%
2017-04-27,"6,048.94","6,038.47","6,050.70","6,031.59",461.83M,0.39%
2017-04-26,"6,025.23","6,028.12","6,040.89","6,021.72",454.58M,0.00%
2017-04-25,"6,025.49","6,004.16","6,036.02","6,002.65",441.93M,0.70%
2017-04-24,"5,983.82","5,979.96","5,989.92","5,970.25",446.56M,1.24%
2017-04-21,"5,910.52","5,919.02","5,919.23","5,899.43",454.58M,-0.11%
2017-04-20,"5,916.78","5,887.87","5,926.23","5,880.19",417.89M,0.92%
2017-04-19,"5,863.03","5,874.43","5,894.68","5,856.34",415.53M,0.23%
2017-04-18,"5,849.47","5,838.59","5,860.04","5,828.57",391.18M,-0.12%
2017-04-17,"5,856.79","5,821.55","5,856.79","5,818.20",346.62M,0.89%
2017-04-13,"5,805.15","5,828.37","5,856.54","5,805.15",384.04M,-0.53%
2017-04-12,"5,836.16","5,863.59","5,868.09","5,830.44",408.74M,-0.52%
2017-04-11,"5,866.77","5,871.16","5,878.94","5,819.29",449.36M,-0.24%
2017-04-10,"5,880.93","5,883.43","5,907.85","5,865.56",389.31M,0.05%
2017-04-07,"5,877.81","5,873.94","5,892.07","5,855.51",414.27M,-0.02%
2017-04-06,"5,878.95","5,870.52","5,889.58","5,856.22",448.41M,0.25%
2017-04-05,"5,864.48","5,911.92","5,936.39","5,856.26",555.35M,-0.58%
2017-04-04,"5,898.61","5,878.76","5,901.39","5,878.76",445.39M,0.07%
2017-04-03,"5,894.68","5,917.31","5,928.93","5,867.73",453.50M,-0.29%
2017-03-31,"5,911.74","5,905.63","5,927.81","5,901.77",529.14M,-0.04%
2017-03-30,"5,914.34","5,896.15","5,916.77","5,894.00",396.49M,0.28%
2017-03-29,"5,897.55","5,875.35","5,900.87","5,870.93",397.14M,0.38%
2017-03-28,"5,875.14","5,836.50","5,888.70","5,828.86",437.23M,0.60%
2017-03-27,"5,840.37","5,776.33","5,849.20","5,769.39",410.07M,0.20%
2017-03-24,"5,828.74","5,839.33","5,858.95","5,807.83",456.99M,0.19%
2017-03-23,"5,817.69","5,812.31","5,842.82","5,806.98",414.69M,-0.07%
2017-03-22,"5,821.64","5,790.59","5,825.67","5,781.81",442.89M,0.48%
2017-03-21,"5,793.82","5,923.43","5,928.06","5,790.73",528.08M,-1.83%
2017-03-20,"5,901.53","5,898.81","5,915.12","5,888.12",407.11M,0.01%
2017-03-17,"5,901.00","5,898.58","5,912.61","5,890.42",1.35B,0.00%
2017-03-16,"5,900.76","5,907.86","5,911.48","5,887.24",412.39M,0.01%
2017-03-15,"5,900.05","5,869.97","5,911.20","5,858.16",468.32M,0.74%
2017-03-14,"5,856.82","5,860.07","5,860.50","5,831.88",390.46M,-0.32%
2017-03-13,"5,875.78","5,863.48","5,877.43","5,860.83",405.74M,0.24%
2017-03-10,"5,861.73","5,867.16","5,872.60","5,835.44",476.86M,0.39%
2017-03-09,"5,838.81","5,834.67","5,852.54","5,812.08",423.01M,0.02%
2017-03-08,"5,837.55","5,838.44","5,860.63","5,832.63",422.94M,0.06%
2017-03-07,"5,833.93","5,836.12","5,859.77","5,826.32",418.89M,-0.26%
2017-03-06,"5,849.18","5,846.42","5,857.74","5,827.46",412.85M,-0.37%
2017-03-03,"5,870.75","5,854.27","5,870.75","5,841.47",424.84M,0.16%
2017-03-02,"5,861.22","5,897.01","5,897.01","5,856.30",454.31M,-0.73%
2017-03-01,"5,904.03","5,874.86","5,911.79","5,865.79",522.79M,1.35%
2017-02-28,"5,825.44","5,852.79","5,855.06","5,817.22",620.83M,-0.62%
2017-02-27,"5,861.90","5,835.04","5,861.90","5,827.00",447.06M,0.28%
2017-02-24,"5,845.31","5,802.33","5,845.31","5,800.55",419.25M,0.17%
2017-02-23,"5,835.51","5,866.82","5,866.96","5,809.55",444.62M,-0.43%
2017-02-22,"5,860.63","5,857.56","5,864.41","5,848.28",422.84M,-0.09%
2017-02-21,"5,865.95","5,850.20","5,867.89","5,847.50",453.57M,0.47%
2017-02-17,"5,838.58","5,807.31","5,838.58","5,800.80",500.75M,0.41%
2017-02-16,"5,814.90","5,823.01","5,835.15","5,796.71",441.52M,-0.08%
2017-02-15,"5,819.44","5,777.90","5,821.95","5,776.70",450.50M,0.64%
2017-02-14,"5,782.57","5,756.51","5,783.09","5,748.74",431.56M,0.32%
2017-02-13,"5,763.96","5,753.19","5,770.99","5,751.92",404.16M,0.52%
2017-02-10,"5,734.13","5,726.18","5,743.43","5,717.42",421.00M,0.33%
2017-02-09,"5,715.18","5,688.02","5,722.71","5,685.15",439.63M,0.58%
2017-02-08,"5,682.45","5,662.95","5,686.96","5,649.39",444.98M,0.15%
2017-02-07,"5,674.22","5,674.86","5,689.60","5,664.82",440.96M,0.19%
2017-02-06,"5,663.55","5,656.95","5,668.20","5,650.26",397.57M,-0.06%
2017-02-03,"5,666.77","5,650.73","5,666.84","5,647.58",411.17M,0.54%
2017-02-02,"5,636.20","5,627.15","5,656.01","5,616.40",471.57M,-0.11%
2017-02-01,"5,642.65","5,654.51","5,662.11","5,621.03",499.98M,0.50%
2017-01-31,"5,614.79","5,592.87","5,615.15","5,576.09",506.36M,0.02%
2017-01-30,"5,613.71","5,635.86","5,636.09","5,578.76",417.27M,-0.83%
2017-01-27,"5,660.78","5,664.88","5,667.45","5,643.90",386.97M,0.10%
2017-01-26,"5,655.18","5,666.28","5,669.61","5,647.65",426.44M,-0.02%
2017-01-25,"5,656.34","5,635.86","5,658.59","5,634.33",435.79M,0.99%
2017-01-24,"5,600.96","5,568.27","5,606.53","5,558.49",409.12M,0.86%
2017-01-23,"5,552.94","5,546.64","5,564.14","5,522.69",389.91M,-0.04%
2017-01-20,"5,555.33","5,556.87","5,574.35","5,542.23",444.46M,0.28%
2017-01-19,"5,540.08","5,560.61","5,571.53","5,528.37",398.66M,-0.28%
2017-01-18,"5,555.65","5,546.94","5,555.98","5,534.77",380.31M,0.31%
2017-01-17,"5,538.73","5,555.16","5,557.05","5,527.22",415.58M,-0.63%
2017-01-13,"5,574.12","5,557.57","5,584.26","5,557.20",357.66M,0.48%
2017-01-12,"5,547.49","5,542.56","5,550.67","5,496.82",394.73M,-0.29%
2017-01-11,"5,563.65","5,550.72","5,564.08","5,524.03",435.71M,0.21%
2017-01-10,"5,551.82","5,536.54","5,564.25","5,528.11",431.57M,0.36%
2017-01-09,"5,531.82","5,527.57","5,541.08","5,517.14",433.10M,0.19%
2017-01-06,"5,521.06","5,499.08","5,536.52","5,482.81",382.85M,0.60%
2017-01-05,"5,487.94","5,474.39","5,495.85","5,464.36",423.64M,0.20%
2017-01-04,"5,477.01","5,440.91","5,482.35","5,440.24",455.34M,0.88%
2017-01-03,"5,429.08","5,425.62","5,452.56","5,397.99",450.68M,0.85%
2016-12-30,"5,383.12","5,440.17","5,441.90","5,371.89",395.59M,-0.90%
2016-12-29,"5,432.09","5,437.51","5,450.63","5,415.18",289.60M,-0.12%
2016-12-28,"5,438.56","5,497.44","5,498.91","5,434.70",294.74M,-0.89%
2016-12-27,"5,487.44","5,470.76","5,512.37","5,469.61",269.42M,0.45%
2016-12-23,"5,462.69","5,441.76","5,462.69","5,441.76",264.11M,0.28%
2016-12-22,"5,447.42","5,472.01","5,472.01","5,432.77",362.87M,-0.44%
2016-12-21,"5,471.43","5,482.63","5,486.26","5,465.31",336.01M,-0.23%
2016-12-20,"5,483.94","5,473.53","5,489.47","5,471.71",395.33M,0.49%
2016-12-19,"5,457.44","5,441.20","5,483.42","5,436.54",402.71M,0.37%
2016-12-16,"5,437.16","5,467.82","5,474.58","5,426.01",1.19B,-0.36%
2016-12-15,"5,456.85","5,443.51","5,485.12","5,439.39",486.60M,0.37%
2016-12-14,"5,436.67","5,465.69","5,476.25","5,425.73",462.23M,-0.50%
2016-12-13,"5,463.83","5,433.57","5,486.75","5,430.72",470.73M,0.95%
2016-12-12,"5,412.54","5,428.22","5,434.90","5,394.42",450.45M,-0.59%
2016-12-09,"5,444.50","5,436.11","5,450.16","5,427.12",436.08M,0.50%
2016-12-08,"5,417.36","5,394.15","5,425.52","5,389.10",494.46M,0.44%
2016-12-07,"5,393.76","5,322.67","5,397.93","5,307.31",484.56M,1.14%
2016-12-06,"5,333.00","5,317.74","5,333.99","5,299.94",438.30M,0.45%
2016-12-05,"5,308.89","5,283.58","5,321.09","5,269.57",435.66M,1.01%
2016-12-02,"5,255.65","5,249.02","5,274.54","5,239.27",431.83M,0.09%
2016-12-01,"5,251.11","5,323.88","5,326.34","5,238.21",526.21M,-1.36%
2016-11-30,"5,323.68","5,391.35","5,393.15","5,323.68",580.79M,-1.05%
2016-11-29,"5,379.92","5,370.98","5,403.86","5,360.56",440.16M,0.21%
2016-11-28,"5,368.81","5,387.92","5,396.27","5,364.91",390.77M,-0.56%
2016-11-25,"5,398.92","5,388.49","5,398.92","5,379.28",197.46M,0.34%
2016-11-23,"5,380.68","5,366.55","5,380.68","5,350.68",385.75M,-0.11%
2016-11-22,"5,386.35","5,384.75","5,392.26","5,365.60",433.19M,0.33%
2016-11-21,"5,368.86","5,336.78","5,369.83","5,334.16",411.24M,0.89%
2016-11-18,"5,321.51","5,340.97","5,346.80","5,315.53",480.19M,-0.23%
2016-11-17,"5,333.97","5,295.07","5,334.05","5,288.16",463.15M,0.74%
2016-11-16,"5,294.58","5,253.73","5,299.63","5,251.88",462.54M,0.36%
2016-11-15,"5,275.62","5,241.35","5,287.06","5,236.25",493.91M,1.10%
2016-11-14,"5,218.40","5,246.33","5,247.17","5,192.05",537.26M,-0.36%
2016-11-11,"5,237.11","5,191.82","5,241.08","5,179.64",561.97M,0.54%
2016-11-10,"5,208.80","5,283.48","5,302.68","5,145.32",695.55M,-0.80%
2016-11-09,"5,251.07","5,143.86","5,258.99","5,143.86",673.59M,1.11%
2016-11-08,"5,193.49","5,154.99","5,214.17","5,145.30",395.69M,0.53%
2016-11-07,"5,166.17","5,128.99","5,169.41","5,122.77",456.10M,2.37%
2016-11-04,"5,046.37","5,034.41","5,087.51","5,034.41",478.36M,-0.24%
2016-11-03,"5,058.41","5,104.70","5,115.06","5,053.52",471.92M,-0.92%
2016-11-02,"5,105.57","5,147.27","5,156.70","5,097.56",469.03M,-0.93%
2016-11-01,"5,153.58","5,199.77","5,201.13","5,112.32",430.72M,-0.69%
2016-10-31,"5,189.14","5,205.09","5,206.70","5,186.56",434.89M,-0.02%
2016-10-28,"5,190.10","5,203.70","5,232.35","5,178.76",426.51M,-0.50%
2016-10-27,"5,215.97","5,272.19","5,274.12","5,211.75",434.94M,-0.65%
2016-10-26,"5,250.27","5,256.40","5,280.85","5,237.05",374.48M,-0.63%
2016-10-25,"5,283.40","5,306.47","5,310.27","5,278.57",348.72M,-0.50%
2016-10-24,"5,309.83","5,290.31","5,311.50","5,289.23",349.69M,1.00%
2016-10-21,"5,257.40","5,238.65","5,259.12","5,225.76",396.38M,0.30%
2016-10-20,"5,241.83","5,238.20","5,252.10","5,216.05",383.97M,-0.09%
2016-10-19,"5,246.41","5,240.33","5,253.83","5,234.25",344.43M,0.05%
2016-10-18,"5,243.84","5,255.32","5,264.27","5,239.44",325.86M,0.85%
2016-10-17,"5,199.82","5,213.69","5,219.98","5,196.03",326.32M,-0.28%
2016-10-14,"5,214.16","5,241.26","5,258.88","5,213.37",361.33M,0.02%
2016-10-13,"5,213.33","5,200.30","5,228.26","5,169.76",385.74M,-0.49%
2016-10-12,"5,239.02","5,247.91","5,257.18","5,228.77",340.52M,-0.15%
2016-10-11,"5,246.79","5,321.82","5,321.82","5,227.43",416.77M,-1.54%
2016-10-10,"5,328.67","5,318.46","5,340.52","5,317.73",321.13M,0.69%
2016-10-07,"5,292.40","5,314.92","5,315.65","5,266.80",407.15M,-0.27%
2016-10-06,"5,306.85","5,306.59","5,315.73","5,281.47",402.08M,-0.17%
2016-10-05,"5,316.02","5,305.28","5,330.81","5,304.06",422.05M,0.50%
2016-10-04,"5,289.66","5,313.49","5,323.60","5,271.70",392.87M,-0.21%
2016-10-03,"5,300.87","5,300.29","5,308.60","5,281.95",370.99M,-0.21%
2016-09-30,"5,312.00","5,288.87","5,325.88","5,277.88",555.18M,0.81%
2016-09-29,"5,269.15","5,311.31","5,317.00","5,254.52",437.78M,-0.93%
2016-09-28,"5,318.55","5,312.73","5,320.62","5,284.84",398.16M,0.24%
2016-09-27,"5,305.71","5,254.18","5,306.81","5,251.32",392.69M,0.92%
2016-09-26,"5,257.49","5,275.73","5,282.27","5,254.96",376.06M,-0.91%
2016-09-23,"5,305.75","5,327.43","5,329.71","5,301.63",406.33M,-0.63%
2016-09-22,"5,339.52","5,323.26","5,342.88","5,320.93",415.83M,0.84%
2016-09-21,"5,295.18","5,263.65","5,299.40","5,233.94",446.65M,1.03%
2016-09-20,"5,241.35","5,256.19","5,265.18","5,235.42",379.36M,0.12%
2016-09-19,"5,235.03","5,263.55","5,281.07","5,222.91",400.16M,-0.18%
2016-09-16,"5,244.57","5,238.71","5,248.60","5,218.97",1.11B,-0.10%
2016-09-15,"5,249.69","5,178.10","5,254.78","5,176.25",437.68M,1.47%
2016-09-14,"5,173.77","5,160.21","5,201.34","5,159.55",421.65M,0.36%
2016-09-13,"5,155.26","5,181.14","5,195.02","5,131.27",456.69M,-1.09%
2016-09-12,"5,211.89","5,098.03","5,217.88","5,097.80",464.62M,1.68%
2016-09-09,"5,125.91","5,217.95","5,225.94","5,125.91",508.59M,-2.54%
2016-09-08,"5,259.48","5,269.96","5,271.01","5,248.41",412.37M,-0.46%
2016-09-07,"5,283.93","5,274.23","5,287.61","5,261.92",459.36M,0.15%
2016-09-06,"5,275.91","5,259.99","5,275.91","5,244.00",421.08M,0.50%
2016-09-02,"5,249.90","5,249.66","5,263.39","5,231.02",351.35M,0.43%
2016-09-01,"5,227.21","5,218.28","5,229.94","5,189.36",376.35M,0.27%
2016-08-31,"5,213.22","5,216.42","5,219.89","5,191.18",486.24M,-0.19%
2016-08-30,"5,222.99","5,229.88","5,241.62","5,205.61",374.16M,-0.18%
2016-08-29,"5,232.33","5,223.80","5,245.12","5,222.34",324.63M,0.26%
2016-08-26,"5,218.92","5,219.05","5,253.39","5,191.86",361.69M,0.13%
2016-08-25,"5,212.20","5,207.61","5,230.59","5,201.64",338.21M,-0.11%
2016-08-24,"5,217.69","5,254.42","5,262.99","5,205.64",380.49M,-0.81%
2016-08-23,"5,260.08","5,265.78","5,275.74","5,257.90",350.84M,0.30%
2016-08-22,"5,244.60","5,231.46","5,252.13","5,224.63",347.30M,0.12%
2016-08-19,"5,238.38","5,229.87","5,245.81","5,217.65",408.44M,-0.03%
2016-08-18,"5,240.15","5,226.45","5,243.17","5,221.84",377.74M,0.22%
2016-08-17,"5,228.66","5,228.44","5,230.09","5,197.23",361.66M,0.03%
2016-08-16,"5,227.11","5,247.96","5,248.26","5,226.78",385.30M,-0.66%
2016-08-15,"5,262.02","5,242.18","5,271.36","5,241.14",350.65M,0.56%
2016-08-12,"5,232.90","5,219.66","5,233.34","5,215.55",338.98M,0.09%
2016-08-11,"5,228.40","5,222.15","5,235.29","5,211.25",344.26M,0.46%
2016-08-10,"5,204.59","5,227.95","5,227.96","5,193.80",380.41M,-0.40%
2016-08-09,"5,225.48","5,216.21","5,238.54","5,214.95",358.07M,0.24%
2016-08-08,"5,213.14","5,223.54","5,228.40","5,202.18",370.90M,-0.15%
2016-08-05,"5,221.12","5,190.71","5,227.23","5,186.24",439.90M,1.06%
2016-08-04,"5,166.25","5,158.02","5,174.00","5,145.39",398.61M,0.13%
2016-08-03,"5,159.74","5,133.24","5,159.74","5,128.44",415.75M,0.43%
2016-08-02,"5,137.73","5,177.53","5,181.02","5,109.80",470.89M,-0.90%
2016-08-01,"5,184.20","5,167.42","5,199.13","5,158.93",420.98M,0.43%
2016-07-29,"5,162.13","5,162.15","5,175.81","5,140.05",571.66M,0.14%
2016-07-28,"5,154.98","5,144.82","5,160.16","5,130.75",424.08M,0.30%
2016-07-27,"5,139.81","5,143.84","5,151.06","5,120.66",470.66M,0.58%
2016-07-26,"5,110.05","5,095.61","5,122.30","5,084.18",428.74M,0.24%
2016-07-25,"5,097.63","5,096.99","5,100.72","5,082.66",371.48M,-0.05%
2016-07-22,"5,100.16","5,078.12","5,103.52","5,064.11",357.67M,0.52%
2016-07-21,"5,073.90","5,093.97","5,102.78","5,061.11",384.26M,-0.31%
2016-07-20,"5,089.93","5,061.60","5,098.25","5,053.92",375.16M,1.06%
2016-07-19,"5,036.37","5,038.22","5,052.24","5,028.24",362.67M,-0.38%
2016-07-18,"5,055.78","5,034.99","5,063.53","5,030.13",332.33M,0.52%
2016-07-15,"5,029.59","5,041.19","5,044.81","5,018.52",395.58M,-0.09%
2016-07-14,"5,034.06","5,041.95","5,045.18","5,025.15",348.81M,0.57%
2016-07-13,"5,005.73","5,036.32","5,036.39","5,002.82",373.97M,-0.34%
2016-07-12,"5,022.82","5,017.99","5,032.10","5,009.68",417.28M,0.69%
2016-07-11,"4,988.64","4,976.54","5,002.50","4,976.54",386.48M,0.64%
2016-07-08,"4,956.76","4,906.66","4,959.00","4,901.27",433.26M,1.64%
2016-07-07,"4,876.81","4,867.47","4,889.01","4,853.68",352.30M,0.36%
2016-07-06,"4,859.16","4,799.32","4,861.05","4,786.01",436.56M,0.75%
2016-07-05,"4,822.90","4,837.06","4,839.13","4,797.29",406.89M,-0.82%
2016-07-01,"4,862.57","4,837.18","4,880.17","4,837.17",380.07M,0.41%
2016-06-30,"4,842.67","4,793.75","4,843.11","4,774.52",574.07M,1.33%
2016-06-29,"4,779.24","4,732.93","4,787.59","4,732.34",466.31M,1.86%
2016-06-28,"4,691.87","4,643.93","4,692.98","4,643.93",470.19M,2.12%
2016-06-27,"4,594.44","4,664.43","4,665.04","4,574.25",619.73M,-2.41%
2016-06-24,"4,707.98","4,715.80","4,798.22","4,698.42",1.52B,-4.12%
2016-06-23,"4,910.04","4,872.19","4,910.04","4,859.40",398.65M,1.59%
2016-06-22,"4,833.32","4,846.68","4,875.93","4,830.00",376.04M,-0.22%
2016-06-21,"4,843.76","4,845.09","4,852.19","4,826.59",391.14M,0.14%
2016-06-20,"4,837.21","4,856.69","4,882.15","4,834.51",412.67M,0.77%
2016-06-17,"4,800.34","4,835.02","4,835.02","4,792.34",1.01B,-0.92%
2016-06-16,"4,844.91","4,809.69","4,847.86","4,778.78",389.89M,0.21%
2016-06-15,"4,834.93","4,855.08","4,868.16","4,830.33",402.22M,-0.18%
2016-06-14,"4,843.55","4,836.67","4,863.01","4,811.93",401.84M,-0.10%
2016-06-13,"4,848.44","4,868.51","4,894.85","4,844.94",420.34M,-0.94%
2016-06-10,"4,894.55","4,915.15","4,917.92","4,880.61",402.18M,-1.29%
2016-06-09,"4,958.62","4,954.15","4,965.49","4,940.55",361.93M,-0.32%
2016-06-08,"4,974.64","4,970.01","4,979.66","4,956.79",367.54M,0.26%
2016-06-07,"4,961.75","4,972.14","4,979.38","4,960.28",391.05M,-0.14%
2016-06-06,"4,968.71","4,950.46","4,980.14","4,944.87",385.15M,0.53%
2016-06-03,"4,942.52","4,958.10","4,958.65","4,909.21",382.23M,-0.58%
2016-06-02,"4,971.36","4,941.25","4,971.36","4,924.23",386.10M,0.39%
2016-06-01,"4,952.25","4,928.97","4,958.98","4,923.20",423.30M,0.08%
2016-05-31,"4,948.06","4,938.48","4,951.45","4,923.03",711.67M,0.29%
2016-05-27,"4,933.51","4,904.05","4,933.51","4,902.50",363.02M,0.65%
2016-05-26,"4,901.77","4,897.78","4,909.38","4,887.27",354.80M,0.14%
2016-05-25,"4,894.89","4,877.18","4,905.45","4,872.42",397.17M,0.70%
2016-05-24,"4,861.06","4,792.85","4,865.99","4,792.63",433.12M,2.00%
2016-05-23,"4,765.78","4,771.57","4,792.64","4,763.91",410.29M,-0.08%
2016-05-20,"4,769.56","4,729.44","4,781.70","4,729.00",484.07M,1.21%
2016-05-19,"4,712.53","4,717.36","4,735.27","4,678.38",405.76M,-0.56%
2016-05-18,"4,739.12","4,705.78","4,762.28","4,704.49",445.26M,0.50%
2016-05-17,"4,715.73","4,768.85","4,776.15","4,703.39",472.99M,-1.25%
2016-05-16,"4,775.46","4,728.86","4,791.25","4,724.73",419.40M,1.22%
2016-05-13,"4,717.68","4,731.07","4,759.29","4,708.26",407.81M,-0.41%
2016-05-12,"4,737.33","4,778.19","4,779.46","4,710.16",447.76M,-0.49%
2016-05-11,"4,760.69","4,799.30","4,812.19","4,760.36",417.00M,-1.02%
2016-05-10,"4,809.88","4,768.91","4,811.30","4,758.20",401.00M,1.26%
2016-05-09,"4,750.21","4,736.35","4,771.94","4,735.06",395.51M,0.30%
2016-05-06,"4,736.15","4,695.90","4,736.15","4,684.28",441.06M,0.40%
2016-05-05,"4,717.09","4,742.42","4,744.55","4,709.75",448.69M,-0.18%
2016-05-04,"4,725.64","4,735.28","4,751.64","4,713.91",469.20M,-0.79%
2016-05-03,"4,763.22","4,780.88","4,791.43","4,749.71",445.57M,-1.13%
2016-05-02,"4,817.59","4,786.55","4,821.57","4,768.28",435.63M,0.88%
2016-04-29,"4,775.36","4,805.79","4,807.89","4,740.84",602.09M,-0.62%
2016-04-28,"4,805.29","4,857.60","4,889.16","4,796.32",478.62M,-1.19%
2016-04-27,"4,863.14","4,855.38","4,872.91","4,826.38",441.73M,-0.51%
2016-04-26,"4,888.28","4,903.81","4,915.00","4,875.42",417.36M,-0.15%
2016-04-25,"4,895.79","4,891.48","4,904.87","4,878.37",369.67M,-0.21%
2016-04-22,"4,906.23","4,898.24","4,921.66","4,872.02",489.17M,-0.80%
2016-04-21,"4,945.89","4,949.12","4,966.61","4,932.64",383.40M,-0.05%
2016-04-20,"4,948.13","4,941.99","4,969.32","4,928.29",394.43M,0.16%
2016-04-19,"4,940.33","4,968.30","4,968.67","4,915.52",413.23M,-0.40%
2016-04-18,"4,960.02","4,919.36","4,960.79","4,915.63",370.38M,0.44%
2016-04-15,"4,938.22","4,938.83","4,950.43","4,925.46",432.04M,-0.16%
2016-04-14,"4,945.89","4,947.62","4,961.30","4,931.81",369.79M,-0.03%
2016-04-13,"4,947.42","4,904.79","4,951.91","4,903.60",431.41M,1.55%
2016-04-12,"4,872.09","4,838.81","4,879.60","4,808.91",385.61M,0.80%
2016-04-11,"4,833.40","4,873.39","4,897.55","4,833.40",361.58M,-0.36%
2016-04-08,"4,850.69","4,883.99","4,892.60","4,835.36",367.47M,0.05%
2016-04-07,"4,848.37","4,893.57","4,901.49","4,831.49",452.84M,-1.47%
2016-04-06,"4,920.72","4,849.57","4,921.51","4,849.28",402.78M,1.59%
2016-04-05,"4,843.93","4,855.90","4,872.70","4,838.62",430.35M,-0.98%
2016-04-04,"4,891.80","4,911.22","4,917.75","4,885.17",386.30M,-0.46%
2016-04-01,"4,914.54","4,842.55","4,917.09","4,832.06",443.37M,0.92%
2016-03-31,"4,869.85","4,869.57","4,891.30","4,864.41",452.45M,0.01%
2016-03-30,"4,869.29","4,875.46","4,899.14","4,859.35",388.83M,0.47%
2016-03-29,"4,846.62","4,756.55","4,849.31","4,749.78",453.24M,1.67%
2016-03-28,"4,766.79","4,785.25","4,787.39","4,760.01",336.93M,-0.14%
2016-03-24,"4,773.51","4,743.36","4,773.51","4,734.77",383.91M,0.10%
2016-03-23,"4,768.86","4,813.87","4,816.67","4,765.37",399.92M,-1.10%
2016-03-22,"4,821.66","4,783.60","4,835.60","4,781.71",373.16M,0.27%
2016-03-21,"4,808.87","4,787.31","4,814.85","4,785.38",375.80M,0.28%
2016-03-18,"4,795.65","4,784.63","4,804.58","4,772.41",1.14B,0.43%
2016-03-17,"4,774.98","4,752.62","4,788.09","4,737.97",435.04M,0.23%
2016-03-16,"4,763.97","4,717.88","4,774.78","4,716.45",402.69M,0.75%
2016-03-15,"4,728.67","4,731.14","4,735.27","4,712.07",397.35M,-0.45%
2016-03-14,"4,750.28","4,733.39","4,762.27","4,731.51",379.76M,0.04%
2016-03-11,"4,748.47","4,712.38","4,748.79","4,700.91",416.03M,1.85%
2016-03-10,"4,662.16","4,691.20","4,716.14","4,607.99",439.52M,-0.26%
2016-03-09,"4,674.38","4,666.42","4,676.47","4,642.42",410.13M,0.55%
2016-03-08,"4,648.82","4,676.22","4,695.03","4,642.86",467.11M,-1.26%
2016-03-07,"4,708.25","4,690.88","4,731.19","4,674.82",486.23M,-0.19%
2016-03-04,"4,717.02","4,715.77","4,746.65","4,687.94",510.77M,0.20%
2016-03-03,"4,707.42","4,698.38","4,707.72","4,674.46",444.92M,0.09%
2016-03-02,"4,703.42","4,683.80","4,703.57","4,665.93",452.45M,0.29%
2016-03-01,"4,689.60","4,596.01","4,689.60","4,581.75",507.41M,2.89%
2016-02-29,"4,557.95","4,585.30","4,619.90","4,557.46",565.97M,-0.71%
2016-02-26,"4,590.47","4,615.14","4,618.85","4,580.78",438.38M,0.18%
2016-02-25,"4,582.20","4,554.73","4,582.20","4,516.89",392.23M,0.87%
2016-02-24,"4,542.61","4,453.93","4,547.64","4,425.72",452.41M,0.87%
2016-02-23,"4,503.58","4,550.05","4,558.06","4,500.94",388.34M,-1.47%
2016-02-22,"4,570.61","4,548.31","4,576.47","4,546.55",427.62M,1.47%
2016-02-19,"4,504.43","4,464.67","4,513.15","4,455.10",488.38M,0.38%
2016-02-18,"4,487.54","4,548.10","4,548.47","4,482.77",472.55M,-1.03%
2016-02-17,"4,534.06","4,471.66","4,540.78","4,463.51",576.51M,2.21%
2016-02-16,"4,435.95","4,397.95","4,435.95","4,376.52",553.80M,2.27%
2016-02-12,"4,337.51","4,307.29","4,340.13","4,274.15",506.31M,1.66%
2016-02-11,"4,266.84","4,218.81","4,293.22","4,209.76",688.73M,-0.39%
2016-02-10,"4,283.59","4,318.28","4,369.62","4,280.73",561.08M,0.35%
2016-02-09,"4,268.76","4,224.87","4,329.61","4,222.48",579.16M,-0.35%
2016-02-08,"4,283.75","4,288.02","4,301.53","4,212.81",673.87M,-1.82%
2016-02-05,"4,363.14","4,491.48","4,493.19","4,350.38",636.44M,-3.25%
2016-02-04,"4,509.56","4,492.48","4,545.52","4,463.99",543.90M,0.12%
2016-02-03,"4,504.24","4,543.82","4,547.32","4,424.47",577.23M,-0.28%
2016-02-02,"4,516.95","4,588.69","4,589.90","4,503.12",511.64M,-2.24%
2016-02-01,"4,620.37","4,587.59","4,636.93","4,565.38",480.04M,0.14%
2016-01-29,"4,613.95","4,512.09","4,613.95","4,511.30",754.58M,2.38%
2016-01-28,"4,506.68","4,533.81","4,533.81","4,447.50",545.17M,0.86%
2016-01-27,"4,468.17","4,548.87","4,568.85","4,450.83",513.42M,-2.18%
2016-01-26,"4,567.67","4,537.04","4,583.21","4,503.52",461.53M,1.09%
2016-01-25,"4,518.49","4,574.60","4,590.44","4,514.78",483.49M,-1.58%
2016-01-22,"4,591.18","4,557.39","4,591.18","4,540.27",523.81M,2.66%
2016-01-21,"4,472.06","4,480.70","4,537.15","4,432.02",567.90M,0.01%
2016-01-20,"4,471.69","4,405.22","4,514.92","4,313.39",716.73M,-0.12%
2016-01-19,"4,476.95","4,548.05","4,550.57","4,430.77",572.07M,-0.26%
2016-01-15,"4,488.42","4,464.37","4,520.45","4,419.41",739.41M,-2.74%
2016-01-14,"4,615.00","4,545.37","4,650.55","4,470.59",593.87M,1.97%
2016-01-13,"4,526.06","4,706.02","4,713.98","4,517.56",570.19M,-3.41%
2016-01-12,"4,685.92","4,681.54","4,714.80","4,618.03",498.55M,1.03%
2016-01-11,"4,637.99","4,673.44","4,683.02","4,573.77",528.17M,-0.12%
2016-01-08,"4,643.63","4,722.02","4,742.57","4,637.85",540.57M,-0.98%
2016-01-07,"4,689.43","4,736.40","4,788.02","4,688.17",590.07M,-3.03%
2016-01-06,"4,835.77","4,813.76","4,866.04","4,804.69",501.75M,-1.14%
2016-01-05,"4,891.43","4,917.84","4,926.73","4,872.74",428.07M,-0.24%
2016-01-04,"4,903.09","4,897.65","4,903.09","4,846.98",569.79M,-2.08%
2015-12-31,"5,007.41","5,047.04","5,058.06","5,007.01",384.40M,-1.15%
2015-12-30,"5,065.85","5,101.18","5,102.35","5,065.69",270.26M,-0.82%
2015-12-29,"5,107.94","5,066.52","5,116.99","5,065.89",296.09M,1.33%
2015-12-28,"5,040.98","5,032.29","5,041.27","4,999.07",299.29M,-0.15%
2015-12-24,"5,048.49","5,046.19","5,063.28","5,043.65",172.22M,0.05%
2015-12-23,"5,045.93","5,025.55","5,046.09","5,020.44",354.60M,0.90%
2015-12-22,"5,001.11","4,988.68","5,007.77","4,964.08",346.17M,0.65%
2015-12-21,"4,968.92","4,957.53","4,968.92","4,928.93",393.92M,0.93%
2015-12-18,"4,923.08","4,982.58","4,996.49","4,921.33",1.52B,-1.59%
2015-12-17,"5,002.55","5,087.17","5,088.57","5,002.55",427.95M,-1.35%
2015-12-16,"5,071.13","5,033.48","5,078.99","4,992.63",443.74M,1.52%
2015-12-15,"4,995.36","4,991.21","5,026.54","4,986.99",449.30M,0.87%
2015-12-14,"4,952.23","4,932.61","4,953.60","4,871.59",496.83M,0.38%
2015-12-11,"4,933.47","4,979.77","4,996.19","4,928.67",475.11M,-2.21%
2015-12-10,"5,045.17","5,026.30","5,075.65","5,019.31",388.23M,0.44%
2015-12-09,"5,022.86","5,077.21","5,106.36","5,000.12",442.49M,-1.48%
2015-12-08,"5,098.24","5,050.52","5,111.73","5,045.73",417.62M,-0.07%
2015-12-07,"5,101.81","5,139.46","5,139.78","5,082.23",436.58M,-0.79%
2015-12-04,"5,142.27","5,050.93","5,147.00","5,043.49",440.75M,2.08%
2015-12-03,"5,037.53","5,143.15","5,144.60","5,011.72",486.60M,-1.67%
2015-12-02,"5,123.22","5,158.82","5,176.77","5,117.15",450.13M,-0.64%
2015-12-01,"5,156.31","5,129.64","5,156.31","5,120.17",463.40M,0.93%
2015-11-30,"5,108.67","5,139.58","5,141.36","5,098.70",616.31M,-0.37%
2015-11-27,"5,127.52","5,121.93","5,134.35","5,108.51",189.35M,0.22%
2015-11-25,"5,116.14","5,106.87","5,124.09","5,101.18",343.28M,0.26%
2015-11-24,"5,102.81","5,070.66","5,110.75","5,050.14",417.56M,0.01%
2015-11-23,"5,102.48","5,106.72","5,128.08","5,084.85",386.57M,-0.05%
2015-11-20,"5,104.92","5,096.96","5,112.46","5,094.31",429.76M,0.62%
2015-11-19,"5,073.64","5,078.68","5,092.46","5,067.27",388.35M,-0.03%
2015-11-18,"5,075.20","5,004.60","5,078.80","5,001.67",451.44M,1.79%
2015-11-17,"4,986.02","4,991.71","5,023.45","4,975.74",418.58M,0.03%
2015-11-16,"4,984.62","4,916.14","4,984.91","4,908.66",416.85M,1.15%
2015-11-13,"4,927.88","4,980.86","4,989.06","4,925.35",444.55M,-1.54%
2015-11-12,"5,005.08","5,043.10","5,062.49","5,004.46",395.74M,-1.22%
2015-11-11,"5,067.02","5,098.12","5,111.19","5,066.68",366.71M,-0.32%
2015-11-10,"5,083.24","5,068.55","5,086.89","5,051.22",432.61M,-0.24%
2015-11-09,"5,095.30","5,128.94","5,133.44","5,066.10",436.18M,-1.01%
2015-11-06,"5,147.12","5,124.04","5,147.12","5,092.87",471.93M,0.38%
2015-11-05,"5,127.74","5,144.15","5,154.86","5,098.49",456.55M,-0.29%
2015-11-04,"5,142.48","5,155.62","5,162.57","5,122.78",466.94M,-0.05%
2015-11-03,"5,145.13","5,114.31","5,163.47","5,109.68",446.94M,0.35%
2015-11-02,"5,127.15","5,065.64","5,130.51","5,061.47",427.28M,1.45%
2015-10-30,"5,053.75","5,079.76","5,085.22","5,053.75",509.29M,-0.40%
2015-10-29,"5,074.27","5,071.04","5,084.63","5,066.89",426.89M,-0.42%
2015-10-28,"5,095.69","5,040.38","5,095.69","5,019.60",493.38M,1.30%
2015-10-27,"5,030.15","5,018.99","5,040.08","5,009.07",455.96M,-0.09%
2015-10-26,"5,034.70","5,030.80","5,045.16","5,012.74",418.69M,0.06%
2015-10-23,"5,031.86","5,024.38","5,048.55","4,999.54",509.63M,2.27%
2015-10-22,"4,920.05","4,875.96","4,926.99","4,861.80",505.00M,1.65%
2015-10-21,"4,840.12","4,903.98","4,904.85","4,836.46",431.97M,-0.84%
2015-10-20,"4,880.97","4,900.02","4,909.37","4,866.60",387.51M,-0.50%
2015-10-19,"4,905.47","4,873.54","4,915.49","4,865.83",380.43M,0.38%
2015-10-16,"4,886.69","4,872.36","4,886.95","4,851.28",494.94M,0.34%
2015-10-15,"4,870.10","4,799.43","4,870.10","4,795.29",445.82M,1.82%
2015-10-14,"4,782.85","4,801.35","4,820.09","4,771.62",435.24M,-0.29%
2015-10-13,"4,796.61","4,809.24","4,858.28","4,793.92",354.14M,-0.87%
2015-10-12,"4,838.64","4,839.79","4,846.74","4,818.16",316.99M,0.17%
2015-10-09,"4,830.47","4,817.28","4,841.38","4,804.59",404.83M,0.41%
2015-10-08,"4,810.79","4,775.06","4,819.07","4,737.93",441.40M,0.41%
2015-10-07,"4,791.15","4,775.05","4,791.15","4,728.71",522.59M,0.90%
2015-10-06,"4,748.36","4,767.63","4,783.37","4,711.79",471.98M,-0.69%
2015-10-05,"4,781.26","4,742.13","4,785.91","4,740.24",490.22M,1.56%
2015-10-02,"4,707.77","4,566.13","4,707.77","4,552.34",510.64M,1.74%
2015-10-01,"4,627.08","4,624.46","4,628.23","4,559.21",501.35M,0.15%
2015-09-30,"4,620.16","4,574.38","4,620.16","4,559.18",623.88M,2.28%
2015-09-29,"4,517.32","4,551.04","4,596.06","4,487.06",548.61M,-0.59%
2015-09-28,"4,543.97","4,665.06","4,665.21","4,529.41",558.00M,-3.04%
2015-09-25,"4,686.50","4,782.41","4,785.22","4,659.48",501.80M,-1.01%
2015-09-24,"4,734.48","4,717.89","4,746.21","4,670.12",481.39M,-0.38%
2015-09-23,"4,752.74","4,764.69","4,780.64","4,735.13",365.13M,-0.08%
2015-09-22,"4,756.72","4,762.29","4,776.28","4,716.91",477.77M,-1.50%
2015-09-21,"4,828.95","4,851.98","4,881.46","4,795.91",453.54M,0.04%
2015-09-18,"4,827.23","4,828.71","4,878.71","4,819.09",1.36B,-1.36%
2015-09-17,"4,893.95","4,884.11","4,960.87","4,880.50",444.77M,0.10%
2015-09-16,"4,889.24","4,860.44","4,893.44","4,848.15",382.59M,0.59%
2015-09-15,"4,860.52","4,819.32","4,872.35","4,802.09",353.27M,1.14%
2015-09-14,"4,805.76","4,831.98","4,832.00","4,791.08",358.08M,-0.34%
2015-09-11,"4,822.34","4,770.73","4,822.34","4,763.15",396.56M,0.54%
2015-09-10,"4,796.25","4,749.96","4,826.33","4,746.52",444.14M,0.84%
2015-09-09,"4,756.53","4,856.27","4,862.88","4,746.73",460.53M,-1.15%
2015-09-08,"4,811.93","4,769.72","4,815.04","4,754.89",445.73M,2.73%
2015-09-04,"4,683.92","4,670.35","4,712.67","4,657.82",378.95M,-1.05%
2015-09-03,"4,733.50","4,763.10","4,800.19","4,721.91",434.44M,-0.35%
2015-09-02,"4,749.98","4,704.42","4,749.98","4,659.41",472.71M,2.46%
2015-09-01,"4,636.10","4,673.61","4,722.13","4,614.91",582.68M,-2.94%
2015-08-31,"4,776.51","4,798.68","4,824.61","4,763.42",498.17M,-1.07%
2015-08-28,"4,828.32","4,792.11","4,836.78","4,788.38",509.59M,0.32%
2015-08-27,"4,812.71","4,761.05","4,818.71","4,721.79",590.55M,2.45%
2015-08-26,"4,697.54","4,633.51","4,703.97","4,530.03",633.10M,4.24%
2015-08-25,"4,506.49","4,687.27","4,689.54","4,506.10",657.53M,-0.44%
2015-08-24,"4,526.25","4,351.61","4,694.90","4,292.14",926.38M,-3.82%
2015-08-21,"4,706.04","4,801.04","4,856.75","4,706.04",716.26M,-3.52%
2015-08-20,"4,877.49","4,973.49","4,986.51","4,877.49",477.70M,-2.82%
2015-08-19,"5,019.05","5,039.03","5,060.93","4,992.85",399.25M,-0.80%
2015-08-18,"5,059.35","5,082.18","5,085.14","5,054.97",347.37M,-0.64%
2015-08-17,"5,091.70","5,032.34","5,092.69","5,022.42",360.39M,0.86%
2015-08-14,"5,048.23","5,025.92","5,051.89","5,012.61",343.63M,0.29%
2015-08-13,"5,033.56","5,050.94","5,071.46","5,029.61",376.05M,-0.21%
2015-08-12,"5,044.39","4,994.52","5,055.75","4,945.79",474.10M,0.15%
2015-08-11,"5,036.79","5,069.16","5,089.33","5,013.44",451.20M,-1.27%
2015-08-10,"5,101.80","5,081.72","5,112.47","5,081.11",435.82M,1.16%
2015-08-07,"5,043.54","5,043.97","5,055.56","5,006.15",465.43M,-0.26%
2015-08-06,"5,056.44","5,146.62","5,149.93","5,035.41",511.22M,-1.62%
2015-08-05,"5,139.94","5,132.77","5,175.26","5,131.86",452.96M,0.67%
2015-08-04,"5,105.55","5,110.96","5,125.90","5,092.46",419.37M,-0.19%
2015-08-03,"5,115.38","5,134.34","5,143.08","5,082.32",411.24M,-0.25%
2015-07-31,"5,128.28","5,148.18","5,155.02","5,122.37",517.90M,-0.01%
2015-07-30,"5,128.78","5,100.30","5,135.65","5,070.62",432.34M,0.33%
2015-07-29,"5,111.73","5,097.86","5,117.84","5,080.04",443.58M,0.44%
2015-07-28,"5,089.21","5,063.44","5,097.69","5,025.61",475.08M,0.98%
2015-07-27,"5,039.78","5,055.92","5,072.88","5,032.69",452.92M,-0.96%
2015-07-24,"5,088.63","5,166.91","5,167.54","5,084.51",474.84M,-1.12%
2015-07-23,"5,146.41","5,180.33","5,197.00","5,137.64",439.50M,-0.49%
2015-07-22,"5,171.77","5,146.03","5,184.74","5,145.78",444.46M,-0.70%
2015-07-21,"5,208.12","5,219.20","5,229.00","5,196.30",398.16M,-0.21%
2015-07-20,"5,218.86","5,223.18","5,231.94","5,201.49",390.35M,0.17%
2015-07-17,"5,210.14","5,196.11","5,210.16","5,183.23",443.21M,0.91%
2015-07-16,"5,163.18","5,138.18","5,163.18","5,128.56",382.62M,1.26%
2015-07-15,"5,098.94","5,111.11","5,125.32","5,088.12",384.20M,-0.12%
2015-07-14,"5,104.89","5,077.12","5,116.52","5,075.12",386.79M,0.66%
2015-07-13,"5,071.51","5,037.27","5,074.81","5,036.68",383.98M,1.48%
2015-07-10,"4,997.70","4,981.24","5,008.05","4,966.51",369.46M,1.53%
2015-07-09,"4,922.40","4,976.15","4,982.19","4,920.40",424.41M,0.26%
2015-07-08,"4,909.76","4,953.98","4,965.45","4,901.51",450.17M,-1.75%
2015-07-07,"4,997.46","4,993.76","5,001.99","4,902.21",495.44M,0.11%
2015-07-06,"4,991.94","4,963.80","5,020.71","4,960.93",489.03M,-0.34%
2015-07-02,"5,009.21","5,024.30","5,027.47","4,990.74",357.11M,-0.08%
2015-07-01,"5,013.12","5,029.05","5,038.55","4,994.47",425.75M,0.53%
2015-06-30,"4,986.87","5,000.15","5,008.76","4,968.26",536.57M,0.57%
2015-06-29,"4,958.47","5,021.21","5,051.01","4,956.23",490.09M,-2.40%
2015-06-26,"5,080.51","5,113.26","5,121.47","5,060.82",1.25B,-0.62%
2015-06-25,"5,112.19","5,139.48","5,141.71","5,102.16",404.12M,-0.20%
2015-06-24,"5,122.41","5,151.38","5,164.36","5,121.64",396.72M,-0.73%
2015-06-23,"5,160.10","5,161.68","5,163.41","5,139.33",363.88M,0.12%
2015-06-22,"5,153.97","5,147.87","5,162.13","5,142.78",392.19M,0.72%
2015-06-19,"5,117.00","5,139.77","5,140.17","5,113.94",994.33M,-0.31%
2015-06-18,"5,132.95","5,082.06","5,143.32","5,082.03",434.52M,1.34%
2015-06-17,"5,064.88","5,067.68","5,080.11","5,042.25",394.12M,0.18%
2015-06-16,"5,055.55","5,023.58","5,063.06","5,022.56",373.64M,0.51%
2015-06-15,"5,029.97","5,011.79","5,035.37","4,985.94",429.32M,-0.42%
2015-06-12,"5,051.10","5,060.24","5,067.96","5,043.24",348.82M,-0.62%
2015-06-11,"5,082.51","5,088.26","5,101.39","5,075.05",406.91M,0.11%
2015-06-10,"5,076.69","5,029.41","5,086.66","5,024.17",428.37M,1.25%
2015-06-09,"5,013.86","5,013.13","5,027.02","4,974.61",394.83M,-0.15%
2015-06-08,"5,021.63","5,066.65","5,069.00","5,014.06",388.07M,-0.92%
2015-06-05,"5,068.46","5,057.04","5,074.98","5,025.52",426.33M,0.18%
2015-06-04,"5,059.12","5,078.22","5,101.11","5,046.29",407.34M,-0.79%
2015-06-03,"5,099.23","5,098.48","5,114.60","5,084.99",411.41M,0.45%
2015-06-02,"5,076.52","5,063.47","5,100.02","5,047.35",410.95M,-0.13%
2015-06-01,"5,082.93","5,094.94","5,099.01","5,045.67",444.44M,0.25%
2015-05-29,"5,070.02","5,093.10","5,099.40","5,057.59",545.79M,-0.55%
2015-05-28,"5,097.98","5,096.34","5,106.65","5,080.25",400.53M,-0.17%
2015-05-27,"5,106.59","5,047.86","5,111.54","5,039.37",424.87M,1.47%
2015-05-26,"5,032.75","5,076.91","5,081.17","5,016.73",442.17M,-1.11%
2015-05-22,"5,089.36","5,085.39","5,103.84","5,085.19",363.37M,-0.03%
2015-05-21,"5,090.79","5,065.94","5,098.23","5,062.51",381.24M,0.38%
2015-05-20,"5,071.74","5,072.44","5,097.52","5,050.21",401.52M,0.03%
2015-05-19,"5,070.03","5,080.44","5,087.35","5,062.80",412.31M,-0.17%
2015-05-18,"5,078.44","5,040.92","5,084.50","5,037.54",391.35M,0.60%
2015-05-15,"5,048.29","5,059.15","5,062.65","5,034.84",431.42M,-0.05%
2015-05-14,"5,050.80","5,016.68","5,051.72","4,999.65",404.81M,1.39%
2015-05-13,"4,981.69","4,991.42","5,012.97","4,977.49",384.76M,0.11%
2015-05-12,"4,976.19","4,966.44","4,995.50","4,931.60",403.84M,-0.35%
2015-05-11,"4,993.57","5,003.26","5,017.38","4,992.02",410.32M,-0.20%
2015-05-08,"5,003.55","4,991.63","5,014.33","4,989.26",450.65M,1.17%
2015-05-07,"4,945.54","4,917.75","4,957.12","4,914.53",470.26M,0.53%
2015-05-06,"4,919.64","4,956.70","4,965.10","4,888.17",496.02M,-0.40%
2015-05-05,"4,939.33","5,000.19","5,008.27","4,934.34",479.75M,-1.55%
2015-05-04,"5,016.93","5,018.35","5,043.62","5,013.02",415.23M,0.23%
2015-05-01,"5,005.39","4,966.32","5,005.39","4,962.74",461.13M,1.29%
2015-04-30,"4,941.42","4,996.99","5,015.96","4,921.56",591.67M,-1.64%
2015-04-29,"5,023.64","5,028.45","5,053.85","4,999.83",443.71M,-0.63%
2015-04-28,"5,055.42","5,063.26","5,075.30","5,006.28",476.10M,-0.10%
2015-04-27,"5,060.25","5,104.36","5,119.83","5,053.54",506.28M,-0.63%
2015-04-24,"5,092.09","5,096.34","5,100.37","5,081.21",467.32M,0.71%
2015-04-23,"5,056.06","5,020.22","5,073.09","5,019.30",435.93M,0.41%
2015-04-22,"5,035.17","5,026.57","5,040.65","4,992.62",398.30M,0.42%
2015-04-21,"5,014.10","5,023.96","5,028.22","5,009.51",381.51M,0.39%
2015-04-20,"4,994.60","4,958.07","5,000.20","4,952.68",386.63M,1.27%
2015-04-17,"4,931.81","4,966.11","4,974.09","4,912.32",506.00M,-1.52%
2015-04-16,"5,007.79","4,999.36","5,016.00","4,996.00",383.97M,-0.06%
2015-04-15,"5,011.02","4,992.62","5,021.19","4,989.24",425.85M,0.68%
2015-04-14,"4,977.29","4,988.82","4,996.82","4,952.01",364.24M,-0.22%
2015-04-13,"4,988.25","5,001.56","5,024.25","4,985.96",369.22M,-0.15%
2015-04-10,"4,995.98","4,977.03","4,996.08","4,970.02",341.08M,0.43%
2015-04-09,"4,974.56","4,950.84","4,975.93","4,928.11",387.11M,0.48%
2015-04-08,"4,950.82","4,914.15","4,956.72","4,914.15",409.41M,0.83%
2015-04-07,"4,910.23","4,917.50","4,948.88","4,909.77",373.96M,-0.14%
2015-04-06,"4,917.32","4,855.94","4,929.62","4,852.91",466.90M,0.62%
2015-04-02,"4,886.94","4,885.41","4,901.32","4,872.96",383.83M,0.14%
2015-04-01,"4,880.23","4,894.36","4,899.38","4,844.39",457.08M,-0.42%
2015-03-31,"4,900.88","4,925.91","4,940.87","4,899.31",509.76M,-0.94%
2015-03-30,"4,947.44","4,921.78","4,948.46","4,921.12",419.66M,1.15%
2015-03-27,"4,891.22","4,863.74","4,899.26","4,859.65",429.39M,0.57%
2015-03-26,"4,863.36","4,835.72","4,889.21","4,825.93",488.34M,-0.27%
2015-03-25,"4,876.52","5,002.83","5,006.76","4,876.52",518.11M,-2.37%
2015-03-24,"4,994.73","5,010.10","5,032.48","4,994.56",383.80M,-0.32%
2015-03-23,"5,010.97","5,020.60","5,031.39","5,010.97",394.24M,-0.31%
2015-03-20,"5,026.42","5,033.47","5,042.14","5,020.06",1.07B,0.68%
2015-03-19,"4,992.38","4,982.02","5,000.02","4,979.94",388.56M,0.19%
2015-03-18,"4,982.83","4,926.83","5,001.57","4,907.72",473.04M,0.92%
2015-03-17,"4,937.44","4,912.65","4,944.91","4,907.02",415.82M,0.16%
2015-03-16,"4,929.51","4,897.27","4,929.94","4,889.09",417.73M,1.19%
2015-03-13,"4,871.76","4,885.54","4,904.47","4,842.80",439.59M,-0.44%
2015-03-12,"4,893.29","4,853.98","4,895.80","4,853.20",451.95M,0.89%
2015-03-11,"4,849.94","4,866.94","4,876.09","4,846.79",456.59M,-0.20%
2015-03-10,"4,859.80","4,899.51","4,903.44","4,859.80",460.96M,-1.67%
2015-03-09,"4,942.44","4,936.08","4,950.47","4,920.82",405.49M,0.31%
2015-03-06,"4,927.37","4,967.24","4,982.93","4,918.62",462.81M,-1.11%
2015-03-05,"4,982.81","4,979.95","4,993.52","4,963.10",417.03M,0.32%
2015-03-04,"4,967.14","4,961.24","4,973.32","4,938.90",433.19M,-0.26%
2015-03-03,"4,979.90","4,990.70","4,996.66","4,956.07",481.23M,-0.56%
2015-03-02,"5,008.10","4,973.43","5,008.57","4,972.01",468.54M,0.90%
2015-02-27,"4,963.53","4,985.03","4,989.25","4,960.88",485.69M,-0.49%
2015-02-26,"4,987.89","4,969.27","4,989.11","4,955.51",437.96M,0.42%
2015-02-25,"4,967.14","4,960.36","4,984.24","4,955.99",422.94M,-0.02%
2015-02-24,"4,968.12","4,956.21","4,971.18","4,945.14",429.64M,0.14%
2015-02-23,"4,960.97","4,953.10","4,960.97","4,939.56",452.05M,0.10%
2015-02-20,"4,955.97","4,919.78","4,957.02","4,905.59",456.72M,0.63%
2015-02-19,"4,924.70","4,901.51","4,929.53","4,900.63",380.21M,0.37%
2015-02-18,"4,906.36","4,890.84","4,907.50","4,885.60",410.20M,0.14%
2015-02-17,"4,899.27","4,889.98","4,901.89","4,880.64",450.15M,0.11%
2015-02-13,"4,893.84","4,869.73","4,893.84","4,860.12",455.86M,0.75%
2015-02-12,"4,857.61","4,828.08","4,857.61","4,823.57",480.02M,1.18%
2015-02-11,"4,801.18","4,788.37","4,810.36","4,780.13",433.80M,0.28%
2015-02-10,"4,787.65","4,754.62","4,793.27","4,737.12",441.96M,1.30%
2015-02-09,"4,726.01","4,723.73","4,749.47","4,719.61",411.22M,-0.39%
2015-02-06,"4,744.40","4,768.85","4,787.19","4,731.22",494.10M,-0.43%
2015-02-05,"4,765.10","4,729.65","4,767.38","4,722.80",501.77M,1.03%
2015-02-04,"4,716.70","4,699.81","4,744.33","4,697.79",549.87M,-0.23%
2015-02-03,"4,727.74","4,693.25","4,727.74","4,670.82",553.80M,1.09%
2015-02-02,"4,676.69","4,650.60","4,676.69","4,580.46",525.39M,0.89%
2015-01-30,"4,635.24","4,671.20","4,703.81","4,631.10",638.81M,-1.03%
2015-01-29,"4,683.41","4,635.73","4,688.41","4,601.76",529.67M,0.98%
2015-01-28,"4,637.99","4,740.69","4,742.06","4,637.48",534.45M,-0.93%
2015-01-27,"4,681.50","4,698.23","4,721.88","4,659.83",469.34M,-1.89%
2015-01-26,"4,771.76","4,752.36","4,774.18","4,734.20",460.89M,0.29%
2015-01-23,"4,757.88","4,748.19","4,771.18","4,737.95",414.94M,0.16%
2015-01-22,"4,750.40","4,690.93","4,752.60","4,644.57",515.53M,1.78%
2015-01-21,"4,667.42","4,641.95","4,692.46","4,629.59",463.22M,0.27%
2015-01-20,"4,654.85","4,655.84","4,665.65","4,601.10",473.62M,0.44%
2015-01-16,"4,634.38","4,566.38","4,635.82","4,563.11",548.60M,1.39%
2015-01-15,"4,570.82","4,657.46","4,663.96","4,567.39",525.69M,-1.48%
2015-01-14,"4,639.32","4,610.76","4,655.37","4,595.98",527.38M,-0.48%
2015-01-13,"4,661.50","4,708.74","4,751.34","4,624.28",566.52M,-0.07%
2015-01-12,"4,664.71","4,714.07","4,715.81","4,650.65",491.28M,-0.84%
2015-01-09,"4,704.07","4,744.47","4,744.71","4,681.24",430.67M,-0.68%
2015-01-08,"4,736.19","4,689.54","4,741.38","4,688.02",548.10M,1.84%
2015-01-07,"4,650.47","4,626.84","4,652.72","4,613.90",482.51M,1.26%
2015-01-06,"4,592.74","4,666.85","4,667.33","4,567.60",553.62M,-1.29%
2015-01-05,"4,652.57","4,700.34","4,702.77","4,641.46",476.45M,-1.57%
2015-01-02,"4,726.81","4,760.24","4,777.01","4,698.11",367.74M,-0.20%
2014-12-31,"4,736.05","4,790.53","4,806.43","4,734.11",422.14M,-0.87%
2014-12-30,"4,777.44","4,793.61","4,803.89","4,772.88",316.50M,-0.61%
2014-12-29,"4,806.91","4,801.26","4,813.72","4,798.90",312.34M,0.00%
2014-12-26,"4,806.86","4,788.06","4,814.95","4,787.85",264.82M,0.70%
2014-12-24,"4,773.47","4,770.12","4,787.57","4,768.67",195.60M,0.17%
2014-12-23,"4,765.42","4,798.03","4,798.06","4,761.39",405.38M,-0.33%
2014-12-22,"4,781.42","4,759.04","4,781.93","4,757.81",450.59M,0.34%
2014-12-19,"4,765.38","4,752.60","4,782.13","4,738.29",1.29B,0.36%
2014-12-18,"4,748.40","4,712.39","4,748.40","4,697.09",553.98M,2.24%
2014-12-17,"4,644.31","4,556.90","4,651.90","4,550.70",573.50M,2.12%
2014-12-16,"4,547.83","4,572.79","4,645.19","4,547.31",587.10M,-1.24%
2014-12-15,"4,605.16","4,679.67","4,690.58","4,592.43",568.38M,-1.04%
2014-12-12,"4,653.60","4,665.35","4,707.92","4,653.60",489.47M,-1.16%
2014-12-11,"4,708.16","4,704.65","4,759.88","4,699.43",448.12M,0.52%
2014-12-10,"4,684.02","4,754.42","4,766.64","4,679.24",481.57M,-1.73%
2014-12-09,"4,766.47","4,685.20","4,768.41","4,674.38",484.64M,0.54%
2014-12-08,"4,740.69","4,769.76","4,793.24","4,722.91",497.78M,-0.84%
2014-12-05,"4,780.76","4,776.57","4,788.98","4,769.64",449.46M,0.24%
2014-12-04,"4,769.44","4,772.00","4,785.41","4,753.71",448.63M,-0.11%
2014-12-03,"4,774.47","4,761.31","4,781.37","4,745.14",450.70M,0.39%
2014-12-02,"4,755.81","4,732.97","4,761.63","4,729.76",460.39M,0.60%
2014-12-01,"4,727.35","4,777.73","4,782.07","4,724.62",481.09M,-1.34%
2014-11-28,"4,791.63","4,797.10","4,810.86","4,786.72",300.15M,0.09%
2014-11-26,"4,787.32","4,760.23","4,788.00","4,757.48",351.09M,0.61%
2014-11-25,"4,758.25","4,762.39","4,774.52","4,749.92",491.47M,0.07%
2014-11-24,"4,754.89","4,725.17","4,755.02","4,723.62",413.33M,0.89%
2014-11-21,"4,712.97","4,751.01","4,751.60","4,700.73",550.29M,0.24%
2014-11-20,"4,701.87","4,655.20","4,702.97","4,653.32",411.10M,0.56%
2014-11-19,"4,675.71","4,694.78","4,696.20","4,655.72",427.48M,-0.57%
2014-11-18,"4,702.44","4,674.84","4,709.83","4,674.30",421.88M,0.67%
2014-11-17,"4,671.00","4,678.44","4,689.53","4,655.19",429.26M,-0.37%
2014-11-14,"4,688.54","4,679.85","4,688.74","4,664.31",433.43M,0.18%
2014-11-13,"4,680.14","4,681.56","4,703.10","4,664.27",457.99M,0.11%
2014-11-12,"4,675.14","4,644.63","4,678.58","4,643.78",447.41M,0.31%
2014-11-11,"4,660.56","4,649.19","4,661.23","4,640.24",411.43M,0.19%
2014-11-10,"4,651.62","4,635.10","4,653.38","4,626.49",471.19M,0.41%
2014-11-07,"4,632.53","4,636.89","4,638.80","4,606.81",475.31M,-0.13%
2014-11-06,"4,638.47","4,616.78","4,639.17","4,604.76",482.30M,0.38%
2014-11-05,"4,620.72","4,649.47","4,650.39","4,607.73",497.48M,-0.06%
2014-11-04,"4,623.64","4,623.77","4,635.95","4,594.91",480.85M,-0.33%
2014-11-03,"4,638.91","4,633.71","4,654.19","4,627.42",522.97M,0.18%
2014-10-31,"4,630.74","4,639.45","4,641.51","4,616.58",659.76M,1.41%
2014-10-30,"4,566.14","4,532.10","4,575.50","4,521.79",516.18M,0.37%
2014-10-29,"4,549.23","4,551.37","4,564.44","4,517.02",543.05M,-0.33%
2014-10-28,"4,564.29","4,505.73","4,564.29","4,505.11",507.39M,1.75%
2014-10-27,"4,485.93","4,469.02","4,489.60","4,450.29",413.39M,0.05%
2014-10-24,"4,483.72","4,459.46","4,486.26","4,445.85",446.47M,0.69%
2014-10-23,"4,452.79","4,427.44","4,475.55","4,421.56",508.53M,1.60%
2014-10-22,"4,382.85","4,429.16","4,435.86","4,381.28",501.41M,-0.83%
2014-10-21,"4,419.48","4,359.17","4,419.48","4,356.10",492.35M,2.40%
2014-10-20,"4,316.07","4,254.16","4,316.87","4,248.22",456.92M,1.35%
2014-10-17,"4,258.44","4,275.09","4,296.11","4,241.67",667.36M,0.97%
2014-10-16,"4,217.39","4,133.25","4,246.01","4,131.65",692.06M,0.05%
2014-10-15,"4,215.32","4,154.10","4,231.54","4,116.60",794.03M,-0.28%
2014-10-14,"4,227.17","4,246.23","4,281.34","4,212.82",652.38M,0.32%
2014-10-13,"4,213.66","4,274.90","4,303.82","4,212.86",631.03M,-1.46%
2014-10-10,"4,276.24","4,354.63","4,380.51","4,276.24",714.33M,-2.33%
2014-10-09,"4,378.34","4,458.29","4,464.13","4,377.28",552.97M,-2.02%
2014-10-08,"4,468.59","4,385.70","4,473.73","4,355.34",595.04M,1.90%
2014-10-07,"4,385.20","4,433.91","4,441.76","4,385.15",510.60M,-1.56%
2014-10-06,"4,454.80","4,492.40","4,496.26","4,444.10",463.15M,-0.47%
2014-10-03,"4,475.62","4,456.81","4,488.07","4,445.72",459.89M,1.03%
2014-10-02,"4,430.19","4,421.25","4,441.95","4,367.74",512.30M,0.18%
2014-10-01,"4,422.09","4,486.65","4,486.79","4,409.30",575.57M,-1.59%
2014-09-30,"4,493.39","4,512.64","4,522.06","4,483.91",573.84M,-0.28%
2014-09-29,"4,505.85","4,465.84","4,515.24","4,464.44",432.41M,-0.14%
2014-09-26,"4,512.19","4,476.48","4,515.74","4,475.48",409.65M,1.02%
2014-09-25,"4,466.75","4,540.82","4,546.93","4,466.64",490.17M,-1.94%
2014-09-24,"4,555.22","4,514.92","4,557.27","4,500.13",430.45M,1.03%
2014-09-23,"4,508.69","4,511.32","4,536.03","4,508.42",461.87M,-0.42%
2014-09-22,"4,527.69","4,568.45","4,568.87","4,513.12",471.72M,-1.14%
2014-09-19,"4,579.79","4,606.13","4,610.57","4,563.44",1.20B,-0.30%
2014-09-18,"4,593.43","4,575.74","4,593.98","4,572.62",430.26M,0.68%
2014-09-17,"4,562.19","4,553.96","4,582.40","4,539.36",441.01M,0.21%
2014-09-16,"4,552.76","4,502.11","4,558.24","4,499.87",467.05M,0.75%
2014-09-15,"4,518.90","4,567.45","4,567.47","4,506.73",463.55M,-1.07%
2014-09-12,"4,567.60","4,588.77","4,590.08","4,555.68",440.81M,-0.53%
2014-09-11,"4,591.81","4,567.64","4,591.81","4,559.75",407.26M,0.12%
2014-09-10,"4,586.52","4,554.15","4,587.10","4,544.84",426.46M,0.75%
2014-09-09,"4,552.28","4,588.83","4,599.03","4,544.44",455.94M,-0.87%
2014-09-08,"4,592.28","4,579.06","4,600.40","4,570.23",412.63M,0.20%
2014-09-05,"4,582.90","4,560.63","4,583.00","4,542.74",403.42M,0.45%
2014-09-04,"4,562.29","4,581.52","4,603.15","4,553.31",411.00M,-0.22%
2014-09-03,"4,572.56","4,610.14","4,610.14","4,565.38",456.17M,-0.56%
2014-09-02,"4,598.19","4,592.42","4,598.64","4,576.81",445.94M,0.39%
2014-08-29,"4,580.27","4,571.76","4,580.27","4,553.78",354.03M,0.50%
2014-08-28,"4,557.69","4,552.55","4,565.96","4,546.62",321.03M,-0.26%
2014-08-27,"4,569.62","4,574.35","4,575.81","4,561.84",335.94M,-0.02%
2014-08-26,"4,570.64","4,563.81","4,575.59","4,556.78",342.63M,0.29%
2014-08-25,"4,557.35","4,563.72","4,571.14","4,547.78",334.63M,0.41%
2014-08-22,"4,538.55","4,534.87","4,547.24","4,521.77",329.97M,0.14%
2014-08-21,"4,532.10","4,526.72","4,534.00","4,513.81",349.36M,0.12%
2014-08-20,"4,526.48","4,517.75","4,533.01","4,515.73",356.53M,-0.02%
2014-08-19,"4,527.51","4,514.26","4,528.91","4,513.92",373.14M,0.43%
2014-08-18,"4,508.31","4,490.53","4,509.15","4,486.44",395.42M,0.97%
2014-08-15,"4,464.93","4,479.64","4,482.47","4,427.13",507.50M,0.27%
2014-08-14,"4,453.00","4,438.13","4,453.00","4,433.94",334.04M,0.43%
2014-08-13,"4,434.12","4,407.86","4,434.31","4,403.64",372.80M,1.02%
2014-08-12,"4,389.25","4,394.69","4,407.08","4,371.84",366.69M,-0.27%
2014-08-11,"4,401.33","4,387.38","4,415.78","4,384.15",366.75M,0.70%
2014-08-08,"4,370.90","4,340.88","4,373.11","4,327.87",435.75M,0.83%
2014-08-07,"4,334.97","4,373.24","4,379.70","4,321.89",456.47M,-0.46%
2014-08-06,"4,355.05","4,326.28","4,378.99","4,325.04",444.29M,0.05%
2014-08-05,"4,352.84","4,364.59","4,383.02","4,333.58",467.51M,-0.71%
2014-08-04,"4,383.89","4,365.62","4,395.38","4,343.03",435.81M,0.72%
2014-08-01,"4,352.64","4,363.39","4,385.05","4,324.02",504.65M,-0.39%
2014-07-31,"4,369.77","4,421.29","4,430.80","4,367.15",574.24M,-2.09%
2014-07-30,"4,462.90","4,468.44","4,476.06","4,444.51",457.16M,0.45%
2014-07-29,"4,442.70","4,456.07","4,470.97","4,441.03",486.03M,-0.05%
2014-07-28,"4,444.91","4,451.12","4,455.39","4,413.91",430.75M,-0.10%
2014-07-25,"4,449.56","4,448.06","4,457.95","4,430.43",420.14M,-0.50%
2014-07-24,"4,472.11","4,481.61","4,485.50","4,465.94",456.08M,-0.04%
2014-07-23,"4,473.70","4,468.16","4,480.73","4,457.94",448.41M,0.40%
2014-07-22,"4,456.02","4,444.94","4,464.13","4,443.35",403.35M,0.71%
2014-07-21,"4,424.70","4,421.20","4,432.41","4,404.51",379.18M,-0.17%
2014-07-18,"4,432.15","4,379.94","4,434.44","4,378.22",494.56M,1.57%
2014-07-17,"4,363.45","4,411.52","4,425.38","4,352.23",505.57M,-1.41%
2014-07-16,"4,425.97","4,446.17","4,448.87","4,419.71",492.61M,0.22%
2014-07-15,"4,416.39","4,444.91","4,451.93","4,389.70",444.64M,-0.54%
2014-07-14,"4,440.42","4,441.39","4,451.60","4,432.95",377.89M,0.56%
2014-07-11,"4,415.49","4,401.05","4,417.16","4,389.29",365.72M,0.44%
2014-07-10,"4,396.20","4,352.03","4,415.85","4,351.04",409.74M,-0.52%
2014-07-09,"4,419.03","4,403.03","4,421.93","4,388.01",414.26M,0.63%
2014-07-08,"4,391.46","4,442.87","4,443.56","4,372.04",540.90M,-1.35%
2014-07-07,"4,451.53","4,477.74","4,478.02","4,447.60",424.55M,-0.77%
2014-07-03,"4,485.93","4,472.89","4,485.93","4,463.85",296.07M,0.63%
2014-07-02,"4,457.73","4,457.86","4,466.92","4,450.87",386.49M,-0.02%
2014-07-01,"4,458.65","4,424.71","4,471.60","4,424.43",490.57M,1.14%
2014-06-30,"4,408.18","4,398.37","4,417.46","4,396.59",493.49M,0.23%
2014-06-27,"4,397.93","4,371.80","4,398.85","4,371.60",1.13B,0.43%
2014-06-26,"4,379.05","4,379.44","4,379.80","4,347.45",360.13M,-0.02%
2014-06-25,"4,379.76","4,341.82","4,383.55","4,339.41",422.56M,0.68%
2014-06-24,"4,350.35","4,367.90","4,399.87","4,342.90",482.18M,-0.42%
2014-06-23,"4,368.68","4,368.95","4,371.81","4,358.68",424.37M,0.01%
2014-06-20,"4,368.04","4,365.37","4,368.80","4,354.03",1.06B,0.20%
2014-06-19,"4,359.33","4,370.14","4,372.18","4,339.61",440.75M,-0.08%
2014-06-18,"4,362.84","4,341.18","4,365.10","4,320.54",434.83M,0.59%
2014-06-17,"4,337.23","4,316.01","4,346.12","4,311.15",444.94M,0.37%
2014-06-16,"4,321.10","4,303.93","4,326.89","4,296.26",407.96M,0.24%
2014-06-13,"4,310.65","4,315.31","4,317.67","4,288.41",430.05M,0.30%
2014-06-12,"4,297.63","4,323.11","4,328.35","4,284.53",454.96M,-0.79%
2014-06-11,"4,331.93","4,322.92","4,338.21","4,315.49",408.36M,-0.14%
2014-06-10,"4,338.00","4,329.20","4,338.87","4,319.93",419.94M,0.04%
2014-06-09,"4,336.24","4,324.35","4,346.74","4,320.28",435.14M,0.34%
2014-06-06,"4,321.40","4,312.76","4,322.51","4,305.74",409.13M,0.59%
2014-06-05,"4,296.23","4,259.12","4,299.50","4,241.68",456.39M,1.05%
2014-06-04,"4,251.64","4,222.21","4,256.19","4,216.23",392.28M,0.41%
2014-06-03,"4,234.08","4,222.04","4,240.35","4,215.80",432.93M,-0.07%
2014-06-02,"4,237.20","4,247.96","4,247.96","4,207.61",408.84M,-0.13%
2014-05-30,"4,242.62","4,251.49","4,252.08","4,221.95",511.40M,-0.13%
2014-05-29,"4,247.95","4,238.04","4,247.95","4,228.96",365.31M,0.54%
2014-05-28,"4,225.07","4,234.96","4,238.17","4,216.89",406.89M,-0.28%
2014-05-27,"4,237.07","4,206.44","4,237.07","4,204.72",429.96M,1.22%
2014-05-23,"4,185.81","4,159.78","4,186.58","4,148.30",387.93M,0.76%
2014-05-22,"4,154.34","4,136.09","4,164.85","4,131.47",434.35M,0.55%
2014-05-21,"4,131.54","4,105.96","4,133.61","4,103.61",417.63M,0.85%
2014-05-20,"4,096.89","4,121.11","4,124.86","4,080.61",459.62M,-0.70%
2014-05-19,"4,125.81","4,080.33","4,128.47","4,075.70",401.44M,0.86%
2014-05-16,"4,090.59","4,070.35","4,091.16","4,044.27",469.90M,0.52%
2014-05-15,"4,069.29","4,096.53","4,098.25","4,035.96",539.00M,-0.76%
2014-05-14,"4,100.63","4,122.08","4,132.33","4,093.83",443.26M,-0.71%
2014-05-13,"4,130.16","4,144.90","4,155.13","4,128.01",446.52M,-0.33%
2014-05-12,"4,143.86","4,092.84","4,146.54","4,092.09",485.71M,1.77%
2014-05-09,"4,071.87","4,043.44","4,071.87","4,025.24",502.34M,0.50%
2014-05-08,"4,051.50","4,053.28","4,109.20","4,039.91",588.77M,-0.40%
2014-05-07,"4,067.67","4,085.49","4,091.03","4,021.05",636.41M,-0.32%
2014-05-06,"4,080.76","4,128.22","4,132.46","4,080.76",479.26M,-1.38%
2014-05-05,"4,138.06","4,099.25","4,138.34","4,086.35",404.88M,0.34%
2014-05-02,"4,123.90","4,138.63","4,145.06","4,115.89",480.28M,-0.09%
2014-05-01,"4,127.45","4,121.25","4,149.56","4,105.61",536.77M,0.31%
2014-04-30,"4,114.56","4,085.19","4,116.14","4,070.62",547.57M,0.27%
2014-04-29,"4,103.54","4,089.51","4,111.45","4,070.24",457.60M,0.72%
2014-04-28,"4,074.40","4,091.81","4,111.59","4,014.17",572.11M,-0.03%
2014-04-25,"4,075.56","4,125.16","4,126.98","4,068.10",526.90M,-1.75%
2014-04-24,"4,148.34","4,174.61","4,177.16","4,107.52",521.52M,0.52%
2014-04-23,"4,126.97","4,160.90","4,161.44","4,125.41",447.60M,-0.83%
2014-04-22,"4,161.46","4,132.06","4,170.72","4,131.61",463.21M,0.97%
2014-04-21,"4,121.55","4,105.36","4,121.55","4,081.91",395.74M,0.64%
2014-04-17,"4,095.52","4,080.30","4,110.46","4,064.70",506.53M,0.23%
2014-04-16,"4,086.22","4,066.82","4,086.28","4,038.81",481.18M,1.29%
2014-04-15,"4,034.16","4,032.63","4,054.80","3,946.03",591.54M,0.29%
2014-04-14,"4,022.69","4,038.06","4,050.79","3,986.50",488.25M,0.57%
2014-04-11,"3,999.73","4,015.07","4,067.22","3,991.64",593.44M,-1.34%
2014-04-10,"4,054.11","4,181.21","4,182.61","4,042.76",612.45M,-3.10%
2014-04-09,"4,183.90","4,129.63","4,185.19","4,121.17",473.34M,1.72%
2014-04-08,"4,112.99","4,085.18","4,120.24","4,066.11",542.20M,0.81%
2014-04-07,"4,079.75","4,110.92","4,133.68","4,052.14",649.90M,-1.16%
2014-04-04,"4,127.73","4,263.94","4,267.06","4,118.71",653.31M,-2.60%
2014-04-03,"4,237.74","4,282.18","4,284.69","4,216.57",499.91M,-0.91%
2014-04-02,"4,276.46","4,281.61","4,286.09","4,258.86",495.12M,0.20%
2014-04-01,"4,268.04","4,219.87","4,268.20","4,218.77",533.02M,1.64%
2014-03-31,"4,198.99","4,185.62","4,212.97","4,180.54",554.21M,1.04%
2014-03-28,"4,155.76","4,163.18","4,203.49","4,144.69",483.50M,0.11%
2014-03-27,"4,151.23","4,169.35","4,186.12","4,131.81",549.86M,-0.54%
2014-03-26,"4,173.58","4,254.98","4,263.07","4,173.58",577.28M,-1.43%
2014-03-25,"4,234.27","4,252.65","4,274.32","4,203.64",510.49M,0.19%
2014-03-24,"4,226.39","4,289.49","4,289.49","4,190.61",604.09M,-1.18%
2014-03-21,"4,276.79","4,339.90","4,344.39","4,268.34",1.20B,-0.98%
2014-03-20,"4,319.29","4,297.99","4,329.61","4,287.41",431.12M,0.27%
2014-03-19,"4,307.60","4,331.46","4,334.30","4,283.53",478.15M,-0.59%
2014-03-18,"4,333.31","4,286.22","4,334.66","4,284.11",456.46M,1.25%
2014-03-17,"4,279.95","4,274.22","4,301.28","4,273.01",446.41M,0.81%
2014-03-14,"4,245.40","4,250.45","4,272.34","4,241.94",507.68M,-0.35%
2014-03-13,"4,260.42","4,338.26","4,339.90","4,242.94",569.83M,-1.46%
2014-03-12,"4,323.33","4,288.60","4,323.33","4,270.22",498.61M,0.37%
2014-03-11,"4,307.19","4,342.93","4,354.43","4,295.47",573.28M,-0.63%
2014-03-10,"4,334.45","4,332.62","4,339.93","4,307.84",501.33M,-0.04%
2014-03-07,"4,336.22","4,370.98","4,371.39","4,319.15",514.04M,-0.37%
2014-03-06,"4,352.12","4,368.81","4,371.71","4,341.00",499.17M,-0.13%
2014-03-05,"4,357.97","4,352.76","4,362.50","4,344.15",514.26M,0.14%
2014-03-04,"4,351.97","4,327.85","4,357.21","4,327.53",643.05M,1.75%
2014-03-03,"4,277.30","4,261.42","4,284.15","4,239.65",507.66M,-0.72%
2014-02-28,"4,308.12","4,323.52","4,342.59","4,275.61",643.34M,-0.25%
2014-02-27,"4,318.93","4,291.47","4,322.46","4,284.78",487.35M,0.63%
2014-02-26,"4,292.06","4,300.45","4,316.82","4,278.53",493.19M,0.10%
2014-02-25,"4,287.59","4,298.48","4,307.51","4,275.80",496.24M,-0.13%
2014-02-24,"4,292.97","4,273.32","4,311.12","4,272.11",535.27M,0.69%
2014-02-21,"4,263.41","4,282.17","4,284.85","4,261.63",588.21M,-0.10%
2014-02-20,"4,267.55","4,241.46","4,272.34","4,226.75",494.50M,0.70%
2014-02-19,"4,237.95","4,260.74","4,274.28","4,232.38",493.76M,-0.82%
2014-02-18,"4,272.78","4,253.71","4,277.33","4,243.56",498.37M,0.68%
2014-02-14,"4,244.02","4,237.00","4,250.91","4,225.75",454.93M,0.08%
2014-02-13,"4,240.67","4,171.58","4,240.67","4,170.47",538.01M,0.94%
2014-02-12,"4,201.29","4,196.85","4,212.61","4,190.39",494.54M,0.24%
2014-02-11,"4,191.05","4,154.65","4,198.51","4,153.10",478.48M,1.03%
2014-02-10,"4,148.17","4,125.12","4,148.30","4,122.61",467.91M,0.54%
2014-02-07,"4,125.86","4,081.82","4,126.51","4,069.93",532.90M,1.69%
2014-02-06,"4,057.12","4,022.66","4,064.06","4,022.17",480.95M,1.14%
2014-02-05,"4,011.55","4,015.50","4,026.28","3,968.19",535.25M,-0.50%
2014-02-04,"4,031.52","4,019.44","4,044.20","4,004.58",561.05M,0.86%
2014-02-03,"3,996.96","4,105.06","4,113.55","3,989.95",662.97M,-2.61%
2014-01-31,"4,103.88","4,068.63","4,124.92","4,067.61",617.34M,-0.47%
2014-01-30,"4,123.12","4,098.81","4,135.84","4,094.17",507.59M,1.77%
2014-01-29,"4,051.43","4,060.61","4,091.27","4,044.76",555.45M,-1.14%
2014-01-28,"4,097.96","4,067.86","4,099.81","4,067.69",496.49M,0.35%
2014-01-27,"4,083.61","4,132.22","4,136.46","4,052.63",579.54M,-1.08%
2014-01-24,"4,128.17","4,194.97","4,197.93","4,128.17",606.96M,-2.15%
2014-01-23,"4,218.88","4,224.36","4,224.44","4,192.28",549.54M,-0.57%
2014-01-22,"4,243.00","4,234.58","4,246.55","4,225.52",483.04M,0.41%
2014-01-21,"4,225.76","4,222.98","4,227.93","4,193.17",502.83M,0.67%
2014-01-17,"4,197.58","4,207.82","4,217.24","4,187.31",619.38M,-0.50%
2014-01-16,"4,218.69","4,209.59","4,219.28","4,204.15",459.92M,0.09%
2014-01-15,"4,214.88","4,196.53","4,218.79","4,195.98",491.43M,0.76%
2014-01-14,"4,183.02","4,129.60","4,183.84","4,125.81",470.40M,1.69%
2014-01-13,"4,113.30","4,167.41","4,179.47","4,097.99",549.44M,-1.47%
2014-01-10,"4,174.66","4,168.94","4,174.68","4,142.21",483.38M,0.44%
2014-01-09,"4,156.19","4,179.04","4,182.74","4,142.70",520.40M,-0.23%
2014-01-08,"4,165.61","4,154.28","4,171.75","4,145.00",545.34M,0.30%
2014-01-07,"4,153.18","4,128.57","4,158.18","4,126.48",513.53M,0.96%
2014-01-06,"4,113.68","4,137.03","4,139.78","4,103.75",526.25M,-0.44%
2014-01-03,"4,131.91","4,148.56","4,152.96","4,124.96",381.91M,-0.27%
2014-01-02,"4,143.07","4,160.03","4,160.96","4,131.79",428.23M,-0.80%
2013-12-31,"4,176.59","4,161.51","4,177.73","4,160.77",353.35M,0.54%
2013-12-30,"4,154.20","4,153.58","4,158.73","4,142.18",305.83M,-0.06%
2013-12-27,"4,156.59","4,173.36","4,175.36","4,153.64",283.55M,-0.25%
2013-12-26,"4,167.18","4,164.21","4,169.97","4,158.59",279.53M,0.28%
2013-12-24,"4,155.42","4,150.64","4,155.62","4,147.15",190.37M,0.16%
2013-12-23,"4,148.90","4,136.15","4,149.31","4,127.72",424.75M,1.08%
2013-12-20,"4,104.74","4,064.89","4,111.93","4,064.73",1.25B,1.15%
2013-12-19,"4,058.14","4,059.34","4,063.70","4,045.41",420.20M,-0.29%
2013-12-18,"4,070.06","4,024.67","4,070.38","3,979.59",535.09M,1.15%
2013-12-17,"4,023.68","4,028.88","4,034.69","4,011.58",438.15M,-0.14%
2013-12-16,"4,029.52","4,019.37","4,043.00","4,019.14",462.16M,0.71%
2013-12-13,"4,000.97","4,015.53","4,017.45","3,992.29",387.86M,0.06%
2013-12-12,"3,998.40","4,004.75","4,013.54","3,993.57",451.76M,-0.14%
2013-12-11,"4,003.81","4,061.67","4,065.08","3,998.92",465.82M,-1.40%
2013-12-10,"4,060.49","4,061.17","4,074.01","4,056.49",431.43M,-0.20%
2013-12-09,"4,068.75","4,073.75","4,081.78","4,063.49",406.93M,0.15%
2013-12-06,"4,062.52","4,069.86","4,069.86","4,042.35",412.61M,0.73%
2013-12-05,"4,033.16","4,037.99","4,043.71","4,025.26",442.98M,-0.12%
2013-12-04,"4,038.00","4,020.33","4,051.74","4,004.76",456.82M,0.02%
2013-12-03,"4,037.20","4,038.99","4,050.08","4,022.12",457.78M,-0.20%
2013-12-02,"4,045.26","4,065.66","4,068.49","4,040.88",404.83M,-0.36%
2013-11-29,"4,059.89","4,057.16","4,069.70","4,055.45",239.42M,0.37%
2013-11-27,"4,044.75","4,026.92","4,045.81","4,023.65",337.40M,0.67%
2013-11-26,"4,017.75","3,996.70","4,026.99","3,989.49",468.58M,0.58%
2013-11-25,"3,994.57","4,004.37","4,007.09","3,987.16",415.56M,0.07%
2013-11-22,"3,991.65","3,977.31","3,991.66","3,973.00",405.05M,0.57%
2013-11-21,"3,969.16","3,938.11","3,970.91","3,936.82",406.57M,1.22%
2013-11-20,"3,921.27","3,940.98","3,952.08","3,911.61",401.25M,-0.26%
2013-11-19,"3,931.55","3,945.97","3,960.44","3,923.47",406.97M,-0.44%
2013-11-18,"3,949.07","3,990.06","3,994.97","3,942.84",434.40M,-0.93%
2013-11-15,"3,985.97","3,978.27","3,985.97","3,969.22",494.97M,0.33%
2013-11-14,"3,972.74","3,956.47","3,975.89","3,949.01",444.85M,0.18%
2013-11-13,"3,965.57","3,899.38","3,965.57","3,899.31",443.72M,1.16%
2013-11-12,"3,919.92","3,907.82","3,922.27","3,902.67",427.10M,0.00%
2013-11-11,"3,919.79","3,913.64","3,925.34","3,904.72",386.46M,0.01%
2013-11-08,"3,919.23","3,871.24","3,919.23","3,869.12",470.45M,1.60%
2013-11-07,"3,857.33","3,935.81","3,938.33","3,855.07",547.99M,-1.90%
2013-11-06,"3,931.95","3,952.18","3,955.97","3,920.91",461.99M,-0.20%
2013-11-05,"3,939.86","3,925.06","3,947.27","3,909.63",455.48M,0.08%
2013-11-04,"3,936.59","3,932.60","3,937.50","3,919.46",429.07M,0.37%
2013-11-01,"3,922.04","3,932.45","3,938.48","3,904.20",485.98M,0.06%
2013-10-31,"3,919.71","3,924.34","3,945.04","3,909.26",587.13M,-0.28%
2013-10-30,"3,930.62","3,962.40","3,966.71","3,919.14",457.28M,-0.55%
2013-10-29,"3,952.34","3,954.34","3,957.12","3,934.94",454.05M,0.31%
2013-10-28,"3,940.13","3,942.56","3,947.58","3,927.09",514.12M,-0.08%
2013-10-25,"3,943.36","3,955.98","3,961.10","3,927.50",475.41M,0.37%
2013-10-24,"3,928.96","3,911.61","3,932.60","3,907.54",486.02M,0.56%
2013-10-23,"3,907.07","3,907.30","3,911.64","3,887.66",450.53M,-0.57%
2013-10-22,"3,929.57","3,935.54","3,947.67","3,904.06",446.62M,0.24%
2013-10-21,"3,920.05","3,922.65","3,931.45","3,909.91",410.33M,0.15%
2013-10-18,"3,914.28","3,893.36","3,914.93","3,882.06",534.41M,1.32%
2013-10-17,"3,863.15","3,822.85","3,863.49","3,821.43",480.88M,0.62%
2013-10-16,"3,839.43","3,815.00","3,840.48","3,814.15",408.35M,1.20%
2013-10-15,"3,794.01","3,810.72","3,824.44","3,789.68",432.68M,-0.56%
2013-10-14,"3,815.28","3,767.49","3,816.41","3,766.28",364.00M,0.62%
2013-10-11,"3,791.87","3,753.22","3,794.37","3,751.38",408.39M,0.83%
2013-10-10,"3,760.75","3,721.58","3,764.72","3,721.11",437.74M,2.26%
2013-10-09,"3,677.78","3,701.62","3,702.15","3,650.03",533.37M,-0.46%
2013-10-08,"3,694.83","3,772.22","3,772.49","3,694.14",481.57M,-2.00%
2013-10-07,"3,770.38","3,776.64","3,800.08","3,769.75",350.76M,-0.98%
2013-10-04,"3,807.75","3,774.72","3,812.86","3,773.40",342.50M,0.89%
2013-10-03,"3,774.34","3,809.90","3,816.96","3,753.17",432.21M,-1.07%
2013-10-02,"3,815.02","3,793.11","3,819.28","3,788.45",389.04M,-0.08%
2013-10-01,"3,817.98","3,774.18","3,817.98","3,774.18",427.65M,1.23%
2013-09-30,"3,771.48","3,737.60","3,780.97","3,734.74",517.56M,-0.27%
2013-09-27,"3,781.59","3,767.89","3,788.35","3,762.67",378.98M,-0.15%
2013-09-26,"3,787.43","3,774.95","3,795.72","3,772.80",391.05M,0.70%
2013-09-25,"3,761.10","3,772.59","3,782.92","3,754.94",396.66M,-0.19%
2013-09-24,"3,768.25","3,771.60","3,789.85","3,753.04",411.18M,0.08%
2013-09-23,"3,765.29","3,786.84","3,787.14","3,745.54",412.33M,-0.25%
2013-09-20,"3,774.73","3,796.28","3,798.76","3,774.11",965.15M,-0.39%
2013-09-19,"3,789.38","3,794.70","3,798.16","3,781.59",388.05M,0.15%
2013-09-18,"3,783.64","3,751.29","3,790.70","3,737.69",413.28M,1.01%
2013-09-17,"3,745.70","3,725.31","3,747.08","3,724.26",335.97M,0.75%
2013-09-16,"3,717.85","3,755.00","3,756.24","3,712.47",350.89M,-0.12%
2013-09-13,"3,722.18","3,723.27","3,724.73","3,701.88",307.64M,0.17%
2013-09-12,"3,715.97","3,724.53","3,731.84","3,713.08",350.68M,-0.24%
2013-09-11,"3,725.01","3,710.79","3,726.59","3,704.22",382.31M,-0.11%
2013-09-10,"3,729.02","3,724.67","3,729.38","3,716.44",403.55M,0.62%
2013-09-09,"3,706.18","3,675.12","3,708.42","3,675.12",351.95M,1.26%
2013-09-06,"3,660.01","3,672.82","3,677.07","3,618.77",390.50M,0.03%
2013-09-05,"3,658.78","3,652.44","3,665.01","3,651.17",337.42M,0.27%
2013-09-04,"3,649.04","3,619.05","3,651.78","3,612.22",428.67M,1.01%
2013-09-03,"3,612.61","3,622.64","3,637.06","3,593.62",411.22M,0.63%
2013-08-30,"3,589.87","3,621.59","3,621.78","3,581.05",365.19M,-0.84%
2013-08-29,"3,620.30","3,587.07","3,635.84","3,587.07",304.41M,0.75%
2013-08-28,"3,593.35","3,579.11","3,607.36","3,578.80",314.63M,0.41%
2013-08-27,"3,578.52","3,616.06","3,629.95","3,573.57",371.07M,-2.16%
2013-08-26,"3,657.57","3,661.80","3,684.22","3,652.26",320.25M,-0.01%
2013-08-23,"3,657.79","3,659.21","3,660.66","3,643.86",342.96M,0.52%
2013-08-22,"3,638.71","3,614.14","3,639.21","3,613.93",257.82M,1.08%
2013-08-21,"3,599.79","3,603.68","3,630.23","3,589.02",340.21M,-0.38%
2013-08-20,"3,613.59","3,596.77","3,625.26","3,593.14",297.61M,0.68%
2013-08-19,"3,589.09","3,601.88","3,623.48","3,589.03",326.25M,-0.38%
2013-08-16,"3,602.78","3,603.78","3,621.46","3,598.65",402.40M,-0.09%
2013-08-15,"3,606.12","3,625.36","3,626.77","3,600.96",388.14M,-1.72%
2013-08-14,"3,669.27","3,683.97","3,686.55","3,668.74",360.84M,-0.41%
2013-08-13,"3,684.44","3,675.37","3,691.06","3,648.82",361.42M,0.39%
2013-08-12,"3,669.95","3,645.78","3,673.51","3,645.39",323.06M,0.27%
2013-08-09,"3,660.11","3,664.27","3,677.83","3,649.69",348.49M,-0.25%
2013-08-08,"3,669.12","3,672.21","3,675.71","3,649.64",374.29M,0.41%
2013-08-07,"3,654.01","3,658.53","3,663.20","3,633.59",376.95M,-0.32%
2013-08-06,"3,665.77","3,685.39","3,690.32","3,654.67",345.09M,-0.74%
2013-08-05,"3,692.95","3,682.67","3,694.19","3,681.34",300.01M,0.09%
2013-08-02,"3,689.59","3,671.11","3,689.59","3,663.88",362.14M,0.38%
2013-08-01,"3,675.74","3,654.18","3,678.50","3,653.74",400.21M,1.36%
2013-07-31,"3,626.37","3,627.66","3,649.35","3,624.77",454.73M,0.27%
2013-07-30,"3,616.47","3,612.36","3,629.12","3,606.33",380.42M,0.48%
2013-07-29,"3,599.14","3,604.29","3,618.85","3,592.80",313.13M,-0.39%
2013-07-26,"3,613.16","3,584.85","3,613.33","3,581.26",388.83M,0.22%
2013-07-25,"3,605.19","3,589.46","3,606.19","3,579.20",491.34M,0.71%
2013-07-24,"3,579.60","3,605.26","3,606.28","3,573.53",416.68M,0.01%
2013-07-23,"3,579.27","3,606.70","3,606.70","3,576.96",362.45M,-0.59%
2013-07-22,"3,600.39","3,599.87","3,601.92","3,587.46",362.97M,0.36%
2013-07-19,"3,587.61","3,581.90","3,589.05","3,578.57",463.03M,-0.66%
2013-07-18,"3,611.28","3,610.03","3,624.54","3,607.09",377.39M,0.04%
2013-07-17,"3,610.00","3,608.13","3,615.79","3,600.69",358.96M,0.32%
2013-07-16,"3,598.50","3,611.00","3,611.35","3,589.65",366.49M,-0.25%
2013-07-15,"3,607.49","3,601.09","3,609.59","3,591.54",333.35M,0.21%
2013-07-12,"3,600.08","3,579.58","3,600.08","3,576.57",420.80M,0.61%
2013-07-11,"3,578.30","3,557.79","3,579.29","3,552.52",403.90M,1.63%
2013-07-10,"3,520.76","3,502.11","3,522.99","3,502.00",372.21M,0.47%
2013-07-09,"3,504.26","3,501.25","3,508.81","3,484.79",385.45M,0.56%
2013-07-08,"3,484.83","3,493.81","3,495.51","3,475.39",380.07M,0.16%
2013-07-05,"3,479.38","3,468.48","3,479.46","3,441.78",311.46M,1.04%
2013-07-03,"3,443.67","3,420.27","3,455.42","3,417.88",230.42M,0.30%
2013-07-02,"3,433.40","3,430.69","3,453.29","3,415.23",397.17M,-0.03%
2013-07-01,"3,434.49","3,430.48","3,454.43","3,430.31",394.86M,0.92%
2013-06-28,"3,403.25","3,389.30","3,422.20","3,382.75",1.13B,0.04%
2013-06-27,"3,401.86","3,395.79","3,412.79","3,395.41",392.16M,0.76%
2013-06-26,"3,376.22","3,375.70","3,383.70","3,365.48",393.98M,0.85%
2013-06-25,"3,347.89","3,350.59","3,358.31","3,327.69",408.55M,0.82%
2013-06-24,"3,320.76","3,326.38","3,344.66","3,294.95",493.60M,-1.09%
2013-06-21,"3,357.25","3,367.81","3,377.30","3,326.86",1.08B,-0.22%
2013-06-20,"3,364.64","3,405.14","3,412.94","3,355.93",496.99M,-2.28%
2013-06-19,"3,443.20","3,483.59","3,485.45","3,443.20",389.86M,-1.12%
2013-06-18,"3,482.18","3,456.29","3,488.31","3,456.09",358.54M,0.87%
2013-06-17,"3,452.13","3,449.97","3,468.56","3,436.34",366.21M,0.83%
2013-06-14,"3,423.56","3,442.31","3,448.40","3,419.32",340.27M,-0.63%
2013-06-13,"3,445.36","3,398.54","3,451.03","3,387.61",361.12M,1.32%
2013-06-12,"3,400.43","3,458.14","3,459.18","3,395.91",358.76M,-1.06%
2013-06-11,"3,436.95","3,436.62","3,466.57","3,426.57",357.18M,-1.06%
2013-06-10,"3,473.77","3,475.68","3,484.81","3,465.54",356.29M,0.13%
2013-06-07,"3,469.22","3,437.84","3,471.73","3,429.43",412.58M,1.32%
2013-06-06,"3,424.05","3,404.41","3,424.05","3,378.24",444.55M,0.66%
2013-06-05,"3,401.48","3,432.85","3,446.15","3,397.91",438.82M,-1.27%
2013-06-04,"3,445.26","3,467.02","3,482.75","3,430.02",456.83M,-0.58%
2013-06-03,"3,465.37","3,460.76","3,465.84","3,419.39",519.27M,0.27%
2013-05-31,"3,455.91","3,478.22","3,500.67","3,455.84",554.18M,-1.01%
2013-05-30,"3,491.30","3,473.21","3,503.82","3,473.04",399.85M,0.69%
2013-05-29,"3,467.52","3,471.67","3,479.53","3,450.40",384.64M,-0.61%
2013-05-28,"3,488.89","3,497.90","3,514.80","3,475.39",420.67M,0.86%
2013-05-24,"3,459.14","3,438.28","3,459.47","3,429.31",344.65M,-0.01%
2013-05-23,"3,459.42","3,426.07","3,467.13","3,422.51",436.89M,-0.11%
2013-05-22,"3,463.30","3,503.48","3,532.04","3,446.96",503.74M,-1.11%
2013-05-21,"3,502.12","3,495.46","3,512.15","3,486.88",401.05M,0.16%
2013-05-20,"3,496.43","3,490.46","3,509.41","3,488.13",405.12M,-0.07%
2013-05-17,"3,498.97","3,483.41","3,499.20","3,473.04",497.13M,0.97%
2013-05-16,"3,465.24","3,473.16","3,485.95","3,462.24",425.36M,-0.18%
2013-05-15,"3,471.62","3,455.67","3,475.48","3,452.31",399.04M,0.26%
2013-05-14,"3,462.61","3,439.72","3,468.67","3,439.72",395.21M,0.69%
2013-05-13,"3,438.79","3,429.53","3,447.10","3,426.67",355.12M,0.06%
2013-05-10,"3,436.58","3,414.84","3,436.60","3,411.59",370.14M,0.80%
2013-05-09,"3,409.17","3,408.94","3,428.54","3,403.43",386.73M,-0.12%
2013-05-08,"3,413.27","3,394.89","3,413.27","3,389.80",384.61M,0.49%
2013-05-07,"3,396.63","3,398.83","3,402.24","3,381.04",376.44M,0.11%
2013-05-06,"3,392.97","3,382.33","3,396.21","3,381.44",334.29M,0.42%
2013-05-03,"3,378.63","3,371.41","3,388.12","3,370.30",388.72M,1.14%
2013-05-02,"3,340.62","3,306.15","3,344.90","3,305.81",394.59M,1.26%
2013-05-01,"3,299.13","3,325.35","3,330.02","3,296.51",458.00M,-0.89%
2013-04-30,"3,328.79","3,308.05","3,328.79","3,298.58",522.65M,0.66%
2013-04-29,"3,307.02","3,290.31","3,315.34","3,289.42",369.13M,0.85%
2013-04-26,"3,279.26","3,284.07","3,287.48","3,268.03",429.90M,-0.33%
2013-04-25,"3,289.99","3,279.82","3,301.28","3,279.29",458.90M,0.62%
2013-04-24,"3,269.65","3,262.21","3,277.12","3,255.44",425.31M,0.01%
2013-04-23,"3,269.33","3,252.80","3,275.89","3,241.52",418.17M,1.11%
2013-04-22,"3,233.55","3,217.40","3,241.16","3,198.74",426.94M,0.86%
2013-04-19,"3,206.06","3,169.32","3,210.03","3,168.33",494.38M,1.25%
2013-04-18,"3,166.36","3,212.24","3,212.97","3,154.96",460.30M,-1.20%
2013-04-17,"3,204.67","3,236.25","3,236.98","3,186.08",490.88M,-1.84%
2013-04-16,"3,264.63","3,239.05","3,265.84","3,231.45",387.38M,1.50%
2013-04-15,"3,216.49","3,277.58","3,283.40","3,213.46",484.38M,-2.38%
2013-04-12,"3,294.95","3,292.39","3,296.50","3,271.02",374.58M,-0.16%
2013-04-11,"3,300.16","3,289.59","3,306.95","3,287.74",432.12M,0.09%
2013-04-10,"3,297.25","3,246.06","3,299.16","3,245.80",420.21M,1.83%
2013-04-09,"3,237.86","3,229.81","3,249.95","3,215.02",371.76M,0.48%
2013-04-08,"3,222.25","3,207.15","3,222.26","3,195.57",333.25M,0.57%
2013-04-05,"3,203.86","3,174.00","3,206.21","3,168.88",400.59M,-0.65%
2013-04-04,"3,224.98","3,219.11","3,226.24","3,206.02",354.61M,0.20%
2013-04-03,"3,218.60","3,257.38","3,260.15","3,210.39",440.86M,-1.11%
2013-04-02,"3,254.86","3,252.55","3,267.93","3,245.41",366.75M,0.48%
2013-04-01,"3,239.17","3,268.63","3,270.23","3,230.57",366.64M,-0.87%
2013-03-28,"3,267.52","3,257.32","3,270.30","3,253.21",423.25M,0.34%
2013-03-27,"3,256.52","3,230.76","3,258.26","3,227.02",316.13M,0.12%
2013-03-26,"3,252.48","3,249.95","3,252.93","3,239.92",306.78M,0.53%
2013-03-25,"3,235.30","3,255.85","3,263.63","3,222.48",380.23M,-0.30%
2013-03-22,"3,245.00","3,235.30","3,247.94","3,230.86",354.60M,0.70%
2013-03-21,"3,222.60","3,228.17","3,237.57","3,215.69",360.38M,-0.97%
2013-03-20,"3,254.19","3,251.91","3,257.99","3,240.90",348.77M,0.78%
2013-03-19,"3,229.10","3,246.70","3,252.60","3,205.42",371.62M,-0.26%
2013-03-18,"3,237.59","3,215.71","3,249.37","3,211.10",352.52M,-0.35%
2013-03-15,"3,249.07","3,260.46","3,260.62","3,242.65",872.86M,-0.30%
2013-03-14,"3,258.93","3,253.00","3,258.93","3,250.24",364.80M,0.43%
2013-03-13,"3,245.12","3,243.04","3,251.45","3,230.62",340.77M,0.09%
2013-03-12,"3,242.32","3,244.85","3,249.78","3,229.92",366.79M,-0.32%
2013-03-11,"3,252.87","3,237.74","3,252.87","3,233.67",346.20M,0.26%
2013-03-08,"3,244.37","3,245.85","3,248.70","3,227.89",354.70M,0.38%
2013-03-07,"3,232.09","3,224.50","3,235.10","3,221.47",365.78M,0.30%
2013-03-06,"3,222.37","3,233.31","3,233.44","3,217.67",377.54M,-0.05%
2013-03-05,"3,224.13","3,200.38","3,227.31","3,200.27",418.69M,1.32%
2013-03-04,"3,182.03","3,159.46","3,182.27","3,154.79",397.77M,0.39%
2013-03-01,"3,169.74","3,143.54","3,171.50","3,129.40",431.39M,0.30%
2013-02-28,"3,160.19","3,161.43","3,182.60","3,159.72",540.44M,-0.07%
2013-02-27,"3,162.26","3,129.72","3,177.80","3,127.27",396.96M,1.04%
2013-02-26,"3,129.65","3,126.23","3,135.57","3,105.36",430.03M,0.43%
2013-02-25,"3,116.25","3,180.59","3,186.25","3,116.25",456.01M,-1.44%
2013-02-22,"3,161.82","3,149.09","3,161.82","3,139.55",359.90M,0.97%
2013-02-21,"3,131.49","3,154.88","3,155.19","3,118.62",441.00M,-1.04%
2013-02-20,"3,164.41","3,211.99","3,213.25","3,163.95",459.79M,-1.53%
2013-02-19,"3,213.59","3,197.46","3,213.60","3,194.92",407.53M,0.68%
2013-02-15,"3,192.03","3,202.84","3,206.21","3,184.03",480.04M,-0.21%
2013-02-14,"3,198.66","3,182.74","3,202.33","3,182.39",415.06M,0.06%
2013-02-13,"3,196.88","3,195.34","3,205.52","3,187.06",404.45M,0.33%
2013-02-12,"3,186.49","3,190.73","3,196.92","3,184.84",404.99M,-0.17%
2013-02-11,"3,192.00","3,192.53","3,194.01","3,182.19",325.43M,-0.06%
2013-02-08,"3,193.87","3,178.06","3,196.89","3,177.18",383.64M,0.91%
2013-02-07,"3,165.13","3,167.44","3,170.42","3,135.98",414.27M,-0.11%
2013-02-06,"3,168.48","3,159.38","3,174.82","3,157.35",414.86M,-0.10%
2013-02-05,"3,171.58","3,140.90","3,178.52","3,136.82",433.50M,1.29%
2013-02-04,"3,131.17","3,161.72","3,169.63","3,130.57",433.02M,-1.51%
2013-02-01,"3,179.10","3,162.94","3,183.14","3,154.91",470.01M,1.18%
2013-01-31,"3,142.13","3,140.67","3,154.18","3,136.82",520.15M,-0.01%
2013-01-30,"3,142.31","3,157.43","3,164.06","3,135.83",439.35M,-0.36%
2013-01-29,"3,153.66","3,149.62","3,156.94","3,133.11",423.35M,-0.02%
2013-01-28,"3,154.30","3,152.17","3,161.83","3,144.89",383.49M,0.15%
2013-01-25,"3,149.71","3,140.65","3,156.20","3,135.86",409.49M,0.62%
2013-01-24,"3,130.38","3,125.67","3,153.56","3,124.45",427.84M,-0.74%
2013-01-23,"3,153.67","3,155.82","3,161.06","3,149.74",359.68M,0.33%
2013-01-22,"3,143.18","3,135.63","3,143.18","3,121.54",379.22M,0.27%
2013-01-18,"3,134.71","3,127.91","3,134.73","3,119.20",486.02M,-0.04%
2013-01-17,"3,136.00","3,130.49","3,144.05","3,125.79",375.20M,0.59%
2013-01-16,"3,117.54","3,110.72","3,124.65","3,106.79",352.34M,0.22%
2013-01-15,"3,110.78","3,101.06","3,112.29","3,093.32",374.30M,-0.22%
2013-01-14,"3,117.50","3,113.65","3,123.48","3,104.08",386.85M,-0.26%
2013-01-11,"3,125.64","3,122.12","3,126.59","3,114.10",342.67M,0.12%
2013-01-10,"3,121.76","3,125.64","3,127.72","3,098.47",353.22M,0.51%
2013-01-09,"3,105.81","3,099.65","3,111.22","3,096.34",353.26M,0.45%
2013-01-08,"3,091.81","3,098.46","3,103.39","3,076.60",372.48M,-0.23%
2013-01-07,"3,098.81","3,089.17","3,102.35","3,083.88",349.04M,-0.09%
2013-01-04,"3,101.66","3,100.88","3,108.44","3,090.81",366.40M,0.04%
2013-01-03,"3,100.57","3,108.49","3,118.18","3,092.28",379.34M,-0.38%
2013-01-02,"3,112.26","3,091.33","3,112.65","3,083.49",482.50M,3.07%
2012-12-31,"3,019.51","2,955.45","3,021.41","2,953.52",374.05M,2.00%
2012-12-28,"2,960.31","2,965.12","2,985.47","2,959.37",257.63M,-0.86%
2012-12-27,"2,985.91","2,989.87","2,993.66","2,951.04",283.95M,-0.14%
2012-12-26,"2,990.16","3,013.13","3,018.65","2,983.35",227.33M,-0.74%
2012-12-24,"3,012.60","3,013.89","3,016.18","3,008.53",146.53M,-0.28%
2012-12-21,"3,021.01","2,998.60","3,022.19","2,995.13",1.08B,-0.96%
2012-12-20,"3,050.39","3,050.30","3,053.53","3,034.15",367.04M,0.20%
2012-12-19,"3,044.36","3,059.03","3,061.82","3,044.36",407.37M,-0.33%
2012-12-18,"3,054.53","3,020.82","3,056.65","3,016.40",424.90M,1.46%
2012-12-17,"3,010.60","2,975.50","3,011.22","2,973.54",414.46M,1.32%
2012-12-14,"2,971.33","2,976.95","2,985.33","2,963.80",378.69M,-0.70%
2012-12-13,"2,992.16","3,007.83","3,026.51","2,982.63",382.58M,-0.72%
2012-12-12,"3,013.81","3,033.93","3,035.19","3,008.49",365.55M,-0.28%
2012-12-11,"3,022.30","3,005.43","3,033.14","3,003.82",426.18M,1.18%
2012-12-10,"2,986.96","2,973.19","2,997.64","2,971.56",331.96M,0.30%
2012-12-07,"2,978.04","2,999.69","3,003.27","2,968.82",337.01M,-0.38%
2012-12-06,"2,989.27","2,967.99","2,996.53","2,962.02",364.11M,0.52%
2012-12-05,"2,973.70","2,993.20","2,994.73","2,958.26",396.20M,-0.77%
2012-12-04,"2,996.69","3,000.44","3,002.90","2,980.93",391.21M,-0.18%
2012-12-03,"3,002.20","3,029.21","3,030.28","2,999.57",371.18M,-0.27%
2012-11-30,"3,010.24","3,013.25","3,014.25","2,999.72",655.38M,-0.06%
2012-11-29,"3,012.03","3,005.41","3,017.18","2,996.30",380.10M,0.68%
2012-11-28,"2,991.78","2,952.02","2,992.17","2,935.88",411.77M,0.81%
2012-11-27,"2,967.79","2,974.56","2,985.32","2,965.13",394.72M,-0.30%
2012-11-26,"2,976.78","2,961.02","2,976.93","2,951.73",379.66M,0.33%
2012-11-23,"2,966.85","2,943.62","2,967.19","2,940.68",182.64M,1.38%
2012-11-21,"2,926.55","2,919.14","2,928.17","2,912.42",287.91M,0.34%
2012-11-20,"2,916.68","2,910.73","2,919.96","2,893.38",350.53M,0.02%
2012-11-19,"2,916.07","2,886.00","2,916.07","2,884.75",402.06M,2.21%
2012-11-16,"2,853.13","2,838.90","2,859.57","2,810.80",555.84M,0.57%
2012-11-15,"2,836.94","2,847.84","2,855.64","2,826.75",446.32M,-0.35%
2012-11-14,"2,846.81","2,896.81","2,900.10","2,842.86",481.76M,-1.29%
2012-11-13,"2,883.89","2,880.77","2,909.00","2,877.06",417.56M,-0.70%
2012-11-12,"2,904.25","2,916.38","2,920.01","2,896.55",297.28M,-0.02%
2012-11-09,"2,904.87","2,892.57","2,931.11","2,889.81",417.31M,0.32%
2012-11-08,"2,895.58","2,942.09","2,949.70","2,895.58",438.16M,-1.42%
2012-11-07,"2,937.29","2,976.46","2,977.81","2,926.79",478.33M,-2.48%
2012-11-06,"3,011.93","3,003.71","3,024.44","2,998.93",402.49M,0.41%
2012-11-05,"2,999.66","2,983.03","3,004.87","2,975.85",340.04M,0.59%
2012-11-02,"2,982.13","3,033.85","3,033.85","2,981.69",419.05M,-1.26%
2012-11-01,"3,020.06","2,987.54","3,021.94","2,984.22",455.18M,1.44%
2012-10-31,"2,977.23","2,986.85","2,989.70","2,964.94",445.44M,-0.36%
2012-10-26,"2,987.95","2,986.05","2,999.14","2,961.16",408.11M,0.06%
2012-10-25,"2,986.12","3,005.04","3,007.71","2,975.98",428.33M,0.15%
2012-10-24,"2,981.70","3,011.82","3,012.95","2,978.73",448.43M,-0.29%
2012-10-23,"2,990.46","2,989.44","3,006.59","2,974.07",408.04M,-0.88%
2012-10-22,"3,016.96","3,005.62","3,020.61","2,995.78",366.63M,0.38%
2012-10-19,"3,005.62","3,066.56","3,066.56","3,000.27",581.82M,-2.19%
2012-10-18,"3,072.87","3,097.77","3,102.56","3,065.24",435.10M,-1.01%
2012-10-17,"3,104.12","3,091.38","3,112.45","3,088.05",405.95M,0.10%
2012-10-16,"3,101.17","3,073.21","3,102.97","3,070.25",368.67M,1.21%
2012-10-15,"3,064.18","3,053.21","3,066.31","3,037.27",360.45M,0.66%
2012-10-12,"3,044.11","3,049.08","3,061.77","3,039.58",347.09M,-0.17%
2012-10-11,"3,049.41","3,075.89","3,078.08","3,047.14",351.38M,-0.08%
2012-10-10,"3,051.78","3,066.25","3,071.57","3,046.78",358.01M,-0.43%
2012-10-09,"3,065.02","3,108.01","3,108.01","3,062.52",350.43M,-1.52%
2012-10-08,"3,112.35","3,121.33","3,125.49","3,107.57",348.25M,-0.76%
2012-10-05,"3,136.19","3,161.21","3,171.46","3,130.76",348.18M,-0.42%
2012-10-04,"3,149.46","3,142.38","3,153.48","3,132.56",356.33M,0.45%
2012-10-03,"3,135.23","3,130.85","3,142.36","3,115.04",371.29M,0.49%
2012-10-02,"3,120.04","3,127.73","3,131.64","3,101.64",354.15M,0.21%
2012-10-01,"3,113.53","3,130.31","3,146.99","3,103.89",404.69M,-0.09%
2012-09-28,"3,116.23","3,125.31","3,132.51","3,109.91",463.49M,-0.65%
2012-09-27,"3,136.60","3,105.87","3,142.02","3,098.46",393.32M,1.39%
2012-09-26,"3,093.70","3,113.40","3,114.54","3,080.28",391.16M,-0.77%
2012-09-25,"3,117.73","3,170.37","3,176.30","3,117.73",439.32M,-1.36%
2012-09-24,"3,160.78","3,155.35","3,167.74","3,150.71",387.10M,-0.60%
2012-09-21,"3,179.96","3,194.86","3,196.93","3,178.09",907.65M,0.13%
2012-09-20,"3,175.96","3,166.84","3,178.45","3,156.46",395.26M,-0.21%
2012-09-19,"3,182.62","3,179.04","3,189.35","3,170.29",403.83M,0.15%
2012-09-18,"3,177.80","3,173.62","3,179.37","3,169.41",371.46M,-0.03%
2012-09-17,"3,178.67","3,183.40","3,183.40","3,168.63",349.08M,-0.17%
2012-09-14,"3,183.95","3,166.24","3,195.67","3,164.26",459.32M,0.89%
2012-09-13,"3,155.83","3,117.66","3,167.63","3,112.62",444.32M,1.33%
2012-09-12,"3,114.31","3,115.33","3,120.12","3,098.82",358.66M,0.32%
2012-09-11,"3,104.53","3,105.01","3,117.86","3,099.10",340.71M,0.02%
2012-09-10,"3,104.02","3,131.34","3,133.89","3,102.76",349.41M,-1.03%
2012-09-07,"3,136.42","3,133.22","3,139.61","3,128.17",444.78M,0.02%
2012-09-06,"3,135.81","3,087.94","3,135.81","3,087.67",444.53M,2.17%
2012-09-05,"3,069.27","3,072.57","3,082.75","3,062.54",359.62M,-0.19%
2012-09-04,"3,075.06","3,063.25","3,082.26","3,040.24",361.57M,0.26%
2012-08-31,"3,066.96","3,069.64","3,078.52","3,040.59",377.44M,0.60%
2012-08-30,"3,048.71","3,066.73","3,067.54","3,045.92",290.31M,-1.05%
2012-08-29,"3,081.19","3,078.05","3,087.24","3,067.62",287.41M,0.13%
2012-08-28,"3,077.14","3,069.40","3,083.19","3,063.65",315.42M,0.13%
2012-08-27,"3,073.19","3,083.62","3,085.81","3,068.13",325.26M,0.11%
2012-08-24,"3,069.79","3,045.22","3,076.80","3,042.22",315.45M,0.54%
2012-08-23,"3,053.40","3,065.82","3,070.34","3,045.52",339.91M,-0.66%
2012-08-22,"3,073.67","3,059.94","3,080.73","3,053.43",347.83M,0.21%
2012-08-21,"3,067.26","3,085.25","3,100.54","3,058.74",380.18M,-0.29%
2012-08-20,"3,076.21","3,072.66","3,076.21","3,059.90",341.40M,-0.01%
2012-08-17,"3,076.59","3,067.11","3,076.72","3,060.15",411.83M,0.46%
2012-08-16,"3,062.39","3,037.18","3,067.44","3,033.28",445.28M,1.04%
2012-08-15,"3,030.93","3,013.33","3,032.06","3,013.33",364.14M,0.46%
2012-08-14,"3,016.98","3,032.67","3,034.16","3,009.93",371.46M,-0.18%
2012-08-13,"3,022.52","3,018.27","3,023.03","2,999.12",318.82M,0.05%
2012-08-10,"3,020.86","3,008.83","3,020.86","3,003.38",358.01M,0.07%
2012-08-09,"3,018.64","3,009.86","3,022.69","3,007.30",388.40M,0.25%
2012-08-08,"3,011.25","3,003.77","3,018.90","3,002.41",398.15M,-0.15%
2012-08-07,"3,015.86","3,002.66","3,028.61","3,002.09",450.34M,0.87%
2012-08-06,"2,989.91","2,978.16","3,000.24","2,974.23",383.93M,0.74%
2012-08-03,"2,967.90","2,951.28","2,977.41","2,945.81",432.04M,2.00%
2012-08-02,"2,909.77","2,900.46","2,934.65","2,890.85",471.22M,-0.36%
2012-08-01,"2,920.21","2,956.72","2,958.28","2,917.78",475.21M,-0.66%
2012-07-31,"2,939.52","2,945.08","2,959.62","2,938.41",478.61M,-0.21%
2012-07-30,"2,945.84","2,959.07","2,970.30","2,939.04",359.90M,-0.41%
2012-07-27,"2,958.09","2,906.50","2,961.87","2,900.98",518.94M,2.24%
2012-07-26,"2,893.25","2,896.68","2,905.57","2,876.01",485.68M,1.37%
2012-07-25,"2,854.24","2,856.78","2,870.22","2,839.76",456.73M,-0.31%
2012-07-24,"2,862.99","2,894.95","2,896.56","2,847.22",451.96M,-0.94%
2012-07-23,"2,890.15","2,877.51","2,898.05","2,852.88",408.47M,-1.20%
2012-07-20,"2,925.30","2,957.02","2,957.02","2,925.30",543.62M,-1.37%
2012-07-19,"2,965.90","2,961.71","2,976.22","2,952.42",431.69M,0.79%
2012-07-18,"2,942.60","2,904.24","2,951.30","2,902.95",446.54M,1.12%
2012-07-17,"2,910.04","2,911.46","2,916.61","2,871.65",439.22M,0.45%
2012-07-16,"2,896.94","2,903.03","2,910.20","2,888.01",342.89M,-0.40%
2012-07-13,"2,908.47","2,874.06","2,913.28","2,873.39",343.99M,1.48%
2012-07-12,"2,866.19","2,867.08","2,876.32","2,837.72",442.27M,-0.75%
2012-07-11,"2,887.98","2,898.77","2,905.51","2,866.53",434.69M,-0.49%
2012-07-10,"2,902.33","2,945.35","2,953.47","2,891.42",435.82M,-1.00%
2012-07-09,"2,931.77","2,934.49","2,942.99","2,919.04",380.94M,-0.19%
2012-07-06,"2,937.33","2,955.20","2,957.50","2,921.37",366.47M,-1.30%
2012-07-05,"2,976.12","2,970.37","2,987.94","2,958.30",367.29M,0.00%
2012-07-03,"2,976.08","2,950.81","2,976.08","2,948.40",262.39M,0.84%
2012-07-02,"2,951.23","2,938.41","2,951.23","2,925.71",460.18M,0.55%
2012-06-29,"2,935.05","2,902.44","2,935.13","2,895.60",569.18M,3.00%
2012-06-28,"2,849.49","2,853.89","2,855.74","2,818.19",474.68M,-0.90%
2012-06-27,"2,875.32","2,862.13","2,882.40","2,860.13",403.14M,0.74%
2012-06-26,"2,854.06","2,845.40","2,862.15","2,832.02",401.86M,0.63%
2012-06-25,"2,836.16","2,863.89","2,863.89","2,829.23",401.02M,-1.95%
2012-06-22,"2,892.42","2,866.17","2,894.35","2,863.93",1.09B,1.17%
2012-06-21,"2,859.09","2,929.15","2,930.93","2,857.10",466.65M,-2.44%
2012-06-20,"2,930.45","2,932.96","2,942.28","2,910.00",400.04M,0.02%
2012-06-19,"2,929.76","2,909.87","2,940.23","2,908.45",454.48M,1.19%
2012-06-18,"2,895.33","2,872.49","2,903.03","2,853.86",412.12M,0.78%
2012-06-15,"2,872.80","2,839.40","2,874.38","2,837.94",774.69M,1.29%
2012-06-14,"2,836.33","2,820.63","2,842.31","2,807.55",428.66M,0.63%
2012-06-13,"2,818.61","2,838.12","2,853.17","2,810.59",419.76M,-0.86%
2012-06-12,"2,843.07","2,815.84","2,843.67","2,802.38",410.13M,1.19%
2012-06-11,"2,809.73","2,882.49","2,882.96","2,806.90",403.82M,-1.70%
2012-06-08,"2,858.42","2,823.82","2,860.94","2,814.80",368.77M,0.97%
2012-06-07,"2,831.02","2,872.05","2,873.59","2,827.82",444.10M,-0.48%
2012-06-06,"2,844.72","2,796.23","2,844.72","2,796.23",436.14M,2.40%
2012-06-05,"2,778.11","2,749.35","2,781.97","2,749.34",415.10M,0.66%
2012-06-04,"2,760.01","2,747.61","2,769.93","2,726.68",456.97M,0.46%
2012-06-01,"2,747.48","2,810.13","2,810.13","2,747.24",527.45M,-2.82%
2012-05-31,"2,827.34","2,837.37","2,842.43","2,801.96",737.07M,-0.35%
2012-05-30,"2,837.36","2,847.27","2,847.27","2,825.64",441.25M,-1.17%
2012-05-29,"2,870.99","2,853.27","2,882.83","2,846.68",440.95M,1.18%
2012-05-25,"2,837.53","2,839.74","2,846.31","2,829.76",335.02M,-0.07%
2012-05-24,"2,839.38","2,856.55","2,858.24","2,817.62",462.11M,-0.38%
2012-05-23,"2,850.12","2,832.17","2,855.35","2,795.50",499.20M,0.39%
2012-05-22,"2,839.08","2,853.87","2,867.34","2,823.22",467.04M,-0.29%
2012-05-21,"2,847.21","2,782.55","2,848.83","2,774.76",486.21M,2.46%
2012-05-18,"2,778.79","2,814.43","2,827.28","2,774.45",582.49M,-1.24%
2012-05-17,"2,813.69","2,874.71","2,879.22","2,813.69",506.33M,-2.10%
2012-05-16,"2,874.04","2,904.67","2,913.90","2,872.25",484.88M,-0.68%
2012-05-15,"2,893.76","2,902.30","2,930.68","2,889.39",444.74M,-0.30%
2012-05-14,"2,902.58","2,907.78","2,924.89","2,898.90",430.21M,-1.06%
2012-05-11,"2,933.82","2,919.35","2,960.38","2,918.74",421.69M,0.01%
2012-05-10,"2,933.64","2,950.21","2,950.21","2,923.14",489.46M,-0.04%
2012-05-09,"2,934.71","2,912.41","2,948.77","2,900.18",509.41M,-0.39%
2012-05-08,"2,946.27","2,939.36","2,952.65","2,900.06",530.99M,-0.39%
2012-05-07,"2,957.76","2,940.41","2,970.20","2,939.21",429.48M,0.05%
2012-05-04,"2,956.34","3,001.15","3,001.48","2,956.34",465.45M,-2.25%
2012-05-03,"3,024.30","3,061.13","3,061.38","3,016.20",471.78M,-1.16%
2012-05-02,"3,059.85","3,035.07","3,061.47","3,028.94",447.33M,0.31%
2012-05-01,"3,050.44","3,044.79","3,085.40","3,041.62",469.88M,0.13%
2012-04-30,"3,046.36","3,060.06","3,063.66","3,043.25",444.23M,-0.74%
2012-04-27,"3,069.20","3,060.34","3,076.44","3,043.30",441.28M,0.61%
2012-04-26,"3,050.61","3,029.62","3,056.77","3,027.79",443.71M,0.69%
2012-04-25,"3,029.63","3,013.65","3,031.41","3,010.57",453.37M,2.30%
2012-04-24,"2,961.60","2,967.37","2,979.08","2,950.38",447.85M,-0.30%
2012-04-23,"2,970.45","2,969.00","2,973.38","2,946.04",459.48M,-1.00%
2012-04-20,"3,000.45","3,023.73","3,034.69","2,999.01",561.76M,-0.24%
2012-04-19,"3,007.56","3,028.20","3,058.72","2,994.94",504.69M,-0.79%
2012-04-18,"3,031.45","3,031.82","3,045.04","3,023.91",407.01M,-0.37%
2012-04-17,"3,042.82","3,002.02","3,052.76","2,999.49",403.18M,1.82%
2012-04-16,"2,988.40","3,027.57","3,027.57","2,975.87",417.64M,-0.76%
2012-04-13,"3,011.33","3,045.08","3,045.42","3,010.77",388.07M,-1.45%
2012-04-12,"3,055.55","3,023.11","3,059.26","3,020.44",378.72M,1.30%
2012-04-11,"3,016.46","3,020.15","3,030.51","3,008.75",412.66M,0.84%
2012-04-10,"2,991.22","3,044.67","3,055.20","2,987.00",508.81M,-1.83%
2012-04-09,"3,047.08","3,037.28","3,058.76","3,032.22",371.85M,-1.08%
2012-04-05,"3,080.50","3,061.75","3,083.38","3,061.14",483.01M,0.40%
2012-04-04,"3,068.09","3,085.46","3,086.35","3,052.58",474.23M,-1.46%
2012-04-03,"3,113.57","3,119.65","3,128.25","3,097.41",469.96M,-0.20%
2012-04-02,"3,119.70","3,085.94","3,123.03","3,079.78",454.67M,0.91%
2012-03-30,"3,091.57","3,110.97","3,111.55","3,079.05",519.08M,-0.12%
2012-03-29,"3,095.36","3,087.25","3,099.80","3,069.81",449.58M,-0.31%
2012-03-28,"3,104.96","3,123.84","3,130.56","3,086.93",457.81M,-0.49%
2012-03-27,"3,120.35","3,124.06","3,134.17","3,119.03",401.79M,-0.07%
2012-03-26,"3,122.57","3,090.52","3,122.57","3,090.05",400.28M,1.78%
2012-03-23,"3,067.92","3,066.37","3,070.93","3,044.67",391.25M,0.15%
2012-03-22,"3,063.32","3,055.00","3,068.50","3,050.70",385.90M,-0.39%
2012-03-21,"3,075.32","3,077.44","3,090.08","3,069.09",393.08M,0.04%
2012-03-20,"3,074.15","3,060.93","3,078.72","3,050.82",378.43M,-0.14%
2012-03-19,"3,078.32","3,057.24","3,087.10","3,050.89",383.48M,0.75%
2012-03-16,"3,055.26","3,058.49","3,060.82","3,047.69",792.07M,-0.04%
2012-03-15,"3,056.37","3,048.58","3,059.81","3,037.82",428.06M,0.51%
2012-03-14,"3,040.73","3,042.21","3,051.37","3,024.73",428.47M,0.03%
2012-03-13,"3,039.88","3,003.71","3,039.89","2,996.46",436.87M,1.88%
2012-03-12,"2,983.66","2,989.05","2,994.10","2,973.65",342.13M,-0.16%
2012-03-09,"2,988.34","2,975.09","2,993.98","2,973.96",403.43M,0.60%
2012-03-08,"2,970.42","2,954.40","2,976.05","2,945.73",420.62M,1.18%
2012-03-07,"2,935.69","2,922.57","2,940.28","2,920.54",426.27M,0.87%
2012-03-06,"2,910.32","2,917.52","2,921.77","2,900.28",495.16M,-1.36%
2012-03-05,"2,950.48","2,969.73","2,973.93","2,940.52",417.11M,-0.86%
2012-03-02,"2,976.19","2,986.08","2,995.97","2,968.00",439.35M,-0.43%
2012-03-01,"2,988.97","2,979.11","2,996.37","2,974.59",491.29M,0.74%
2012-02-29,"2,966.89","2,991.67","3,000.11","2,961.77",598.32M,-0.67%
2012-02-28,"2,986.76","2,969.25","2,988.59","2,966.61",473.30M,0.69%
2012-02-27,"2,966.16","2,945.87","2,976.08","2,933.30",439.74M,0.08%
2012-02-24,"2,963.75","2,963.13","2,970.88","2,958.82",375.67M,0.23%
2012-02-23,"2,956.98","2,933.16","2,958.42","2,922.96",438.29M,0.81%
2012-02-22,"2,933.17","2,942.77","2,950.37","2,929.68",427.36M,-0.52%
2012-02-21,"2,948.57","2,957.30","2,965.05","2,934.07",454.47M,-0.11%
2012-02-17,"2,951.78","2,958.22","2,962.78","2,941.55",534.70M,-0.27%
2012-02-16,"2,959.85","2,915.67","2,961.38","2,912.72",471.61M,1.51%
2012-02-15,"2,915.83","2,943.42","2,958.19","2,911.33",493.94M,-0.55%
2012-02-14,"2,931.83","2,921.70","2,932.08","2,911.60",459.08M,0.02%
2012-02-13,"2,931.39","2,926.21","2,933.93","2,913.89",404.82M,0.95%
2012-02-10,"2,903.88","2,902.00","2,910.98","2,895.10",441.21M,-0.80%
2012-02-09,"2,927.23","2,922.46","2,930.68","2,904.51",514.77M,0.39%
2012-02-08,"2,915.86","2,906.59","2,918.26","2,892.71",476.38M,0.41%
2012-02-07,"2,904.08","2,895.91","2,910.27","2,885.17",428.83M,0.07%
2012-02-06,"2,901.99","2,892.52","2,903.03","2,887.33",407.04M,-0.13%
2012-02-03,"2,905.66","2,888.95","2,908.13","2,885.84",526.72M,1.61%
2012-02-02,"2,859.68","2,854.10","2,868.23","2,849.40",447.13M,0.40%
2012-02-01,"2,848.27","2,830.10","2,855.73","2,825.19",540.08M,1.22%
2012-01-31,"2,813.84","2,825.76","2,830.45","2,798.77",459.38M,0.07%
2012-01-30,"2,811.94","2,790.40","2,816.85","2,782.44",399.62M,-0.16%
2012-01-27,"2,816.55","2,797.66","2,821.55","2,797.24",427.28M,0.40%
2012-01-26,"2,805.28","2,828.78","2,834.30","2,794.78",476.35M,-0.46%
2012-01-25,"2,818.31","2,803.23","2,822.79","2,788.95",480.46M,1.14%
2012-01-24,"2,786.64","2,771.58","2,788.38","2,766.34",412.58M,0.09%
2012-01-23,"2,784.17","2,786.21","2,804.99","2,769.82",391.76M,-0.09%
2012-01-20,"2,786.70","2,776.04","2,787.20","2,775.87",522.62M,-0.06%
2012-01-19,"2,788.33","2,779.74","2,793.35","2,777.17",466.59M,0.67%
2012-01-18,"2,769.71","2,731.16","2,769.71","2,730.05",490.87M,1.53%
2012-01-17,"2,728.08","2,736.34","2,742.73","2,721.03",441.25M,0.64%
2012-01-13,"2,710.67","2,707.41","2,712.93","2,689.58",422.13M,-0.51%
2012-01-12,"2,724.70","2,716.87","2,726.43","2,697.32",403.17M,0.51%
2012-01-11,"2,710.76","2,695.77","2,714.29","2,690.73",419.72M,0.31%
2012-01-10,"2,702.50","2,704.42","2,712.50","2,694.33",453.07M,0.97%
2012-01-09,"2,676.56","2,682.98","2,683.78","2,662.96",447.70M,0.09%
2012-01-06,"2,674.22","2,671.17","2,682.12","2,658.83",412.31M,0.16%
2012-01-05,"2,669.86","2,642.57","2,673.56","2,631.23",442.08M,0.81%
2012-01-04,"2,648.36","2,639.90","2,653.18","2,627.23",411.09M,-0.01%
2012-01-03,"2,648.72","2,657.39","2,665.90","2,641.98",411.79M,1.67%
2011-12-30,"2,605.15","2,610.23","2,616.46","2,604.60",290.70M,-0.33%
2011-12-29,"2,613.74","2,596.33","2,614.87","2,593.04",253.71M,0.92%
2011-12-28,"2,589.98","2,626.19","2,626.34","2,586.85",267.65M,-1.34%
2011-12-27,"2,625.20","2,613.51","2,633.34","2,610.77",195.84M,0.25%
2011-12-23,"2,618.64","2,607.43","2,618.84","2,599.89",219.15M,0.74%
2011-12-22,"2,599.45","2,584.33","2,601.99","2,581.92",369.20M,0.83%
2011-12-21,"2,577.97","2,589.77","2,590.61","2,544.66",468.82M,-0.99%
2011-12-20,"2,603.73","2,567.25","2,604.52","2,566.87",500.76M,3.19%
2011-12-19,"2,523.14","2,564.07","2,570.65","2,518.01",392.16M,-1.26%
2011-12-16,"2,555.33","2,554.62","2,585.42","2,548.00",985.01M,0.56%
2011-12-15,"2,541.01","2,565.93","2,565.94","2,536.58",450.85M,0.07%
2011-12-14,"2,539.31","2,566.21","2,568.44","2,525.88",483.86M,-1.55%
2011-12-13,"2,579.27","2,629.67","2,639.74","2,568.44",454.22M,-1.26%
2011-12-12,"2,612.26","2,617.32","2,617.32","2,591.42",418.20M,-1.31%
2011-12-09,"2,646.85","2,603.18","2,653.46","2,603.18",418.36M,1.94%
2011-12-08,"2,596.38","2,633.30","2,645.92","2,592.55",492.48M,-1.99%
2011-12-07,"2,649.21","2,638.61","2,660.24","2,612.80",433.04M,-0.01%
2011-12-06,"2,649.56","2,655.02","2,663.63","2,639.18",374.31M,-0.23%
2011-12-05,"2,655.76","2,666.47","2,674.53","2,641.59",433.48M,1.10%
2011-12-02,"2,626.93","2,650.80","2,659.23","2,625.07",407.88M,0.03%
2011-12-01,"2,626.20","2,615.67","2,636.08","2,611.48",445.01M,0.22%
2011-11-30,"2,620.34","2,586.39","2,620.34","2,582.49",818.73M,4.17%
2011-11-29,"2,515.51","2,529.11","2,542.46","2,508.27",421.54M,-0.47%
2011-11-28,"2,527.34","2,509.63","2,531.32","2,507.72",455.18M,3.52%
2011-11-25,"2,441.51","2,453.03","2,477.03","2,441.48",200.91M,-0.75%
2011-11-23,"2,460.08","2,501.18","2,503.38","2,460.08",440.00M,-2.43%
2011-11-22,"2,521.28","2,517.64","2,534.40","2,499.19",441.86M,-0.07%
2011-11-21,"2,523.14","2,535.34","2,539.87","2,500.89",513.06M,-1.92%
2011-11-18,"2,572.50","2,595.02","2,595.84","2,567.15",473.35M,-0.60%
2011-11-17,"2,587.99","2,637.37","2,637.48","2,576.22",555.83M,-1.96%
2011-11-16,"2,639.61","2,661.09","2,688.86","2,637.91",507.87M,-1.73%
2011-11-15,"2,686.20","2,647.91","2,695.87","2,644.00",431.67M,1.09%
2011-11-14,"2,657.22","2,671.11","2,682.13","2,647.48",356.72M,-0.80%
2011-11-11,"2,678.75","2,653.53","2,684.67","2,649.85",401.44M,2.04%
2011-11-10,"2,625.15","2,652.01","2,652.40","2,601.79",500.67M,0.13%
2011-11-09,"2,621.65","2,662.56","2,672.34","2,617.93",575.97M,-3.88%
2011-11-08,"2,727.49","2,712.08","2,730.39","2,680.93",469.14M,1.20%
2011-11-07,"2,695.25","2,683.38","2,697.02","2,649.06",440.44M,0.34%
2011-11-04,"2,686.15","2,678.16","2,693.67","2,655.12",461.04M,-0.44%
2011-11-03,"2,697.97","2,666.21","2,699.84","2,628.22",550.99M,2.20%
2011-11-02,"2,639.98","2,637.56","2,648.46","2,613.74",522.79M,1.27%
2011-11-01,"2,606.96","2,607.31","2,638.60","2,597.16",638.79M,-2.89%
2011-10-31,"2,684.41","2,705.89","2,716.70","2,684.13",502.70M,-1.93%
2011-10-28,"2,737.15","2,724.03","2,742.27","2,723.03",480.01M,-0.05%
2011-10-27,"2,738.63","2,720.59","2,753.37","2,694.27",713.32M,3.32%
2011-10-26,"2,650.67","2,660.42","2,666.29","2,598.74",556.08M,0.46%
2011-10-25,"2,638.42","2,685.86","2,685.88","2,633.94",465.59M,-2.26%
2011-10-24,"2,699.44","2,644.83","2,703.07","2,643.94",468.79M,2.35%
2011-10-21,"2,637.46","2,630.30","2,646.92","2,611.11",621.70M,1.49%
2011-10-20,"2,598.62","2,605.42","2,606.39","2,557.17",516.28M,-0.21%
2011-10-19,"2,604.04","2,642.89","2,651.88","2,597.77",505.56M,-2.01%
2011-10-18,"2,657.43","2,614.05","2,667.57","2,586.31",524.34M,1.63%
2011-10-17,"2,614.92","2,653.32","2,658.25","2,606.91",441.27M,-1.98%
2011-10-14,"2,667.85","2,655.23","2,667.85","2,636.00",412.32M,1.82%
2011-10-13,"2,620.24","2,595.05","2,625.22","2,588.71",436.76M,0.60%
2011-10-12,"2,604.73","2,606.61","2,629.49","2,602.31",507.46M,0.84%
2011-10-11,"2,583.03","2,554.70","2,587.28","2,551.94",420.20M,0.66%
2011-10-10,"2,566.05","2,522.72","2,566.05","2,519.78",421.84M,3.50%
2011-10-07,"2,479.35","2,509.61","2,512.14","2,468.60",547.92M,-1.10%
2011-10-06,"2,506.82","2,459.05","2,507.44","2,446.72",579.84M,1.88%
2011-10-05,"2,460.51","2,398.37","2,466.50","2,380.96",651.56M,2.32%
2011-10-04,"2,404.82","2,312.68","2,406.67","2,298.89",845.16M,2.95%
2011-10-03,"2,335.83","2,401.19","2,430.88","2,335.23",710.58M,-3.29%
2011-09-30,"2,415.40","2,444.77","2,468.98","2,415.07",597.57M,-2.63%
2011-09-29,"2,480.76","2,535.52","2,538.97","2,433.58",609.96M,-0.43%
2011-09-28,"2,491.58","2,557.86","2,569.79","2,491.07",523.31M,-2.17%
2011-09-27,"2,546.83","2,560.78","2,590.94","2,532.65",566.85M,1.20%
2011-09-26,"2,516.69","2,496.98","2,518.91","2,446.12",517.94M,1.35%
2011-09-23,"2,483.23","2,438.63","2,490.72","2,438.28",552.81M,1.12%
2011-09-22,"2,455.67","2,466.06","2,494.31","2,420.23",791.23M,-3.25%
2011-09-21,"2,538.19","2,601.06","2,613.29","2,537.46",586.88M,-2.01%
2011-09-20,"2,590.24","2,623.89","2,643.37","2,589.52",507.83M,-0.86%
2011-09-19,"2,612.83","2,584.35","2,627.34","2,564.46",497.76M,-0.36%
2011-09-16,"2,622.31","2,607.12","2,627.28","2,600.96",980.76M,0.58%
2011-09-15,"2,607.07","2,595.45","2,608.95","2,569.78",519.06M,1.34%
2011-09-14,"2,572.55","2,548.45","2,600.78","2,519.80",602.20M,1.60%
2011-09-13,"2,532.15","2,502.59","2,537.40","2,494.07",538.74M,1.49%
2011-09-12,"2,495.09","2,442.86","2,495.36","2,438.40",525.06M,1.10%
2011-09-09,"2,467.99","2,508.12","2,518.40","2,452.93",586.13M,-2.42%
2011-09-08,"2,529.14","2,533.81","2,568.45","2,520.80",521.74M,-0.78%
2011-09-07,"2,548.94","2,511.50","2,548.94","2,507.52",494.02M,3.04%
2011-09-06,"2,473.83","2,417.61","2,477.77","2,414.31",501.36M,-0.26%
2011-09-02,"2,480.33","2,497.28","2,512.78","2,469.35",446.91M,-2.58%
2011-09-01,"2,546.04","2,583.34","2,604.50","2,543.56",474.62M,-1.30%
2011-08-31,"2,579.46","2,589.75","2,611.58","2,557.74",594.61M,0.13%
2011-08-30,"2,576.11","2,547.07","2,589.53","2,534.68",516.48M,0.55%
2011-08-29,"2,562.11","2,510.99","2,562.58","2,510.13",442.39M,3.32%
2011-08-26,"2,479.85","2,408.79","2,486.04","2,385.27",513.23M,2.49%
2011-08-25,"2,419.63","2,470.96","2,482.90","2,415.24",490.11M,-1.95%
2011-08-24,"2,467.69","2,437.48","2,470.80","2,420.48",493.49M,0.88%
2011-08-23,"2,446.06","2,360.95","2,446.06","2,349.08",564.70M,4.29%
2011-08-22,"2,345.38","2,396.88","2,397.34","2,337.28",516.09M,0.15%
2011-08-19,"2,341.84","2,353.32","2,415.18","2,338.66",671.23M,-1.62%
2011-08-18,"2,380.43","2,436.38","2,437.01","2,362.97",725.40M,-5.22%
2011-08-17,"2,511.48","2,527.79","2,549.11","2,488.09",485.71M,-0.47%
2011-08-16,"2,523.45","2,526.48","2,546.74","2,494.55",544.77M,-1.24%
2011-08-15,"2,555.20","2,522.04","2,555.20","2,514.52",494.10M,1.88%
2011-08-12,"2,507.98","2,507.01","2,524.09","2,481.50",584.86M,0.61%
2011-08-11,"2,492.68","2,415.54","2,516.39","2,399.56",871.49M,4.69%
2011-08-10,"2,381.05","2,425.55","2,461.28","2,378.08",957.55M,-4.09%
2011-08-09,"2,482.52","2,402.13","2,483.66","2,331.65",1.06B,5.29%
2011-08-08,"2,357.69","2,447.30","2,489.39","2,357.69",1.12B,-6.90%
2011-08-05,"2,532.41","2,580.30","2,592.04","2,464.87",1.03B,-0.94%
2011-08-04,"2,556.39","2,648.38","2,653.79","2,556.38",864.87M,-5.08%
2011-08-03,"2,693.07","2,673.97","2,695.37","2,621.67",672.33M,0.89%
2011-08-02,"2,669.24","2,728.29","2,745.87","2,668.68",612.75M,-2.75%
2011-08-01,"2,744.61","2,791.45","2,796.24","2,716.30",581.75M,-0.43%
2011-07-29,"2,756.38","2,736.67","2,780.58","2,724.99",621.21M,-0.36%
2011-07-28,"2,766.25","2,765.61","2,800.11","2,757.85",513.72M,0.05%
2011-07-27,"2,764.79","2,823.62","2,823.86","2,761.00",633.90M,-2.65%
2011-07-26,"2,839.96","2,842.74","2,851.72","2,832.27",436.93M,-0.10%
2011-07-25,"2,842.80","2,832.11","2,859.40","2,828.91",407.25M,-0.56%
2011-07-22,"2,858.83","2,834.46","2,862.72","2,830.58",413.15M,0.86%
2011-07-21,"2,834.43","2,818.79","2,847.41","2,807.71",553.31M,0.72%
2011-07-20,"2,814.23","2,839.39","2,839.65","2,808.18",476.06M,-0.43%
2011-07-19,"2,826.52","2,790.98","2,828.65","2,790.98",479.12M,2.22%
2011-07-18,"2,765.11","2,777.61","2,783.76","2,743.79",463.02M,-0.89%
2011-07-15,"2,789.80","2,787.33","2,790.16","2,768.28",529.59M,0.98%
2011-07-14,"2,762.67","2,804.82","2,817.38","2,755.90",546.87M,-1.22%
2011-07-13,"2,796.92","2,800.88","2,825.86","2,789.57",487.15M,0.54%
2011-07-12,"2,781.91","2,798.75","2,807.57","2,780.16",529.41M,-0.74%
2011-07-11,"2,802.62","2,828.10","2,841.12","2,795.54",448.20M,-2.00%
2011-07-08,"2,859.81","2,841.29","2,860.02","2,831.16",428.04M,-0.45%
2011-07-07,"2,872.66","2,856.25","2,878.94","2,853.90",465.80M,1.36%
2011-07-06,"2,834.02","2,821.42","2,838.85","2,812.80",440.07M,0.29%
2011-07-05,"2,825.77","2,817.87","2,828.53","2,810.00",423.89M,0.35%
2011-07-01,"2,816.03","2,775.08","2,818.19","2,769.06",460.60M,1.53%
2011-06-30,"2,773.52","2,749.37","2,776.56","2,749.11",517.12M,1.21%
2011-06-29,"2,740.49","2,736.76","2,746.62","2,722.26",505.93M,0.41%
2011-06-28,"2,729.31","2,694.26","2,729.94","2,692.45",448.66M,1.53%
2011-06-27,"2,688.28","2,653.07","2,697.34","2,647.55",479.28M,1.33%
2011-06-24,"2,652.89","2,681.10","2,682.41","2,647.46",1.40B,-1.26%
2011-06-23,"2,686.75","2,638.60","2,688.07","2,627.47",594.12M,0.66%
2011-06-22,"2,669.19","2,677.18","2,693.23","2,668.35",451.69M,-0.67%
2011-06-21,"2,687.26","2,640.33","2,688.50","2,634.04",500.03M,2.19%
2011-06-20,"2,629.66","2,608.05","2,636.55","2,607.74",462.40M,0.50%
2011-06-17,"2,616.48","2,646.29","2,648.54","2,608.99",941.78M,-0.28%
2011-06-16,"2,623.70","2,631.98","2,642.65","2,599.86",563.80M,-0.29%
2011-06-15,"2,631.46","2,653.17","2,669.75","2,625.86",566.88M,-1.76%
2011-06-14,"2,678.72","2,662.73","2,685.65","2,662.73",480.75M,1.48%
2011-06-13,"2,639.69","2,649.30","2,657.77","2,629.61",510.32M,-0.15%
2011-06-10,"2,643.73","2,675.10","2,676.72","2,641.64",563.12M,-1.53%
2011-06-09,"2,684.87","2,678.52","2,696.69","2,670.02",480.36M,0.35%
2011-06-08,"2,675.38","2,693.69","2,698.08","2,671.09",570.44M,-0.97%
2011-06-07,"2,701.56","2,712.79","2,723.32","2,701.17",510.84M,-0.04%
2011-06-06,"2,702.56","2,728.31","2,736.66","2,702.20",545.85M,-1.11%
2011-06-03,"2,732.78","2,740.49","2,762.56","2,730.63",559.23M,-1.46%
2011-06-02,"2,773.31","2,773.76","2,784.57","2,759.17",535.27M,0.15%
2011-06-01,"2,769.19","2,829.39","2,834.05","2,767.63",662.69M,-2.33%
2011-05-31,"2,835.30","2,824.25","2,835.34","2,808.60",947.55M,1.37%
2011-05-27,"2,796.86","2,789.02","2,801.15","2,788.29",444.77M,0.50%
2011-05-26,"2,782.92","2,756.31","2,787.33","2,756.06",521.81M,0.78%
2011-05-25,"2,761.38","2,739.99","2,771.38","2,739.85",523.97M,0.55%
2011-05-24,"2,746.16","2,766.70","2,767.50","2,744.01",495.93M,-0.46%
2011-05-23,"2,758.90","2,761.96","2,770.51","2,750.64",504.94M,-1.58%
2011-05-20,"2,803.32","2,815.96","2,821.44","2,796.27",531.97M,-0.71%
2011-05-19,"2,823.31","2,824.05","2,828.41","2,805.12",493.60M,0.30%
2011-05-18,"2,815.00","2,782.65","2,817.15","2,780.83",513.71M,1.14%
2011-05-17,"2,783.21","2,769.17","2,783.61","2,759.29",600.24M,0.03%
2011-05-16,"2,782.31","2,815.90","2,828.14","2,779.54",572.93M,-1.63%
2011-05-13,"2,828.47","2,859.70","2,861.51","2,827.51",540.67M,-1.21%
2011-05-12,"2,863.04","2,833.67","2,865.86","2,819.37",615.41M,0.63%
2011-05-11,"2,845.06","2,867.16","2,874.61","2,829.68",627.18M,-0.93%
2011-05-10,"2,871.89","2,851.91","2,873.64","2,850.01",522.62M,1.01%
2011-05-09,"2,843.25","2,828.24","2,850.39","2,823.67",447.83M,0.55%
2011-05-06,"2,827.56","2,840.71","2,859.25","2,818.65",561.09M,0.46%
2011-05-05,"2,814.72","2,812.84","2,845.85","2,804.82",611.73M,-0.48%
2011-05-04,"2,828.23","2,842.92","2,848.16","2,808.79",610.39M,-0.47%
2011-05-03,"2,841.62","2,859.30","2,861.95","2,825.50",590.04M,-0.78%
2011-05-02,"2,864.08","2,881.28","2,887.75","2,859.84",553.48M,-0.33%
2011-04-29,"2,873.54","2,869.74","2,876.83","2,863.04",948.18M,0.04%
2011-04-28,"2,872.53","2,862.82","2,874.59","2,859.62",541.97M,0.09%
2011-04-27,"2,869.88","2,853.88","2,870.80","2,842.61",561.75M,0.78%
2011-04-26,"2,847.54","2,832.48","2,856.61","2,829.00",538.65M,0.77%
2011-04-25,"2,825.88","2,820.28","2,826.26","2,813.20",395.07M,0.20%
2011-04-21,"2,820.16","2,820.77","2,820.77","2,808.55",471.56M,0.63%
2011-04-20,"2,802.51","2,788.84","2,802.99","2,785.98",539.56M,2.10%
2011-04-19,"2,744.97","2,741.35","2,746.18","2,727.12",440.01M,0.35%
2011-04-18,"2,735.38","2,731.22","2,737.46","2,706.50",478.29M,-1.06%
2011-04-15,"2,764.65","2,752.87","2,769.29","2,743.75",544.73M,0.16%
2011-04-14,"2,760.22","2,743.12","2,762.18","2,733.68",451.74M,-0.05%
2011-04-13,"2,761.52","2,762.69","2,772.05","2,744.85",457.20M,0.61%
2011-04-12,"2,744.79","2,755.89","2,760.62","2,737.07",458.96M,-0.96%
2011-04-11,"2,771.51","2,789.49","2,792.95","2,760.84",505.17M,-0.32%
2011-04-08,"2,780.41","2,806.29","2,808.56","2,772.40",422.40M,-0.56%
2011-04-07,"2,796.14","2,799.59","2,813.22","2,781.13",476.14M,-0.13%
2011-04-06,"2,799.82","2,808.11","2,815.55","2,786.80",486.87M,0.31%
2011-04-05,"2,791.19","2,787.78","2,806.20","2,785.27",481.22M,0.07%
2011-04-04,"2,789.19","2,796.26","2,799.73","2,778.87",428.47M,-0.01%
2011-04-01,"2,789.60","2,796.67","2,802.63","2,779.71",562.20M,0.31%
2011-03-31,"2,781.07","2,774.23","2,783.98","2,769.52",512.95M,0.15%
2011-03-30,"2,776.79","2,772.36","2,779.95","2,763.77",466.64M,0.72%
2011-03-29,"2,756.89","2,727.83","2,756.89","2,720.19",410.89M,0.96%
2011-03-28,"2,730.68","2,752.33","2,754.63","2,730.68",430.30M,-0.45%
2011-03-25,"2,743.06","2,746.34","2,762.55","2,740.17",471.15M,0.24%
2011-03-24,"2,736.42","2,715.88","2,740.39","2,703.42",503.13M,1.41%
2011-03-23,"2,698.30","2,677.56","2,704.30","2,660.17",445.35M,0.54%
2011-03-22,"2,683.87","2,692.13","2,695.46","2,679.41",423.83M,-0.31%
2011-03-21,"2,692.09","2,675.47","2,699.70","2,674.99",462.88M,1.83%
2011-03-18,"2,643.67","2,665.54","2,665.56","2,639.76",957.29M,0.29%
2011-03-17,"2,636.05","2,656.08","2,660.50","2,634.17",515.47M,0.73%
2011-03-16,"2,616.82","2,652.92","2,669.27","2,603.50",683.02M,-1.89%
2011-03-15,"2,667.33","2,619.40","2,680.57","2,618.50",630.41M,-1.25%
2011-03-14,"2,700.97","2,695.66","2,715.22","2,682.09",467.23M,-0.54%
2011-03-11,"2,715.61","2,689.65","2,724.61","2,689.41",479.30M,0.54%
2011-03-10,"2,701.02","2,719.29","2,721.21","2,695.08",635.12M,-1.84%
2011-03-09,"2,751.72","2,756.34","2,761.77","2,737.68",502.98M,-0.51%
2011-03-08,"2,765.77","2,745.23","2,775.41","2,729.85",476.58M,0.73%
2011-03-07,"2,745.63","2,793.19","2,794.82","2,724.51",586.99M,-1.40%
2011-03-04,"2,784.67","2,797.64","2,798.07","2,768.12",489.53M,-0.50%
2011-03-03,"2,798.74","2,774.48","2,802.32","2,774.48",503.92M,1.84%
2011-03-02,"2,748.07","2,735.05","2,763.95","2,734.08",492.07M,0.39%
2011-03-01,"2,737.41","2,791.08","2,791.23","2,730.72",580.40M,-1.61%
2011-02-28,"2,782.27","2,791.28","2,798.43","2,767.61",575.72M,0.04%
2011-02-25,"2,781.05","2,752.16","2,781.12","2,751.81",468.60M,1.58%
2011-02-24,"2,737.90","2,726.59","2,745.29","2,707.63",539.60M,0.55%
2011-02-23,"2,722.99","2,755.20","2,761.70","2,705.54",588.49M,-1.21%
2011-02-22,"2,756.42","2,795.44","2,808.18","2,752.75",575.02M,-2.74%
2011-02-18,"2,833.95","2,833.35","2,840.51","2,823.65",597.63M,0.08%
2011-02-17,"2,831.58","2,816.12","2,835.20","2,815.08",458.30M,0.21%
2011-02-16,"2,825.56","2,815.09","2,828.19","2,811.52",530.03M,0.76%
2011-02-15,"2,804.35","2,809.02","2,813.13","2,798.83",495.10M,-0.46%
2011-02-14,"2,817.18","2,810.19","2,819.87","2,808.27",468.90M,0.28%
2011-02-11,"2,809.44","2,783.16","2,810.56","2,778.21",486.90M,0.68%
2011-02-10,"2,790.45","2,764.76","2,791.43","2,762.34",601.57M,0.05%
2011-02-09,"2,789.07","2,791.13","2,798.91","2,780.89",466.49M,-0.29%
2011-02-08,"2,797.05","2,782.41","2,797.05","2,776.35",411.28M,0.47%
2011-02-07,"2,783.99","2,773.26","2,796.50","2,772.81",416.65M,0.53%
2011-02-04,"2,769.30","2,755.85","2,769.70","2,747.86",466.99M,0.56%
2011-02-03,"2,753.88","2,746.74","2,757.54","2,725.78",488.25M,0.16%
2011-02-02,"2,749.56","2,751.19","2,758.51","2,743.76",464.81M,-0.06%
2011-02-01,"2,751.19","2,717.61","2,755.97","2,716.64",523.20M,1.89%
2011-01-31,"2,700.08","2,693.30","2,706.30","2,676.87",506.64M,0.49%
2011-01-28,"2,686.89","2,755.28","2,755.28","2,679.57",565.43M,-2.48%
2011-01-27,"2,755.28","2,745.16","2,763.64","2,740.30",481.92M,0.58%
2011-01-26,"2,739.50","2,724.52","2,746.03","2,717.63",480.26M,0.74%
2011-01-25,"2,719.25","2,704.25","2,719.34","2,697.51",458.23M,0.06%
2011-01-24,"2,717.55","2,693.03","2,719.73","2,687.97",431.67M,1.04%
2011-01-21,"2,689.54","2,716.92","2,722.74","2,688.53",521.36M,-0.55%
2011-01-20,"2,704.29","2,712.40","2,714.10","2,686.59",566.67M,-0.77%
2011-01-19,"2,725.36","2,762.81","2,764.35","2,717.79",491.30M,-1.46%
2011-01-18,"2,765.85","2,744.80","2,766.17","2,744.26",500.18M,0.38%
2011-01-14,"2,755.30","2,732.48","2,755.30","2,729.62",471.59M,0.73%
2011-01-13,"2,735.29","2,734.93","2,742.43","2,727.14",450.90M,-0.07%
2011-01-12,"2,737.33","2,731.45","2,737.33","2,722.32",413.05M,0.75%
2011-01-11,"2,716.83","2,719.60","2,722.75","2,706.58",422.11M,0.33%
2011-01-10,"2,707.80","2,691.47","2,712.32","2,682.25",441.30M,0.17%
2011-01-07,"2,703.17","2,712.75","2,715.96","2,676.36",462.38M,-0.25%
2011-01-06,"2,709.89","2,704.38","2,712.35","2,697.73",473.85M,0.28%
2011-01-05,"2,702.20","2,673.91","2,702.20","2,671.89",466.87M,0.78%
2011-01-04,"2,681.25","2,699.86","2,700.88","2,663.64",472.68M,-0.38%
2011-01-03,"2,691.52","2,676.65","2,704.86","2,676.34",446.29M,1.46%
2010-12-31,"2,652.87","2,660.58","2,662.39","2,649.04",283.38M,-0.38%
2010-12-30,"2,662.98","2,665.68","2,671.11","2,661.83",259.17M,-0.15%
2010-12-29,"2,666.93","2,667.18","2,671.23","2,664.51",251.43M,0.15%
2010-12-28,"2,662.88","2,671.85","2,673.02","2,658.21",282.82M,-0.16%
2010-12-27,"2,667.27","2,657.09","2,670.57","2,645.38",9.98M,0.06%
2010-12-23,"2,665.60","2,667.42","2,671.63","2,661.17",282.84M,-0.22%
2010-12-22,"2,671.48","2,669.00","2,675.26","2,666.63",368.13M,0.15%
2010-12-21,"2,667.61","2,658.94","2,669.01","2,655.95",382.42M,0.68%
2010-12-20,"2,649.56","2,651.98","2,658.80","2,634.56",439.14M,0.25%
2010-12-17,"2,642.97","2,643.35","2,651.35","2,637.08",1.03B,0.21%
2010-12-16,"2,637.31","2,620.56","2,639.68","2,613.72",455.58M,0.77%
2010-12-15,"2,617.22","2,625.81","2,643.11","2,613.15",526.79M,-0.40%
2010-12-14,"2,627.72","2,631.34","2,636.85","2,621.05",461.41M,0.11%
2010-12-13,"2,624.91","2,645.35","2,645.79","2,624.56",459.38M,-0.48%
2010-12-10,"2,637.54","2,623.28","2,639.41","2,615.42",433.74M,0.80%
2010-12-09,"2,616.67","2,623.15","2,624.84","2,606.24",483.06M,0.29%
2010-12-08,"2,609.16","2,604.57","2,612.37","2,592.89",447.26M,0.41%
2010-12-07,"2,598.49","2,623.15","2,623.60","2,597.45",514.64M,0.14%
2010-12-06,"2,594.92","2,591.28","2,599.19","2,584.09",408.83M,0.13%
2010-12-03,"2,591.46","2,569.02","2,593.68","2,567.88",468.89M,0.47%
2010-12-02,"2,579.35","2,553.68","2,580.59","2,551.82",527.40M,1.17%
2010-12-01,"2,549.43","2,535.19","2,558.29","2,535.19",565.04M,2.05%
2010-11-30,"2,498.23","2,497.12","2,510.71","2,488.61",768.95M,-1.07%
2010-11-29,"2,525.22","2,522.24","2,531.03","2,496.83",454.93M,-0.37%
2010-11-26,"2,534.56","2,525.91","2,541.49","2,522.40",186.15M,-0.34%
2010-11-24,"2,543.12","2,519.89","2,545.41","2,519.89",435.64M,1.93%
2010-11-23,"2,494.95","2,504.21","2,510.09","2,483.16",502.40M,-1.46%
2010-11-22,"2,532.02","2,509.39","2,532.02","2,501.30",489.60M,0.55%
2010-11-19,"2,518.12","2,510.79","2,520.94","2,499.92",562.10M,0.15%
2010-11-18,"2,514.40","2,504.41","2,526.83","2,502.50",532.08M,1.55%
2010-11-17,"2,476.01","2,471.27","2,486.16","2,467.19",493.76M,0.25%
2010-11-16,"2,469.84","2,494.21","2,503.29","2,459.79",618.45M,-1.75%
2010-11-15,"2,513.82","2,529.02","2,534.56","2,512.29",505.09M,-0.17%
2010-11-12,"2,518.21","2,540.47","2,552.24","2,506.40",581.78M,-1.46%
2010-11-11,"2,555.52","2,534.24","2,559.99","2,524.12",562.07M,-0.90%
2010-11-10,"2,578.78","2,564.31","2,578.78","2,545.46",554.01M,0.62%
2010-11-09,"2,562.98","2,587.08","2,592.94","2,552.93",563.93M,-0.66%
2010-11-08,"2,580.05","2,570.86","2,583.30","2,566.78",471.58M,0.04%
2010-11-05,"2,578.98","2,577.63","2,582.18","2,568.78",548.77M,0.06%
2010-11-04,"2,577.34","2,569.27","2,579.62","2,564.05",656.40M,1.46%
2010-11-03,"2,540.27","2,532.83","2,541.42","2,511.31",540.95M,0.27%
2010-11-02,"2,533.52","2,525.94","2,534.88","2,518.29",516.74M,1.14%
2010-11-01,"2,504.84","2,520.45","2,532.37","2,491.46",502.15M,-0.10%
2010-10-29,"2,507.41","2,505.99","2,517.50","2,505.86",559.25M,0.00%
2010-10-28,"2,507.37","2,516.16","2,516.20","2,489.76",517.08M,0.16%
2010-10-27,"2,503.26","2,484.09","2,505.35","2,478.01",524.26M,0.24%
2010-10-26,"2,497.29","2,476.51","2,503.03","2,470.12",508.85M,0.26%
2010-10-25,"2,490.85","2,491.62","2,507.03","2,490.11",470.19M,0.46%
2010-10-22,"2,479.39","2,461.60","2,479.39","2,459.43",427.82M,0.80%
2010-10-21,"2,459.67","2,470.72","2,482.14","2,436.34",550.31M,0.09%
2010-10-20,"2,457.39","2,443.20","2,469.72","2,441.07",522.29M,0.84%
2010-10-19,"2,436.95","2,442.21","2,462.95","2,422.14",608.17M,-1.76%
2010-10-18,"2,480.66","2,470.12","2,480.95","2,462.55",460.15M,0.48%
2010-10-15,"2,468.77","2,461.70","2,468.77","2,438.03",696.23M,1.37%
2010-10-14,"2,435.38","2,441.21","2,445.85","2,422.07",533.22M,-0.24%
2010-10-13,"2,441.23","2,432.55","2,452.54","2,426.52",595.42M,0.96%
2010-10-12,"2,417.92","2,397.70","2,421.79","2,379.39",489.58M,0.65%
2010-10-11,"2,402.33","2,403.46","2,413.03","2,397.57",377.79M,0.02%
2010-10-08,"2,401.91","2,384.76","2,406.67","2,370.53",493.45M,0.77%
2010-10-07,"2,383.67","2,391.63","2,392.74","2,368.25",486.07M,0.13%
2010-10-06,"2,380.66","2,395.16","2,399.13","2,368.43",547.52M,-0.80%
2010-10-05,"2,399.83","2,368.52","2,402.42","2,366.06",591.91M,2.36%
2010-10-04,"2,344.52","2,362.25","2,370.87","2,332.46",500.60M,-1.11%
2010-10-01,"2,370.75","2,386.82","2,389.45","2,359.32",504.34M,0.09%
2010-09-30,"2,368.62","2,390.96","2,400.06","2,354.22",697.99M,-0.33%
2010-09-29,"2,376.56","2,372.37","2,382.15","2,366.19",575.39M,-0.13%
2010-09-28,"2,379.59","2,373.13","2,383.67","2,339.50",585.54M,0.41%
2010-09-27,"2,369.77","2,379.73","2,386.01","2,368.65",484.98M,-0.48%
2010-09-24,"2,381.22","2,356.26","2,381.22","2,353.50",536.28M,2.33%
2010-09-23,"2,327.08","2,316.71","2,353.79","2,316.11",516.15M,-0.32%
2010-09-22,"2,334.55","2,339.91","2,355.91","2,323.55",586.26M,-0.63%
2010-09-21,"2,349.35","2,355.27","2,366.76","2,341.82",583.71M,-0.28%
2010-09-20,"2,355.83","2,322.80","2,358.90","2,317.89",547.99M,1.74%
2010-09-17,"2,315.61","2,318.42","2,320.37","2,301.82",919.35M,0.54%
2010-09-16,"2,303.25","2,297.51","2,304.95","2,288.71",496.46M,0.08%
2010-09-15,"2,301.32","2,283.17","2,304.60","2,276.32",555.05M,0.50%
2010-09-14,"2,289.77","2,281.31","2,302.57","2,274.57",553.84M,0.18%
2010-09-13,"2,285.71","2,263.80","2,289.49","2,263.69",553.39M,1.93%
2010-09-10,"2,242.48","2,239.08","2,246.60","2,229.12",455.93M,0.28%
2010-09-09,"2,236.20","2,251.09","2,251.98","2,229.80",467.17M,0.33%
2010-09-08,"2,228.87","2,216.07","2,237.42","2,215.90",552.02M,0.90%
2010-09-07,"2,208.89","2,227.26","2,231.28","2,206.62",475.02M,-1.11%
2010-09-03,"2,233.75","2,227.96","2,235.57","2,213.56",452.45M,1.53%
2010-09-02,"2,200.01","2,178.99","2,200.01","2,173.71",445.62M,1.06%
2010-09-01,"2,176.84","2,142.75","2,177.50","2,141.95",574.51M,2.97%
2010-08-31,"2,114.03","2,109.76","2,128.90","2,101.52",647.20M,-0.28%
2010-08-30,"2,119.97","2,145.76","2,154.47","2,119.93",425.38M,-1.56%
2010-08-27,"2,153.63","2,134.16","2,154.99","2,099.29",574.92M,1.65%
2010-08-26,"2,118.69","2,148.49","2,154.32","2,116.82",494.23M,-1.07%
2010-08-25,"2,141.54","2,109.15","2,148.35","2,102.26",548.41M,0.84%
2010-08-24,"2,123.76","2,131.00","2,144.20","2,113.71",588.48M,-1.66%
2010-08-23,"2,159.63","2,188.34","2,200.52","2,159.44",451.39M,-0.92%
2010-08-20,"2,179.76","2,172.26","2,182.67","2,159.54",558.44M,0.04%
2010-08-19,"2,178.95","2,204.80","2,211.73","2,168.74",616.31M,-1.66%
2010-08-18,"2,215.70","2,205.30","2,228.90","2,196.11",470.37M,0.28%
2010-08-17,"2,209.44","2,197.09","2,225.08","2,193.42",495.88M,1.26%
2010-08-16,"2,181.87","2,161.31","2,193.84","2,155.66",459.60M,0.39%
2010-08-13,"2,173.48","2,183.09","2,190.27","2,173.48",468.63M,-0.77%
2010-08-12,"2,190.27","2,164.64","2,197.97","2,163.07",594.74M,-0.83%
2010-08-11,"2,208.63","2,236.93","2,236.93","2,204.94",641.70M,-3.01%
2010-08-10,"2,277.17","2,280.06","2,290.51","2,261.50",567.32M,-1.24%
2010-08-09,"2,305.69","2,298.81","2,309.43","2,289.03",441.72M,0.75%
2010-08-06,"2,288.47","2,267.42","2,291.15","2,253.92",512.54M,-0.20%
2010-08-05,"2,293.06","2,291.22","2,298.86","2,281.68",473.76M,-0.46%
2010-08-04,"2,303.57","2,291.09","2,305.07","2,283.21",541.23M,0.88%
2010-08-03,"2,283.52","2,291.75","2,295.03","2,272.33",515.63M,-0.52%
2010-08-02,"2,295.36","2,283.32","2,299.24","2,274.27",524.82M,1.80%
2010-07-30,"2,254.70","2,227.29","2,264.81","2,218.61",624.50M,0.13%
2010-07-29,"2,251.69","2,279.07","2,282.94","2,228.52",669.34M,-0.57%
2010-07-28,"2,264.56","2,284.62","2,292.24","2,257.76",540.55M,-1.04%
2010-07-27,"2,288.25","2,306.62","2,307.60","2,280.72",567.00M,-0.36%
2010-07-26,"2,296.43","2,271.62","2,296.43","2,262.96",577.81M,1.19%
2010-07-23,"2,269.47","2,234.34","2,269.47","2,227.50",670.31M,1.05%
2010-07-22,"2,245.89","2,216.04","2,251.42","2,216.04",630.73M,2.68%
2010-07-21,"2,187.33","2,236.13","2,236.37","2,183.22",636.84M,-1.58%
2010-07-20,"2,222.49","2,165.35","2,222.61","2,159.95",558.77M,1.10%
2010-07-19,"2,198.23","2,185.81","2,201.29","2,171.20",470.21M,0.88%
2010-07-16,"2,179.05","2,231.71","2,236.66","2,177.51",711.02M,-3.11%
2010-07-15,"2,249.08","2,247.76","2,253.33","2,218.92",567.69M,-0.03%
2010-07-14,"2,249.84","2,246.99","2,260.33","2,235.15",614.49M,0.35%
2010-07-13,"2,242.03","2,221.25","2,248.16","2,212.97",645.59M,1.99%
2010-07-12,"2,198.36","2,194.12","2,213.39","2,183.52",487.94M,0.09%
2010-07-09,"2,196.45","2,174.20","2,196.95","2,170.76",450.66M,0.97%
2010-07-08,"2,175.40","2,174.96","2,181.30","2,150.19",585.53M,0.74%
2010-07-07,"2,159.47","2,099.66","2,159.79","2,098.11",627.45M,3.13%
2010-07-06,"2,093.88","2,122.28","2,136.30","2,077.77",632.38M,0.10%
2010-07-02,"2,091.79","2,105.50","2,110.66","2,077.71",492.51M,-0.46%
2010-07-01,"2,101.36","2,110.75","2,117.94","2,061.14",739.37M,-0.37%
2010-06-30,"2,109.24","2,134.03","2,153.36","2,105.26",650.56M,-1.21%
2010-06-29,"2,135.18","2,183.92","2,185.30","2,122.67",814.46M,-3.85%
2010-06-28,"2,220.65","2,227.43","2,241.64","2,208.37",494.23M,-0.13%
2010-06-25,"2,223.48","2,224.73","2,240.88","2,205.92",1.74B,0.27%
2010-06-24,"2,217.42","2,246.20","2,247.42","2,213.50",576.45M,-1.63%
2010-06-23,"2,254.23","2,264.41","2,271.74","2,236.99",511.84M,-0.33%
2010-06-22,"2,261.80","2,296.83","2,313.72","2,259.59",526.15M,-1.19%
2010-06-21,"2,289.09","2,341.11","2,341.11","2,277.73",503.81M,-0.90%
2010-06-18,"2,309.80","2,308.94","2,321.99","2,301.48",782.92M,0.11%
2010-06-17,"2,307.16","2,316.59","2,318.27","2,288.59",471.31M,0.05%
2010-06-16,"2,305.93","2,293.56","2,317.75","2,290.26",499.15M,0.00%
2010-06-15,"2,305.88","2,256.48","2,307.98","2,256.44",582.19M,2.76%
2010-06-14,"2,243.96","2,263.66","2,278.96","2,242.00",495.94M,0.02%
2010-06-11,"2,243.60","2,199.40","2,243.60","2,196.91",479.99M,1.12%
2010-06-10,"2,218.71","2,188.71","2,219.65","2,185.98",599.25M,2.77%
2010-06-09,"2,158.85","2,184.78","2,208.65","2,152.67",624.76M,-0.54%
2010-06-08,"2,170.57","2,176.07","2,183.10","2,139.46",732.98M,-0.15%
2010-06-07,"2,173.90","2,226.60","2,232.89","2,172.25",611.15M,-2.04%
2010-06-04,"2,219.17","2,257.05","2,278.58","2,212.30",651.22M,-3.64%
2010-06-03,"2,303.03","2,285.76","2,307.47","2,274.88",585.15M,0.96%
2010-06-02,"2,281.07","2,234.59","2,281.07","2,221.07",624.62M,2.64%
2010-06-01,"2,222.33","2,244.79","2,277.39","2,220.89",605.06M,-1.54%
2010-05-28,"2,257.04","2,275.19","2,277.10","2,241.52",650.22M,-0.91%
2010-05-27,"2,277.68","2,244.82","2,278.37","2,239.72",645.62M,3.73%
2010-05-26,"2,195.88","2,226.24","2,257.33","2,190.44",1.03B,-0.68%
2010-05-25,"2,210.95","2,157.45","2,211.94","2,140.53",804.04M,-0.12%
2010-05-24,"2,213.55","2,220.60","2,244.67","2,212.37",564.86M,-0.69%
2010-05-21,"2,229.04","2,169.58","2,243.00","2,165.79",1.04B,1.14%
2010-05-20,"2,204.01","2,245.56","2,253.04","2,203.50",946.92M,-4.11%
2010-05-19,"2,298.37","2,307.78","2,324.99","2,270.62",712.80M,-0.82%
2010-05-18,"2,317.26","2,372.84","2,374.91","2,309.22",660.30M,-1.57%
2010-05-17,"2,354.23","2,352.77","2,364.65","2,304.28",634.64M,0.31%
2010-05-14,"2,346.85","2,373.88","2,374.53","2,323.63",669.62M,-1.98%
2010-05-13,"2,394.36","2,416.36","2,434.29","2,387.59",599.85M,-1.26%
2010-05-12,"2,425.02","2,388.64","2,426.47","2,384.69",599.38M,2.09%
2010-05-11,"2,375.31","2,347.70","2,405.26","2,345.50",662.00M,0.03%
2010-05-10,"2,374.67","2,365.97","2,379.87","2,349.40",790.24M,4.81%
2010-05-07,"2,265.64","2,308.71","2,330.65","2,228.06",1.18B,-2.33%
2010-05-06,"2,319.64","2,391.21","2,407.79","2,185.75",1.21B,-3.44%
2010-05-05,"2,402.29","2,395.21","2,421.05","2,382.07",768.30M,-0.91%
2010-05-04,"2,424.25","2,465.55","2,465.55","2,411.28",774.96M,-2.98%
2010-05-03,"2,498.74","2,472.32","2,503.00","2,472.32",600.74M,1.53%
2010-04-30,"2,461.19","2,509.99","2,514.37","2,461.09",782.21M,-2.02%
2010-04-29,"2,511.92","2,487.33","2,513.69","2,483.50",799.05M,1.63%
2010-04-28,"2,471.73","2,483.03","2,484.15","2,456.63",732.76M,0.01%
2010-04-27,"2,471.47","2,512.58","2,525.70","2,466.53",745.94M,-2.04%
2010-04-26,"2,522.95","2,529.85","2,535.28","2,521.51",616.03M,-0.28%
2010-04-23,"2,530.15","2,514.85","2,530.15","2,507.60",636.21M,0.44%
2010-04-22,"2,519.07","2,483.52","2,521.02","2,468.26",730.12M,0.58%
2010-04-21,"2,504.61","2,506.61","2,510.50","2,490.19",712.04M,0.17%
2010-04-20,"2,500.31","2,492.72","2,501.25","2,480.70",544.72M,0.81%
2010-04-19,"2,480.11","2,477.80","2,487.67","2,451.72",559.15M,-0.05%
2010-04-16,"2,481.26","2,505.38","2,510.06","2,467.68",836.01M,-1.37%
2010-04-15,"2,515.69","2,503.41","2,517.82","2,502.51",673.13M,0.43%
2010-04-14,"2,504.86","2,481.80","2,504.86","2,480.43",744.13M,1.58%
2010-04-13,"2,465.99","2,454.95","2,467.94","2,445.26",619.84M,0.33%
2010-04-12,"2,457.87","2,455.40","2,463.17","2,450.15",527.78M,0.16%
2010-04-09,"2,454.05","2,441.31","2,454.12","2,432.93",525.58M,0.71%
2010-04-08,"2,436.81","2,423.99","2,441.12","2,413.74",589.57M,0.23%
2010-04-07,"2,431.16","2,433.10","2,442.27","2,418.73",669.23M,-0.23%
2010-04-06,"2,436.81","2,420.33","2,443.50","2,417.77",529.60M,0.30%
2010-04-05,"2,429.53","2,409.48","2,429.61","2,403.88",501.68M,1.12%
2010-04-01,"2,402.58","2,411.68","2,423.43","2,383.77",581.66M,0.19%
2010-03-31,"2,397.96","2,402.98","2,415.44","2,395.34",681.27M,-0.53%
2010-03-30,"2,410.69","2,406.69","2,417.36","2,395.80",575.61M,0.26%
2010-03-29,"2,404.36","2,403.77","2,411.18","2,398.40",491.00M,0.39%
2010-03-26,"2,395.13","2,406.73","2,412.92","2,384.69",588.65M,-0.10%
2010-03-25,"2,397.41","2,415.24","2,432.25","2,397.36",661.03M,-0.06%
2010-03-24,"2,398.76","2,406.72","2,408.64","2,396.92",588.06M,-0.68%
2010-03-23,"2,415.24","2,397.90","2,416.51","2,390.04",584.30M,0.83%
2010-03-22,"2,395.40","2,360.35","2,401.21","2,358.00",603.43M,0.88%
2010-03-19,"2,374.41","2,391.20","2,396.92","2,364.53",1.09B,-0.71%
2010-03-18,"2,391.28","2,387.54","2,393.87","2,383.26",544.11M,0.09%
2010-03-17,"2,389.09","2,381.65","2,400.09","2,381.47",581.55M,0.47%
2010-03-16,"2,378.01","2,367.32","2,378.84","2,360.67",574.65M,0.67%
2010-03-15,"2,362.21","2,361.92","2,367.40","2,345.99",529.84M,-0.23%
2010-03-12,"2,367.66","2,376.07","2,376.28","2,358.08",547.56M,-0.03%
2010-03-11,"2,368.46","2,351.11","2,368.46","2,347.53",580.47M,0.40%
2010-03-10,"2,358.95","2,340.95","2,361.66","2,340.69",667.97M,0.78%
2010-03-09,"2,340.68","2,325.78","2,353.07","2,325.74",680.19M,0.36%
2010-03-08,"2,332.21","2,326.25","2,335.43","2,326.11",574.70M,0.25%
2010-03-05,"2,326.35","2,304.01","2,327.03","2,301.10",631.26M,1.48%
2010-03-04,"2,292.31","2,282.57","2,293.16","2,273.63",575.82M,0.51%
2010-03-03,"2,280.68","2,284.82","2,293.32","2,275.25",667.11M,0.00%
2010-03-02,"2,280.79","2,279.07","2,292.49","2,275.35",761.75M,0.32%
2010-03-01,"2,273.57","2,247.40","2,274.02","2,247.33",658.99M,1.58%
2010-02-26,"2,238.26","2,234.44","2,242.83","2,222.23",685.21M,0.18%
2010-02-25,"2,234.22","2,208.62","2,236.21","2,198.73",622.71M,-0.08%
2010-02-24,"2,235.90","2,222.40","2,241.69","2,221.28",596.22M,1.01%
2010-02-23,"2,213.44","2,238.01","2,239.80","2,205.70",647.22M,-1.28%
2010-02-22,"2,242.03","2,250.92","2,251.68","2,235.65",530.46M,-0.08%
2010-02-19,"2,243.87","2,233.33","2,249.80","2,228.93",625.30M,0.10%
2010-02-18,"2,241.71","2,223.22","2,243.50","2,221.14",552.21M,0.69%
2010-02-17,"2,226.29","2,222.87","2,226.32","2,212.78",547.43M,0.55%
2010-02-16,"2,214.19","2,200.38","2,214.19","2,189.18",559.68M,1.40%
2010-02-12,"2,183.53","2,157.69","2,184.57","2,151.99",696.17M,0.28%
2010-02-11,"2,177.41","2,145.09","2,179.54","2,134.14",598.66M,1.38%
2010-02-10,"2,147.87","2,147.46","2,156.36","2,131.08",590.40M,-0.14%
2010-02-09,"2,150.87","2,153.10","2,166.16","2,132.58",662.58M,1.17%
2010-02-08,"2,126.05","2,140.10","2,152.64","2,125.11",606.27M,-0.70%
2010-02-05,"2,141.12","2,131.92","2,142.27","2,100.17",822.61M,0.74%
2010-02-04,"2,125.43","2,176.39","2,178.25","2,125.43",813.07M,-2.99%
2010-02-03,"2,190.91","2,181.01","2,194.53","2,176.75",676.19M,0.04%
2010-02-02,"2,190.06","2,171.66","2,193.66","2,161.47",720.07M,0.87%
2010-02-01,"2,171.20","2,155.81","2,171.20","2,152.26",631.69M,1.11%
2010-01-29,"2,147.35","2,198.26","2,202.84","2,140.34",918.05M,-1.45%
2010-01-28,"2,179.00","2,220.31","2,220.87","2,166.90",829.36M,-1.91%
2010-01-27,"2,221.41","2,200.30","2,225.67","2,192.59",727.06M,0.80%
2010-01-26,"2,203.73","2,203.44","2,227.89","2,195.44",673.68M,-0.32%
2010-01-25,"2,210.80","2,220.29","2,223.22","2,201.17",597.78M,0.25%
2010-01-22,"2,205.29","2,255.76","2,262.27","2,200.37",797.19M,-2.67%
2010-01-21,"2,265.70","2,298.23","2,308.98","2,259.82",790.77M,-1.12%
2010-01-20,"2,291.25","2,304.31","2,304.47","2,268.68",657.47M,-1.26%
2010-01-19,"2,320.40","2,291.02","2,320.40","2,290.68",573.97M,1.42%
2010-01-15,"2,287.99","2,316.98","2,322.54","2,279.20",819.10M,-1.24%
2010-01-14,"2,316.74","2,303.31","2,322.56","2,303.29",617.56M,0.38%
2010-01-13,"2,307.90","2,289.46","2,313.03","2,274.12",614.78M,1.12%
2010-01-12,"2,282.31","2,297.28","2,298.85","2,272.70",631.34M,-1.30%
2010-01-11,"2,312.41","2,324.78","2,326.28","2,302.21",546.09M,-0.21%
2010-01-08,"2,317.17","2,292.24","2,317.60","2,290.61",580.24M,0.74%
2010-01-07,"2,300.05","2,298.09","2,301.30","2,285.22",623.54M,-0.05%
2010-01-06,"2,301.09","2,307.71","2,314.07","2,295.68",609.15M,-0.33%
2010-01-05,"2,308.71","2,307.27","2,313.73","2,295.62",630.43M,0.01%
2010-01-04,"2,308.42","2,294.41","2,311.15","2,294.41",537.70M,1.73%
2009-12-31,"2,269.15","2,292.92","2,293.59","2,269.11",358.63M,-0.97%
2009-12-30,"2,291.28","2,284.56","2,293.02","2,280.16",369.16M,0.13%
2009-12-29,"2,288.40","2,293.94","2,294.75","2,286.57",312.40M,-0.12%
2009-12-28,"2,291.08","2,290.04","2,295.80","2,280.56",320.26M,0.24%
2009-12-24,"2,285.69","2,273.95","2,285.89","2,273.40",169.83M,0.71%
2009-12-23,"2,269.64","2,257.21","2,271.33","2,253.67",409.01M,0.75%
2009-12-22,"2,252.67","2,242.61","2,253.73","2,241.33",469.96M,0.67%
2009-12-21,"2,237.66","2,224.04","2,242.22","2,224.04",490.06M,1.17%
2009-12-18,"2,211.69","2,197.57","2,213.18","2,190.69",1.27B,1.45%
2009-12-17,"2,180.05","2,193.50","2,198.51","2,178.05",547.68M,-1.22%
2009-12-16,"2,206.91","2,210.35","2,220.46","2,203.33",553.36M,0.27%
2009-12-15,"2,201.05","2,203.54","2,217.63","2,197.76",555.72M,-0.50%
2009-12-14,"2,212.10","2,202.31","2,212.56","2,193.20",508.13M,0.99%
2009-12-11,"2,190.31","2,200.96","2,202.40","2,179.51",485.32M,-0.03%
2009-12-10,"2,190.86","2,194.90","2,202.84","2,187.08",531.18M,0.33%
2009-12-09,"2,183.73","2,170.02","2,185.70","2,155.96",550.10M,0.49%
2009-12-08,"2,172.99","2,174.72","2,187.19","2,160.43",578.51M,-0.76%
2009-12-07,"2,189.61","2,191.35","2,201.42","2,183.13",530.18M,-0.22%
2009-12-04,"2,194.35","2,203.75","2,214.39","2,169.66",700.40M,0.98%
2009-12-03,"2,173.14","2,190.42","2,203.75","2,172.04",572.73M,-0.54%
2009-12-02,"2,185.03","2,178.51","2,198.55","2,177.82",591.12M,0.42%
2009-12-01,"2,175.81","2,162.23","2,182.24","2,162.23",656.70M,1.46%
2009-11-30,"2,144.60","2,135.93","2,146.93","2,120.70",694.00M,0.29%
2009-11-27,"2,138.44","2,115.96","2,155.41","2,113.99",338.70M,-1.73%
2009-11-25,"2,176.05","2,174.00","2,178.62","2,170.06",394.86M,0.32%
2009-11-24,"2,169.18","2,174.69","2,175.15","2,155.22",550.65M,-0.31%
2009-11-23,"2,176.01","2,168.95","2,189.50","2,168.77",556.34M,1.40%
2009-11-20,"2,146.04","2,145.07","2,150.08","2,137.06",635.48M,-0.50%
2009-11-19,"2,156.82","2,176.37","2,176.51","2,141.59",683.26M,-1.66%
2009-11-18,"2,193.14","2,199.87","2,200.15","2,180.17",566.66M,-0.48%
2009-11-17,"2,203.78","2,190.12","2,203.78","2,185.55",564.24M,0.27%
2009-11-16,"2,197.85","2,177.31","2,205.32","2,177.00",634.43M,1.38%
2009-11-13,"2,167.88","2,156.68","2,172.05","2,145.92",557.64M,0.88%
2009-11-12,"2,149.02","2,166.98","2,179.19","2,145.83",673.04M,-0.83%
2009-11-11,"2,166.90","2,166.53","2,177.91","2,155.25",575.83M,0.74%
2009-11-10,"2,151.08","2,147.24","2,160.64","2,141.27",612.67M,-0.14%
2009-11-09,"2,154.06","2,128.46","2,154.06","2,128.15",601.40M,1.97%
2009-11-06,"2,112.44","2,089.49","2,117.62","2,088.24",559.09M,0.34%
2009-11-05,"2,105.32","2,078.83","2,105.32","2,075.61",673.61M,2.42%
2009-11-04,"2,055.52","2,067.56","2,081.10","2,053.00",683.02M,-0.09%
2009-11-03,"2,057.32","2,034.09","2,057.32","2,031.25",685.67M,0.40%
2009-11-02,"2,049.20","2,047.42","2,069.49","2,024.27",735.52M,0.20%
2009-10-30,"2,045.11","2,091.56","2,095.09","2,040.21",873.90M,-2.50%
2009-10-29,"2,097.55","2,077.04","2,101.33","2,071.30",722.13M,1.84%
2009-10-28,"2,059.61","2,103.36","2,111.84","2,057.40",852.27M,-2.67%
2009-10-27,"2,116.09","2,144.15","2,148.88","2,110.91",739.94M,-1.20%
2009-10-26,"2,141.85","2,158.81","2,183.61","2,136.92",700.30M,-0.59%
2009-10-23,"2,154.47","2,186.64","2,190.48","2,149.35",763.27M,-0.50%
2009-10-22,"2,165.29","2,146.72","2,169.17","2,130.70",712.90M,0.68%
2009-10-21,"2,150.73","2,160.78","2,190.64","2,148.41",780.67M,-0.59%
2009-10-20,"2,163.47","2,180.43","2,181.16","2,151.77",641.91M,-0.59%
2009-10-19,"2,176.32","2,162.41","2,180.11","2,150.42",573.19M,0.91%
2009-10-16,"2,156.80","2,164.73","2,164.73","2,142.88",698.20M,-0.76%
2009-10-15,"2,173.29","2,164.33","2,173.29","2,158.29",653.29M,0.05%
2009-10-14,"2,172.23","2,165.83","2,173.95","2,157.48",699.93M,1.51%
2009-10-13,"2,139.89","2,138.70","2,146.35","2,128.44",611.98M,0.04%
2009-10-12,"2,139.14","2,145.63","2,155.92","2,128.39",504.40M,-0.01%
2009-10-09,"2,139.28","2,120.00","2,139.62","2,118.04",564.07M,0.72%
2009-10-08,"2,123.93","2,124.69","2,139.65","2,116.06",704.98M,0.64%
2009-10-07,"2,110.33","2,099.06","2,110.33","2,095.94",611.10M,0.32%
2009-10-06,"2,103.57","2,080.40","2,111.13","2,079.49",686.41M,1.71%
2009-10-05,"2,068.15","2,056.52","2,074.78","2,049.04",637.28M,0.98%
2009-10-02,"2,048.11","2,040.84","2,064.15","2,040.73",707.25M,-0.46%
2009-10-01,"2,057.48","2,111.77","2,112.90","2,057.48",788.80M,-3.06%
2009-09-30,"2,122.42","2,131.30","2,137.87","2,092.30",803.80M,-0.08%
2009-09-29,"2,124.04","2,131.67","2,141.40","2,116.63",572.88M,-0.31%
2009-09-28,"2,130.74","2,101.92","2,140.04","2,101.43",534.37M,1.90%
2009-09-25,"2,090.92","2,095.84","2,106.99","2,085.35",642.68M,-0.79%
2009-09-24,"2,107.61","2,140.06","2,142.49","2,097.10",711.31M,-1.12%
2009-09-23,"2,131.42","2,152.43","2,167.70","2,130.34",739.70M,-0.69%
2009-09-22,"2,146.30","2,150.02","2,150.68","2,137.39",709.34M,0.39%
2009-09-21,"2,138.04","2,121.34","2,142.41","2,118.48",691.00M,0.24%
2009-09-18,"2,132.86","2,134.85","2,138.82","2,120.70",1.10B,0.29%
2009-09-17,"2,126.75","2,129.42","2,140.60","2,118.50",715.12M,-0.30%
2009-09-16,"2,133.15","2,110.06","2,133.15","2,102.86",753.25M,1.45%
2009-09-15,"2,102.64","2,090.33","2,106.93","2,086.16",657.65M,0.52%
2009-09-14,"2,091.78","2,066.15","2,091.78","2,065.80",606.49M,0.52%
2009-09-11,"2,080.90","2,083.34","2,088.93","2,070.02",626.70M,-0.15%
2009-09-10,"2,084.02","2,059.48","2,084.02","2,055.49",694.97M,1.15%
2009-09-09,"2,060.39","2,038.92","2,066.34","2,033.47",709.48M,1.11%
2009-09-08,"2,037.77","2,034.74","2,038.63","2,023.03",581.22M,0.94%
2009-09-04,"2,018.78","1,986.98","2,018.92","1,982.05",498.46M,1.79%
2009-09-03,"1,983.20","1,975.85","1,983.37","1,958.04",545.86M,0.82%
2009-09-02,"1,967.07","1,960.07","1,976.35","1,958.51",586.15M,-0.09%
2009-09-01,"1,968.89","2,001.30","2,034.78","1,965.48",789.23M,-2.00%
2009-08-31,"2,009.06","2,011.14","2,013.65","1,997.53",679.78M,-0.97%
2009-08-28,"2,028.77","2,050.53","2,059.48","2,017.42",668.03M,0.05%
2009-08-27,"2,027.73","2,021.31","2,029.27","1,993.03",595.34M,0.16%
2009-08-26,"2,024.43","2,021.30","2,034.31","2,013.52",559.00M,0.01%
2009-08-25,"2,024.23","2,025.59","2,040.59","2,019.17",558.24M,0.31%
2009-08-24,"2,017.98","2,026.11","2,036.03","2,012.00",568.00M,-0.14%
2009-08-21,"2,020.90","2,000.15","2,021.86","1,994.33",731.14M,1.59%
2009-08-20,"1,989.22","1,967.57","1,992.22","1,965.69",555.79M,1.01%
2009-08-19,"1,969.24","1,933.39","1,972.32","1,931.91",564.66M,0.68%
2009-08-18,"1,955.92","1,940.55","1,958.71","1,935.33",510.60M,1.30%
2009-08-17,"1,930.84","1,949.23","1,949.23","1,929.64",586.54M,-2.75%
2009-08-14,"1,985.52","2,005.79","2,006.73","1,969.68",554.78M,-1.19%
2009-08-13,"2,009.35","2,009.27","2,013.43","1,986.87",574.55M,0.53%
2009-08-12,"1,998.72","1,970.95","2,015.26","1,970.25",630.70M,1.47%
2009-08-11,"1,969.73","1,985.06","1,986.85","1,962.08",558.15M,-1.13%
2009-08-10,"1,992.24","1,991.44","1,999.55","1,979.39",525.78M,-0.40%
2009-08-07,"2,000.25","1,997.00","2,012.33","1,984.50",652.70M,1.37%
2009-08-06,"1,973.16","1,999.21","2,004.37","1,967.68",693.81M,-1.00%
2009-08-05,"1,993.05","2,014.45","2,014.45","1,980.68",677.03M,-0.91%
2009-08-04,"2,011.31","1,996.38","2,015.59","1,993.74",625.38M,0.13%
2009-08-03,"2,008.61","1,998.35","2,008.61","1,985.88",626.93M,1.52%
2009-07-31,"1,978.50","1,980.72","1,995.05","1,977.65",704.43M,-0.29%
2009-07-30,"1,984.30","1,986.21","2,009.81","1,980.08",736.07M,0.84%
2009-07-29,"1,967.76","1,965.32","1,970.65","1,953.36",589.74M,-0.39%
2009-07-28,"1,975.51","1,957.26","1,978.43","1,947.89",625.51M,0.39%
2009-07-27,"1,967.89","1,964.62","1,971.38","1,946.95",624.50M,0.10%
2009-07-24,"1,965.96","1,943.23","1,966.26","1,937.64",644.28M,-0.39%
2009-07-23,"1,973.60","1,924.96","1,979.34","1,924.77",869.63M,2.45%
2009-07-22,"1,926.38","1,908.83","1,934.61","1,907.25",676.12M,0.53%
2009-07-21,"1,916.20","1,917.39","1,917.46","1,892.17",650.10M,0.36%
2009-07-20,"1,909.29","1,896.99","1,909.89","1,890.00",618.05M,1.20%
2009-07-17,"1,886.61","1,880.31","1,887.34","1,873.81",630.41M,0.08%
2009-07-16,"1,885.03","1,856.05","1,887.89","1,854.70",657.84M,1.19%
2009-07-15,"1,862.90","1,827.61","1,863.29","1,824.31",788.23M,3.51%
2009-07-14,"1,799.73","1,790.70","1,800.73","1,782.85",583.38M,0.36%
2009-07-13,"1,793.21","1,761.03","1,793.21","1,736.95",619.33M,2.12%
2009-07-10,"1,756.03","1,744.61","1,764.11","1,738.26",518.84M,0.20%
2009-07-09,"1,752.55","1,756.97","1,763.63","1,747.44",579.69M,0.31%
2009-07-08,"1,747.17","1,756.00","1,757.67","1,727.05",760.93M,0.06%
2009-07-07,"1,746.17","1,787.44","1,788.97","1,745.38",604.92M,-2.31%
2009-07-06,"1,787.40","1,783.50","1,793.42","1,770.11",594.47M,-0.51%
2009-07-02,"1,796.52","1,823.69","1,823.91","1,795.95",565.14M,-2.67%
2009-07-01,"1,845.72","1,846.12","1,861.62","1,843.79",574.67M,0.58%
2009-06-30,"1,835.04","1,845.47","1,854.69","1,824.95",640.40M,-0.49%
2009-06-29,"1,844.06","1,842.09","1,854.09","1,825.03",599.12M,0.32%
2009-06-26,"1,838.22","1,819.16","1,840.98","1,816.84",1.85B,0.47%
2009-06-25,"1,829.54","1,783.19","1,829.67","1,779.18",646.35M,2.08%
2009-06-24,"1,792.34","1,780.88","1,807.08","1,780.25",597.73M,1.55%
2009-06-23,"1,764.92","1,771.42","1,777.58","1,753.78",627.38M,-0.07%
2009-06-22,"1,766.19","1,809.53","1,810.58","1,765.85",687.36M,-3.35%
2009-06-19,"1,827.47","1,824.99","1,837.58","1,817.07",1.13B,1.09%
2009-06-18,"1,807.72","1,809.04","1,816.60","1,795.74",583.06M,-0.02%
2009-06-17,"1,808.06","1,799.22","1,824.20","1,785.34",713.74M,0.66%
2009-06-16,"1,796.18","1,825.20","1,831.18","1,795.55",637.43M,-1.11%
2009-06-15,"1,816.38","1,837.94","1,838.33","1,803.07",639.24M,-2.28%
2009-06-12,"1,858.80","1,852.43","1,858.80","1,833.39",556.53M,-0.19%
2009-06-11,"1,862.37","1,854.75","1,879.92","1,854.75",677.68M,0.50%
2009-06-10,"1,853.08","1,872.01","1,872.70","1,827.61",673.00M,-0.38%
2009-06-09,"1,860.13","1,850.48","1,869.52","1,846.26",606.88M,0.96%
2009-06-08,"1,842.40","1,836.87","1,857.80","1,818.59",576.18M,-0.38%
2009-06-05,"1,849.42","1,864.02","1,865.95","1,834.63",662.10M,-0.03%
2009-06-04,"1,850.02","1,829.84","1,850.04","1,825.62",743.62M,1.32%
2009-06-03,"1,825.92","1,825.60","1,828.09","1,806.51",675.45M,-0.59%
2009-06-02,"1,836.80","1,821.22","1,846.65","1,815.83",728.01M,0.44%
2009-06-01,"1,828.68","1,796.09","1,833.18","1,792.80",947.40M,3.06%
2009-05-29,"1,774.33","1,756.26","1,774.33","1,742.99",946.60M,1.29%
2009-05-28,"1,751.79","1,744.23","1,754.95","1,714.48",683.58M,1.20%
2009-05-27,"1,731.08","1,745.56","1,768.22","1,728.96",663.34M,-1.11%
2009-05-26,"1,750.43","1,677.72","1,751.47","1,677.54",662.77M,3.45%
2009-05-22,"1,692.01","1,702.06","1,711.98","1,682.24",484.25M,-0.19%
2009-05-21,"1,695.25","1,709.83","1,719.58","1,677.77",700.34M,-1.89%
2009-05-20,"1,727.84","1,743.60","1,767.47","1,722.32",682.13M,-0.39%
2009-05-19,"1,734.54","1,727.00","1,750.05","1,719.92",623.00M,0.13%
2009-05-18,"1,732.36","1,696.82","1,732.36","1,689.55",613.25M,3.11%
2009-05-15,"1,680.14","1,687.49","1,703.45","1,676.56",662.76M,-0.54%
2009-05-14,"1,689.21","1,672.48","1,701.22","1,667.94",668.01M,1.50%
2009-05-13,"1,664.19","1,696.80","1,697.76","1,664.19",711.81M,-3.01%
2009-05-12,"1,715.92","1,742.86","1,743.52","1,695.87",740.68M,-0.88%
2009-05-11,"1,731.24","1,713.65","1,747.97","1,705.87",730.78M,-0.45%
2009-05-08,"1,739.00","1,733.50","1,747.41","1,711.01",914.96M,1.33%
2009-05-07,"1,716.24","1,772.10","1,773.13","1,702.54",944.72M,-2.44%
2009-05-06,"1,759.10","1,768.69","1,770.29","1,730.97",830.06M,0.28%
2009-05-05,"1,754.12","1,757.26","1,759.42","1,735.37",768.64M,-0.54%
2009-05-04,"1,763.56","1,733.71","1,763.56","1,729.31",767.63M,2.58%
2009-05-01,"1,719.20","1,719.29","1,728.10","1,703.52",657.13M,0.11%
2009-04-30,"1,717.30","1,732.47","1,753.61","1,710.07",912.41M,0.31%
2009-04-29,"1,711.94","1,688.66","1,726.69","1,687.29",745.07M,2.28%
2009-04-28,"1,673.81","1,668.26","1,690.06","1,661.40",646.94M,-0.33%
2009-04-27,"1,679.41","1,672.87","1,700.53","1,670.49",692.31M,-0.88%
2009-04-24,"1,694.29","1,666.43","1,702.87","1,657.49",826.52M,2.55%
2009-04-23,"1,652.21","1,651.47","1,654.85","1,625.88",794.59M,0.37%
2009-04-22,"1,646.12","1,630.14","1,679.82","1,624.73",831.06M,0.14%
2009-04-21,"1,643.85","1,599.03","1,643.85","1,598.93",776.00M,2.22%
2009-04-20,"1,608.21","1,641.35","1,643.32","1,606.86",913.43M,-3.88%
2009-04-17,"1,673.07","1,665.60","1,682.24","1,653.84",800.51M,0.16%
2009-04-16,"1,670.44","1,645.52","1,676.17","1,628.08",737.57M,2.68%
2009-04-15,"1,626.80","1,613.56","1,627.72","1,599.11",657.38M,0.07%
2009-04-14,"1,625.72","1,637.50","1,651.28","1,618.04",728.18M,-1.67%
2009-04-13,"1,653.31","1,641.61","1,660.83","1,630.54",580.02M,0.05%
2009-04-09,"1,652.54","1,618.83","1,652.54","1,616.25",701.49M,3.89%
2009-04-08,"1,590.66","1,576.93","1,595.97","1,567.22",577.97M,1.86%
2009-04-07,"1,561.61","1,585.58","1,588.00","1,559.46",580.99M,-2.81%
2009-04-06,"1,606.71","1,602.24","1,607.60","1,580.65",650.35M,-0.93%
2009-04-03,"1,621.87","1,609.05","1,621.87","1,593.05",669.25M,1.20%
2009-04-02,"1,602.63","1,579.97","1,623.34","1,576.82",875.36M,3.29%
2009-04-01,"1,551.60","1,504.87","1,553.03","1,498.54",729.15M,1.51%
2009-03-31,"1,528.59","1,518.70","1,554.47","1,518.01",712.61M,1.78%
2009-03-30,"1,501.80","1,516.79","1,517.06","1,484.98",667.83M,-2.81%
2009-03-27,"1,545.20","1,564.12","1,569.21","1,543.43",642.82M,-2.63%
2009-03-26,"1,587.00","1,549.40","1,587.00","1,545.21",867.63M,3.80%
2009-03-25,"1,528.95","1,527.59","1,554.25","1,487.94",787.64M,0.82%
2009-03-24,"1,516.52","1,535.68","1,546.21","1,515.63",626.35M,-2.52%
2009-03-23,"1,555.77","1,491.26","1,555.77","1,482.15",758.81M,6.76%
2009-03-20,"1,457.27","1,488.15","1,501.78","1,448.78",1.03B,-1.77%
2009-03-19,"1,483.48","1,509.06","1,509.06","1,475.49",758.05M,-0.52%
2009-03-18,"1,491.22","1,454.44","1,507.40","1,448.67",897.80M,1.99%
2009-03-17,"1,462.11","1,409.67","1,462.11","1,405.32",707.64M,4.14%
2009-03-16,"1,404.02","1,445.27","1,445.27","1,402.48",700.55M,-1.92%
2009-03-13,"1,431.50","1,427.03","1,433.98","1,408.26",712.79M,0.38%
2009-03-12,"1,426.10","1,367.78","1,427.55","1,355.05",826.96M,3.97%
2009-03-11,"1,371.64","1,364.80","1,385.29","1,352.60",742.71M,0.98%
2009-03-10,"1,358.28","1,288.95","1,358.28","1,288.95",847.81M,7.07%
2009-03-09,"1,268.64","1,284.84","1,316.15","1,265.52",700.22M,-1.95%
2009-03-06,"1,293.85","1,310.59","1,320.51","1,268.54",876.18M,-0.44%
2009-03-05,"1,299.59","1,332.38","1,342.86","1,298.33",823.34M,-4.00%
2009-03-04,"1,353.74","1,340.38","1,370.29","1,333.88",835.26M,2.48%
2009-03-03,"1,321.01","1,341.42","1,346.88","1,312.98",939.20M,-0.14%
2009-03-02,"1,322.85","1,356.13","1,372.00","1,322.13",833.16M,-3.99%
2009-02-27,"1,377.84","1,376.56","1,401.97","1,372.42",967.62M,-0.98%
2009-02-26,"1,391.47","1,436.85","1,444.83","1,391.47",820.32M,-2.38%
2009-02-25,"1,425.43","1,428.76","1,453.66","1,404.54",853.99M,-1.14%
2009-02-24,"1,441.83","1,399.37","1,445.07","1,395.11",879.57M,3.90%
2009-02-23,"1,387.72","1,452.58","1,452.58","1,386.68",735.18M,-3.71%
2009-02-20,"1,441.23","1,427.03","1,454.39","1,416.96",960.29M,-0.11%
2009-02-19,"1,442.82","1,478.55","1,485.14","1,442.53",724.51M,-1.71%
2009-02-18,"1,467.97","1,480.65","1,487.92","1,454.46",745.32M,-0.18%
2009-02-17,"1,470.66","1,489.12","1,492.82","1,467.79",903.97M,-4.15%
2009-02-13,"1,534.36","1,539.72","1,552.57","1,530.05",704.95M,-0.48%
2009-02-12,"1,541.71","1,510.17","1,542.51","1,495.34",886.95M,0.73%
2009-02-11,"1,530.50","1,531.58","1,542.84","1,509.35",813.70M,0.38%
2009-02-10,"1,524.73","1,578.02","1,598.50","1,520.56",910.35M,-4.20%
2009-02-09,"1,591.56","1,590.74","1,598.23","1,576.10",662.39M,-0.01%
2009-02-06,"1,591.71","1,547.00","1,594.26","1,545.85",847.82M,2.94%
2009-02-05,"1,546.24","1,498.59","1,554.37","1,495.52",930.49M,2.06%
2009-02-04,"1,515.05","1,517.19","1,549.64","1,508.87",818.41M,-0.08%
2009-02-03,"1,516.30","1,499.59","1,521.21","1,479.42",778.32M,1.46%
2009-02-02,"1,494.43","1,460.85","1,502.72","1,460.51",763.51M,1.22%
2009-01-30,"1,476.42","1,519.46","1,523.45","1,472.51",811.95M,-2.08%
2009-01-29,"1,507.84","1,537.47","1,537.84","1,505.70",734.12M,-3.24%
2009-01-28,"1,558.34","1,530.48","1,568.33","1,530.03",793.64M,3.55%
2009-01-27,"1,504.90","1,494.12","1,513.21","1,488.81",675.54M,1.04%
2009-01-26,"1,489.46","1,479.98","1,514.38","1,470.81",704.64M,0.82%
2009-01-23,"1,477.29","1,440.78","1,495.27","1,434.08",814.86M,0.81%
2009-01-22,"1,465.49","1,470.85","1,492.47","1,444.08",906.30M,-2.76%
2009-01-21,"1,507.07","1,466.40","1,507.52","1,444.90",821.53M,4.60%
2009-01-20,"1,440.86","1,520.76","1,521.85","1,440.86",813.22M,-5.78%
2009-01-16,"1,529.33","1,532.47","1,538.82","1,490.35",930.84M,1.16%
2009-01-15,"1,511.84","1,489.46","1,521.58","1,456.72",917.95M,1.49%
2009-01-14,"1,489.64","1,521.71","1,528.65","1,485.26",740.74M,-3.67%
2009-01-13,"1,546.46","1,537.42","1,557.95","1,527.47",726.89M,0.50%
2009-01-12,"1,538.79","1,573.45","1,573.46","1,528.00",645.32M,-2.09%
2009-01-09,"1,571.59","1,617.05","1,617.26","1,569.87",724.59M,-2.81%
2009-01-08,"1,617.01","1,590.25","1,617.01","1,584.28",702.64M,1.12%
2009-01-07,"1,599.06","1,621.63","1,625.37","1,588.20",758.20M,-3.23%
2009-01-06,"1,652.38","1,642.37","1,665.63","1,636.25",728.25M,1.50%
2009-01-05,"1,628.03","1,621.48","1,640.46","1,604.63",632.99M,-0.26%
2009-01-02,"1,632.21","1,578.87","1,636.03","1,571.98",502.72M,3.50%
2008-12-31,"1,577.03","1,550.87","1,586.81","1,548.88",567.22M,1.70%
2008-12-30,"1,550.70","1,521.18","1,550.70","1,517.26",476.55M,2.67%
2008-12-29,"1,510.32","1,529.54","1,530.92","1,493.45",422.95M,-1.30%
2008-12-26,"1,530.24","1,531.20","1,532.13","1,518.97",209.01M,0.35%
2008-12-24,"1,524.90","1,525.15","1,527.23","1,516.15",180.73M,0.22%
2008-12-23,"1,521.54","1,539.37","1,548.44","1,512.54",469.01M,-0.71%
2008-12-22,"1,532.35","1,562.17","1,563.79","1,503.66",624.10M,-2.04%
2008-12-19,"1,564.32","1,572.75","1,593.35","1,557.05",1.29B,0.77%
2008-12-18,"1,552.37","1,583.17","1,591.70","1,535.38",784.48M,-1.71%
2008-12-17,"1,579.31","1,568.88","1,598.33","1,560.05",800.98M,-0.67%
2008-12-16,"1,589.89","1,526.06","1,589.89","1,526.00",821.43M,5.41%
2008-12-15,"1,508.34","1,544.16","1,544.16","1,491.36",617.91M,-2.10%
2008-12-12,"1,540.72","1,482.55","1,543.04","1,478.03",708.41M,2.18%
2008-12-11,"1,507.88","1,548.47","1,568.61","1,501.70",741.13M,-3.68%
2008-12-10,"1,565.48","1,563.66","1,584.16","1,542.08",703.11M,1.17%
2008-12-09,"1,547.34","1,546.54","1,602.92","1,538.25",875.96M,-1.55%
2008-12-08,"1,571.74","1,541.44","1,583.81","1,536.71",894.18M,4.14%
2008-12-05,"1,509.31","1,426.93","1,510.39","1,404.80",877.80M,4.41%
2008-12-04,"1,445.56","1,465.77","1,500.95","1,426.41",809.72M,-3.14%
2008-12-03,"1,492.38","1,416.03","1,493.06","1,414.04",889.27M,2.94%
2008-12-02,"1,449.80","1,423.85","1,450.83","1,399.88",824.03M,3.70%
2008-12-01,"1,398.07","1,496.09","1,496.24","1,398.07",790.95M,-8.95%
2008-11-28,"1,535.57","1,517.95","1,535.57","1,512.41",305.43M,0.23%
2008-11-26,"1,532.10","1,441.21","1,532.10","1,441.21",723.98M,4.60%
2008-11-25,"1,464.73","1,486.22","1,486.22","1,430.40",962.52M,-0.50%
2008-11-24,"1,472.02","1,410.14","1,480.41","1,397.19",1.01B,6.33%
2008-11-21,"1,384.35","1,346.77","1,384.35","1,295.48",1.26B,5.18%
2008-11-20,"1,316.12","1,373.77","1,414.43","1,314.90",1.21B,-5.07%
2008-11-19,"1,386.42","1,479.13","1,493.05","1,386.42",927.04M,-6.53%
2008-11-18,"1,483.27","1,488.93","1,498.42","1,429.92",912.47M,0.08%
2008-11-17,"1,482.05","1,494.74","1,526.96","1,481.70",716.91M,-2.29%
2008-11-14,"1,516.85","1,560.59","1,587.76","1,513.09",842.89M,-5.00%
2008-11-13,"1,596.70","1,503.06","1,596.70","1,428.54",1.18B,6.50%
2008-11-12,"1,499.21","1,555.17","1,562.78","1,499.21",840.45M,-5.17%
2008-11-11,"1,580.90","1,598.59","1,612.42","1,563.95",639.42M,-2.22%
2008-11-10,"1,616.74","1,680.67","1,680.67","1,603.33",638.76M,-1.86%
2008-11-07,"1,647.40","1,629.69","1,654.25","1,615.51",717.10M,2.41%
2008-11-06,"1,608.70","1,659.57","1,676.92","1,603.87",930.69M,-4.34%
2008-11-05,"1,681.64","1,757.01","1,764.43","1,679.19",819.29M,-5.53%
2008-11-04,"1,780.12","1,761.09","1,785.84","1,739.81",648.21M,3.12%
2008-11-03,"1,726.33","1,718.89","1,738.53","1,713.39",675.39M,0.31%
2008-10-31,"1,720.95","1,684.71","1,742.54","1,673.32",975.33M,1.32%
2008-10-30,"1,698.52","1,698.43","1,712.56","1,658.45",960.70M,2.49%
2008-10-29,"1,657.21","1,643.98","1,705.51","1,622.01",1.06B,0.47%
2008-10-28,"1,649.47","1,552.24","1,649.47","1,504.13",1.09B,9.53%
2008-10-27,"1,505.90","1,528.12","1,574.54","1,503.81",840.50M,-2.97%
2008-10-24,"1,552.03","1,493.79","1,584.27","1,493.79",1.04B,-3.23%
2008-10-23,"1,603.91","1,621.11","1,645.50","1,533.55",1.19B,-0.73%
2008-10-22,"1,615.75","1,671.23","1,678.71","1,587.22",1.01B,-4.77%
2008-10-21,"1,696.68","1,741.84","1,768.54","1,695.12",804.20M,-4.14%
2008-10-20,"1,770.03","1,735.13","1,770.05","1,698.01",758.99M,3.43%
2008-10-17,"1,711.29","1,678.78","1,782.58","1,670.28",1.12B,-0.37%
2008-10-16,"1,717.71","1,644.55","1,717.72","1,565.72",1.31B,5.49%
2008-10-15,"1,628.33","1,754.62","1,761.23","1,628.33",1.01B,-8.47%
2008-10-14,"1,779.01","1,894.87","1,896.95","1,752.89",1.16B,-3.54%
2008-10-13,"1,844.25","1,734.60","1,844.25","1,715.74",1.73B,11.81%
2008-10-10,"1,649.51","1,590.77","1,690.77","1,542.45",1.73B,0.27%
2008-10-09,"1,645.12","1,766.25","1,787.41","1,634.88",1.17B,-5.47%
2008-10-08,"1,740.33","1,710.96","1,806.89","1,706.86",1.44B,-0.83%
2008-10-07,"1,754.88","1,867.97","1,886.35","1,754.88",1.11B,-5.80%
2008-10-06,"1,862.96","1,898.63","1,905.01","1,777.02",1.34B,-4.34%
2008-10-03,"1,947.39","2,005.92","2,046.81","1,947.19",931.53M,-1.48%
2008-10-02,"1,976.72","2,052.51","2,056.43","1,975.00",797.62M,-4.48%
2008-10-01,"2,069.40","2,075.10","2,083.20","2,046.06",711.91M,-1.07%
2008-09-30,"2,091.88","2,033.69","2,094.31","2,015.93",875.74M,5.45%
2008-09-29,"1,983.73","2,147.16","2,152.69","1,983.73",1.01B,-9.14%
2008-09-26,"2,183.34","2,144.06","2,187.53","2,136.85",732.82M,-0.15%
2008-09-25,"2,186.57","2,172.26","2,210.74","2,167.06",675.97M,1.43%
2008-09-24,"2,155.68","2,167.55","2,179.93","2,147.36",662.75M,0.11%
2008-09-23,"2,153.33","2,190.71","2,209.62","2,151.77",740.52M,-1.18%
2008-09-22,"2,178.98","2,265.77","2,266.45","2,178.98",718.07M,-4.17%
2008-09-19,"2,273.90","2,303.90","2,318.43","2,239.73",1.92B,3.40%
2008-09-18,"2,199.10","2,137.42","2,201.71","2,070.22",1.49B,4.78%
2008-09-17,"2,098.85","2,177.58","2,183.25","2,098.85",1.16B,-4.94%
2008-09-16,"2,207.90","2,149.65","2,214.29","2,145.17",1.21B,1.28%
2008-09-15,"2,179.91","2,202.28","2,244.88","2,179.91",970.01M,-3.60%
2008-09-12,"2,261.27","2,239.25","2,268.83","2,228.00",749.82M,0.14%
2008-09-11,"2,258.22","2,199.03","2,259.25","2,191.53",852.18M,1.32%
2008-09-10,"2,228.70","2,232.21","2,247.63","2,209.59",838.81M,0.85%
2008-09-09,"2,209.81","2,269.93","2,285.54","2,209.81",967.75M,-2.64%
2008-09-08,"2,269.76","2,296.18","2,303.89","2,236.97",950.51M,0.62%
2008-09-05,"2,255.88","2,241.62","2,264.35","2,216.99",818.13M,-0.14%
2008-09-04,"2,259.04","2,315.18","2,317.32","2,259.04",872.44M,-3.20%
2008-09-03,"2,333.73","2,346.81","2,357.43","2,320.91",809.73M,-0.66%
2008-09-02,"2,349.24","2,402.11","2,413.11","2,338.37",723.16M,-0.77%
2008-08-29,"2,367.52","2,388.67","2,393.49","2,360.91",595.46M,-1.83%
2008-08-28,"2,411.64","2,390.11","2,412.84","2,388.55",575.25M,1.22%
2008-08-27,"2,382.46","2,362.86","2,395.02","2,358.93",561.56M,0.87%
2008-08-26,"2,361.97","2,364.31","2,377.04","2,345.79",543.66M,-0.15%
2008-08-25,"2,365.59","2,399.73","2,399.73","2,362.20",536.76M,-2.03%
2008-08-22,"2,414.71","2,390.34","2,417.63","2,390.34",512.93M,1.44%
2008-08-21,"2,380.38","2,371.54","2,387.72","2,360.39",558.38M,-0.36%
2008-08-20,"2,389.08","2,396.58","2,408.68","2,372.34",642.26M,0.20%
2008-08-19,"2,384.36","2,404.95","2,410.96","2,376.67",649.10M,-1.35%
2008-08-18,"2,416.98","2,456.96","2,456.96","2,404.41",604.66M,-1.45%
2008-08-15,"2,452.52","2,463.10","2,473.20","2,441.05",718.69M,-0.05%
2008-08-14,"2,453.67","2,414.41","2,461.15","2,414.41",670.22M,1.03%
2008-08-13,"2,428.62","2,424.32","2,443.44","2,404.03",740.98M,-0.08%
2008-08-12,"2,430.61","2,434.26","2,447.16","2,421.09",774.18M,-0.38%
2008-08-11,"2,439.95","2,407.55","2,461.65","2,402.53",824.96M,1.07%
2008-08-08,"2,414.10","2,356.84","2,416.40","2,352.04",815.61M,2.48%
2008-08-07,"2,355.73","2,362.79","2,386.44","2,351.32",842.29M,-0.95%
2008-08-06,"2,378.37","2,349.17","2,385.77","2,333.53",844.57M,1.21%
2008-08-05,"2,349.83","2,308.14","2,349.83","2,303.63",869.09M,2.81%
2008-08-04,"2,285.56","2,309.75","2,309.75","2,280.93",734.74M,-1.10%
2008-08-01,"2,310.96","2,326.83","2,328.95","2,286.41",797.46M,-0.63%
2008-07-31,"2,325.55","2,311.33","2,353.39","2,309.64",895.84M,-0.18%
2008-07-30,"2,329.72","2,329.01","2,342.88","2,299.98",858.02M,0.44%
2008-07-29,"2,319.62","2,274.61","2,320.18","2,274.37",877.39M,2.45%
2008-07-28,"2,264.22","2,307.19","2,317.75","2,258.62",786.74M,-2.00%
2008-07-25,"2,310.53","2,294.69","2,312.60","2,282.63",816.59M,1.33%
2008-07-24,"2,280.11","2,329.21","2,329.21","2,278.91",1.01B,-1.97%
2008-07-23,"2,325.88","2,305.11","2,350.09","2,300.20",1.07B,0.95%
2008-07-22,"2,303.96","2,256.32","2,303.96","2,252.84",1.00B,1.07%
2008-07-21,"2,279.53","2,290.75","2,300.32","2,270.28",733.44M,-0.14%
2008-07-18,"2,282.78","2,286.92","2,293.18","2,269.55",973.10M,-1.28%
2008-07-17,"2,312.30","2,296.57","2,320.77","2,274.27",1.07B,1.20%
2008-07-16,"2,284.85","2,219.27","2,284.85","2,205.71",987.96M,3.12%
2008-07-15,"2,215.71","2,197.18","2,249.12","2,167.29",1.13B,0.13%
2008-07-14,"2,212.87","2,262.86","2,266.44","2,207.00",829.00M,-1.17%
2008-07-11,"2,239.08","2,233.38","2,265.86","2,203.25",984.73M,-0.83%
2008-07-10,"2,257.85","2,239.95","2,267.67","2,223.04",890.60M,1.03%
2008-07-09,"2,234.89","2,290.63","2,296.03","2,234.59",911.33M,-2.60%
2008-07-08,"2,294.44","2,244.90","2,294.44","2,233.99",1.00B,2.28%
2008-07-07,"2,243.32","2,263.69","2,276.54","2,214.16",972.05M,-0.09%
2008-07-03,"2,245.38","2,261.74","2,262.96","2,227.80",564.89M,-0.27%
2008-07-02,"2,251.46","2,311.57","2,317.20","2,251.30",992.96M,-2.32%
2008-07-01,"2,304.97","2,274.24","2,306.91","2,255.79",1.05B,0.52%
2008-06-30,"2,292.98","2,312.42","2,325.49","2,292.98",852.71M,-0.98%
2008-06-27,"2,315.63","2,319.62","2,329.94","2,290.59",1.85B,-0.25%
2008-06-26,"2,321.37","2,365.86","2,366.16","2,321.37",938.45M,-3.33%
2008-06-25,"2,401.26","2,376.82","2,421.25","2,376.29",855.91M,1.39%
2008-06-24,"2,368.28","2,375.80","2,394.86","2,352.10",889.92M,-0.73%
2008-06-23,"2,385.74","2,416.55","2,419.69","2,384.56",749.81M,-0.85%
2008-06-20,"2,406.09","2,441.96","2,441.96","2,394.26",1.23B,-2.27%
2008-06-19,"2,462.06","2,427.17","2,469.15","2,412.37",884.88M,1.33%
2008-06-18,"2,429.71","2,444.96","2,449.18","2,422.96",808.45M,-1.14%
2008-06-17,"2,457.73","2,481.20","2,483.19","2,456.78",718.49M,-0.69%
2008-06-16,"2,474.78","2,443.13","2,479.95","2,441.24",776.44M,0.83%
2008-06-13,"2,454.50","2,423.05","2,454.50","2,417.01",877.88M,2.09%
2008-06-12,"2,404.35","2,414.46","2,432.88","2,388.49",950.30M,0.43%
2008-06-11,"2,394.01","2,444.94","2,446.28","2,394.01",857.08M,-2.24%
2008-06-10,"2,448.94","2,436.75","2,466.28","2,432.47",832.90M,-0.43%
2008-06-09,"2,459.46","2,483.22","2,485.00","2,429.30",847.41M,-0.61%
2008-06-06,"2,474.56","2,528.52","2,529.97","2,474.56",898.88M,-2.96%
2008-06-05,"2,549.94","2,509.49","2,549.94","2,504.57",871.86M,1.87%
2008-06-04,"2,503.14","2,473.03","2,518.71","2,471.52",892.53M,0.91%
2008-06-03,"2,480.48","2,500.50","2,513.89","2,460.56",894.20M,-0.44%
2008-06-02,"2,491.53","2,514.82","2,516.37","2,471.41",793.62M,-1.23%
2008-05-30,"2,522.66","2,519.14","2,530.16","2,510.65",932.11M,0.57%
2008-05-29,"2,508.32","2,486.09","2,522.14","2,485.92",793.46M,0.87%
2008-05-28,"2,486.70","2,491.50","2,493.38","2,465.59",761.50M,0.22%
2008-05-27,"2,481.24","2,450.52","2,482.08","2,448.58",725.85M,1.50%
2008-05-23,"2,444.67","2,454.14","2,456.00","2,430.36",694.16M,-0.81%
2008-05-22,"2,464.58","2,454.74","2,474.53","2,448.84",764.40M,0.67%
2008-05-21,"2,448.27","2,497.39","2,508.90","2,444.99",862.93M,-1.77%
2008-05-20,"2,492.26","2,505.86","2,506.19","2,479.37",810.34M,-0.95%
2008-05-19,"2,516.09","2,530.82","2,551.47","2,505.60",909.74M,-0.50%
2008-05-16,"2,528.85","2,537.41","2,537.41","2,504.18",959.77M,-0.19%
2008-05-15,"2,533.73","2,496.44","2,535.19","2,492.95",868.46M,1.48%
2008-05-14,"2,496.70","2,503.28","2,528.40","2,493.58",806.18M,0.06%
2008-05-13,"2,495.12","2,491.02","2,498.07","2,472.58",788.20M,0.27%
2008-05-12,"2,488.49","2,454.65","2,490.22","2,446.36",704.97M,1.76%
2008-05-09,"2,445.52","2,432.55","2,455.33","2,429.03",652.48M,-0.23%
2008-05-08,"2,451.24","2,450.01","2,462.51","2,436.61",845.25M,0.52%
2008-05-07,"2,438.49","2,483.03","2,496.65","2,435.76",911.61M,-1.80%
2008-05-06,"2,483.31","2,455.11","2,488.83","2,445.37",901.34M,0.78%
2008-05-05,"2,464.12","2,475.31","2,486.05","2,458.12",923.26M,-0.52%
2008-05-02,"2,476.99","2,499.14","2,499.14","2,461.46",910.99M,-0.15%
2008-05-01,"2,480.71","2,416.49","2,480.71","2,416.49",948.23M,2.81%
2008-04-30,"2,412.80","2,434.20","2,451.19","2,406.37",933.51M,-0.55%
2008-04-29,"2,426.10","2,420.00","2,435.38","2,412.10",728.32M,0.07%
2008-04-28,"2,424.40","2,422.63","2,437.00","2,416.90",724.64M,0.06%
2008-04-25,"2,422.93","2,424.68","2,427.09","2,391.15",834.67M,-0.25%
2008-04-24,"2,428.92","2,408.25","2,447.28","2,383.76",952.58M,0.99%
2008-04-23,"2,405.21","2,391.64","2,412.53","2,382.77",874.04M,1.19%
2008-04-22,"2,376.94","2,397.12","2,397.17","2,361.67",796.78M,-1.29%
2008-04-21,"2,408.04","2,393.07","2,410.97","2,389.82",666.47M,0.21%
2008-04-18,"2,402.97","2,394.52","2,412.78","2,383.24",948.93M,2.61%
2008-04-17,"2,341.83","2,347.32","2,348.31","2,327.66",731.84M,-0.35%
2008-04-16,"2,350.11","2,313.42","2,352.21","2,313.42",882.09M,2.80%
2008-04-15,"2,286.04","2,287.43","2,291.12","2,266.29",753.08M,0.45%
2008-04-14,"2,275.82","2,287.02","2,296.73","2,274.91",653.21M,-0.63%
2008-04-11,"2,290.24","2,327.70","2,328.45","2,286.19",780.02M,-2.61%
2008-04-10,"2,351.70","2,326.78","2,363.91","2,324.39",892.35M,1.27%
2008-04-09,"2,322.12","2,351.94","2,353.54","2,311.45",773.99M,-1.13%
2008-04-08,"2,348.76","2,353.58","2,359.40","2,337.84",673.60M,-0.68%
2008-04-07,"2,364.83","2,386.62","2,390.04","2,359.54",702.53M,-0.26%
2008-04-04,"2,370.98","2,366.91","2,391.93","2,351.76",769.48M,0.32%
2008-04-03,"2,363.30","2,347.91","2,373.99","2,339.38",781.17M,0.08%
2008-04-02,"2,361.40","2,363.42","2,381.21","2,347.78",847.59M,-0.06%
2008-04-01,"2,362.75","2,306.51","2,362.75","2,305.40",912.58M,3.67%
2008-03-31,"2,279.10","2,265.15","2,289.70","2,260.59",783.53M,0.79%
2008-03-28,"2,261.18","2,291.32","2,304.71","2,256.87",788.98M,-0.86%
2008-03-27,"2,280.83","2,315.04","2,315.91","2,280.47",887.72M,-1.87%
2008-03-26,"2,324.36","2,328.62","2,331.18","2,306.49",797.20M,-0.71%
2008-03-25,"2,341.05","2,329.16","2,346.78","2,312.06",874.17M,0.61%
2008-03-24,"2,326.75","2,268.20","2,336.70","2,268.20",950.86M,3.04%
2008-03-20,"2,258.11","2,220.50","2,258.11","2,208.12",1.48B,2.18%
2008-03-19,"2,209.96","2,272.12","2,280.90","2,209.96",964.16M,-2.57%
2008-03-18,"2,268.26","2,215.61","2,268.26","2,206.81",1.06B,4.19%
2008-03-17,"2,177.01","2,166.94","2,200.53","2,155.42",1.07B,-1.60%
2008-03-14,"2,212.49","2,271.21","2,277.11","2,191.75",1.14B,-2.26%
2008-03-13,"2,263.61","2,219.28","2,272.55","2,199.38",1.01B,0.88%
2008-03-12,"2,243.87","2,259.97","2,282.61","2,241.38",878.26M,-0.53%
2008-03-11,"2,255.76","2,209.65","2,255.76","2,192.50",1.02B,3.98%
2008-03-10,"2,169.34","2,211.14","2,216.89","2,168.67",891.90M,-1.95%
2008-03-07,"2,212.49","2,204.48","2,242.50","2,186.93",986.73M,-0.36%
2008-03-06,"2,220.50","2,265.67","2,272.20","2,219.33",910.66M,-2.30%
2008-03-05,"2,272.81","2,266.49","2,290.01","2,254.20",957.20M,0.55%
2008-03-04,"2,260.28","2,244.21","2,266.37","2,221.09",1.14B,0.07%
2008-03-03,"2,258.60","2,271.26","2,275.75","2,240.30",937.64M,-0.57%
2008-02-29,"2,271.48","2,309.06","2,311.23","2,264.97",1.10B,-2.58%
2008-02-28,"2,331.57","2,342.56","2,352.88","2,324.47",869.37M,-0.94%
2008-02-27,"2,353.78","2,329.16","2,363.52","2,326.34",945.28M,0.37%
2008-02-26,"2,344.99","2,314.42","2,361.10","2,311.32",1.00B,0.75%
2008-02-25,"2,327.48","2,303.41","2,333.71","2,294.38",945.73M,1.05%
2008-02-22,"2,303.35","2,306.61","2,308.76","2,265.36",962.09M,0.16%
2008-02-21,"2,299.78","2,344.08","2,353.79","2,294.77",966.53M,-1.17%
2008-02-20,"2,327.10","2,292.82","2,331.70","2,291.24",976.64M,0.91%
2008-02-19,"2,306.20","2,348.98","2,352.79","2,300.10",831.05M,-0.67%
2008-02-15,"2,321.80","2,320.58","2,329.17","2,305.81",889.97M,-0.46%
2008-02-14,"2,332.54","2,376.22","2,376.22","2,328.59",940.50M,-1.74%
2008-02-13,"2,373.93","2,347.22","2,373.93","2,338.91",956.17M,2.32%
2008-02-12,"2,320.04","2,333.31","2,349.55","2,305.83",934.58M,0.00%
2008-02-11,"2,320.06","2,310.75","2,326.23","2,294.42",934.98M,0.66%
2008-02-08,"2,304.85","2,290.50","2,318.67","2,280.27",965.35M,0.52%
2008-02-07,"2,293.03","2,259.62","2,318.52","2,252.65",1.26B,0.63%
2008-02-06,"2,278.75","2,327.18","2,338.27","2,277.27",1.07B,-1.33%
2008-02-05,"2,309.57","2,344.81","2,359.43","2,309.57",1.08B,-3.08%
2008-02-04,"2,382.85","2,413.42","2,413.42","2,382.09",919.78M,-1.26%
2008-02-01,"2,413.36","2,392.58","2,419.23","2,374.50",1.34B,0.98%
2008-01-31,"2,389.86","2,317.11","2,403.46","2,313.52",1.28B,1.74%
2008-01-30,"2,349.00","2,346.36","2,396.00","2,343.88",1.12B,-0.38%
2008-01-29,"2,358.06","2,360.43","2,362.11","2,332.00",972.92M,0.35%
2008-01-28,"2,349.91","2,324.85","2,349.91","2,306.64",911.86M,1.02%
2008-01-25,"2,326.20","2,402.80","2,408.22","2,322.56",1.18B,-1.47%
2008-01-24,"2,360.92","2,328.86","2,361.89","2,326.37",1.32B,1.92%
2008-01-23,"2,316.41","2,226.77","2,320.13","2,202.54",1.62B,1.05%
2008-01-22,"2,292.27","2,221.20","2,318.60","2,221.20",1.53B,-2.04%
2008-01-18,"2,340.02","2,365.56","2,384.21","2,323.29",1.40B,-0.29%
2008-01-17,"2,346.90","2,405.74","2,416.51","2,343.65",1.26B,-1.99%
2008-01-16,"2,394.59","2,390.56","2,429.58","2,361.22",1.52B,-0.95%
2008-01-15,"2,417.59","2,449.04","2,455.29","2,412.47",1.08B,-2.45%
2008-01-14,"2,478.30","2,470.87","2,483.13","2,455.34",925.05M,1.57%
2008-01-11,"2,439.94","2,471.86","2,473.95","2,428.85",1.05B,-1.95%
2008-01-10,"2,488.52","2,452.12","2,503.55","2,446.80",1.22B,0.56%
2008-01-09,"2,474.55","2,443.85","2,474.55","2,407.39",1.25B,1.39%
2008-01-08,"2,440.51","2,506.97","2,527.42","2,440.51",1.12B,-2.36%
2008-01-07,"2,499.46","2,514.15","2,521.62","2,471.23",1.14B,-0.21%
2008-01-04,"2,504.65","2,571.08","2,571.08","2,502.68",1.08B,-3.77%
2008-01-03,"2,602.68","2,611.96","2,624.27","2,592.18",875.78M,-0.27%
2008-01-02,"2,609.63","2,653.91","2,661.50","2,597.81",931.36M,-1.61%
2007-12-31,"2,652.28","2,663.78","2,668.61","2,646.09",658.48M,-0.83%
2007-12-28,"2,674.46","2,693.36","2,697.77","2,661.79",566.85M,-0.09%
2007-12-27,"2,676.79","2,715.02","2,717.12","2,675.89",611.18M,-1.75%
2007-12-26,"2,724.41","2,702.82","2,727.55","2,698.48",539.39M,0.40%
2007-12-24,"2,713.50","2,694.35","2,715.77","2,694.35",315.73M,0.80%
2007-12-21,"2,691.99","2,676.85","2,691.99","2,671.59",1.34B,1.94%
2007-12-20,"2,640.86","2,628.12","2,640.88","2,605.21",843.41M,1.53%
2007-12-19,"2,601.01","2,593.33","2,609.73","2,583.32",798.99M,0.19%
2007-12-18,"2,596.03","2,597.59","2,604.38","2,553.99",867.03M,0.84%
2007-12-17,"2,574.46","2,623.23","2,626.37","2,574.46",829.73M,-2.32%
2007-12-14,"2,635.74","2,647.68","2,671.88","2,634.75",853.43M,-1.23%
2007-12-13,"2,668.49","2,651.45","2,670.33","2,641.57",923.64M,-0.10%
2007-12-12,"2,671.14","2,703.26","2,712.59","2,638.82",997.80M,0.71%
2007-12-11,"2,652.35","2,723.09","2,734.82","2,650.22",968.73M,-2.45%
2007-12-10,"2,718.95","2,710.73","2,727.84","2,706.59",758.13M,0.47%
2007-12-07,"2,706.16","2,710.33","2,711.96","2,695.96",755.69M,-0.11%
2007-12-06,"2,709.03","2,665.87","2,709.10","2,664.71",819.54M,1.60%
2007-12-05,"2,666.36","2,648.96","2,671.72","2,647.41",967.35M,1.78%
2007-12-04,"2,619.83","2,620.34","2,636.01","2,613.83",833.49M,-0.66%
2007-12-03,"2,637.13","2,654.91","2,667.82","2,636.96",828.58M,-0.90%
2007-11-30,"2,660.96","2,693.61","2,696.24","2,642.25",1.12B,-0.27%
2007-11-29,"2,668.13","2,653.36","2,675.21","2,648.49",876.43M,0.20%
2007-11-28,"2,662.91","2,607.33","2,667.93","2,606.86",1.04B,3.18%
2007-11-27,"2,580.80","2,557.98","2,585.93","2,546.37",934.39M,1.57%
2007-11-26,"2,540.99","2,599.82","2,613.69","2,539.81",856.97M,-2.14%
2007-11-23,"2,596.60","2,578.99","2,601.55","2,567.58",342.99M,1.34%
2007-11-21,"2,562.15","2,570.53","2,597.17","2,542.70",865.76M,-1.33%
2007-11-20,"2,596.81","2,603.53","2,633.82","2,554.32",1.11B,0.13%
2007-11-19,"2,593.38","2,622.44","2,628.15","2,583.26",942.60M,-1.66%
2007-11-16,"2,637.24","2,631.81","2,640.03","2,596.59",1.07B,0.72%
2007-11-15,"2,618.51","2,636.27","2,652.65","2,601.39",955.39M,-0.98%
2007-11-14,"2,644.32","2,698.03","2,698.35","2,636.32",1.01B,-1.10%
2007-11-13,"2,673.65","2,613.37","2,673.65","2,613.37",1.11B,3.46%
2007-11-12,"2,584.13","2,619.41","2,643.00","2,583.00",1.22B,-1.67%
2007-11-09,"2,627.94","2,648.96","2,668.79","2,624.43",1.22B,-2.52%
2007-11-08,"2,696.00","2,748.40","2,753.05","2,648.03",1.43B,-1.92%
2007-11-07,"2,748.76","2,798.45","2,810.19","2,748.31",1.04B,-2.70%
2007-11-06,"2,825.18","2,809.81","2,825.47","2,780.22",988.67M,1.07%
2007-11-05,"2,795.18","2,782.80","2,807.51","2,771.91",883.47M,-0.54%
2007-11-02,"2,810.38","2,812.79","2,817.03","2,773.82",1.01B,0.56%
2007-11-01,"2,794.83","2,835.00","2,835.63","2,793.17",1.05B,-2.25%
2007-10-31,"2,859.12","2,827.80","2,861.51","2,815.67",1.05B,1.51%
2007-10-30,"2,816.71","2,807.32","2,828.82","2,803.67",905.48M,-0.03%
2007-10-29,"2,817.44","2,815.16","2,825.37","2,805.25",853.06M,0.47%
2007-10-26,"2,804.19","2,806.52","2,810.31","2,776.53",1.05B,1.94%
2007-10-25,"2,750.86","2,777.59","2,787.29","2,733.08",1.13B,-0.86%
2007-10-24,"2,774.76","2,775.33","2,781.96","2,720.30",1.13B,-0.88%
2007-10-23,"2,799.26","2,775.52","2,799.26","2,758.53",991.56M,1.65%
2007-10-22,"2,753.93","2,705.86","2,755.47","2,698.14",845.13M,1.06%
2007-10-19,"2,725.16","2,799.32","2,799.32","2,725.16",1.05B,-2.65%
2007-10-18,"2,799.31","2,778.31","2,803.26","2,770.11",820.73M,0.24%
2007-10-17,"2,792.67","2,801.66","2,803.96","2,755.26",994.69M,1.04%
2007-10-16,"2,763.91","2,770.03","2,781.80","2,759.43",857.58M,-0.58%
2007-10-15,"2,780.05","2,809.17","2,811.66","2,764.68",848.87M,-0.91%
2007-10-12,"2,805.68","2,779.79","2,806.18","2,778.29",795.85M,1.21%
2007-10-11,"2,772.20","2,824.55","2,834.00","2,757.76",1.02B,-1.40%
2007-10-10,"2,811.61","2,805.44","2,813.67","2,795.98",789.25M,0.27%
2007-10-09,"2,803.91","2,793.95","2,806.41","2,784.52",785.35M,0.59%
2007-10-08,"2,787.37","2,777.72","2,787.37","2,771.60",841.29M,0.25%
2007-10-05,"2,780.32","2,754.68","2,784.93","2,749.85",840.71M,1.71%
2007-10-04,"2,733.57","2,735.39","2,735.52","2,718.05",707.50M,0.15%
2007-10-03,"2,729.43","2,734.32","2,746.14","2,721.23",772.13M,-0.64%
2007-10-02,"2,747.11","2,740.65","2,747.11","2,732.69",753.26M,0.22%
2007-10-01,"2,740.99","2,704.25","2,743.53","2,704.25",863.17M,1.46%
2007-09-28,"2,701.50","2,709.65","2,716.75","2,692.02",848.41M,-0.30%
2007-09-27,"2,709.59","2,711.82","2,712.79","2,702.02",750.31M,0.39%
2007-09-26,"2,699.03","2,696.53","2,709.23","2,689.59",852.09M,0.58%
2007-09-25,"2,683.45","2,658.53","2,683.92","2,656.33",800.75M,0.58%
2007-09-24,"2,667.95","2,676.42","2,692.16","2,660.52",816.22M,-0.12%
2007-09-21,"2,671.22","2,670.75","2,678.69","2,666.32",1.20B,0.64%
2007-09-20,"2,654.29","2,659.58","2,669.43","2,648.07",748.11M,-0.46%
2007-09-19,"2,666.48","2,665.89","2,683.02","2,654.90",967.56M,0.56%
2007-09-18,"2,651.66","2,592.96","2,651.66","2,583.14",945.60M,2.71%
2007-09-17,"2,581.66","2,594.04","2,596.09","2,575.36",608.31M,-0.79%
2007-09-14,"2,602.18","2,582.15","2,603.63","2,577.73",676.86M,0.04%
2007-09-13,"2,601.06","2,607.13","2,612.70","2,589.41",725.84M,0.35%
2007-09-12,"2,592.07","2,592.83","2,612.18","2,590.38",776.33M,-0.21%
2007-09-11,"2,597.47","2,573.28","2,598.94","2,572.86",745.90M,1.50%
2007-09-10,"2,559.11","2,581.78","2,588.88","2,536.93",783.22M,-0.26%
2007-09-07,"2,565.70","2,581.48","2,584.28","2,556.59",806.14M,-1.86%
2007-09-06,"2,614.32","2,615.74","2,620.89","2,595.52",772.22M,0.32%
2007-09-05,"2,605.95","2,618.28","2,621.54","2,596.70",841.92M,-0.92%
2007-09-04,"2,630.24","2,596.38","2,644.45","2,596.38",803.18M,1.30%
2007-08-31,"2,596.36","2,596.19","2,603.11","2,579.79",704.76M,1.21%
2007-08-30,"2,565.30","2,545.08","2,587.86","2,542.48",730.53M,0.08%
2007-08-29,"2,563.16","2,518.82","2,563.16","2,512.60",713.32M,2.50%
2007-08-28,"2,500.64","2,546.39","2,548.06","2,500.55",698.99M,-2.37%
2007-08-27,"2,561.25","2,570.41","2,573.83","2,557.48",578.27M,-0.60%
2007-08-24,"2,576.69","2,539.65","2,576.69","2,534.64",708.17M,1.38%
2007-08-23,"2,541.70","2,562.41","2,565.35","2,530.57",750.77M,-0.43%
2007-08-22,"2,552.80","2,542.99","2,554.90","2,533.74",789.64M,1.25%
2007-08-21,"2,521.30","2,502.31","2,529.66","2,500.66",768.90M,0.51%
2007-08-20,"2,508.59","2,511.07","2,516.31","2,487.44",779.99M,0.14%
2007-08-17,"2,505.03","2,510.38","2,524.96","2,466.36",1.31B,2.20%
2007-08-16,"2,451.07","2,440.91","2,460.50","2,386.69",1.54B,-0.32%
2007-08-15,"2,458.83","2,492.76","2,520.39","2,457.89",1.03B,-1.61%
2007-08-14,"2,499.12","2,549.26","2,552.49","2,499.12",901.25M,-1.70%
2007-08-13,"2,542.24","2,566.60","2,572.51","2,541.35",1.03B,-0.10%
2007-08-10,"2,544.89","2,529.54","2,569.25","2,503.16",1.44B,-0.45%
2007-08-09,"2,556.49","2,573.03","2,615.93","2,556.49",1.64B,-2.16%
2007-08-08,"2,612.98","2,582.60","2,627.75","2,582.60",1.68B,2.01%
2007-08-07,"2,561.60","2,532.78","2,577.81","2,523.44",1.30B,0.56%
2007-08-06,"2,547.33","2,524.87","2,547.33","2,491.96",1.28B,1.44%
2007-08-03,"2,511.25","2,572.92","2,575.58","2,511.12",1.20B,-2.51%
2007-08-02,"2,575.98","2,557.59","2,579.28","2,553.14",1.11B,0.89%
2007-08-01,"2,553.16","2,538.50","2,557.11","2,515.81",1.31B,0.30%
2007-07-31,"2,545.57","2,606.32","2,607.45","2,545.57",1.20B,-1.43%
2007-07-30,"2,582.57","2,568.14","2,592.00","2,552.31",1.05B,0.82%
2007-07-27,"2,561.56","2,599.87","2,608.99","2,561.56",1.19B,-1.45%
2007-07-26,"2,599.34","2,620.75","2,632.46","2,563.81",1.50B,-1.84%
2007-07-25,"2,648.17","2,660.19","2,665.81","2,628.15",1.11B,0.31%
2007-07-24,"2,639.86","2,673.70","2,682.40","2,634.03",1.14B,-1.89%
2007-07-23,"2,690.58","2,698.49","2,705.03","2,688.41",926.86M,0.11%
2007-07-20,"2,687.60","2,709.99","2,710.32","2,674.64",1.12B,-1.19%
2007-07-19,"2,720.04","2,716.66","2,724.74","2,710.84",988.93M,0.76%
2007-07-18,"2,699.49","2,695.28","2,699.87","2,674.26",982.99M,-0.47%
2007-07-17,"2,712.29","2,702.10","2,719.94","2,701.56",959.41M,0.55%
2007-07-16,"2,697.33","2,703.40","2,712.13","2,693.71",791.35M,-0.36%
2007-07-13,"2,707.00","2,696.96","2,707.64","2,694.09",772.29M,0.20%
2007-07-12,"2,701.73","2,662.76","2,701.73","2,662.52",984.17M,1.88%
2007-07-11,"2,651.79","2,637.12","2,652.34","2,631.89",865.48M,0.48%
2007-07-10,"2,639.16","2,657.87","2,662.55","2,637.66",990.39M,-1.16%
2007-07-09,"2,670.02","2,668.99","2,672.59","2,660.65",818.38M,0.13%
2007-07-06,"2,666.51","2,656.30","2,667.97","2,649.05",720.94M,0.37%
2007-07-05,"2,656.65","2,646.30","2,658.01","2,637.78",762.28M,0.44%
2007-07-03,"2,644.95","2,636.71","2,644.95","2,635.00",493.79M,0.48%
2007-07-02,"2,632.30","2,617.39","2,632.30","2,614.84",829.34M,1.12%
2007-06-29,"2,603.23","2,619.94","2,626.56","2,590.09",1.02B,-0.20%
2007-06-28,"2,608.37","2,606.14","2,624.60","2,604.60",891.07M,0.12%
2007-06-27,"2,605.35","2,563.83","2,605.92","2,560.45",927.87M,1.21%
2007-06-26,"2,574.16","2,589.22","2,590.89","2,566.34",963.87M,-0.11%
2007-06-25,"2,577.08","2,590.59","2,605.87","2,568.50",953.39M,-0.46%
2007-06-22,"2,588.96","2,610.36","2,612.75","2,583.24",1.59B,-1.07%
2007-06-21,"2,616.96","2,597.65","2,618.54","2,586.05",950.27M,0.65%
2007-06-20,"2,599.96","2,632.20","2,634.60","2,599.63",902.16M,-1.02%
2007-06-19,"2,626.76","2,620.31","2,631.30","2,612.42",866.18M,0.01%
2007-06-18,"2,626.60","2,631.34","2,631.45","2,617.66",765.64M,0.00%
2007-06-15,"2,626.71","2,625.33","2,630.51","2,620.72",1.25B,1.05%
2007-06-14,"2,599.41","2,584.14","2,604.76","2,583.93",873.67M,0.66%
2007-06-13,"2,582.31","2,558.47","2,582.31","2,556.72",959.75M,1.28%
2007-06-12,"2,549.77","2,560.41","2,576.89","2,547.99",920.96M,-0.87%
2007-06-11,"2,572.15","2,569.64","2,584.82","2,566.84",737.37M,-0.05%
2007-06-08,"2,573.54","2,541.14","2,573.74","2,534.97",840.92M,1.27%
2007-06-07,"2,541.38","2,577.37","2,585.73","2,541.38",1.04B,-1.77%
2007-06-06,"2,587.18","2,599.56","2,599.56","2,578.81",891.21M,-0.92%
2007-06-05,"2,611.23","2,611.16","2,613.31","2,595.01",982.84M,-0.27%
2007-06-04,"2,618.29","2,606.05","2,619.75","2,604.85",834.22M,0.17%
2007-06-01,"2,613.92","2,614.01","2,626.40","2,608.69",842.15M,0.36%
2007-05-31,"2,604.52","2,599.47","2,607.90","2,594.29",1.13B,0.46%
2007-05-30,"2,592.59","2,556.17","2,592.59","2,551.68",918.62M,0.80%
2007-05-29,"2,572.06","2,561.04","2,576.36","2,558.40",761.70M,0.58%
2007-05-25,"2,557.19","2,547.41","2,560.03","2,544.46",666.24M,0.76%
2007-05-24,"2,537.92","2,577.21","2,585.73","2,531.28",1.04B,-1.52%
2007-05-23,"2,577.05","2,592.62","2,600.94","2,576.23",892.98M,-0.42%
2007-05-22,"2,588.02","2,580.04","2,593.03","2,573.95",859.51M,0.36%
2007-05-21,"2,578.79","2,560.93","2,587.87","2,560.85",873.93M,0.80%
2007-05-18,"2,558.45","2,548.07","2,559.03","2,540.67",956.92M,0.75%
2007-05-17,"2,539.38","2,544.32","2,547.71","2,535.47",862.22M,-0.32%
2007-05-16,"2,547.42","2,532.71","2,547.42","2,519.35",918.87M,0.88%
2007-05-15,"2,525.29","2,544.67","2,557.78","2,523.83",981.58M,-0.83%
2007-05-14,"2,546.44","2,564.05","2,568.93","2,537.92",880.74M,-0.62%
2007-05-11,"2,562.22","2,541.66","2,562.45","2,539.67",786.19M,1.12%
2007-05-10,"2,533.74","2,564.80","2,570.73","2,533.12",1.02B,-1.65%
2007-05-09,"2,576.34","2,557.63","2,579.98","2,555.71",978.35M,0.18%
2007-05-08,"2,571.75","2,563.18","2,571.75","2,551.15",877.81M,0.03%
2007-05-07,"2,570.95","2,572.64","2,580.06","2,569.22",769.64M,-0.05%
2007-05-04,"2,572.15","2,574.50","2,577.96","2,561.73",997.02M,0.26%
2007-05-03,"2,565.46","2,560.85","2,569.80","2,555.84",983.73M,0.30%
2007-05-02,"2,557.84","2,531.96","2,562.78","2,531.96",964.29M,1.04%
2007-05-01,"2,531.53","2,529.95","2,532.37","2,510.57",1.09B,0.26%
2007-04-30,"2,525.09","2,558.05","2,558.75","2,525.09",1.01B,-1.26%
2007-04-27,"2,557.21","2,554.48","2,562.99","2,550.10",974.28M,0.11%
2007-04-26,"2,554.46","2,551.49","2,560.64","2,544.12",1.11B,0.26%
2007-04-25,"2,547.89","2,533.54","2,551.39","2,523.84",1.17B,0.92%
2007-04-24,"2,524.54","2,528.39","2,529.48","2,509.26",1.04B,0.03%
2007-04-23,"2,523.67","2,525.77","2,531.40","2,518.47",872.68M,-0.11%
2007-04-20,"2,526.39","2,525.23","2,532.24","2,515.24",1.04B,0.84%
2007-04-19,"2,505.35","2,497.22","2,515.95","2,490.34",955.40M,-0.21%
2007-04-18,"2,510.50","2,507.34","2,518.21","2,499.65",931.98M,-0.26%
2007-04-17,"2,516.95","2,519.12","2,522.07","2,510.60",889.83M,-0.05%
2007-04-16,"2,518.33","2,500.55","2,519.03","2,500.55",816.45M,1.06%
2007-04-13,"2,491.94","2,479.69","2,491.94","2,468.23",845.29M,0.47%
2007-04-12,"2,480.32","2,455.72","2,480.41","2,448.71",847.09M,0.85%
2007-04-11,"2,459.31","2,477.76","2,478.51","2,452.05",887.50M,-0.74%
2007-04-10,"2,477.61","2,468.13","2,479.46","2,468.03",840.37M,0.34%
2007-04-09,"2,469.18","2,478.02","2,478.68","2,464.57",795.45M,-0.09%
2007-04-05,"2,471.34","2,457.65","2,471.34","2,455.60",700.39M,0.51%
2007-04-04,"2,458.69","2,451.94","2,461.49","2,448.69",775.19M,0.34%
2007-04-03,"2,450.33","2,432.30","2,456.17","2,432.30",878.45M,1.16%
2007-04-02,"2,422.26","2,425.36","2,427.94","2,409.04",800.62M,0.03%
2007-03-30,"2,421.64","2,419.91","2,432.20","2,403.01",965.51M,0.16%
2007-03-29,"2,417.88","2,432.50","2,433.04","2,396.83",889.17M,0.03%
2007-03-28,"2,417.10","2,427.19","2,434.32","2,413.09",863.59M,-0.83%
2007-03-27,"2,437.43","2,448.92","2,450.03","2,435.19",802.40M,-0.74%
2007-03-26,"2,455.63","2,451.60","2,455.63","2,428.00",805.96M,0.27%
2007-03-23,"2,448.93","2,451.83","2,459.96","2,447.81",778.24M,-0.11%
2007-03-22,"2,451.74","2,457.06","2,457.37","2,442.51",877.30M,-0.17%
2007-03-21,"2,455.92","2,415.54","2,455.92","2,405.39",1.00B,1.98%
2007-03-20,"2,408.21","2,394.82","2,412.64","2,393.19",824.16M,0.58%
2007-03-19,"2,394.41","2,384.66","2,399.80","2,381.55",786.53M,0.92%
2007-03-16,"2,372.66","2,376.82","2,385.32","2,364.36",1.07B,-0.25%
2007-03-15,"2,378.70","2,371.02","2,382.62","2,367.74",786.91M,0.29%
2007-03-14,"2,371.74","2,350.94","2,371.74","2,331.57",1.07B,0.90%
2007-03-13,"2,350.57","2,388.86","2,395.98","2,350.57",1.04B,-2.15%
2007-03-12,"2,402.29","2,385.14","2,404.02","2,384.39",762.52M,0.62%
2007-03-09,"2,387.55","2,403.13","2,404.80","2,375.57",837.34M,-0.01%
2007-03-08,"2,387.73","2,396.55","2,402.20","2,382.00",893.61M,0.55%
2007-03-07,"2,374.64","2,382.65","2,388.78","2,371.92",867.90M,-0.44%
2007-03-06,"2,385.14","2,363.15","2,390.14","2,361.27",966.54M,1.90%
2007-03-05,"2,340.68","2,368.00","2,377.84","2,340.40",1.03B,-1.15%
2007-03-02,"2,368.00","2,389.86","2,401.26","2,368.00",1.09B,-1.51%
2007-03-01,"2,404.21","2,377.18","2,419.15","2,359.44",1.26B,-0.49%
2007-02-28,"2,416.15","2,411.89","2,431.86","2,395.35",1.18B,0.34%
2007-02-27,"2,407.86","2,468.74","2,470.92","2,402.36",1.38B,-3.86%
2007-02-26,"2,504.52","2,525.04","2,525.98","2,492.54",833.31M,-0.42%
2007-02-23,"2,515.10","2,522.53","2,522.84","2,506.95",849.58M,-0.39%
2007-02-22,"2,524.94","2,523.36","2,531.42","2,509.06",846.07M,0.26%
2007-02-21,"2,518.42","2,503.54","2,518.42","2,500.96",850.02M,0.21%
2007-02-20,"2,513.04","2,491.75","2,514.22","2,479.92",945.34M,0.67%
2007-02-16,"2,496.31","2,491.48","2,497.92","2,482.66",850.10M,-0.03%
2007-02-15,"2,497.10","2,489.84","2,498.37","2,485.51",796.67M,0.35%
2007-02-14,"2,488.38","2,468.04","2,494.51","2,468.04",896.21M,1.16%
2007-02-13,"2,459.88","2,455.25","2,464.56","2,452.17",761.65M,0.39%
2007-02-12,"2,450.38","2,460.63","2,460.63","2,444.68",768.45M,-0.38%
2007-02-09,"2,459.82","2,491.65","2,496.52","2,453.44",932.49M,-1.16%
2007-02-08,"2,488.67","2,484.50","2,492.41","2,477.71",833.69M,-0.07%
2007-02-07,"2,490.50","2,483.73","2,495.27","2,475.57",932.60M,0.77%
2007-02-06,"2,471.49","2,475.78","2,478.24","2,454.60",911.30M,0.04%
2007-02-05,"2,470.60","2,475.03","2,481.57","2,466.18",826.44M,-0.21%
2007-02-02,"2,475.88","2,474.19","2,478.41","2,466.56",783.42M,0.30%
2007-02-01,"2,468.38","2,474.08","2,481.38","2,458.71",921.06M,0.18%
2007-01-31,"2,463.93","2,443.33","2,471.20","2,433.76",968.82M,0.62%
2007-01-30,"2,448.64","2,446.66","2,451.00","2,437.42",763.00M,0.31%
2007-01-29,"2,441.09","2,434.64","2,451.83","2,431.31",825.55M,0.23%
2007-01-26,"2,435.49","2,441.10","2,443.44","2,418.61",878.72M,0.05%
2007-01-25,"2,434.24","2,469.27","2,470.51","2,430.56",947.87M,-1.30%
2007-01-24,"2,466.28","2,443.01","2,466.28","2,440.82",937.91M,1.43%
2007-01-23,"2,431.41","2,428.26","2,447.03","2,425.98",870.67M,0.01%
2007-01-22,"2,431.07","2,454.50","2,454.66","2,422.92",823.72M,-0.83%
2007-01-19,"2,451.31","2,437.63","2,453.79","2,435.68",894.79M,0.33%
2007-01-18,"2,443.21","2,475.33","2,475.80","2,438.11",1.04B,-1.46%
2007-01-17,"2,479.42","2,487.89","2,496.93","2,475.83",997.90M,-0.74%
2007-01-16,"2,497.78","2,504.56","2,508.93","2,493.92",948.61M,-0.20%
2007-01-12,"2,502.82","2,481.72","2,502.82","2,481.54",944.80M,0.72%
2007-01-11,"2,484.85","2,464.89","2,489.46","2,463.39",1.03B,1.04%
2007-01-10,"2,459.33","2,434.04","2,461.34","2,427.90",993.04M,0.63%
2007-01-09,"2,443.83","2,443.26","2,449.87","2,423.56",958.92M,0.23%
2007-01-08,"2,438.20","2,435.25","2,445.63","2,421.13",854.18M,0.16%
2007-01-05,"2,434.25","2,445.07","2,445.07","2,420.59",934.69M,-0.78%
2007-01-04,"2,453.43","2,423.82","2,460.51","2,413.75",955.81M,1.25%
2007-01-03,"2,423.16","2,429.72","2,454.62","2,394.66",1.14B,0.33%
2006-12-29,"2,415.29","2,423.03","2,437.38","2,413.43",646.66M,-0.42%
2006-12-28,"2,425.57","2,425.32","2,432.48","2,420.91",577.50M,-0.23%
2006-12-27,"2,431.22","2,418.78","2,432.73","2,418.78",577.18M,0.73%
2006-12-26,"2,413.51","2,398.22","2,414.21","2,397.68",486.58M,0.51%
2006-12-22,"2,401.18","2,415.98","2,416.49","2,400.72",593.31M,-0.61%
2006-12-21,"2,415.85","2,430.14","2,433.13","2,408.99",806.02M,-0.48%
2006-12-20,"2,427.61","2,432.00","2,443.34","2,426.41",813.46M,-0.08%
2006-12-19,"2,429.55","2,420.08","2,437.33","2,408.85",876.53M,-0.25%
2006-12-18,"2,435.57","2,462.43","2,470.95","2,428.66",863.22M,-0.88%
2006-12-15,"2,457.20","2,467.36","2,470.02","2,455.24",1.20B,0.14%
2006-12-14,"2,453.85","2,435.75","2,461.31","2,435.75",853.30M,0.88%
2006-12-13,"2,432.41","2,444.12","2,444.12","2,423.87",808.49M,0.03%
2006-12-12,"2,431.60","2,443.03","2,444.72","2,419.32",843.56M,-0.46%
2006-12-11,"2,442.86","2,437.36","2,453.22","2,429.97",801.60M,0.23%
2006-12-08,"2,437.36","2,423.67","2,447.03","2,416.77",780.80M,0.40%
2006-12-07,"2,427.69","2,449.64","2,454.91","2,427.69",921.36M,-0.74%
2006-12-06,"2,445.86","2,447.54","2,451.86","2,436.47",857.06M,-0.27%
2006-12-05,"2,452.38","2,455.70","2,459.51","2,445.14",931.53M,0.16%
2006-12-04,"2,448.39","2,420.92","2,455.67","2,420.60",912.93M,1.46%
2006-12-01,"2,413.21","2,430.75","2,434.39","2,392.95",911.48M,-0.76%
2006-11-30,"2,431.77","2,430.75","2,441.35","2,419.23",960.93M,-0.02%
2006-11-29,"2,432.23","2,422.91","2,436.61","2,414.80",817.54M,0.81%
2006-11-28,"2,412.61","2,397.32","2,414.08","2,390.10",883.90M,0.28%
2006-11-27,"2,405.92","2,454.17","2,454.64","2,405.89",866.24M,-2.21%
2006-11-24,"2,460.26","2,449.73","2,468.42","2,449.32",302.84M,-0.23%
2006-11-22,"2,465.98","2,463.21","2,467.20","2,450.64",713.30M,0.45%
2006-11-21,"2,454.84","2,454.65","2,456.60","2,445.04",764.14M,0.09%
2006-11-20,"2,452.72","2,441.16","2,457.14","2,437.84",750.98M,0.28%
2006-11-17,"2,445.86","2,439.63","2,445.86","2,431.79",789.09M,-0.13%
2006-11-16,"2,449.06","2,447.09","2,453.35","2,438.04",888.18M,0.26%
2006-11-15,"2,442.75","2,430.14","2,452.56","2,429.68",924.79M,0.50%
2006-11-14,"2,430.66","2,408.05","2,430.83","2,394.62",759.03M,1.01%
2006-11-13,"2,406.38","2,389.52","2,408.91","2,387.88",755.59M,0.70%
2006-11-10,"2,389.72","2,378.26","2,389.72","2,373.62",726.32M,0.58%
2006-11-09,"2,376.01","2,399.28","2,401.33","2,370.60",1.06B,-0.37%
2006-11-08,"2,384.94","2,363.92","2,393.47","2,358.44",927.49M,0.38%
2006-11-07,"2,375.88","2,366.01","2,391.34","2,363.64",933.44M,0.42%
2006-11-06,"2,365.95","2,341.66","2,371.81","2,341.66",878.98M,1.51%
2006-11-03,"2,330.79","2,339.04","2,343.98","2,316.82",793.13M,-0.14%
2006-11-02,"2,334.02","2,324.48","2,339.13","2,320.84",833.34M,-0.01%
2006-11-01,"2,334.35","2,373.49","2,375.53","2,330.57",869.18M,-1.37%
2006-10-31,"2,366.71","2,368.75","2,374.64","2,355.95",860.95M,0.12%
2006-10-30,"2,363.77","2,347.21","2,371.06","2,341.03",791.79M,0.56%
2006-10-27,"2,350.62","2,375.17","2,377.34","2,347.07",1.05B,-1.20%
2006-10-26,"2,379.10","2,361.09","2,379.29","2,347.88",1.11B,0.96%
2006-10-25,"2,356.59","2,346.77","2,359.76","2,338.65",999.55M,0.50%
2006-10-24,"2,344.84","2,352.49","2,356.03","2,335.91",898.07M,-0.46%
2006-10-23,"2,355.56","2,338.15","2,364.20","2,330.61",897.51M,0.57%
2006-10-20,"2,342.30","2,340.94","2,349.36","2,329.13",916.16M,0.06%
2006-10-19,"2,340.94","2,332.54","2,345.24","2,324.43",948.98M,0.16%
2006-10-18,"2,337.15","2,355.42","2,362.09","2,330.49",1.04B,-0.33%
2006-10-17,"2,344.95","2,354.07","2,354.07","2,329.80",1.05B,-0.80%
2006-10-16,"2,363.84","2,359.19","2,368.11","2,358.01",922.52M,0.28%
2006-10-13,"2,357.29","2,344.70","2,360.23","2,341.40",984.53M,0.47%
2006-10-12,"2,346.18","2,318.28","2,346.29","2,318.28",1.02B,1.64%
2006-10-11,"2,308.27","2,304.67","2,322.07","2,292.29",976.94M,-0.31%
2006-10-10,"2,315.43","2,314.12","2,319.06","2,302.24",884.96M,0.16%
2006-10-09,"2,311.77","2,297.82","2,317.42","2,295.25",833.98M,0.51%
2006-10-06,"2,299.99","2,296.15","2,306.28","2,289.99",833.67M,-0.28%
2006-10-05,"2,306.34","2,289.53","2,306.35","2,287.61",949.38M,0.67%
2006-10-04,"2,290.95","2,239.88","2,290.98","2,239.26",1.10B,2.11%
2006-10-03,"2,243.65","2,233.01","2,251.86","2,224.21",964.20M,0.27%
2006-10-02,"2,237.60","2,257.00","2,262.67","2,235.68",892.02M,-0.92%
2006-09-29,"2,258.43","2,273.30","2,273.30","2,257.98",926.04M,-0.51%
2006-09-28,"2,270.02","2,266.93","2,273.12","2,252.91",918.41M,0.29%
2006-09-27,"2,263.39","2,256.17","2,271.00","2,254.37",1.01B,0.09%
2006-09-26,"2,261.34","2,247.72","2,261.78","2,243.67",1.01B,0.55%
2006-09-25,"2,249.07","2,227.37","2,253.45","2,212.02",917.36M,1.36%
2006-09-22,"2,218.93","2,233.55","2,233.55","2,210.13",777.92M,-0.84%
2006-09-21,"2,237.75","2,257.54","2,261.47","2,232.89",965.65M,-0.67%
2006-09-20,"2,252.89","2,242.11","2,257.28","2,242.11",1.10B,1.37%
2006-09-19,"2,222.37","2,239.86","2,239.86","2,202.93",996.99M,-0.60%
2006-09-18,"2,235.75","2,232.99","2,247.47","2,228.52",871.49M,0.01%
2006-09-15,"2,235.59","2,243.28","2,247.16","2,227.72",1.31B,0.31%
2006-09-14,"2,228.73","2,221.73","2,230.97","2,218.86",904.46M,0.05%
2006-09-13,"2,227.67","2,214.80","2,229.18","2,211.14",894.89M,0.53%
2006-09-12,"2,215.82","2,174.61","2,217.28","2,174.61",985.45M,1.96%
2006-09-11,"2,173.25","2,152.12","2,180.39","2,147.44",828.49M,0.34%
2006-09-08,"2,165.79","2,160.02","2,168.44","2,154.55",715.65M,0.49%
2006-09-07,"2,155.29","2,160.05","2,174.80","2,149.36",908.50M,-0.58%
2006-09-06,"2,167.84","2,189.70","2,190.26","2,167.63",873.02M,-1.72%
2006-09-05,"2,205.70","2,192.94","2,207.55","2,184.42",877.93M,0.57%
2006-09-01,"2,193.16","2,194.56","2,198.58","2,182.93",655.94M,0.43%
2006-08-31,"2,183.75","2,189.17","2,193.34","2,181.77",877.48M,-0.09%
2006-08-30,"2,185.73","2,175.07","2,188.55","2,167.48",797.74M,0.62%
2006-08-29,"2,172.30","2,161.96","2,173.88","2,145.22",797.68M,0.54%
2006-08-28,"2,160.70","2,140.52","2,164.22","2,139.57",664.08M,0.95%
2006-08-25,"2,140.29","2,132.17","2,152.92","2,129.25",632.45M,0.15%
2006-08-24,"2,137.11","2,142.34","2,144.33","2,122.65",692.55M,0.11%
2006-08-23,"2,134.66","2,152.91","2,160.11","2,126.75",519.32M,-0.71%
2006-08-22,"2,150.02","2,145.31","2,162.68","2,140.63",781.03M,0.11%
2006-08-21,"2,147.75","2,151.91","2,153.53","2,140.81",668.42M,-0.75%
2006-08-18,"2,163.95","2,157.14","2,165.47","2,138.45",869.33M,0.29%
2006-08-17,"2,157.61","2,144.30","2,168.11","2,141.56",958.13M,0.38%
2006-08-16,"2,149.54","2,127.06","2,149.54","2,120.11",1.02B,1.63%
2006-08-15,"2,115.01","2,092.49","2,115.01","2,089.60",864.94M,2.22%
2006-08-14,"2,069.04","2,073.01","2,092.66","2,067.69",739.81M,0.55%
2006-08-11,"2,057.71","2,066.23","2,066.23","2,049.84",693.30M,-0.68%
2006-08-10,"2,071.74","2,052.98","2,076.35","2,048.22",857.49M,0.56%
2006-08-09,"2,060.28","2,085.56","2,097.76","2,056.77",1.04B,-0.03%
2006-08-08,"2,060.85","2,079.52","2,083.90","2,054.13",951.78M,-0.56%
2006-08-07,"2,072.50","2,079.45","2,079.45","2,064.94",729.62M,-0.60%
2006-08-04,"2,085.05","2,107.83","2,119.01","2,068.80",900.00M,-0.35%
2006-08-03,"2,092.34","2,064.56","2,099.81","2,060.91",913.04M,0.65%
2006-08-02,"2,078.81","2,069.91","2,089.00","2,069.58",887.67M,0.82%
2006-08-01,"2,061.99","2,080.34","2,080.34","2,052.75",825.97M,-1.41%
2006-07-31,"2,091.47","2,087.86","2,098.24","2,082.62",1.24B,-0.13%
2006-07-28,"2,094.14","2,065.28","2,094.95","2,065.06",1.35B,1.93%
2006-07-27,"2,054.47","2,082.57","2,093.14","2,052.02",1.57B,-0.77%
2006-07-26,"2,070.46","2,066.46","2,083.96","2,053.64",1.53B,-0.17%
2006-07-25,"2,073.90","2,060.38","2,080.11","2,055.34",1.42B,0.58%
2006-07-24,"2,061.84","2,030.49","2,061.84","2,030.49",1.40B,2.05%
2006-07-21,"2,020.39","2,035.26","2,035.78","2,014.07",1.73B,-0.93%
2006-07-20,"2,039.42","2,083.83","2,084.24","2,038.71",1.49B,-1.98%
2006-07-19,"2,080.71","2,037.68","2,086.07","2,037.10",1.68B,1.83%
2006-07-18,"2,043.22","2,043.18","2,052.53","2,012.78",1.42B,0.27%
2006-07-17,"2,037.72","2,034.76","2,050.65","2,028.30",1.10B,0.02%
2006-07-14,"2,037.35","2,053.88","2,056.53","2,027.11",1.26B,-0.82%
2006-07-13,"2,054.11","2,076.39","2,090.24","2,054.10",1.45B,-1.73%
2006-07-12,"2,090.24","2,121.71","2,128.86","2,090.23",1.32B,-1.81%
2006-07-11,"2,128.86","2,110.42","2,129.47","2,095.69",1.49B,0.56%
2006-07-10,"2,116.93","2,135.96","2,142.36","2,109.18",1.16B,-0.62%
2006-07-07,"2,130.06","2,146.89","2,155.09","2,126.64",1.30B,-1.16%
2006-07-06,"2,155.09","2,156.30","2,168.54","2,148.21",1.21B,0.08%
2006-07-05,"2,153.34","2,174.69","2,190.43","2,147.12",1.16B,-1.69%
2006-07-03,"2,190.43","2,177.91","2,190.44","2,172.09",586.92M,0.84%
2006-06-30,"2,172.09","2,181.47","2,183.48","2,164.67",2.38B,-0.11%
2006-06-29,"2,174.38","2,121.50","2,174.38","2,121.50",1.57B,2.96%
2006-06-28,"2,111.84","2,105.94","2,112.62","2,090.78",1.22B,0.55%
2006-06-27,"2,100.25","2,134.58","2,139.43","2,098.76",1.35B,-1.57%
2006-06-26,"2,133.67","2,126.46","2,135.71","2,123.71",1.07B,0.58%
2006-06-23,"2,121.47","2,120.30","2,137.43","2,110.81",1.21B,-0.07%
2006-06-22,"2,122.98","2,138.97","2,141.20","2,113.59",1.23B,-0.85%
2006-06-21,"2,141.20","2,109.22","2,152.56","2,107.06",1.42B,1.62%
2006-06-20,"2,107.06","2,110.92","2,126.72","2,103.77",1.25B,-0.16%
2006-06-19,"2,110.42","2,136.60","2,138.77","2,104.38",1.25B,-0.92%
2006-06-16,"2,129.95","2,140.51","2,144.15","2,122.78",1.99B,-0.66%
2006-06-15,"2,144.15","2,098.37","2,147.91","2,086.00",1.61B,2.79%
2006-06-14,"2,086.00","2,075.55","2,091.94","2,065.11",,0.65%
2006-06-13,"2,072.47","2,089.88","2,108.36","2,067.74",,-0.90%
2006-06-12,"2,091.32","2,137.47","2,138.68","2,091.32",,-2.05%
2006-06-09,"2,135.06","2,151.92","2,163.21","2,133.47",,-0.48%
2006-06-08,"2,145.32","2,141.59","2,151.80","2,100.43",,-0.30%
2006-06-07,"2,151.80","2,166.58","2,184.44","2,150.69",,-0.51%
2006-06-06,"2,162.78","2,174.28","2,176.47","2,144.20",,-0.32%
2006-06-05,"2,169.62","2,212.35","2,219.41","2,169.40",,-2.24%
2006-06-02,"2,219.41","2,229.84","2,233.88","2,203.73",,-0.02%
2006-06-01,"2,219.86","2,179.82","2,219.86","2,177.80",,1.88%
2006-05-31,"2,178.88","2,171.46","2,185.33","2,165.79",,0.65%
2006-05-30,"2,164.74","2,202.57","2,202.57","2,164.74",,-2.06%
2006-05-26,"2,210.37","2,205.90","2,210.49","2,196.70",,0.55%
2006-05-25,"2,198.24","2,182.43","2,198.58","2,174.24",,1.34%
2006-05-24,"2,169.17","2,159.83","2,179.84","2,135.81",,0.48%
2006-05-23,"2,158.76","2,188.38","2,199.56","2,158.76",,-0.65%
2006-05-22,"2,172.86","2,178.15","2,184.57","2,156.67",,-0.96%
2006-05-19,"2,193.88","2,183.34","2,198.66","2,164.54",,0.62%
2006-05-18,"2,180.32","2,205.37","2,212.95","2,180.28",,-0.70%
2006-05-17,"2,195.80","2,214.90","2,222.38","2,193.87",,-1.50%
2006-05-16,"2,229.13","2,239.00","2,243.74","2,222.80",,-0.42%
2006-05-15,"2,238.52","2,234.01","2,245.18","2,220.50",,-0.23%
2006-05-12,"2,243.78","2,263.97","2,264.19","2,243.32",,-1.27%
2006-05-11,"2,272.70","2,319.08","2,319.60","2,270.51",,-2.07%
2006-05-10,"2,320.74","2,332.82","2,338.25","2,314.45",,-0.75%
2006-05-09,"2,338.25","2,339.71","2,343.62","2,334.17",,-0.29%
2006-05-08,"2,344.99","2,342.41","2,352.56","2,339.46",,0.10%
2006-05-05,"2,342.57","2,335.96","2,344.37","2,332.68",,0.80%
2006-05-04,"2,323.90","2,307.38","2,326.82","2,307.38",,0.87%
2006-05-03,"2,303.97","2,311.20","2,312.60","2,295.03",,-0.25%
2006-05-02,"2,309.84","2,311.73","2,313.93","2,302.80",,0.22%
2006-05-01,"2,304.79","2,329.79","2,334.69","2,300.25",,-0.77%
2006-04-28,"2,322.57","2,321.61","2,337.28","2,317.47",,-0.95%
2006-04-27,"2,344.95","2,324.63","2,361.89","2,315.12",,0.49%
2006-04-26,"2,333.63","2,333.57","2,342.88","2,327.73",,0.14%
2006-04-25,"2,330.30","2,338.54","2,338.54","2,321.64",,-0.13%
2006-04-24,"2,333.38","2,338.78","2,338.78","2,324.28",,-0.40%
2006-04-21,"2,342.86","2,371.65","2,371.65","2,333.50",,-0.83%
2006-04-20,"2,362.55","2,368.74","2,375.54","2,354.07",,-0.35%
2006-04-19,"2,370.88","2,358.87","2,370.93","2,350.04",,0.63%
2006-04-18,"2,356.14","2,318.27","2,357.46","2,318.27",,1.95%
2006-04-17,"2,311.16","2,325.56","2,332.67","2,299.42",,-0.64%
2006-04-13,"2,326.11","2,314.32","2,333.03","2,310.12",,0.49%
2006-04-12,"2,314.68","2,309.39","2,318.05","2,308.33",,0.19%
2006-04-11,"2,310.35","2,337.88","2,339.79","2,302.19",,-0.98%
2006-04-10,"2,333.27","2,340.39","2,343.59","2,326.47",,-0.25%
2006-04-07,"2,339.02","2,367.32","2,375.45","2,336.71",,-0.94%
2006-04-06,"2,361.17","2,358.92","2,366.56","2,347.64",,0.06%
2006-04-05,"2,359.75","2,349.82","2,361.91","2,341.66",,0.61%
2006-04-04,"2,345.36","2,337.95","2,350.70","2,332.67",,0.37%
2006-04-03,"2,336.74","2,352.24","2,357.53","2,334.60",,-0.13%
2006-03-31,"2,339.79","2,345.53","2,348.89","2,334.54",,-0.04%
2006-03-30,"2,340.82","2,340.23","2,353.14","2,330.84",,0.13%
2006-03-29,"2,337.78","2,309.94","2,344.67","2,308.41",,1.45%
2006-03-28,"2,304.46","2,315.61","2,327.83","2,299.56",,-0.48%
2006-03-27,"2,315.58","2,312.47","2,319.93","2,310.02",,0.12%
2006-03-24,"2,312.82","2,304.74","2,316.15","2,300.37",,0.55%
2006-03-23,"2,300.15","2,300.17","2,305.17","2,287.90",,-0.14%
2006-03-22,"2,303.35","2,283.39","2,305.44","2,282.38",,0.40%
2006-03-21,"2,294.23","2,312.90","2,332.95","2,292.55",,-0.86%
2006-03-20,"2,314.11","2,311.93","2,317.13","2,305.59",,0.33%
2006-03-17,"2,306.48","2,306.17","2,310.84","2,294.50",,0.30%
2006-03-16,"2,299.56","2,319.11","2,323.79","2,299.55",,-0.53%
2006-03-15,"2,311.84","2,301.17","2,312.49","2,293.06",,0.69%
2006-03-14,"2,295.90","2,264.25","2,296.92","2,264.24",,1.27%
2006-03-13,"2,267.03","2,269.44","2,280.20","2,263.68",,0.22%
2006-03-10,"2,262.04","2,251.81","2,266.99","2,239.54",,0.55%
2006-03-09,"2,249.72","2,272.26","2,279.28","2,249.56",,-0.78%
2006-03-08,"2,267.46","2,260.87","2,275.13","2,248.65",,-0.04%
2006-03-07,"2,268.38","2,280.08","2,280.08","2,259.64",,-0.77%
2006-03-06,"2,286.03","2,306.66","2,309.51","2,281.37",,-0.72%
2006-03-03,"2,302.60","2,299.10","2,324.92","2,297.09",,-0.37%
2006-03-02,"2,311.11","2,305.53","2,316.93","2,299.76",,-0.15%
2006-03-01,"2,314.64","2,288.15","2,315.95","2,285.64",,1.46%
2006-02-28,"2,281.39","2,300.96","2,305.62","2,276.74",,-1.12%
2006-02-27,"2,307.18","2,291.48","2,313.53","2,291.24",,0.88%
2006-02-24,"2,287.04","2,278.27","2,287.86","2,272.78",,0.34%
2006-02-23,"2,279.32","2,279.59","2,293.74","2,271.82",,-0.17%
2006-02-22,"2,283.17","2,264.69","2,287.99","2,259.17",,0.89%
2006-02-21,"2,262.96","2,283.52","2,284.82","2,256.75",,-0.85%
2006-02-17,"2,282.36","2,291.73","2,291.76","2,279.63",,-0.53%
2006-02-16,"2,294.63","2,281.88","2,294.63","2,278.06",,0.80%
2006-02-15,"2,276.43","2,259.04","2,277.13","2,255.10",,0.63%
2006-02-14,"2,262.17","2,243.54","2,266.82","2,237.47",,1.00%
2006-02-13,"2,239.81","2,252.04","2,254.31","2,232.68",,-0.98%
2006-02-10,"2,261.88","2,255.77","2,266.44","2,235.41",,0.27%
2006-02-09,"2,255.87","2,273.77","2,284.52","2,254.26",,-0.49%
2006-02-08,"2,266.98","2,260.22","2,268.72","2,246.98",,0.98%
2006-02-07,"2,244.96","2,255.94","2,265.54","2,239.51",,-0.61%
2006-02-06,"2,258.80","2,263.12","2,265.81","2,249.75",,-0.17%
2006-02-03,"2,262.58","2,268.43","2,274.62","2,255.99",,-0.83%
2006-02-02,"2,281.57","2,306.57","2,308.05","2,277.30",,-1.25%
2006-02-01,"2,310.56","2,294.11","2,311.57","2,292.23",,0.21%
2006-01-31,"2,305.82","2,305.82","2,311.83","2,292.95",,-0.04%
2006-01-30,"2,306.78","2,306.24","2,313.98","2,304.75",,0.11%
2006-01-27,"2,304.23","2,293.37","2,314.36","2,289.47",,0.93%
2006-01-26,"2,283.00","2,274.85","2,284.07","2,264.85",,0.99%
2006-01-25,"2,260.65","2,275.30","2,275.30","2,253.06",,-0.20%
2006-01-24,"2,265.25","2,256.13","2,269.44","2,256.03",,0.75%
2006-01-23,"2,248.47","2,255.31","2,256.24","2,241.02",,0.03%
2006-01-20,"2,247.70","2,300.36","2,300.73","2,245.20",,-2.35%
2006-01-19,"2,301.81","2,291.69","2,311.71","2,289.82",,0.97%
2006-01-18,"2,279.64","2,265.50","2,285.94","2,264.08",,-1.00%
2006-01-17,"2,302.69","2,302.56","2,305.87","2,294.05",,-0.62%
2006-01-13,"2,317.04","2,317.74","2,321.70","2,308.16",,0.02%
2006-01-12,"2,316.69","2,327.17","2,330.31","2,313.22",,-0.63%
2006-01-11,"2,331.36","2,321.41","2,332.92","2,316.49",,0.48%
2006-01-10,"2,320.32","2,306.22","2,320.32","2,303.93",,0.07%
2006-01-09,"2,318.69","2,306.18","2,322.63","2,303.13",,0.57%
2006-01-06,"2,305.62","2,289.21","2,306.72","2,281.01",,1.26%
2006-01-05,"2,276.87","2,264.93","2,277.56","2,264.50",,0.59%
2006-01-04,"2,263.46","2,246.96","2,265.28","2,246.07",,0.88%
2006-01-03,"2,243.74","2,216.53","2,249.68","2,189.91",,1.74%
