Date,Price,Open,High,Low,Vol.,Change %
2026-07-01,"1,922.81","1,916.25","1,941.20","1,896.42",392.77M,0.82%
2026-06-30,"1,907.11","1,892.46","1,914.94","1,892.46",399.10M,0.07%
2026-06-29,"1,905.69","1,865.29","1,918.16","1,865.29",407.49M,2.68%
2026-06-26,"1,855.95","1,828.00","1,865.36","1,824.51",801.07M,1.55%
2026-06-25,"1,827.61","1,852.73","1,852.73","1,822.82",406.78M,-1.78%
2026-06-24,"1,860.71","1,848.34","1,898.80","1,848.34",407.30M,0.80%
2026-06-23,"1,846.01","1,847.22","1,863.53","1,842.37",416.66M,-0.93%
2026-06-22,"1,863.37","1,884.78","1,899.48","1,863.32",417.32M,-2.33%
2026-06-18,"1,907.81","1,892.69","1,914.32","1,872.40",598.76M,1.76%
2026-06-17,"1,874.78","1,916.96","1,921.52","1,869.67",351.16M,-2.69%
2026-06-16,"1,926.65","1,929.19","1,945.11","1,924.11",323.19M,-0.11%
2026-06-15,"1,928.80","1,929.22","1,942.64","1,924.61",381.75M,1.91%
2026-06-12,"1,892.59","1,900.36","1,900.36","1,862.52",356.90M,0.01%
2026-06-11,"1,892.38","1,855.46","1,894.47","1,844.70",354.23M,2.39%
2026-06-10,"1,848.21","1,884.53","1,885.49","1,846.35",333.80M,-2.23%
2026-06-09,"1,890.31","1,901.48","1,924.86","1,862.64",391.27M,0.12%
2026-06-08,"1,888.13","1,882.30","1,897.78","1,880.42",306.16M,0.49%
2026-06-05,"1,878.85","1,929.57","1,938.75","1,875.91",413.73M,-2.43%
2026-06-04,"1,925.74","1,932.52","1,940.18","1,923.58",342.75M,0.52%
2026-06-03,"1,915.77","1,919.77","1,936.28","1,903.98",392.78M,-1.07%
2026-06-02,"1,936.56","1,935.08","1,951.80","1,920.30",385.16M,-0.71%
2026-06-01,"1,950.45","1,978.53","1,978.53","1,948.72",456.32M,-2.62%
2026-05-29,"2,002.94","2,011.70","2,025.97","2,001.09",593.30M,-1.05%
2026-05-28,"2,024.18","2,008.86","2,026.09","1,994.38",404.38M,0.54%
2026-05-27,"2,013.30","1,993.65","2,017.02","1,993.65",428.88M,1.89%
2026-05-26,"1,975.96","1,985.21","1,990.60","1,962.40",391.22M,0.13%
2026-05-22,"1,973.32","1,976.38","1,987.16","1,970.47",374.05M,0.20%
2026-05-21,"1,969.32","1,950.50","1,977.84","1,935.70",384.81M,0.77%
2026-05-20,"1,954.21","1,911.39","1,954.38","1,906.29",407.27M,2.50%
2026-05-19,"1,906.62","1,910.20","1,913.11","1,889.24",361.17M,-1.32%
2026-05-18,"1,932.16","1,932.29","1,957.31","1,918.97",367.21M,-0.20%
2026-05-15,"1,936.06","1,943.75","1,945.74","1,930.35",420.80M,-1.83%
2026-05-14,"1,972.25","1,981.82","1,988.39","1,970.08",467.39M,-0.31%
2026-05-13,"1,978.34","1,958.01","1,985.17","1,950.47",541.51M,0.75%
2026-05-12,"1,963.60","1,976.59","1,980.68","1,946.50",361.60M,-1.06%
2026-05-11,"1,984.61","1,979.67","1,995.86","1,972.26",415.84M,-0.64%
2026-05-08,"1,997.38","1,996.47","2,010.20","1,988.40",348.10M,0.50%
2026-05-07,"1,987.42","2,004.35","2,008.04","1,979.62",365.34M,-0.20%
2026-05-06,"1,991.50","1,972.56","2,002.52","1,972.56",408.51M,1.37%
2026-05-05,"1,964.58","1,974.73","1,989.22","1,962.98",418.47M,0.30%
2026-05-04,"1,958.69","1,961.98","1,984.14","1,948.33",427.17M,-0.22%
2026-05-01,"1,962.95","1,957.06","1,984.15","1,943.95",376.37M,0.51%
2026-04-30,"1,953.03","1,965.28","1,966.90","1,916.32",483.87M,1.24%
2026-04-29,"1,929.12","1,915.96","1,937.45","1,914.08",394.25M,0.10%
2026-04-28,"1,927.21","1,926.82","1,937.38","1,924.06",325.21M,-0.68%
2026-04-27,"1,940.35","1,946.36","1,951.09","1,930.44",327.62M,-0.76%
2026-04-24,"1,955.27","1,940.18","1,957.95","1,934.01",319.16M,1.36%
2026-04-23,"1,929.02","1,932.31","1,945.20","1,912.16",358.17M,-0.93%
2026-04-22,"1,947.19","1,946.09","1,954.77","1,939.25",292.85M,0.44%
2026-04-21,"1,938.64","1,970.53","1,970.53","1,933.77",332.04M,-0.49%
2026-04-20,"1,948.26","1,957.07","1,958.69","1,930.55",305.53M,-0.65%
2026-04-17,"1,961.00","1,953.28","1,986.29","1,950.90",436.12M,1.97%
2026-04-16,"1,923.13","1,933.61","1,933.61","1,906.14",330.02M,-0.24%
2026-04-15,"1,927.84","1,905.20","1,932.81","1,896.91",369.24M,1.37%
2026-04-14,"1,901.85","1,868.30","1,911.80","1,868.30",346.77M,2.54%
2026-04-13,"1,854.68","1,832.73","1,854.90","1,824.62",297.32M,0.85%
2026-04-10,"1,838.98","1,839.87","1,845.02","1,827.79",296.23M,0.55%
2026-04-09,"1,829.00","1,791.84","1,831.24","1,784.22",338.30M,2.46%
2026-04-08,"1,785.02","1,814.47","1,815.29","1,775.99",432.82M,2.82%
2026-04-07,"1,736.03","1,736.86","1,738.00","1,711.16",338.77M,-0.91%
2026-04-06,"1,751.95","1,736.00","1,755.40","1,736.00",289.04M,-0.70%
2026-04-01,"1,764.30","1,761.95","1,777.24","1,746.17",452.14M,0.92%
2026-03-31,"1,748.22","1,722.83","1,755.95","1,712.69",403.05M,3.28%
2026-03-30,"1,692.76","1,704.17","1,717.63","1,685.13",340.99M,0.05%
2026-03-27,"1,691.83","1,731.29","1,734.05","1,688.51",368.54M,-3.05%
2026-03-26,"1,745.05","1,765.50","1,781.23","1,743.60",302.01M,-1.87%
2026-03-25,"1,778.33","1,786.98","1,796.09","1,768.75",296.15M,1.18%
2026-03-24,"1,757.55","1,755.87","1,768.12","1,747.80",295.34M,-0.54%
2026-03-23,"1,767.17","1,764.89","1,787.77","1,758.73",373.67M,2.46%
2026-03-20,"1,724.69","1,748.19","1,748.19","1,715.49",620.45M,-1.86%
2026-03-19,"1,757.38","1,752.19","1,766.05","1,744.07",340.44M,-0.87%
2026-03-18,"1,772.74","1,805.57","1,810.61","1,769.52",324.41M,-2.32%
2026-03-17,"1,814.78","1,806.15","1,818.45","1,806.15",314.60M,1.00%
2026-03-16,"1,796.89","1,784.72","1,805.32","1,784.72",333.35M,1.34%
2026-03-13,"1,773.20","1,795.24","1,798.76","1,770.12",317.83M,-0.65%
2026-03-12,"1,784.80","1,806.77","1,812.88","1,784.07",386.03M,-2.21%
2026-03-11,"1,825.06","1,842.28","1,852.23","1,815.95",327.50M,-0.27%
2026-03-10,"1,829.99","1,831.94","1,848.12","1,822.05",349.71M,-0.01%
2026-03-09,"1,830.10","1,806.54","1,834.85","1,773.81",444.56M,0.11%
2026-03-06,"1,828.00","1,836.96","1,838.93","1,819.98",386.24M,-1.96%
2026-03-05,"1,864.52","1,849.82","1,872.38","1,848.01",407.88M,0.26%
2026-03-04,"1,859.69","1,831.53","1,863.95","1,830.97",383.06M,2.24%
2026-03-03,"1,818.86","1,795.56","1,824.53","1,777.53",427.80M,-0.86%
2026-03-02,"1,834.67","1,810.88","1,838.80","1,804.45",449.69M,-1.08%
2026-02-27,"1,854.79","1,837.65","1,855.52","1,832.08",418.55M,0.04%
2026-02-26,"1,854.14","1,864.60","1,865.87","1,839.04",337.31M,-0.40%
2026-02-25,"1,861.50","1,862.71","1,868.67","1,851.18",331.37M,0.48%
2026-02-24,"1,852.60","1,829.42","1,858.52","1,826.14",334.42M,1.58%
2026-02-23,"1,823.70","1,850.07","1,850.95","1,805.92",386.60M,-2.15%
2026-02-20,"1,863.80","1,833.69","1,866.41","1,830.28",399.79M,1.27%
2026-02-19,"1,840.45","1,838.68","1,846.44","1,828.65",350.14M,-0.53%
2026-02-18,"1,850.18","1,835.55","1,862.74","1,833.64",347.68M,1.00%
2026-02-17,"1,831.86","1,831.46","1,833.52","1,806.83",423.80M,-0.02%
2026-02-13,"1,832.20","1,829.07","1,848.51","1,820.30",426.71M,-0.08%
2026-02-12,"1,833.67","1,868.66","1,879.22","1,827.57",513.02M,-1.58%
2026-02-11,"1,863.05","1,877.34","1,882.13","1,853.41",450.86M,-0.55%
2026-02-10,"1,873.44","1,866.42","1,892.46","1,865.73",402.44M,0.45%
2026-02-09,"1,865.04","1,857.96","1,879.80","1,840.97",381.96M,-0.34%
2026-02-06,"1,871.49","1,823.44","1,874.41","1,820.79",501.52M,-0.66%
2026-02-05,"1,883.84","1,900.01","1,903.34","1,873.79",449.62M,-2.59%
2026-02-04,"1,933.87","1,956.96","1,962.03","1,921.69",472.89M,-1.16%
2026-02-03,"1,956.51","1,982.12","1,988.28","1,936.07",429.31M,-0.95%
2026-02-02,"1,975.23","1,951.80","1,982.74","1,946.88",362.95M,0.72%
2026-01-30,"1,961.14","1,959.49","1,979.00","1,951.66",406.32M,-0.07%
2026-01-29,"1,962.52","1,981.76","1,985.66","1,944.79",473.27M,-0.64%
2026-01-28,"1,975.14","1,997.61","2,007.23","1,972.08",353.37M,-0.67%
2026-01-27,"1,988.52","1,982.79","1,992.05","1,968.83",343.75M,0.67%
2026-01-26,"1,975.29","1,988.86","1,993.38","1,974.93",319.69M,-0.71%
2026-01-23,"1,989.40","1,974.20","1,994.76","1,970.08",298.30M,0.73%
2026-01-22,"1,975.02","1,965.50","1,981.83","1,954.72",315.58M,1.22%
2026-01-21,"1,951.31","1,925.80","1,959.76","1,919.39",393.15M,1.60%
2026-01-20,"1,920.64","1,941.60","1,946.16","1,915.77",410.83M,-2.82%
2026-01-16,"1,976.41","1,981.99","1,987.18","1,966.55",361.60M,-0.17%
2026-01-15,"1,979.84","1,983.90","1,990.22","1,974.13",306.64M,0.41%
2026-01-14,"1,971.82","1,992.16","1,992.35","1,963.12",351.97M,-1.75%
2026-01-13,"2,007.03","2,016.40","2,019.78","1,993.24",327.50M,-0.51%
2026-01-12,"2,017.26","2,005.01","2,027.11","2,002.06",330.90M,0.04%
2026-01-09,"2,016.52","1,992.51","2,018.83","1,978.70",385.53M,1.14%
2026-01-08,"1,993.84","1,959.76","1,996.08","1,954.61",452.26M,1.72%
2026-01-07,"1,960.16","1,960.77","1,982.00","1,960.14",341.38M,-0.08%
2026-01-06,"1,961.67","1,935.22","1,964.89","1,930.99",437.15M,0.94%
2026-01-05,"1,943.36","1,913.47","1,955.79","1,913.47",373.34M,1.93%
2026-01-02,"1,906.48","1,939.91","1,942.62","1,895.13",345.99M,-1.14%
2025-12-31,"1,928.43","1,942.82","1,944.58","1,927.72",226.32M,-0.80%
2025-12-30,"1,943.90","1,944.95","1,949.67","1,940.65",211.01M,-0.32%
2025-12-29,"1,950.23","1,957.11","1,959.59","1,947.59",243.43M,-0.95%
2025-12-26,"1,968.95","1,975.22","1,980.06","1,966.52",198.50M,-0.44%
2025-12-24,"1,977.73","1,975.18","1,978.10","1,967.43",157.15M,0.28%
2025-12-23,"1,972.24","1,968.58","1,976.45","1,966.09",279.88M,0.18%
2025-12-22,"1,968.74","1,965.96","1,975.67","1,962.97",356.55M,0.63%
2025-12-19,"1,956.46","1,963.00","1,965.66","1,954.47",837.54M,-0.31%
2025-12-18,"1,962.49","1,959.05","1,984.04","1,955.69",440.49M,1.78%
2025-12-17,"1,928.23","1,955.09","1,964.08","1,928.21",415.80M,-1.22%
2025-12-16,"1,952.12","1,943.95","1,956.59","1,936.72",408.76M,0.31%
2025-12-15,"1,946.16","1,952.53","1,960.63","1,940.19",440.47M,0.48%
2025-12-12,"1,936.82","1,939.41","1,949.34","1,918.76",387.13M,0.11%
2025-12-11,"1,934.62","1,929.59","1,938.89","1,925.31",348.61M,0.08%
2025-12-10,"1,933.00","1,907.59","1,941.34","1,907.33",389.43M,1.52%
2025-12-09,"1,904.03","1,896.13","1,912.18","1,890.04",297.38M,0.16%
2025-12-08,"1,901.04","1,920.92","1,922.39","1,897.15",339.61M,-1.53%
2025-12-05,"1,930.51","1,926.24","1,937.38","1,924.64",314.74M,0.44%
2025-12-04,"1,922.03","1,933.83","1,936.94","1,909.84",349.38M,-0.48%
2025-12-03,"1,931.29","1,915.09","1,935.14","1,912.07",355.45M,0.83%
2025-12-02,"1,915.45","1,919.95","1,927.92","1,903.67",363.43M,-0.01%
2025-12-01,"1,915.62","1,906.46","1,926.41","1,905.67",352.41M,0.02%
2025-11-28,"1,915.26","1,907.43","1,916.21","1,906.09",178.87M,0.90%
2025-11-26,"1,898.19","1,891.95","1,903.83","1,885.85",338.17M,0.54%
2025-11-25,"1,888.03","1,853.82","1,890.63","1,844.49",411.11M,1.92%
2025-11-24,"1,852.46","1,834.17","1,860.13","1,833.55",495.06M,1.86%
2025-11-21,"1,818.61","1,794.93","1,836.89","1,786.80",483.77M,1.74%
2025-11-20,"1,787.54","1,844.27","1,861.54","1,785.94",490.78M,-1.73%
2025-11-19,"1,819.00","1,829.69","1,829.69","1,806.92",371.43M,0.05%
2025-11-18,"1,818.14","1,846.29","1,849.70","1,815.52",414.58M,-2.50%
2025-11-17,"1,864.70","1,869.28","1,889.71","1,851.98",443.97M,-0.80%
2025-11-14,"1,879.78","1,865.69","1,900.03","1,857.47",392.00M,-0.61%
2025-11-13,"1,891.34","1,934.86","1,939.22","1,887.11",423.67M,-2.73%
2025-11-12,"1,944.45","1,969.93","1,970.42","1,940.12",341.41M,-1.05%
2025-11-11,"1,965.14","1,957.60","1,967.08","1,950.77",352.48M,0.19%
2025-11-10,"1,961.46","1,955.23","1,964.77","1,945.93",388.16M,1.49%
2025-11-07,"1,932.73","1,924.43","1,937.45","1,903.53",466.48M,0.04%
2025-11-06,"1,931.97","1,969.85","1,976.42","1,921.44",453.01M,-2.50%
2025-11-05,"1,981.47","1,964.40","1,985.02","1,950.80",451.72M,1.12%
2025-11-04,"1,959.55","1,971.65","1,988.26","1,957.20",491.43M,-1.85%
2025-11-03,"1,996.58","1,994.06","2,007.07","1,992.58",506.31M,1.70%
2025-10-31,"1,963.14","1,974.07","1,979.21","1,953.17",579.46M,4.08%
2025-10-30,"1,886.13","1,903.20","1,917.87","1,886.11",588.51M,-2.56%
2025-10-29,"1,935.59","1,951.01","1,952.43","1,922.42",481.00M,-0.50%
2025-10-28,"1,945.29","1,939.64","1,959.97","1,934.45",435.84M,0.31%
2025-10-27,"1,939.35","1,932.20","1,947.59","1,928.06",465.03M,1.53%
2025-10-24,"1,910.16","1,920.53","1,923.92","1,908.14",607.67M,-0.12%
2025-10-23,"1,912.45","1,882.05","1,913.20","1,877.03",832.61M,0.74%
2025-10-22,"1,898.39","1,909.08","1,911.35","1,886.98",702.46M,-1.00%
2025-10-21,"1,917.60","1,897.76","1,926.37","1,897.76",599.69M,1.32%
2025-10-20,"1,892.68","1,883.00","1,893.82","1,880.58",339.43M,1.00%
2025-10-17,"1,873.86","1,860.85","1,878.55","1,854.18",403.17M,0.64%
2025-10-16,"1,861.89","1,878.60","1,889.26","1,847.02",390.85M,-0.88%
2025-10-15,"1,878.33","1,884.95","1,895.17","1,860.04",364.34M,0.10%
2025-10-14,"1,876.40","1,852.33","1,890.03","1,840.97",378.03M,-0.26%
2025-10-13,"1,881.24","1,853.59","1,884.03","1,853.49",353.00M,2.29%
2025-10-10,"1,839.12","1,903.23","1,910.74","1,838.65",456.00M,-3.29%
2025-10-09,"1,901.76","1,895.49","1,903.97","1,880.20",348.06M,-0.20%
2025-10-08,"1,905.57","1,902.60","1,913.00","1,885.29",358.27M,0.56%
2025-10-07,"1,894.87","1,914.84","1,920.45","1,892.90",470.95M,-1.43%
2025-10-06,"1,922.32","1,913.99","1,924.44","1,896.87",403.45M,1.04%
2025-10-03,"1,902.44","1,928.14","1,931.58","1,892.53",470.48M,-0.81%
2025-10-02,"1,917.89","1,939.97","1,939.97","1,916.41",434.39M,-0.69%
2025-10-01,"1,931.16","1,910.50","1,938.25","1,909.28",448.56M,0.69%
2025-09-30,"1,917.97","1,926.63","1,927.49","1,902.25",411.65M,-0.55%
2025-09-29,"1,928.67","1,924.64","1,931.53","1,915.92",484.51M,0.55%
2025-09-26,"1,918.05","1,896.55","1,919.80","1,891.58",427.15M,1.45%
2025-09-25,"1,890.66","1,906.66","1,906.66","1,882.40",413.84M,-1.47%
2025-09-24,"1,918.77","1,918.16","1,923.71","1,907.26",367.56M,0.70%
2025-09-23,"1,905.48","1,938.57","1,938.57","1,903.46",376.59M,-1.44%
2025-09-22,"1,933.28","1,938.70","1,951.02","1,933.05",383.73M,-0.43%
2025-09-19,"1,941.70","1,945.06","1,953.62","1,940.08",678.66M,0.34%
2025-09-18,"1,935.03","1,947.91","1,952.49","1,933.93",377.75M,-0.51%
2025-09-17,"1,944.88","1,946.02","1,955.78","1,921.74",406.77M,-0.31%
2025-09-16,"1,950.89","1,944.70","1,954.34","1,938.16",387.50M,0.82%
2025-09-15,"1,934.96","1,947.46","1,953.04","1,925.96",444.18M,1.10%
2025-09-12,"1,914.00","1,901.49","1,916.83","1,901.33",435.70M,0.57%
2025-09-11,"1,903.18","1,878.91","1,905.66","1,874.49",402.86M,1.70%
2025-09-10,"1,871.36","1,897.98","1,898.73","1,866.74",363.85M,-1.58%
2025-09-09,"1,901.39","1,899.24","1,903.17","1,886.69",306.99M,0.09%
2025-09-08,"1,899.71","1,900.18","1,906.02","1,892.69",381.23M,0.53%
2025-09-05,"1,889.68","1,899.32","1,912.40","1,882.57",410.87M,-0.12%
2025-09-04,"1,892.00","1,871.82","1,892.61","1,867.66",332.44M,2.25%
2025-09-03,"1,850.34","1,843.44","1,860.16","1,842.49",331.51M,0.43%
2025-09-02,"1,842.44","1,830.72","1,844.58","1,826.10",342.48M,-0.95%
2025-08-29,"1,860.03","1,882.12","1,884.29","1,855.00",310.29M,-1.14%
2025-08-28,"1,881.57","1,877.76","1,883.33","1,870.17",312.10M,0.28%
2025-08-27,"1,876.32","1,875.38","1,882.34","1,873.07",295.42M,0.05%
2025-08-26,"1,875.34","1,865.63","1,876.27","1,863.05",373.54M,0.42%
2025-08-25,"1,867.41","1,862.82","1,873.67","1,858.56",308.74M,-0.13%
2025-08-22,"1,869.91","1,821.84","1,870.50","1,816.80",388.60M,3.18%
2025-08-21,"1,812.21","1,815.80","1,817.75","1,802.30",280.81M,-0.68%
2025-08-20,"1,824.65","1,849.10","1,849.94","1,810.04",336.06M,-1.18%
2025-08-19,"1,846.45","1,853.28","1,863.57","1,841.81",335.32M,-0.37%
2025-08-18,"1,853.40","1,843.07","1,855.15","1,840.56",298.55M,0.38%
2025-08-15,"1,846.34","1,859.11","1,863.85","1,839.16",328.79M,-0.27%
2025-08-14,"1,851.33","1,842.66","1,856.12","1,838.47",369.97M,0.45%
2025-08-13,"1,843.02","1,826.15","1,845.74","1,824.49",378.72M,1.29%
2025-08-12,"1,819.57","1,815.61","1,821.56","1,801.21",352.43M,0.87%
2025-08-11,"1,803.81","1,805.08","1,814.00","1,800.83",385.23M,0.14%
2025-08-08,"1,801.32","1,797.77","1,809.43","1,797.77",346.51M,0.19%
2025-08-07,"1,797.93","1,797.11","1,811.67","1,781.45",373.35M,0.11%
2025-08-06,"1,796.02","1,755.88","1,797.10","1,755.35",355.03M,2.51%
2025-08-05,"1,752.11","1,752.21","1,765.27","1,747.56",342.28M,0.29%
2025-08-04,"1,746.96","1,748.63","1,752.65","1,737.39",400.68M,0.68%
2025-08-01,"1,735.16","1,743.46","1,748.66","1,724.39",517.59M,-3.59%
2025-07-31,"1,799.72","1,821.61","1,821.61","1,796.55",560.76M,-0.38%
2025-07-30,"1,806.62","1,820.74","1,822.39","1,796.83",449.39M,-0.57%
2025-07-29,"1,816.96","1,832.41","1,832.84","1,812.99",400.65M,-0.73%
2025-07-28,"1,830.35","1,826.00","1,838.38","1,819.92",409.49M,0.69%
2025-07-25,"1,817.76","1,810.84","1,822.74","1,807.63",421.96M,0.78%
2025-07-24,"1,803.66","1,801.24","1,819.32","1,798.49",546.50M,-1.23%
2025-07-23,"1,826.07","1,821.98","1,828.56","1,819.59",408.11M,0.41%
2025-07-22,"1,818.58","1,810.24","1,821.69","1,802.64",405.81M,0.67%
2025-07-21,"1,806.44","1,801.83","1,812.76","1,800.60",363.36M,0.60%
2025-07-18,"1,795.64","1,786.10","1,795.93","1,782.67",349.95M,0.98%
2025-07-17,"1,778.20","1,775.15","1,780.78","1,770.51",339.12M,0.31%
2025-07-16,"1,772.75","1,775.86","1,778.88","1,757.67",414.86M,-0.02%
2025-07-15,"1,773.04","1,795.98","1,799.49","1,772.87",347.32M,-1.09%
2025-07-14,"1,792.66","1,788.21","1,793.35","1,783.35",341.14M,0.37%
2025-07-11,"1,786.05","1,778.08","1,790.28","1,770.98",345.49M,0.33%
2025-07-10,"1,780.11","1,766.09","1,783.63","1,766.09",392.55M,0.98%
2025-07-09,"1,762.81","1,759.09","1,769.16","1,752.32",344.25M,0.73%
2025-07-08,"1,749.96","1,764.01","1,766.77","1,748.73",405.49M,-0.64%
2025-07-07,"1,761.18","1,760.39","1,766.51","1,750.06",455.24M,-1.26%
2025-07-03,"1,783.67","1,779.15","1,786.55","1,773.81",275.69M,0.75%
2025-07-02,"1,770.34","1,763.49","1,773.64","1,756.40",507.98M,0.76%
2025-07-01,"1,756.91","1,736.79","1,764.83","1,731.58",593.37M,0.18%
2025-06-30,"1,753.81","1,766.50","1,771.50","1,749.82",444.49M,-0.86%
2025-06-27,"1,769.09","1,748.60","1,769.11","1,738.94",794.35M,1.81%
2025-06-26,"1,737.72","1,721.12","1,741.82","1,716.60",432.81M,1.18%
2025-06-25,"1,717.45","1,744.04","1,747.60","1,710.81",421.06M,-1.13%
2025-06-24,"1,737.00","1,745.56","1,747.36","1,732.42",500.22M,0.71%
2025-06-23,"1,724.70","1,699.69","1,730.70","1,691.26",544.53M,1.75%
2025-06-20,"1,695.04","1,713.22","1,717.44","1,687.15",596.24M,-0.20%
2025-06-18,"1,698.39","1,703.79","1,721.32","1,697.67",407.92M,-0.18%
2025-06-17,"1,701.40","1,717.68","1,724.43","1,698.06",406.72M,-1.55%
2025-06-16,"1,728.25","1,719.71","1,731.24","1,713.20",392.91M,1.20%
2025-06-13,"1,707.72","1,696.71","1,725.72","1,696.03",445.02M,-0.74%
2025-06-12,"1,720.47","1,717.46","1,728.99","1,715.14",362.76M,-0.41%
2025-06-11,"1,727.51","1,753.06","1,756.20","1,721.70",443.22M,-1.02%
2025-06-10,"1,745.30","1,729.47","1,745.71","1,723.45",441.54M,1.19%
2025-06-09,"1,724.76","1,700.16","1,728.78","1,692.26",398.75M,1.08%
2025-06-06,"1,706.39","1,704.72","1,713.12","1,698.25",481.56M,1.64%
2025-06-05,"1,678.89","1,717.22","1,730.76","1,666.42",666.81M,-2.47%
2025-06-04,"1,721.41","1,728.39","1,730.14","1,708.96",427.30M,-0.23%
2025-06-03,"1,725.44","1,724.52","1,742.33","1,721.65",433.61M,0.31%
2025-06-02,"1,720.03","1,709.78","1,720.66","1,689.83",463.06M,0.15%
2025-05-30,"1,717.38","1,721.65","1,730.85","1,702.67",593.51M,-0.58%
2025-05-29,"1,727.33","1,742.71","1,745.88","1,718.78",396.21M,0.21%
2025-05-28,"1,723.74","1,740.71","1,744.21","1,721.75",388.92M,-0.94%
2025-05-27,"1,740.01","1,709.66","1,741.52","1,709.52",453.69M,3.04%
2025-05-23,"1,688.65","1,674.36","1,697.41","1,672.35",378.02M,-0.91%
2025-05-22,"1,704.21","1,691.22","1,717.37","1,686.28",404.22M,0.56%
2025-05-21,"1,694.67","1,713.36","1,721.29","1,687.89",432.59M,-1.91%
2025-05-20,"1,727.68","1,739.52","1,745.46","1,719.15",390.85M,-0.59%
2025-05-19,"1,737.85","1,710.80","1,740.44","1,706.91",343.77M,-0.27%
2025-05-16,"1,742.51","1,732.88","1,742.60","1,728.16",355.86M,0.84%
2025-05-15,"1,727.91","1,717.86","1,732.24","1,710.18",406.20M,-0.68%
2025-05-14,"1,739.82","1,740.47","1,747.20","1,731.93",459.71M,0.38%
2025-05-13,"1,733.26","1,717.61","1,741.36","1,715.69",481.18M,1.41%
2025-05-12,"1,709.11","1,713.79","1,716.27","1,691.89",568.25M,5.66%
2025-05-09,"1,617.63","1,616.20","1,629.94","1,609.87",392.96M,0.63%
2025-05-08,"1,607.45","1,603.61","1,624.67","1,591.65",450.95M,1.35%
2025-05-07,"1,585.98","1,574.02","1,594.57","1,570.72",411.71M,1.02%
2025-05-06,"1,570.04","1,565.08","1,583.53","1,562.99",397.12M,-0.85%
2025-05-05,"1,583.50","1,587.92","1,593.55","1,578.54",416.67M,-1.32%
2025-05-02,"1,604.65","1,598.36","1,616.42","1,584.43",486.01M,1.20%
2025-05-01,"1,585.69","1,586.23","1,603.65","1,580.12",507.43M,0.99%
2025-04-30,"1,570.08","1,547.00","1,574.52","1,524.75",602.65M,-1.11%
2025-04-29,"1,587.63","1,563.20","1,589.26","1,560.86",502.29M,0.59%
2025-04-28,"1,578.35","1,586.64","1,597.91","1,555.42",446.23M,-0.09%
2025-04-25,"1,579.84","1,553.86","1,581.82","1,545.39",471.32M,1.96%
2025-04-24,"1,549.54","1,514.34","1,550.08","1,511.78",431.90M,2.26%
2025-04-23,"1,515.34","1,533.84","1,555.04","1,511.62",591.39M,2.76%
2025-04-22,"1,474.58","1,447.85","1,492.84","1,445.62",472.38M,3.23%
2025-04-21,"1,428.39","1,445.09","1,446.49","1,410.00",419.82M,-2.86%
2025-04-17,"1,470.50","1,475.73","1,480.80","1,459.80",427.09M,0.35%
2025-04-16,"1,465.43","1,487.93","1,501.84","1,445.34",481.26M,-2.69%
2025-04-15,"1,506.00","1,512.77","1,526.24","1,496.16",421.12M,-0.80%
2025-04-14,"1,518.12","1,540.19","1,543.06","1,498.66",568.60M,-0.10%
2025-04-11,"1,519.65","1,494.83","1,521.85","1,472.15",533.98M,1.09%
2025-04-10,"1,503.22","1,525.15","1,526.81","1,453.42",745.49M,-4.12%
2025-04-09,"1,567.77","1,409.63","1,573.69","1,404.60",981.39M,11.36%
2025-04-08,"1,407.83","1,502.54","1,507.91","1,389.42",775.00M,-2.54%
2025-04-07,"1,444.47","1,391.93","1,510.22","1,376.61",957.42M,-0.54%
2025-04-04,"1,452.25","1,462.49","1,505.16","1,443.50",898.10M,-4.50%
2025-04-03,"1,520.70","1,540.18","1,553.03","1,511.17",857.76M,-6.45%
2025-04-02,"1,625.52","1,561.37","1,635.62","1,560.72",562.88M,2.02%
2025-04-01,"1,593.28","1,569.79","1,607.46","1,565.32",490.43M,1.13%
2025-03-31,"1,575.40","1,541.69","1,580.01","1,528.57",564.53M,-0.18%
2025-03-28,"1,578.24","1,618.87","1,618.87","1,572.26",512.84M,-3.27%
2025-03-27,"1,631.56","1,626.34","1,658.06","1,620.84",607.67M,0.09%
2025-03-26,"1,630.06","1,652.43","1,654.95","1,620.42",484.07M,-1.66%
2025-03-25,"1,657.66","1,645.65","1,657.84","1,636.69",440.30M,0.98%
2025-03-24,"1,641.62","1,605.36","1,642.34","1,605.32",521.30M,4.07%
2025-03-21,"1,577.46","1,551.88","1,579.22","1,545.29",940.80M,0.63%
2025-03-20,"1,567.59","1,557.11","1,590.25","1,555.62",438.23M,-0.19%
2025-03-19,"1,570.60","1,550.30","1,579.08","1,547.60",469.76M,1.90%
2025-03-18,"1,541.33","1,548.28","1,550.41","1,532.07",437.73M,-1.90%
2025-03-17,"1,571.11","1,576.60","1,582.38","1,557.59",460.49M,-0.44%
2025-03-14,"1,578.01","1,566.12","1,579.53","1,554.22",417.17M,2.14%
2025-03-13,"1,544.90","1,580.61","1,581.34","1,533.87",497.52M,-2.58%
2025-03-12,"1,585.79","1,598.72","1,603.92","1,563.01",517.08M,1.02%
2025-03-11,"1,569.82","1,574.70","1,597.11","1,549.97",692.74M,-0.26%
2025-03-10,"1,573.91","1,612.21","1,614.38","1,557.09",680.71M,-3.90%
2025-03-07,"1,637.80","1,631.86","1,645.48","1,590.32",556.53M,-0.31%
2025-03-06,"1,642.84","1,664.57","1,676.40","1,633.02",485.11M,-2.93%
2025-03-05,"1,692.42","1,664.56","1,697.65","1,659.29",496.41M,1.75%
2025-03-04,"1,663.36","1,656.70","1,693.86","1,633.46",626.55M,-1.67%
2025-03-03,"1,691.57","1,742.90","1,749.14","1,671.79",500.56M,-2.31%
2025-02-28,"1,731.52","1,698.84","1,733.04","1,692.34",524.65M,1.80%
2025-02-27,"1,700.95","1,744.99","1,751.24","1,699.51",397.06M,-1.78%
2025-02-26,"1,731.86","1,752.78","1,762.62","1,726.46",414.01M,-0.39%
2025-02-25,"1,738.62","1,747.48","1,754.61","1,706.62",479.19M,-0.84%
2025-02-24,"1,753.29","1,774.65","1,777.73","1,747.67",387.13M,-0.87%
2025-02-21,"1,768.75","1,822.52","1,822.79","1,759.23",379.48M,-2.77%
2025-02-20,"1,819.15","1,831.96","1,831.96","1,806.56",323.09M,-1.10%
2025-02-19,"1,839.39","1,829.79","1,840.06","1,827.01",305.24M,0.03%
2025-02-18,"1,838.78","1,847.42","1,848.74","1,824.17",353.32M,-0.52%
2025-02-14,"1,848.32","1,860.46","1,862.46","1,840.86",307.10M,-0.27%
2025-02-13,"1,853.30","1,836.50","1,854.09","1,830.76",369.99M,1.60%
2025-02-12,"1,824.11","1,818.27","1,837.55","1,810.44",361.08M,-0.30%
2025-02-11,"1,829.57","1,840.30","1,847.21","1,823.65",341.21M,-1.23%
2025-02-10,"1,852.31","1,849.13","1,863.57","1,840.70",356.10M,0.50%
2025-02-07,"1,843.18","1,869.46","1,885.41","1,841.47",523.46M,-2.52%
2025-02-06,"1,890.87","1,886.42","1,893.73","1,878.01",543.03M,0.45%
2025-02-05,"1,882.43","1,892.52","1,894.85","1,879.03",384.80M,-1.59%
2025-02-04,"1,912.85","1,889.44","1,915.48","1,888.09",310.62M,1.43%
2025-02-03,"1,885.80","1,871.86","1,894.38","1,852.48",463.38M,-1.35%
2025-01-31,"1,911.57","1,915.52","1,941.66","1,906.54",417.45M,0.09%
2025-01-30,"1,909.76","1,921.26","1,922.97","1,894.11",374.60M,0.61%
2025-01-29,"1,898.26","1,910.64","1,915.09","1,890.66",361.81M,-0.50%
2025-01-28,"1,907.74","1,895.39","1,913.62","1,885.85",391.13M,0.34%
2025-01-27,"1,901.37","1,857.24","1,902.03","1,857.24",353.60M,0.30%
2025-01-24,"1,895.77","1,906.55","1,910.06","1,890.04",265.33M,-0.54%
2025-01-23,"1,906.11","1,895.36","1,906.11","1,888.13",283.00M,0.40%
2025-01-22,"1,898.44","1,896.31","1,909.75","1,891.30",328.36M,-0.07%
2025-01-21,"1,899.73","1,899.83","1,901.06","1,872.00",384.82M,1.01%
2025-01-17,"1,880.80","1,877.25","1,893.13","1,872.96",362.25M,1.71%
2025-01-16,"1,849.15","1,862.88","1,862.93","1,842.26",276.88M,-0.90%
2025-01-15,"1,865.92","1,853.37","1,867.26","1,844.43",345.36M,3.01%
2025-01-14,"1,811.31","1,835.98","1,848.20","1,803.53",302.66M,-0.32%
2025-01-13,"1,817.17","1,792.57","1,817.45","1,785.42",309.72M,0.48%
2025-01-10,"1,808.57","1,818.16","1,822.21","1,793.47",346.10M,-0.97%
2025-01-08,"1,826.35","1,820.38","1,835.06","1,809.93",315.08M,0.24%
2025-01-07,"1,821.93","1,859.91","1,865.35","1,814.94",313.07M,-2.21%
2025-01-06,"1,863.12","1,875.31","1,877.19","1,850.13",346.73M,0.61%
2025-01-03,"1,851.81","1,821.22","1,852.28","1,812.53",336.96M,2.42%
2025-01-02,"1,807.98","1,830.94","1,840.40","1,795.07",350.15M,-1.27%
2024-12-31,"1,831.16","1,862.13","1,865.88","1,828.33",251.54M,-0.98%
2024-12-30,"1,849.31","1,847.59","1,862.67","1,836.13",259.71M,-1.59%
2024-12-27,"1,879.21","1,900.34","1,902.20","1,867.14",261.42M,-1.90%
2024-12-26,"1,915.53","1,922.29","1,925.11","1,908.38",224.95M,-0.64%
2024-12-24,"1,927.87","1,889.88","1,927.89","1,888.68",167.69M,2.62%
2024-12-23,"1,878.65","1,876.32","1,883.12","1,854.85",317.99M,0.42%
2024-12-20,"1,870.88","1,843.90","1,899.75","1,840.20",725.13M,0.14%
2024-12-19,"1,868.28","1,889.58","1,900.54","1,858.13",435.25M,0.08%
2024-12-18,"1,866.84","1,944.86","1,964.52","1,860.08",457.68M,-4.74%
2024-12-17,"1,959.72","1,960.97","1,963.18","1,942.09",393.99M,0.28%
2024-12-16,"1,954.20","1,930.68","1,954.93","1,927.64",410.12M,1.74%
2024-12-13,"1,920.70","1,911.33","1,921.60","1,905.30",274.99M,0.42%
2024-12-12,"1,912.67","1,924.67","1,931.44","1,909.98",282.05M,-0.84%
2024-12-11,"1,928.82","1,906.35","1,929.33","1,906.26",347.83M,2.02%
2024-12-10,"1,890.55","1,889.22","1,908.49","1,884.82",320.98M,0.14%
2024-12-09,"1,887.88","1,904.89","1,916.71","1,882.13",360.31M,-0.33%
2024-12-06,"1,894.19","1,865.46","1,894.21","1,862.94",344.31M,2.39%
2024-12-05,"1,849.89","1,833.92","1,859.43","1,833.92",334.51M,0.95%
2024-12-04,"1,832.47","1,818.12","1,834.48","1,816.75",310.89M,1.20%
2024-12-03,"1,810.82","1,802.58","1,811.43","1,798.77",287.42M,0.13%
2024-12-02,"1,808.41","1,803.75","1,813.15","1,801.87",329.96M,1.06%
2024-11-29,"1,789.44","1,774.06","1,790.34","1,772.05",171.73M,1.11%
2024-11-27,"1,769.79","1,784.48","1,785.39","1,765.70",221.90M,-0.69%
2024-11-26,"1,782.17","1,766.98","1,783.65","1,766.08",316.84M,0.90%
2024-11-25,"1,766.25","1,770.49","1,783.89","1,764.56",431.26M,0.99%
2024-11-22,"1,748.90","1,735.33","1,755.55","1,731.55",378.94M,1.18%
2024-11-21,"1,728.46","1,736.47","1,736.48","1,716.39",313.98M,-0.30%
2024-11-20,"1,733.68","1,735.57","1,736.86","1,714.25",309.32M,-0.57%
2024-11-19,"1,743.67","1,719.08","1,748.72","1,715.57",332.92M,0.42%
2024-11-18,"1,736.30","1,740.39","1,752.94","1,724.84",366.39M,0.85%
2024-11-15,"1,721.70","1,728.12","1,737.98","1,711.00",424.00M,-1.36%
2024-11-14,"1,745.48","1,770.73","1,778.54","1,743.34",380.59M,-1.54%
2024-11-13,"1,772.70","1,763.07","1,778.86","1,760.04",370.49M,1.14%
2024-11-12,"1,752.64","1,767.59","1,769.93","1,745.22",404.68M,-1.10%
2024-11-11,"1,772.07","1,767.63","1,780.11","1,755.66",442.19M,1.75%
2024-11-08,"1,741.51","1,721.64","1,750.98","1,717.03",449.44M,1.23%
2024-11-07,"1,720.39","1,702.27","1,728.33","1,699.43",390.14M,1.37%
2024-11-06,"1,697.06","1,678.65","1,697.73","1,662.22",601.48M,3.62%
2024-11-05,"1,637.75","1,612.62","1,639.35","1,611.67",301.04M,1.83%
2024-11-04,"1,608.37","1,610.88","1,622.02","1,603.70",308.07M,-0.61%
2024-11-01,"1,618.22","1,622.68","1,635.26","1,615.38",373.42M,2.40%
2024-10-31,"1,580.24","1,601.76","1,605.77","1,576.98",451.12M,-1.81%
2024-10-30,"1,609.44","1,616.25","1,623.74","1,608.59",332.40M,0.01%
2024-10-29,"1,609.26","1,602.16","1,612.89","1,597.72",460.61M,-0.20%
2024-10-28,"1,612.48","1,624.37","1,628.71","1,612.42",386.58M,0.12%
2024-10-25,"1,610.51","1,607.09","1,625.54","1,604.92",380.45M,0.48%
2024-10-24,"1,602.74","1,585.90","1,605.02","1,580.31",407.68M,3.24%
2024-10-23,"1,552.44","1,568.14","1,571.44","1,544.32",302.91M,-1.82%
2024-10-22,"1,581.21","1,575.01","1,588.29","1,569.20",291.88M,-0.27%
2024-10-21,"1,585.54","1,590.80","1,591.75","1,577.66",235.08M,-0.64%
2024-10-18,"1,595.78","1,588.67","1,601.97","1,586.26",230.53M,0.45%
2024-10-17,"1,588.60","1,594.62","1,595.49","1,582.36",248.55M,0.00%
2024-10-16,"1,588.58","1,584.69","1,590.81","1,579.89",247.29M,0.32%
2024-10-15,"1,583.51","1,581.68","1,593.11","1,577.90",323.56M,0.20%
2024-10-14,"1,580.31","1,580.31","1,583.82","1,573.36",275.19M,0.24%
2024-10-11,"1,576.52","1,566.28","1,583.88","1,565.41",333.99M,-0.41%
2024-10-10,"1,583.00","1,589.49","1,591.51","1,577.90",288.39M,-0.26%
2024-10-09,"1,587.08","1,579.04","1,590.59","1,572.74",346.62M,0.73%
2024-10-08,"1,575.63","1,567.83","1,578.02","1,565.06",296.61M,1.04%
2024-10-07,"1,559.45","1,573.93","1,575.04","1,555.04",307.38M,-1.92%
2024-10-04,"1,589.97","1,588.78","1,592.93","1,571.43",327.81M,1.62%
2024-10-03,"1,564.63","1,569.56","1,575.57","1,559.71",307.66M,-1.28%
2024-10-02,"1,584.84","1,581.00","1,591.09","1,573.83",346.03M,-0.78%
2024-10-01,"1,597.25","1,600.90","1,604.45","1,577.33",386.39M,-0.51%
2024-09-30,"1,605.41","1,604.04","1,611.14","1,589.78",455.88M,-0.28%
2024-09-27,"1,609.92","1,615.02","1,617.81","1,605.00",339.54M,-0.08%
2024-09-26,"1,611.15","1,624.16","1,624.59","1,601.43",353.99M,0.14%
2024-09-25,"1,608.97","1,610.41","1,613.71","1,604.61",339.49M,-0.38%
2024-09-24,"1,615.03","1,612.35","1,615.78","1,596.45",349.44M,0.76%
2024-09-23,"1,602.81","1,586.67","1,603.60","1,585.68",339.06M,1.30%
2024-09-20,"1,582.22","1,581.18","1,582.93","1,566.35",654.24M,-0.01%
2024-09-19,"1,582.45","1,578.13","1,585.06","1,572.52",379.58M,2.20%
2024-09-18,"1,548.43","1,554.25","1,573.22","1,545.79",342.28M,-0.19%
2024-09-17,"1,551.35","1,553.35","1,567.67","1,546.75",314.36M,0.62%
2024-09-16,"1,541.84","1,545.66","1,546.34","1,533.46",289.74M,-0.32%
2024-09-13,"1,546.78","1,539.77","1,552.00","1,537.47",275.85M,0.51%
2024-09-12,"1,538.95","1,522.12","1,539.78","1,520.56",318.28M,1.15%
2024-09-11,"1,521.48","1,498.25","1,523.43","1,468.56",370.29M,1.32%
2024-09-10,"1,501.63","1,490.14","1,502.83","1,482.07",341.99M,1.39%
2024-09-09,"1,481.00","1,474.03","1,486.31","1,469.98",301.07M,1.63%
2024-09-06,"1,457.25","1,500.31","1,504.85","1,457.25",375.14M,-2.81%
2024-09-05,"1,499.33","1,489.84","1,509.75","1,487.71",354.51M,1.41%
2024-09-04,"1,478.49","1,472.63","1,487.34","1,470.56",320.59M,-0.05%
2024-09-03,"1,479.30","1,496.08","1,499.31","1,472.61",343.46M,-1.39%
2024-08-30,"1,500.16","1,480.83","1,501.11","1,475.42",356.11M,1.92%
2024-08-29,"1,471.84","1,485.15","1,489.39","1,469.22",280.59M,0.20%
2024-08-28,"1,468.89","1,485.25","1,487.46","1,456.89",290.48M,-1.05%
2024-08-27,"1,484.41","1,486.48","1,488.03","1,476.04",315.12M,-0.47%
2024-08-26,"1,491.43","1,502.92","1,504.87","1,486.90",283.12M,-0.81%
2024-08-23,"1,503.57","1,491.40","1,506.00","1,488.93",358.20M,1.70%
2024-08-22,"1,478.44","1,510.59","1,510.73","1,476.24",295.84M,-1.87%
2024-08-21,"1,506.63","1,498.82","1,510.99","1,496.38",308.69M,1.18%
2024-08-20,"1,489.12","1,490.42","1,495.55","1,483.39",275.21M,-0.02%
2024-08-19,"1,489.39","1,477.04","1,489.39","1,474.79",308.54M,1.14%
2024-08-16,"1,472.66","1,465.62","1,478.97","1,464.91",333.06M,0.14%
2024-08-15,"1,470.63","1,451.97","1,472.82","1,451.97",418.13M,3.38%
2024-08-14,"1,422.60","1,431.68","1,434.43","1,415.72",351.32M,-0.41%
2024-08-13,"1,428.42","1,402.24","1,429.70","1,399.72",568.71M,2.42%
2024-08-12,"1,394.63","1,402.39","1,403.08","1,387.67",304.83M,-0.36%
2024-08-09,"1,399.68","1,394.38","1,406.22","1,392.26",302.16M,0.41%
2024-08-08,"1,394.02","1,377.62","1,398.08","1,368.98",351.06M,2.13%
2024-08-07,"1,364.91","1,396.51","1,402.95","1,362.36",406.51M,-1.44%
2024-08-06,"1,384.87","1,374.82","1,404.67","1,362.09",468.74M,1.04%
2024-08-05,"1,370.56","1,329.41","1,383.03","1,328.23",562.57M,-3.07%
2024-08-02,"1,414.01","1,413.33","1,417.98","1,391.18",596.19M,-4.61%
2024-08-01,"1,482.39","1,522.26","1,525.29","1,468.99",465.35M,-2.25%
2024-07-31,"1,516.58","1,509.03","1,527.68","1,506.66",438.07M,1.79%
2024-07-30,"1,489.94","1,503.84","1,505.17","1,475.12",386.04M,-0.55%
2024-07-29,"1,498.16","1,487.99","1,504.97","1,486.74",418.65M,1.42%
2024-07-26,"1,477.22","1,469.35","1,484.27","1,467.03",390.19M,1.17%
2024-07-25,"1,460.10","1,467.70","1,486.88","1,451.84",674.65M,-0.42%
2024-07-24,"1,466.33","1,492.42","1,494.17","1,466.00",517.49M,-3.89%
2024-07-23,"1,525.74","1,530.15","1,541.26","1,524.58",439.74M,0.02%
2024-07-22,"1,525.50","1,522.83","1,532.76","1,517.20",382.98M,0.87%
2024-07-19,"1,512.32","1,517.07","1,525.35","1,506.62",393.00M,-0.80%
2024-07-18,"1,524.55","1,549.41","1,553.94","1,519.98",414.91M,-1.28%
2024-07-17,"1,544.32","1,561.78","1,562.19","1,539.50",405.39M,-1.80%
2024-07-16,"1,572.55","1,562.52","1,573.72","1,555.56",405.55M,1.51%
2024-07-15,"1,549.21","1,559.79","1,572.23","1,544.42",424.23M,-0.31%
2024-07-12,"1,553.98","1,535.67","1,567.48","1,533.95",451.04M,0.96%
2024-07-11,"1,539.15","1,567.67","1,575.50","1,531.75",514.07M,-1.47%
2024-07-10,"1,562.18","1,556.70","1,563.28","1,545.24",370.45M,0.65%
2024-07-09,"1,552.03","1,547.25","1,560.57","1,546.67",417.75M,0.26%
2024-07-08,"1,548.04","1,546.91","1,554.07","1,542.88",430.40M,-0.01%
2024-07-05,"1,548.12","1,541.58","1,548.97","1,537.05",396.42M,0.85%
2024-07-03,"1,535.11","1,533.67","1,540.04","1,530.30",330.44M,0.32%
2024-07-02,"1,530.24","1,508.78","1,530.36","1,507.44",474.13M,1.81%
2024-07-01,"1,503.07","1,496.80","1,509.73","1,493.15",455.16M,0.73%
2024-06-28,"1,492.14","1,505.73","1,515.86","1,486.18",648.06M,-1.36%
2024-06-27,"1,512.77","1,503.30","1,516.16","1,498.48",402.82M,0.90%
2024-06-26,"1,499.31","1,469.00","1,502.16","1,467.50",418.04M,1.98%
2024-06-25,"1,470.16","1,476.37","1,478.63","1,466.52",413.24M,-0.28%
2024-06-24,"1,474.31","1,487.84","1,495.80","1,473.88",373.56M,-0.74%
2024-06-21,"1,485.29","1,476.38","1,486.70","1,470.85",456.24M,1.02%
2024-06-20,"1,470.36","1,461.98","1,473.76","1,460.96",314.89M,0.45%
2024-06-18,"1,463.71","1,468.42","1,468.86","1,458.19",296.96M,-0.42%
2024-06-17,"1,469.92","1,443.14","1,473.95","1,443.14",337.69M,1.43%
2024-06-14,"1,449.13","1,454.46","1,454.91","1,439.81",348.14M,-0.66%
2024-06-13,"1,458.79","1,468.20","1,472.81","1,452.81",345.15M,-0.20%
2024-06-12,"1,461.78","1,460.29","1,471.52","1,455.44",342.75M,0.84%
2024-06-11,"1,449.54","1,450.82","1,452.16","1,436.30",274.71M,-0.22%
2024-06-10,"1,452.68","1,441.99","1,454.06","1,441.44",284.22M,0.51%
2024-06-07,"1,445.29","1,444.98","1,454.83","1,443.48",257.90M,-0.43%
2024-06-06,"1,451.47","1,439.20","1,451.57","1,439.20",286.91M,0.97%
2024-06-05,"1,437.51","1,430.47","1,437.76","1,420.29",318.20M,0.67%
2024-06-04,"1,427.99","1,419.48","1,433.74","1,417.86",321.64M,0.17%
2024-06-03,"1,425.53","1,425.94","1,430.81","1,411.67",351.18M,0.14%
2024-05-31,"1,423.51","1,419.99","1,424.13","1,402.29",489.82M,0.15%
2024-05-30,"1,421.31","1,420.98","1,425.66","1,416.62",313.23M,0.18%
2024-05-29,"1,418.70","1,417.99","1,425.87","1,417.91",291.51M,-0.56%
2024-05-28,"1,426.67","1,421.56","1,428.80","1,418.59",316.32M,-0.09%
2024-05-24,"1,427.98","1,422.61","1,433.75","1,421.74",280.43M,0.75%
2024-05-23,"1,417.34","1,443.37","1,443.79","1,414.04",328.37M,-1.52%
2024-05-22,"1,439.19","1,447.76","1,451.84","1,433.06",336.68M,-0.85%
2024-05-21,"1,451.49","1,440.64","1,451.82","1,435.63",350.56M,0.49%
2024-05-20,"1,444.45","1,452.49","1,457.52","1,441.75",316.76M,-0.72%
2024-05-17,"1,454.92","1,448.07","1,455.40","1,445.17",292.14M,0.49%
2024-05-16,"1,447.87","1,457.61","1,461.23","1,447.43",300.86M,-0.75%
2024-05-15,"1,458.87","1,462.32","1,463.31","1,447.20",379.31M,0.00%
2024-05-14,"1,458.93","1,447.12","1,461.56","1,447.00",336.15M,0.44%
2024-05-13,"1,452.56","1,462.12","1,463.28","1,447.29",302.88M,-0.22%
2024-05-10,"1,455.72","1,464.32","1,467.23","1,452.61",293.37M,-0.60%
2024-05-09,"1,464.58","1,456.32","1,470.39","1,452.40",296.36M,0.69%
2024-05-08,"1,454.59","1,447.49","1,456.79","1,447.28",303.73M,-0.41%
2024-05-07,"1,460.52","1,468.73","1,468.93","1,456.33",321.87M,-0.56%
2024-05-06,"1,468.71","1,459.67","1,468.79","1,456.64",322.52M,1.78%
2024-05-02,"1,443.05","1,435.68","1,445.67","1,423.04",411.63M,1.58%
2024-05-01,"1,420.56","1,431.56","1,450.96","1,411.35",528.33M,-0.02%
2024-04-30,"1,420.81","1,447.48","1,454.53","1,420.81",474.92M,-2.66%
2024-04-29,"1,459.57","1,458.55","1,461.60","1,446.04",487.26M,2.03%
2024-04-26,"1,430.49","1,421.09","1,439.69","1,417.43",348.68M,1.32%
2024-04-25,"1,411.90","1,378.31","1,413.82","1,378.31",415.63M,-0.20%
2024-04-24,"1,414.72","1,423.37","1,428.03","1,405.78",455.87M,0.50%
2024-04-23,"1,407.74","1,398.04","1,411.52","1,391.21",384.49M,1.18%
2024-04-22,"1,391.28","1,387.03","1,398.12","1,376.78",387.24M,0.66%
2024-04-19,"1,382.14","1,397.68","1,400.60","1,376.29",353.82M,-1.19%
2024-04-18,"1,398.81","1,410.72","1,417.28","1,395.13",343.63M,-0.71%
2024-04-17,"1,408.76","1,423.65","1,424.34","1,402.10",306.92M,-0.57%
2024-04-16,"1,416.78","1,416.48","1,425.26","1,410.65",342.60M,-0.52%
2024-04-15,"1,424.15","1,457.89","1,457.89","1,423.21",372.77M,-1.62%
2024-04-12,"1,447.58","1,459.49","1,460.57","1,442.35",322.93M,-1.61%
2024-04-11,"1,471.25","1,462.73","1,475.86","1,450.94",332.65M,0.94%
2024-04-10,"1,457.61","1,452.67","1,460.94","1,449.58",330.46M,-1.19%
2024-04-09,"1,475.21","1,476.22","1,477.54","1,464.01",313.01M,0.46%
2024-04-08,"1,468.41","1,468.54","1,474.72","1,465.37",310.99M,0.75%
2024-04-05,"1,457.52","1,449.34","1,466.38","1,449.11",375.94M,0.94%
2024-04-04,"1,443.88","1,473.37","1,478.54","1,443.83",417.42M,-1.16%
2024-04-03,"1,460.80","1,452.46","1,465.92","1,451.52",318.56M,0.22%
2024-04-02,"1,457.63","1,455.04","1,458.35","1,449.85",438.91M,-1.28%
2024-04-01,"1,476.47","1,486.93","1,490.90","1,470.86",297.23M,-0.61%
2024-03-28,"1,485.49","1,487.48","1,491.84","1,483.83",371.02M,-0.14%
2024-03-27,"1,487.53","1,481.59","1,487.81","1,474.58",423.12M,1.10%
2024-03-26,"1,471.29","1,480.01","1,485.11","1,470.53",404.33M,-0.05%
2024-03-25,"1,471.97","1,470.09","1,477.32","1,468.30",316.12M,-0.21%
2024-03-22,"1,475.13","1,471.23","1,478.58","1,467.89",314.95M,-0.63%
2024-03-21,"1,484.43","1,487.91","1,493.28","1,484.43",331.94M,0.46%
2024-03-20,"1,477.59","1,458.37","1,477.99","1,456.39",337.61M,1.45%
2024-03-19,"1,456.42","1,443.47","1,457.42","1,441.28",281.69M,0.86%
2024-03-18,"1,443.98","1,448.89","1,452.19","1,439.96",334.25M,0.62%
2024-03-15,"1,435.10","1,444.00","1,451.00","1,431.14",629.60M,-1.14%
2024-03-14,"1,451.69","1,460.17","1,461.15","1,444.67",406.41M,-0.43%
2024-03-13,"1,458.03","1,457.24","1,467.53","1,456.13",365.45M,-0.11%
2024-03-12,"1,459.59","1,450.32","1,466.08","1,441.51",306.75M,0.99%
2024-03-11,"1,445.24","1,447.75","1,452.13","1,441.76",296.17M,-0.49%
2024-03-08,"1,452.39","1,460.37","1,468.22","1,447.81",348.43M,-0.50%
2024-03-07,"1,459.66","1,451.84","1,465.96","1,451.36",337.10M,0.87%
2024-03-06,"1,447.08","1,459.24","1,462.47","1,443.40",346.31M,-0.39%
2024-03-05,"1,452.75","1,463.03","1,464.25","1,447.24",384.13M,-1.31%
2024-03-04,"1,472.03","1,484.40","1,490.03","1,471.90",425.54M,-1.27%
2024-03-01,"1,491.02","1,482.59","1,492.94","1,476.70",333.48M,0.38%
2024-02-29,"1,485.31","1,475.89","1,487.86","1,470.79",440.96M,0.90%
2024-02-28,"1,472.04","1,463.90","1,479.15","1,463.90",359.06M,0.32%
2024-02-27,"1,467.35","1,470.32","1,473.92","1,462.18",407.59M,0.19%
2024-02-26,"1,464.59","1,464.39","1,471.66","1,462.98",356.60M,0.23%
2024-02-23,"1,461.27","1,461.74","1,467.33","1,458.14",328.58M,-0.34%
2024-02-22,"1,466.32","1,452.89","1,467.86","1,448.13",364.04M,2.19%
2024-02-21,"1,434.95","1,428.73","1,441.87","1,425.18",345.53M,0.72%
2024-02-20,"1,424.65","1,425.01","1,430.21","1,415.02",367.05M,-1.00%
2024-02-16,"1,439.11","1,441.57","1,446.63","1,428.56",368.46M,-0.42%
2024-02-15,"1,445.11","1,433.93","1,445.48","1,427.74",392.89M,0.88%
2024-02-14,"1,432.44","1,421.78","1,433.29","1,415.39",358.72M,1.02%
2024-02-13,"1,417.96","1,416.50","1,426.52","1,409.54",411.24M,-1.96%
2024-02-12,"1,446.31","1,451.48","1,457.38","1,443.64",387.02M,-0.28%
2024-02-09,"1,450.31","1,436.23","1,452.98","1,434.65",395.63M,0.99%
2024-02-08,"1,436.11","1,431.15","1,438.01","1,428.62",380.86M,0.29%
2024-02-07,"1,431.92","1,423.26","1,436.67","1,420.61",488.61M,1.13%
2024-02-06,"1,415.99","1,406.00","1,416.65","1,405.65",437.20M,0.37%
2024-02-05,"1,410.75","1,413.71","1,414.44","1,394.42",448.39M,-1.32%
2024-02-02,"1,429.55","1,414.28","1,435.43","1,406.23",485.82M,2.50%
2024-02-01,"1,394.73","1,374.11","1,395.95","1,371.15",460.90M,1.98%
2024-01-31,"1,367.70","1,383.68","1,391.02","1,366.09",464.74M,-1.85%
2024-01-30,"1,393.51","1,398.24","1,401.92","1,390.99",443.49M,-0.22%
2024-01-29,"1,396.54","1,379.68","1,396.81","1,377.82",409.62M,1.37%
2024-01-26,"1,377.67","1,377.07","1,385.02","1,371.55",378.51M,0.55%
2024-01-25,"1,370.13","1,372.59","1,373.15","1,360.78",482.43M,-1.05%
2024-01-24,"1,384.65","1,398.27","1,399.35","1,383.39",397.55M,-0.24%
2024-01-23,"1,388.01","1,392.59","1,395.07","1,380.30",375.08M,-0.14%
2024-01-22,"1,389.99","1,400.51","1,403.46","1,384.95",403.12M,-0.52%
2024-01-19,"1,397.23","1,383.55","1,400.17","1,377.43",377.03M,1.02%
2024-01-18,"1,383.09","1,380.67","1,384.28","1,369.19",392.58M,0.62%
2024-01-17,"1,374.59","1,373.49","1,375.96","1,364.42",340.62M,-0.91%
2024-01-16,"1,387.23","1,380.91","1,393.22","1,378.21",381.23M,-0.20%
2024-01-12,"1,390.05","1,400.64","1,406.11","1,387.12",361.46M,-1.05%
2024-01-11,"1,404.75","1,407.07","1,410.82","1,389.97",351.07M,-0.03%
2024-01-10,"1,405.16","1,396.01","1,408.09","1,395.11",319.38M,0.98%
2024-01-09,"1,391.47","1,384.04","1,393.34","1,381.29",331.71M,-0.14%
2024-01-08,"1,393.36","1,372.87","1,394.82","1,370.93",324.46M,1.77%
2024-01-05,"1,369.16","1,362.88","1,379.42","1,362.25",347.34M,0.29%
2024-01-04,"1,365.24","1,368.12","1,383.58","1,365.07",390.98M,-0.97%
2024-01-03,"1,378.56","1,394.17","1,396.97","1,377.71",447.97M,-1.88%
2024-01-02,"1,405.01","1,414.09","1,414.89","1,399.11",394.02M,-0.92%
2023-12-29,"1,418.09","1,427.77","1,430.32","1,413.37",328.47M,-0.63%
2023-12-28,"1,427.14","1,435.91","1,438.25","1,426.18",272.56M,-0.41%
2023-12-27,"1,432.99","1,431.21","1,438.24","1,430.32",300.96M,0.27%
2023-12-26,"1,429.19","1,426.93","1,431.28","1,424.58",265.51M,0.35%
2023-12-22,"1,424.21","1,429.23","1,434.62","1,418.40",353.20M,-0.65%
2023-12-21,"1,433.50","1,426.04","1,434.18","1,419.33",420.18M,1.44%
2023-12-20,"1,413.11","1,433.51","1,445.23","1,412.69",407.00M,-1.74%
2023-12-19,"1,438.20","1,432.70","1,441.63","1,431.81",355.91M,0.70%
2023-12-18,"1,428.18","1,418.90","1,431.72","1,418.06",395.72M,0.79%
2023-12-15,"1,416.96","1,410.85","1,419.56","1,407.35",695.84M,0.48%
2023-12-14,"1,410.22","1,403.85","1,415.75","1,397.87",630.36M,1.08%
2023-12-13,"1,395.22","1,378.08","1,396.08","1,366.34",497.72M,1.35%
2023-12-12,"1,376.60","1,368.31","1,377.35","1,365.01",338.80M,0.40%
2023-12-11,"1,371.13","1,365.12","1,372.61","1,361.09",380.75M,0.12%
2023-12-08,"1,369.43","1,356.34","1,372.00","1,354.90",376.66M,0.43%
2023-12-07,"1,363.54","1,358.86","1,365.63","1,353.08",378.96M,0.90%
2023-12-06,"1,351.44","1,362.63","1,366.00","1,350.44",411.16M,-0.04%
2023-12-05,"1,351.92","1,339.06","1,364.71","1,338.52",409.60M,0.32%
2023-12-04,"1,347.65","1,343.13","1,352.14","1,338.96",435.61M,-0.46%
2023-12-01,"1,353.94","1,331.45","1,354.17","1,329.45",447.79M,1.27%
2023-11-30,"1,336.91","1,336.08","1,338.56","1,325.75",559.10M,-0.17%
2023-11-29,"1,339.14","1,353.02","1,358.89","1,337.96",513.17M,-0.35%
2023-11-28,"1,343.90","1,335.99","1,344.65","1,327.41",381.71M,0.54%
2023-11-27,"1,336.71","1,337.09","1,344.55","1,330.12",353.27M,0.19%
2023-11-24,"1,334.14","1,330.47","1,336.25","1,329.02",171.68M,0.13%
2023-11-22,"1,332.36","1,333.27","1,341.97","1,327.74",343.94M,0.50%
2023-11-21,"1,325.78","1,320.90","1,326.77","1,315.32",407.10M,-0.38%
2023-11-20,"1,330.78","1,323.42","1,333.86","1,319.95",376.95M,0.52%
2023-11-17,"1,323.93","1,317.28","1,326.74","1,310.23",409.19M,0.73%
2023-11-16,"1,314.32","1,313.11","1,323.55","1,307.93",421.96M,-0.91%
2023-11-15,"1,326.39","1,333.77","1,336.55","1,321.81",495.58M,-0.04%
2023-11-14,"1,326.91","1,313.69","1,331.27","1,313.69",521.47M,3.32%
2023-11-13,"1,284.31","1,273.46","1,288.49","1,267.58",365.18M,0.29%
2023-11-10,"1,280.59","1,260.36","1,281.10","1,254.67",401.64M,1.66%
2023-11-09,"1,259.72","1,280.95","1,281.64","1,254.78",415.63M,-1.82%
2023-11-08,"1,283.04","1,288.13","1,289.14","1,275.49",380.43M,-0.25%
2023-11-07,"1,286.30","1,275.01","1,288.17","1,272.63",387.87M,1.19%
2023-11-06,"1,271.20","1,274.01","1,278.01","1,262.99",388.64M,0.18%
2023-11-03,"1,268.86","1,264.29","1,275.55","1,264.29",460.99M,1.21%
2023-11-02,"1,253.70","1,245.04","1,254.39","1,239.88",499.01M,2.40%
2023-11-01,"1,224.35","1,213.93","1,225.34","1,206.17",489.60M,1.43%
2023-10-31,"1,207.03","1,199.17","1,210.42","1,194.31",460.07M,0.71%
2023-10-30,"1,198.53","1,197.96","1,204.07","1,186.46",505.12M,1.26%
2023-10-27,"1,183.57","1,190.60","1,201.69","1,179.44",590.21M,1.70%
2023-10-26,"1,163.81","1,178.42","1,186.38","1,162.19",503.80M,-1.56%
2023-10-25,"1,182.29","1,200.72","1,200.72","1,180.64",421.06M,-2.40%
2023-10-24,"1,211.39","1,208.59","1,218.45","1,201.35",378.46M,1.04%
2023-10-23,"1,198.95","1,190.92","1,213.18","1,179.53",432.29M,0.21%
2023-10-20,"1,196.39","1,211.70","1,213.27","1,195.84",433.99M,-1.66%
2023-10-19,"1,216.55","1,235.60","1,242.80","1,210.32",474.21M,-2.20%
2023-10-18,"1,243.93","1,263.28","1,265.65","1,241.35",385.25M,-2.33%
2023-10-17,"1,273.59","1,260.45","1,280.50","1,256.69",348.20M,0.06%
2023-10-16,"1,272.81","1,259.22","1,276.89","1,257.79",314.56M,1.65%
2023-10-13,"1,252.16","1,271.91","1,274.28","1,248.43",352.64M,-1.46%
2023-10-12,"1,270.66","1,283.32","1,287.55","1,262.08",381.32M,-0.95%
2023-10-11,"1,282.90","1,282.13","1,288.20","1,271.12",331.58M,0.48%
2023-10-10,"1,276.75","1,264.83","1,288.59","1,264.63",368.52M,1.09%
2023-10-09,"1,262.98","1,245.15","1,265.56","1,238.08",333.62M,0.18%
2023-10-06,"1,260.72","1,237.69","1,265.64","1,231.99",392.85M,0.70%
2023-10-05,"1,251.95","1,255.97","1,258.93","1,241.62",369.52M,-0.57%
2023-10-04,"1,259.10","1,241.48","1,261.09","1,241.20",388.19M,1.97%
2023-10-03,"1,234.72","1,256.56","1,258.77","1,230.30",416.76M,-2.59%
2023-10-02,"1,267.60","1,257.68","1,277.42","1,254.56",397.64M,0.28%
2023-09-29,"1,264.00","1,275.08","1,280.30","1,257.26",524.49M,0.53%
2023-09-28,"1,257.30","1,239.25","1,261.32","1,235.96",412.01M,0.97%
2023-09-27,"1,245.24","1,252.02","1,257.48","1,232.83",400.99M,-0.38%
2023-09-26,"1,249.98","1,264.82","1,271.51","1,246.83",366.92M,-2.03%
2023-09-25,"1,275.84","1,262.69","1,278.86","1,259.56",337.16M,0.67%
2023-09-22,"1,267.40","1,287.70","1,290.45","1,266.02",416.64M,-0.87%
2023-09-21,"1,278.57","1,296.45","1,297.97","1,278.34",403.90M,-2.88%
2023-09-20,"1,316.47","1,336.56","1,341.39","1,316.35",343.36M,-1.09%
2023-09-19,"1,331.01","1,331.24","1,333.58","1,318.14",363.65M,-0.65%
2023-09-18,"1,339.68","1,350.85","1,352.24","1,337.27",335.44M,-1.01%
2023-09-15,"1,353.31","1,373.40","1,374.41","1,350.84",650.16M,-1.88%
2023-09-14,"1,379.21","1,371.36","1,383.65","1,364.85",378.98M,0.88%
2023-09-13,"1,367.22","1,357.63","1,370.22","1,354.76",386.41M,0.90%
2023-09-12,"1,355.07","1,361.37","1,370.02","1,354.50",361.80M,-0.90%
2023-09-11,"1,367.31","1,349.40","1,369.48","1,348.54",410.77M,2.77%
2023-09-08,"1,330.46","1,327.36","1,339.14","1,326.58",336.84M,0.03%
2023-09-07,"1,330.02","1,310.28","1,331.76","1,307.03",366.03M,0.50%
2023-09-06,"1,323.38","1,329.65","1,331.83","1,315.17",341.88M,-0.97%
2023-09-05,"1,336.36","1,333.82","1,339.66","1,325.79",368.00M,-0.09%
2023-09-01,"1,337.52","1,352.39","1,355.88","1,329.23",324.49M,-0.54%
2023-08-31,"1,344.81","1,338.65","1,351.42","1,337.76",357.99M,0.51%
2023-08-30,"1,338.04","1,331.22","1,343.26","1,327.37",310.72M,0.33%
2023-08-29,"1,333.64","1,305.31","1,334.16","1,304.50",330.90M,2.35%
2023-08-28,"1,302.98","1,305.20","1,308.16","1,295.03",294.60M,0.37%
2023-08-25,"1,298.21","1,290.76","1,302.06","1,278.22",345.84M,1.10%
2023-08-24,"1,284.07","1,312.54","1,313.11","1,284.05",335.97M,-2.01%
2023-08-23,"1,310.37","1,294.60","1,313.71","1,292.71",348.73M,0.83%
2023-08-22,"1,299.58","1,308.94","1,310.02","1,295.50",345.87M,0.09%
2023-08-21,"1,298.40","1,290.23","1,300.57","1,283.70",348.54M,1.15%
2023-08-18,"1,283.67","1,270.54","1,287.69","1,270.54",381.54M,-0.32%
2023-08-17,"1,287.83","1,312.13","1,312.97","1,286.67",363.63M,-1.58%
2023-08-16,"1,308.55","1,316.27","1,328.24","1,308.26",353.64M,-1.27%
2023-08-15,"1,325.41","1,339.73","1,346.64","1,323.52",315.20M,-1.37%
2023-08-14,"1,343.80","1,331.27","1,343.87","1,328.94",334.34M,0.39%
2023-08-11,"1,338.53","1,335.69","1,342.62","1,328.44",368.65M,-0.28%
2023-08-10,"1,342.32","1,349.04","1,361.88","1,335.93",461.40M,0.27%
2023-08-09,"1,338.64","1,356.09","1,356.21","1,336.50",325.55M,-1.20%
2023-08-08,"1,354.90","1,353.60","1,356.69","1,342.16",320.97M,-0.87%
2023-08-07,"1,366.76","1,357.24","1,366.81","1,345.93",369.23M,1.10%
2023-08-04,"1,351.90","1,370.40","1,376.93","1,350.85",459.05M,1.91%
2023-08-03,"1,326.59","1,315.00","1,330.10","1,311.03",423.82M,0.34%
2023-08-02,"1,322.05","1,332.07","1,335.62","1,318.31",397.90M,-1.84%
2023-08-01,"1,346.88","1,358.91","1,358.91","1,346.23",392.56M,-1.15%
2023-07-31,"1,362.52","1,358.85","1,362.85","1,354.02",369.20M,0.56%
2023-07-28,"1,354.99","1,342.23","1,358.39","1,341.02",428.33M,1.85%
2023-07-27,"1,330.34","1,354.90","1,360.87","1,327.97",440.67M,-0.87%
2023-07-26,"1,341.96","1,332.35","1,347.99","1,332.18",342.44M,-0.06%
2023-07-25,"1,342.80","1,347.94","1,348.17","1,339.63",381.34M,-0.23%
2023-07-24,"1,345.84","1,337.50","1,348.26","1,331.24",378.79M,0.52%
2023-07-21,"1,338.83","1,349.29","1,349.29","1,332.25",536.24M,0.04%
2023-07-20,"1,338.34","1,371.37","1,371.37","1,336.58",444.86M,-3.40%
2023-07-19,"1,385.45","1,382.89","1,391.32","1,380.97",412.01M,0.52%
2023-07-18,"1,378.25","1,368.73","1,381.93","1,364.13",409.53M,0.28%
2023-07-17,"1,374.46","1,373.03","1,377.92","1,369.12",439.75M,0.32%
2023-07-14,"1,370.10","1,365.57","1,376.68","1,365.42",384.68M,0.27%
2023-07-13,"1,366.41","1,366.87","1,369.50","1,355.88",402.72M,1.08%
2023-07-12,"1,351.81","1,356.80","1,358.89","1,347.92",396.52M,0.96%
2023-07-11,"1,338.99","1,330.65","1,340.90","1,330.24",361.87M,0.86%
2023-07-10,"1,327.60","1,325.88","1,328.79","1,316.05",401.45M,0.11%
2023-07-07,"1,326.17","1,325.05","1,339.24","1,322.21",385.35M,0.18%
2023-07-06,"1,323.82","1,329.38","1,330.60","1,318.27",437.88M,-1.65%
2023-07-05,"1,345.97","1,344.19","1,348.42","1,338.16",426.02M,0.08%
2023-07-03,"1,344.84","1,344.73","1,352.69","1,343.36",296.74M,1.07%
2023-06-30,"1,330.54","1,322.46","1,334.14","1,321.30",491.80M,1.37%
2023-06-29,"1,312.58","1,313.45","1,317.02","1,305.03",415.19M,0.06%
2023-06-28,"1,311.84","1,306.00","1,323.32","1,306.00",515.31M,0.25%
2023-06-27,"1,308.58","1,290.42","1,311.39","1,288.36",454.55M,2.06%
2023-06-26,"1,282.20","1,291.60","1,309.98","1,281.88",523.91M,-1.25%
2023-06-23,"1,298.40","1,299.39","1,310.36","1,293.00",556.79M,-1.11%
2023-06-22,"1,312.91","1,286.90","1,312.91","1,285.19",444.16M,1.53%
2023-06-21,"1,293.07","1,308.71","1,311.95","1,290.64",473.58M,-1.17%
2023-06-20,"1,308.39","1,295.32","1,309.85","1,292.37",460.62M,0.75%
2023-06-16,"1,298.65","1,309.45","1,310.06","1,297.96",610.13M,-0.18%
2023-06-15,"1,301.04","1,281.80","1,305.70","1,278.47",494.54M,0.68%
2023-06-14,"1,292.23","1,295.86","1,299.41","1,275.46",513.44M,-0.11%
2023-06-13,"1,293.65","1,292.28","1,294.55","1,280.39",494.16M,1.00%
2023-06-12,"1,280.79","1,267.53","1,282.99","1,263.15",535.11M,1.74%
2023-06-09,"1,258.94","1,267.75","1,276.09","1,256.37",499.41M,0.44%
2023-06-08,"1,253.45","1,237.53","1,256.20","1,235.85",459.78M,1.56%
2023-06-07,"1,234.14","1,253.72","1,257.20","1,231.87",586.19M,-0.91%
2023-06-06,"1,245.44","1,231.65","1,246.86","1,230.36",440.64M,0.99%
2023-06-05,"1,233.19","1,229.05","1,237.08","1,226.03",407.62M,0.35%
2023-06-02,"1,228.92","1,216.52","1,233.86","1,215.62",504.86M,2.20%
2023-06-01,"1,202.50","1,187.38","1,208.08","1,179.44",475.28M,1.22%
2023-05-31,"1,188.04","1,190.83","1,193.61","1,171.97",634.00M,-0.92%
2023-05-30,"1,199.02","1,204.15","1,208.27","1,191.68",457.28M,0.76%
2023-05-26,"1,190.01","1,166.58","1,199.69","1,166.58",550.13M,2.38%
2023-05-25,"1,162.34","1,172.10","1,172.10","1,158.78",400.13M,-0.52%
2023-05-24,"1,168.38","1,169.40","1,174.42","1,159.17",450.28M,-0.23%
2023-05-23,"1,171.09","1,171.45","1,187.33","1,169.21",479.91M,-0.87%
2023-05-22,"1,181.37","1,187.66","1,189.30","1,177.39",421.61M,-0.37%
2023-05-19,"1,185.73","1,192.84","1,193.54","1,180.43",416.35M,-0.84%
2023-05-18,"1,195.75","1,181.31","1,196.32","1,180.53",385.50M,1.54%
2023-05-17,"1,177.59","1,162.45","1,178.71","1,161.31",459.45M,2.04%
2023-05-16,"1,154.05","1,150.12","1,164.49","1,148.49",403.65M,-0.25%
2023-05-15,"1,156.98","1,156.67","1,159.80","1,146.78",371.92M,0.14%
2023-05-12,"1,155.36","1,170.22","1,172.00","1,148.37",406.09M,-0.89%
2023-05-11,"1,165.73","1,161.44","1,167.13","1,156.18",367.17M,0.55%
2023-05-10,"1,159.34","1,162.84","1,168.95","1,146.27",416.53M,0.63%
2023-05-09,"1,152.10","1,146.54","1,152.79","1,143.98",318.00M,0.02%
2023-05-08,"1,151.90","1,151.54","1,152.31","1,144.32",374.11M,0.30%
2023-05-05,"1,148.40","1,134.49","1,150.01","1,133.96",433.71M,2.00%
2023-05-04,"1,125.90","1,135.69","1,139.12","1,124.22",436.72M,-0.70%
2023-05-03,"1,133.79","1,139.08","1,152.60","1,132.79",471.76M,-0.71%
2023-05-02,"1,141.94","1,137.87","1,144.30","1,128.72",480.03M,0.16%
2023-05-01,"1,140.15","1,150.07","1,151.56","1,138.58",457.95M,-1.06%
2023-04-28,"1,152.42","1,148.64","1,154.75","1,134.41",484.66M,-0.04%
2023-04-27,"1,152.85","1,132.38","1,154.17","1,129.53",499.10M,2.77%
2023-04-26,"1,121.81","1,132.18","1,136.79","1,119.64",458.86M,-0.38%
2023-04-25,"1,126.10","1,141.78","1,143.64","1,125.90",430.83M,-2.05%
2023-04-24,"1,149.64","1,152.79","1,159.49","1,139.30",409.93M,-0.07%
2023-04-21,"1,150.47","1,146.60","1,155.33","1,138.09",398.79M,1.20%
2023-04-20,"1,136.78","1,135.47","1,146.45","1,130.51",530.69M,-1.48%
2023-04-19,"1,153.85","1,143.52","1,160.36","1,142.74",379.92M,0.02%
2023-04-18,"1,153.59","1,158.31","1,160.58","1,148.93",304.74M,0.12%
2023-04-17,"1,152.15","1,148.98","1,154.86","1,141.45",328.62M,0.68%
2023-04-14,"1,144.40","1,140.59","1,151.12","1,134.86",320.01M,0.13%
2023-04-13,"1,142.93","1,125.71","1,144.03","1,122.27",404.53M,2.31%
2023-04-12,"1,117.09","1,142.90","1,143.76","1,115.97",423.25M,-1.54%
2023-04-11,"1,134.57","1,134.72","1,141.09","1,129.80",391.02M,0.02%
2023-04-10,"1,134.39","1,118.59","1,134.41","1,111.15",378.20M,0.42%
2023-04-06,"1,129.59","1,124.01","1,131.13","1,113.52",338.39M,0.05%
2023-04-05,"1,129.03","1,148.78","1,148.78","1,126.71",373.25M,-2.04%
2023-04-04,"1,152.52","1,157.58","1,159.69","1,142.32",383.14M,-0.07%
2023-04-03,"1,153.35","1,153.09","1,158.53","1,145.53",425.52M,-0.91%
2023-03-31,"1,163.98","1,140.01","1,164.49","1,140.01",464.82M,2.62%
2023-03-30,"1,134.30","1,134.59","1,140.16","1,129.80",379.16M,0.90%
2023-03-29,"1,124.22","1,115.08","1,124.78","1,111.68",404.16M,1.91%
2023-03-28,"1,103.20","1,105.39","1,107.09","1,095.66",362.33M,-0.11%
2023-03-27,"1,104.44","1,112.56","1,116.72","1,099.94",450.89M,0.18%
2023-03-24,"1,102.47","1,101.77","1,104.29","1,088.79",425.68M,-0.35%
2023-03-23,"1,106.39","1,119.67","1,128.38","1,095.45",475.47M,-0.05%
2023-03-22,"1,106.94","1,133.75","1,140.78","1,106.79",474.06M,-2.20%
2023-03-21,"1,131.84","1,114.70","1,133.37","1,114.10",477.58M,2.71%
2023-03-20,"1,101.95","1,094.69","1,107.88","1,088.13",455.84M,0.39%
2023-03-17,"1,097.66","1,110.12","1,112.33","1,088.57",812.43M,-1.24%
2023-03-16,"1,111.48","1,086.45","1,116.09","1,084.31",512.24M,1.88%
2023-03-15,"1,090.94","1,078.75","1,091.96","1,071.31",570.73M,-0.21%
2023-03-14,"1,093.24","1,088.01","1,096.02","1,079.51",512.78M,1.71%
2023-03-13,"1,074.90","1,058.70","1,088.23","1,053.27",602.80M,0.23%
2023-03-10,"1,072.43","1,086.93","1,097.82","1,068.92",547.28M,-0.98%
2023-03-09,"1,083.03","1,108.97","1,118.77","1,081.95",486.71M,-2.36%
2023-03-08,"1,109.19","1,108.91","1,110.17","1,098.47",400.95M,-0.26%
2023-03-07,"1,112.05","1,127.33","1,131.15","1,111.59",404.66M,-1.37%
2023-03-06,"1,127.45","1,137.34","1,142.43","1,127.19",403.76M,-0.71%
2023-03-03,"1,135.50","1,121.45","1,137.50","1,119.06",459.91M,2.12%
2023-03-02,"1,111.95","1,095.80","1,113.49","1,094.96",489.17M,-0.32%
2023-03-01,"1,115.49","1,127.48","1,129.46","1,109.33",483.87M,-1.28%
2023-02-28,"1,130.01","1,131.24","1,138.14","1,125.43",570.43M,-0.05%
2023-02-27,"1,130.63","1,130.60","1,139.12","1,126.36",435.75M,1.18%
2023-02-24,"1,117.47","1,114.47","1,119.23","1,108.13",419.11M,-1.56%
2023-02-23,"1,135.21","1,139.81","1,140.35","1,116.17",451.49M,-0.09%
2023-02-22,"1,136.21","1,133.00","1,143.52","1,128.16",480.70M,0.52%
2023-02-21,"1,130.38","1,147.89","1,154.74","1,130.19",484.99M,-3.34%
2023-02-17,"1,169.45","1,163.40","1,169.68","1,149.63",504.56M,0.04%
2023-02-16,"1,168.99","1,178.91","1,193.14","1,168.82",513.86M,-2.16%
2023-02-15,"1,194.85","1,178.59","1,194.90","1,173.42",449.22M,1.16%
2023-02-14,"1,181.11","1,158.64","1,183.62","1,151.98",510.87M,1.18%
2023-02-13,"1,167.37","1,150.07","1,167.66","1,143.03",459.99M,1.46%
2023-02-10,"1,150.55","1,153.90","1,159.37","1,141.20",516.38M,-1.22%
2023-02-09,"1,164.75","1,182.95","1,190.31","1,159.20",570.25M,-0.21%
2023-02-08,"1,167.17","1,172.93","1,176.51","1,159.62",503.66M,-0.89%
2023-02-07,"1,177.70","1,169.08","1,180.72","1,148.23",603.32M,0.22%
2023-02-06,"1,175.12","1,173.03","1,182.26","1,165.53",506.32M,-0.13%
2023-02-03,"1,176.67","1,176.24","1,204.75","1,171.42",725.70M,-3.11%
2023-02-02,"1,214.42","1,203.51","1,228.49","1,198.23",722.94M,3.08%
2023-02-01,"1,178.10","1,154.26","1,187.01","1,141.57",571.34M,1.89%
2023-01-31,"1,156.22","1,132.04","1,156.33","1,131.72",574.04M,2.22%
2023-01-30,"1,131.09","1,142.82","1,149.25","1,129.98",546.30M,-1.71%
2023-01-27,"1,150.81","1,127.16","1,159.39","1,126.41",647.45M,2.27%
2023-01-26,"1,125.24","1,122.99","1,127.80","1,111.03",530.36M,2.03%
2023-01-25,"1,102.83","1,078.57","1,103.99","1,072.26",468.15M,0.54%
2023-01-24,"1,096.90","1,086.75","1,102.04","1,086.37",419.52M,-0.17%
2023-01-23,"1,098.79","1,085.35","1,102.52","1,078.55",500.49M,1.57%
2023-01-20,"1,081.81","1,058.12","1,082.22","1,053.41",441.44M,2.46%
2023-01-19,"1,055.81","1,066.06","1,068.96","1,050.70",480.99M,-1.69%
2023-01-18,"1,073.99","1,100.00","1,105.25","1,073.38",515.94M,-1.30%
2023-01-17,"1,088.11","1,091.75","1,096.68","1,084.97",516.27M,0.07%
2023-01-13,"1,087.35","1,062.72","1,087.99","1,061.60",543.99M,0.97%
2023-01-12,"1,076.86","1,081.98","1,082.95","1,059.73",512.46M,0.17%
2023-01-11,"1,075.02","1,056.12","1,075.14","1,056.12",519.97M,2.68%
2023-01-10,"1,046.97","1,036.07","1,047.00","1,029.35",439.70M,1.26%
2023-01-09,"1,033.93","1,039.83","1,050.54","1,033.28",501.71M,0.57%
2023-01-06,"1,028.10","1,001.09","1,031.70",994.32,542.17M,2.40%
2023-01-05,"1,004.03","1,007.65","1,010.47",997.78,443.72M,-0.95%
2023-01-04,"1,013.67","1,010.94","1,021.06",996.49,510.94M,1.41%
2023-01-03,999.54,"1,010.71","1,014.09",987.46,531.48M,-0.59%
2022-12-30,"1,005.48",998.21,"1,005.53",994.06,392.48M,-0.28%
2022-12-29,"1,008.32",997.21,"1,010.48",993.69,475.81M,2.57%
2022-12-28,983.06,992.04,"1,001.36",981.17,467.37M,-0.86%
2022-12-27,991.55,"1,003.95","1,004.51",990.89,459.44M,-1.64%
2022-12-23,"1,008.10",998.9,"1,010.70",991.92,398.93M,0.71%
2022-12-22,"1,000.97","1,016.53","1,016.53",986.4,595.52M,-2.59%
2022-12-21,"1,027.58","1,024.87","1,032.90","1,019.99",492.48M,1.58%
2022-12-20,"1,011.57","1,017.65","1,025.51","1,010.30",495.67M,-1.13%
2022-12-19,"1,023.14","1,041.22","1,041.45","1,019.29",507.43M,-1.66%
2022-12-16,"1,040.40","1,053.75","1,056.83","1,034.14",738.28M,-1.74%
2022-12-15,"1,058.81","1,062.91","1,065.24","1,050.84",479.53M,-1.78%
2022-12-14,"1,078.04","1,084.72","1,092.59","1,066.16",476.05M,-0.73%
2022-12-13,"1,085.93","1,119.67","1,128.28","1,073.85",572.11M,0.20%
2022-12-12,"1,083.79","1,077.00","1,083.81","1,070.74",391.01M,0.39%
2022-12-09,"1,079.62","1,078.29","1,090.27","1,076.79",379.90M,-0.52%
2022-12-08,"1,085.24","1,076.61","1,088.88","1,070.21",370.25M,1.05%
2022-12-07,"1,073.98","1,071.47","1,085.28","1,069.33",377.19M,-0.48%
2022-12-06,"1,079.12","1,094.86","1,098.04","1,070.37",414.98M,-1.62%
2022-12-05,"1,096.92","1,115.65","1,118.71","1,094.34",408.21M,-2.95%
2022-12-02,"1,130.29","1,117.01","1,133.08","1,117.01",368.52M,-0.19%
2022-12-01,"1,132.42","1,139.78","1,140.89","1,124.46",406.34M,-0.11%
2022-11-30,"1,133.65","1,096.10","1,133.66","1,087.93",582.71M,3.48%
2022-11-29,"1,095.49","1,101.75","1,104.51","1,091.67",359.06M,-0.44%
2022-11-28,"1,100.38","1,101.83","1,114.54","1,098.15",386.07M,-0.60%
2022-11-25,"1,107.04","1,106.33","1,111.01","1,101.90",186.49M,0.06%
2022-11-23,"1,106.37","1,096.60","1,108.99","1,093.35",358.75M,1.33%
2022-11-22,"1,091.89","1,083.71","1,092.50","1,076.15",355.67M,1.17%
2022-11-21,"1,079.21","1,089.23","1,093.36","1,072.74",382.68M,-1.41%
2022-11-18,"1,094.65","1,107.36","1,107.36","1,081.95",383.93M,0.04%
2022-11-17,"1,094.22","1,092.54","1,099.47","1,084.58",437.04M,-1.27%
2022-11-16,"1,108.27","1,103.43","1,117.97","1,099.29",533.73M,-1.46%
2022-11-15,"1,124.69","1,135.92","1,143.26","1,111.93",549.11M,1.24%
2022-11-14,"1,110.93","1,118.53","1,128.54","1,109.59",503.11M,-1.71%
2022-11-11,"1,130.23","1,106.12","1,135.99","1,101.20",554.10M,2.46%
2022-11-10,"1,103.07","1,073.16","1,104.89","1,066.48",686.69M,7.70%
2022-11-09,"1,024.24","1,049.15","1,055.48","1,023.30",488.53M,-3.12%
2022-11-08,"1,057.18","1,062.27","1,069.96","1,042.98",498.02M,-0.30%
2022-11-07,"1,060.39","1,073.62","1,074.02","1,049.76",426.69M,-0.62%
2022-11-04,"1,066.96","1,083.98","1,092.65","1,045.99",546.49M,0.86%
2022-11-03,"1,057.84","1,059.07","1,071.57","1,052.81",521.59M,-0.88%
2022-11-02,"1,067.26","1,107.57","1,114.21","1,066.87",515.97M,-3.79%
2022-11-01,"1,109.34","1,144.33","1,146.40","1,106.49",480.22M,-1.35%
2022-10-31,"1,124.52","1,127.56","1,133.82","1,114.43",478.67M,-0.69%
2022-10-28,"1,132.37","1,099.51","1,133.82","1,092.15",556.10M,-0.30%
2022-10-27,"1,135.78","1,149.31","1,154.21","1,132.44",483.06M,-0.72%
2022-10-26,"1,144.03","1,141.62","1,167.69","1,137.25",479.90M,-1.06%
2022-10-25,"1,156.26","1,131.13","1,159.63","1,131.13",459.80M,2.34%
2022-10-24,"1,129.80","1,119.41","1,134.79","1,100.39",459.52M,0.48%
2022-10-21,"1,124.42","1,089.81","1,125.44","1,085.24",422.96M,2.92%
2022-10-20,"1,092.49","1,097.41","1,119.22","1,088.71",448.25M,-1.74%
2022-10-19,"1,111.87","1,115.07","1,123.52","1,100.99",387.77M,-1.18%
2022-10-18,"1,125.10","1,146.77","1,146.98","1,114.56",485.31M,1.42%
2022-10-17,"1,109.37","1,085.88","1,112.64","1,085.88",408.75M,4.23%
2022-10-14,"1,064.35","1,119.27","1,124.16","1,063.19",445.62M,-3.88%
2022-10-13,"1,107.27","1,062.65","1,113.16","1,051.35",536.62M,0.98%
2022-10-12,"1,096.54","1,094.75","1,104.80","1,085.71",445.61M,0.23%
2022-10-11,"1,093.99","1,098.65","1,116.31","1,086.87",462.69M,-0.81%
2022-10-10,"1,102.95","1,111.30","1,115.09","1,092.53",478.13M,-0.61%
2022-10-07,"1,109.73","1,133.37","1,134.92","1,103.60",435.26M,-3.54%
2022-10-06,"1,150.47","1,158.18","1,166.38","1,145.61",422.31M,-0.71%
2022-10-05,"1,158.71","1,146.02","1,165.85","1,134.82",483.91M,-0.54%
2022-10-04,"1,165.04","1,154.45","1,176.83","1,151.29",602.30M,3.56%
2022-10-03,"1,125.04","1,121.29","1,135.83","1,107.20",526.97M,0.24%
2022-09-30,"1,122.31","1,130.91","1,154.56","1,119.27",708.05M,-1.83%
2022-09-29,"1,143.25","1,164.62","1,165.31","1,132.06",462.80M,-3.38%
2022-09-28,"1,183.21","1,154.81","1,189.14","1,150.36",421.51M,2.81%
2022-09-27,"1,150.92","1,167.54","1,176.59","1,139.14",447.04M,0.29%
2022-09-26,"1,147.57","1,144.76","1,172.59","1,144.76",463.75M,-0.18%
2022-09-23,"1,149.64","1,161.79","1,162.83","1,134.91",502.55M,-2.29%
2022-09-22,"1,176.63","1,196.01","1,199.93","1,170.48",454.56M,-2.16%
2022-09-21,"1,202.64","1,234.57","1,246.76","1,202.54",456.43M,-2.37%
2022-09-20,"1,231.86","1,240.83","1,245.30","1,221.67",539.51M,-1.69%
2022-09-19,"1,253.01","1,226.06","1,253.30","1,224.45",337.50M,1.34%
2022-09-16,"1,236.40","1,226.91","1,238.13","1,218.14",619.80M,-0.84%
2022-09-15,"1,246.84","1,250.74","1,272.97","1,241.03",414.72M,-0.67%
2022-09-14,"1,255.20","1,244.39","1,259.37","1,237.20",404.67M,1.30%
2022-09-13,"1,239.14","1,265.57","1,271.53","1,235.57",448.57M,-5.22%
2022-09-12,"1,307.33","1,297.71","1,311.72","1,297.71",340.14M,1.35%
2022-09-09,"1,289.97","1,272.86","1,292.27","1,272.26",352.20M,2.81%
2022-09-07,"1,254.70","1,217.73","1,256.28","1,217.64",356.25M,3.08%
2022-09-06,"1,217.26","1,225.92","1,228.54","1,200.12",365.39M,-0.33%
2022-09-02,"1,221.30","1,246.91","1,250.30","1,213.80",353.86M,-0.84%
2022-09-01,"1,231.63","1,212.60","1,232.61","1,200.15",370.87M,0.87%
2022-08-31,"1,221.06","1,238.89","1,243.98","1,220.90",374.06M,-1.05%
2022-08-30,"1,234.06","1,259.54","1,261.73","1,221.74",360.77M,-1.11%
2022-08-29,"1,247.91","1,242.62","1,258.31","1,240.49",298.93M,-0.54%
2022-08-26,"1,254.71","1,306.56","1,310.97","1,254.60",355.81M,-3.88%
2022-08-25,"1,305.34","1,297.00","1,306.59","1,287.86",338.42M,1.29%
2022-08-24,"1,288.69","1,279.38","1,301.97","1,277.95",268.89M,0.37%
2022-08-23,"1,283.91","1,282.11","1,293.40","1,276.98",264.89M,0.32%
2022-08-22,"1,279.80","1,294.87","1,296.18","1,277.42",323.80M,-2.84%
2022-08-19,"1,317.25","1,332.54","1,335.07","1,313.15",317.20M,-2.10%
2022-08-18,"1,345.50","1,343.95","1,348.69","1,336.53",252.04M,-0.04%
2022-08-17,"1,346.02","1,346.26","1,359.71","1,336.79",340.27M,-1.12%
2022-08-16,"1,361.28","1,348.76","1,375.13","1,344.00",368.28M,1.09%
2022-08-15,"1,346.60","1,333.22","1,350.54","1,332.97",274.22M,0.61%
2022-08-12,"1,338.45","1,317.86","1,338.45","1,307.01",283.26M,2.30%
2022-08-11,"1,308.41","1,329.71","1,333.61","1,304.30",321.92M,-0.66%
2022-08-10,"1,317.11","1,318.50","1,322.44","1,302.06",399.49M,2.87%
2022-08-09,"1,280.32","1,293.25","1,296.56","1,272.95",346.37M,-1.54%
2022-08-08,"1,300.29","1,309.28","1,328.33","1,295.17",379.79M,0.30%
2022-08-05,"1,296.45","1,300.63","1,315.20","1,289.59",326.91M,-1.66%
2022-08-04,"1,318.30","1,315.82","1,322.07","1,307.46",376.47M,0.54%
2022-08-03,"1,311.19","1,292.72","1,317.27","1,289.16",415.01M,2.52%
2022-08-02,"1,279.01","1,280.80","1,301.87","1,275.85",393.40M,-0.70%
2022-08-01,"1,288.07","1,282.10","1,307.21","1,275.51",447.62M,0.51%
2022-07-29,"1,281.51","1,264.43","1,286.96","1,254.51",490.41M,4.27%
2022-07-28,"1,229.07","1,216.06","1,231.23","1,196.18",487.10M,1.67%
2022-07-27,"1,208.91","1,179.90","1,214.78","1,177.27",393.89M,3.85%
2022-07-26,"1,164.09","1,177.26","1,180.86","1,161.77",366.40M,-3.31%
2022-07-25,"1,203.88","1,215.73","1,216.22","1,195.99",293.86M,-0.85%
2022-07-22,"1,214.18","1,229.27","1,238.01","1,206.54",378.47M,-0.66%
2022-07-21,"1,222.21","1,201.79","1,222.85","1,192.39",489.84M,2.25%
2022-07-20,"1,195.35","1,176.91","1,197.87","1,175.24",394.89M,1.76%
2022-07-19,"1,174.62","1,156.38","1,176.75","1,146.60",368.18M,3.09%
2022-07-18,"1,139.45","1,151.75","1,166.02","1,135.59",358.63M,0.22%
2022-07-15,"1,136.97","1,132.58","1,142.25","1,125.62",358.32M,1.71%
2022-07-14,"1,117.90","1,109.29","1,119.73","1,093.04",316.75M,-0.06%
2022-07-13,"1,118.62","1,088.03","1,128.22","1,083.10",329.20M,0.86%
2022-07-12,"1,109.08","1,121.33","1,133.93","1,102.11",366.94M,-0.73%
2022-07-11,"1,117.23","1,142.02","1,143.77","1,114.46",326.44M,-2.76%
2022-07-08,"1,148.97","1,140.18","1,157.38","1,134.05",306.73M,-0.02%
2022-07-07,"1,149.16","1,124.23","1,151.69","1,123.47",349.53M,2.48%
2022-07-06,"1,121.30","1,122.54","1,131.70","1,108.54",384.22M,-0.24%
2022-07-05,"1,124.00","1,081.79","1,125.01","1,075.24",469.76M,2.28%
2022-07-01,"1,098.96","1,080.80","1,099.61","1,076.31",379.72M,1.97%
2022-06-30,"1,077.78","1,082.34","1,090.99","1,056.14",476.81M,-1.54%
2022-06-29,"1,094.65","1,093.35","1,102.50","1,082.92",416.61M,0.01%
2022-06-28,"1,094.58","1,142.83","1,156.08","1,094.02",392.67M,-4.03%
2022-06-27,"1,140.53","1,159.48","1,165.01","1,137.05",341.53M,-1.08%
2022-06-24,"1,153.04","1,117.83","1,153.63","1,114.35",539.51M,3.74%
2022-06-23,"1,111.48","1,101.73","1,114.64","1,086.04",381.94M,1.62%
2022-06-22,"1,093.76","1,082.92","1,115.94","1,081.80",359.73M,-0.14%
2022-06-21,"1,095.27","1,084.34","1,107.46","1,084.34",419.12M,2.82%
2022-06-17,"1,065.21","1,050.21","1,074.28","1,050.21",715.87M,1.22%
2022-06-16,"1,052.38","1,075.60","1,075.60","1,039.99",535.50M,-4.76%
2022-06-15,"1,104.97","1,081.14","1,117.01","1,080.28",480.72M,3.02%
2022-06-14,"1,072.55","1,080.57","1,087.49","1,063.61",451.96M,-0.25%
2022-06-13,"1,075.20","1,089.04","1,100.16","1,067.00",545.11M,-4.66%
2022-06-10,"1,127.72","1,152.37","1,157.80","1,124.29",448.32M,-4.16%
2022-06-09,"1,176.70","1,199.43","1,212.85","1,176.62",365.33M,-1.96%
2022-06-08,"1,200.18","1,204.42","1,218.03","1,197.35",314.32M,-0.68%
2022-06-07,"1,208.40","1,191.26","1,211.79","1,180.81",352.48M,-0.37%
2022-06-06,"1,212.90","1,221.22","1,231.07","1,206.24",369.47M,1.03%
2022-06-03,"1,200.56","1,211.35","1,219.25","1,195.50",255.57M,-2.85%
2022-06-02,"1,235.79","1,199.86","1,236.84","1,195.46",274.11M,3.03%
2022-06-01,"1,199.49","1,218.13","1,226.42","1,191.69",289.20M,-0.84%
2022-05-31,"1,209.68","1,204.48","1,222.30","1,185.24",430.78M,0.76%
2022-05-27,"1,200.50","1,175.56","1,200.62","1,175.56",302.68M,3.47%
2022-05-26,"1,160.27","1,118.98","1,169.34","1,118.98",369.13M,4.78%
2022-05-25,"1,107.37","1,070.41","1,117.33","1,070.41",333.06M,2.78%
2022-05-24,"1,077.39","1,085.64","1,089.70","1,062.09",397.83M,-2.58%
2022-05-23,"1,105.91","1,102.52","1,109.17","1,078.05",352.96M,0.64%
2022-05-20,"1,098.91","1,125.55","1,127.58","1,067.79",492.55M,-1.53%
2022-05-19,"1,116.01","1,110.66","1,134.75","1,102.63",439.44M,0.13%
2022-05-18,"1,114.57","1,161.73","1,162.96","1,106.43",465.61M,-6.60%
2022-05-17,"1,193.30","1,184.70","1,194.37","1,161.86",337.77M,2.68%
2022-05-16,"1,162.17","1,183.82","1,183.82","1,159.48",315.69M,-2.12%
2022-05-13,"1,187.30","1,165.95","1,191.69","1,156.86",387.60M,4.10%
2022-05-12,"1,140.55","1,111.26","1,167.95","1,104.01",511.91M,0.80%
2022-05-11,"1,131.55","1,170.05","1,182.23","1,128.93",378.14M,-3.57%
2022-05-10,"1,173.40","1,202.47","1,209.18","1,157.60",406.39M,-0.30%
2022-05-09,"1,176.90","1,204.37","1,219.42","1,170.91",424.32M,-4.26%
2022-05-06,"1,229.22","1,238.77","1,252.28","1,208.50",391.97M,-1.31%
2022-05-05,"1,245.49","1,312.62","1,312.62","1,230.91",374.45M,-5.82%
2022-05-04,"1,322.39","1,283.63","1,323.51","1,260.80",367.69M,2.85%
2022-05-03,"1,285.71","1,288.49","1,294.38","1,275.43",322.29M,-0.29%
2022-05-02,"1,289.46","1,271.10","1,289.99","1,249.14",320.68M,1.36%
2022-04-29,"1,272.15","1,312.32","1,323.56","1,268.59",326.77M,-3.74%
2022-04-27,"1,321.53","1,331.82","1,349.97","1,313.19",303.92M,-5.05%
2022-04-25,"1,391.88","1,370.19","1,392.85","1,361.24",286.43M,0.78%
2022-04-22,"1,381.16","1,412.57","1,416.94","1,379.78",272.07M,-2.37%
2022-04-21,"1,414.75","1,468.50","1,477.59","1,410.17",291.03M,-1.23%
2022-04-20,"1,432.40","1,455.47","1,457.21","1,430.36",242.82M,-1.36%
2022-04-19,"1,452.09","1,409.97","1,454.51","1,409.97",269.08M,2.91%
2022-04-18,"1,411.01","1,403.27","1,418.83","1,396.19",212.86M,0.34%
2022-04-14,"1,406.28","1,424.00","1,433.46","1,405.80",245.25M,-1.57%
2022-04-13,"1,428.73","1,392.08","1,431.45","1,388.79",257.68M,2.51%
2022-04-12,"1,393.73","1,407.68","1,424.21","1,388.37",267.13M,0.20%
2022-04-11,"1,390.93","1,396.46","1,417.39","1,389.71",287.61M,-1.89%
2022-04-08,"1,417.79","1,426.96","1,435.23","1,414.24",299.69M,-0.97%
2022-04-07,"1,431.67","1,423.61","1,439.87","1,403.06",382.90M,0.39%
2022-04-06,"1,426.11","1,444.42","1,444.42","1,414.16",404.00M,-2.63%
2022-04-05,"1,464.66","1,492.97","1,499.61","1,460.65",383.03M,-2.35%
2022-04-04,"1,499.93","1,465.16","1,500.06","1,457.27",264.93M,2.33%
2022-04-01,"1,465.81","1,469.63","1,475.65","1,457.62",276.18M,0.21%
2022-03-31,"1,462.69","1,489.55","1,490.62","1,462.69",336.41M,-1.95%
2022-03-30,"1,491.74","1,508.29","1,510.12","1,484.45",259.84M,-1.51%
2022-03-29,"1,514.67","1,509.66","1,520.73","1,496.98",337.51M,1.54%
2022-03-28,"1,491.67","1,467.95","1,491.84","1,465.50",275.71M,2.67%
2022-03-25,"1,452.85","1,454.72","1,459.99","1,439.27",266.67M,-0.09%
2022-03-24,"1,454.10","1,449.60","1,455.41","1,432.85",261.18M,0.73%
2022-03-23,"1,443.52","1,450.62","1,468.40","1,441.89",296.05M,-1.23%
2022-03-22,"1,461.51","1,433.29","1,466.49","1,433.29",344.91M,2.45%
2022-03-21,"1,426.62","1,438.26","1,447.09","1,413.56",321.00M,-0.76%
2022-03-18,"1,437.52","1,403.67","1,438.53","1,397.28",461.83M,2.18%
2022-03-17,"1,406.86","1,374.05","1,406.88","1,367.61",298.55M,1.86%
2022-03-16,"1,381.12","1,349.63","1,381.25","1,338.54",399.09M,3.35%
2022-03-15,"1,336.34","1,302.36","1,340.81","1,298.84",334.57M,3.39%
2022-03-14,"1,292.55","1,314.10","1,323.94","1,285.33",352.46M,-1.75%
2022-03-11,"1,315.58","1,352.60","1,352.97","1,314.42",285.69M,-1.79%
2022-03-10,"1,339.59","1,329.99","1,344.23","1,318.60",341.01M,1.16%
2022-03-09,"1,324.23","1,314.22","1,331.71","1,311.33",371.26M,2.93%
2022-03-08,"1,286.51","1,284.28","1,326.41","1,273.13",475.70M,0.06%
2022-03-07,"1,285.79","1,354.91","1,356.29","1,285.72",502.18M,-4.80%
2022-03-04,"1,350.60","1,367.47","1,367.47","1,336.38",418.09M,-1.51%
2022-03-03,"1,371.33","1,404.71","1,413.25","1,364.43",371.12M,-2.29%
2022-03-02,"1,403.51","1,382.46","1,408.93","1,376.36",436.91M,1.94%
2022-03-01,"1,376.75","1,393.82","1,398.89","1,367.13",420.97M,-1.34%
2022-02-28,"1,395.46","1,380.67","1,401.65","1,371.17",385.30M,0.60%
2022-02-25,"1,387.08","1,366.14","1,387.13","1,346.46",350.96M,1.89%
2022-02-24,"1,361.39","1,280.94","1,363.60","1,273.22",507.15M,2.54%
2022-02-23,"1,327.63","1,382.65","1,388.26","1,325.51",391.82M,-3.42%
2022-02-22,"1,374.62","1,405.34","1,408.98","1,357.98",404.10M,-3.04%
2022-02-18,"1,417.74","1,430.10","1,435.51","1,403.95",344.41M,-0.70%
2022-02-17,"1,427.80","1,458.29","1,465.49","1,426.35",278.51M,-2.57%
2022-02-16,"1,465.45","1,454.59","1,469.87","1,446.44",288.68M,0.27%
2022-02-15,"1,461.56","1,451.64","1,463.63","1,449.43",302.19M,2.08%
2022-02-14,"1,431.81","1,423.78","1,451.08","1,416.19",336.03M,0.58%
2022-02-11,"1,423.52","1,464.70","1,470.93","1,416.73",403.28M,-2.82%
2022-02-10,"1,464.90","1,478.82","1,493.29","1,456.31",358.27M,-1.78%
2022-02-09,"1,491.38","1,486.39","1,502.06","1,485.31",329.82M,1.11%
2022-02-08,"1,474.98","1,451.81","1,477.89","1,441.23",410.57M,1.50%
2022-02-07,"1,453.17","1,461.11","1,479.18","1,447.84",326.72M,-0.22%
2022-02-04,"1,456.33","1,447.35","1,474.55","1,424.38",479.43M,3.74%
2022-02-03,"1,403.89","1,419.33","1,437.13","1,401.90",355.39M,-3.57%
2022-02-02,"1,455.87","1,472.49","1,472.49","1,441.65",431.40M,-0.53%
2022-02-01,"1,463.56","1,457.65","1,465.62","1,434.03",376.35M,0.63%
2022-01-31,"1,454.45","1,405.87","1,454.81","1,403.45",387.62M,3.81%
2022-01-28,"1,401.07","1,370.94","1,401.07","1,348.94",395.94M,2.30%
2022-01-27,"1,369.52","1,410.22","1,416.50","1,367.27",404.28M,-2.27%
2022-01-26,"1,401.35","1,437.31","1,448.51","1,383.40",438.42M,-0.32%
2022-01-25,"1,405.90","1,414.58","1,427.76","1,389.04",411.05M,-1.81%
2022-01-24,"1,431.83","1,383.29","1,433.65","1,349.74",608.18M,1.21%
2022-01-21,"1,414.67","1,454.70","1,459.60","1,413.00",480.05M,-3.10%
2022-01-20,"1,459.92","1,495.98","1,514.57","1,457.71",414.98M,-1.94%
2022-01-19,"1,488.84","1,520.84","1,527.15","1,488.29",402.02M,-1.81%
2022-01-18,"1,516.22","1,526.07","1,529.70","1,510.32",385.06M,-1.92%
2022-01-14,"1,545.90","1,545.66","1,552.73","1,524.94",441.57M,-0.45%
2022-01-13,"1,552.86","1,591.81","1,597.79","1,550.21",443.41M,-2.08%
2022-01-12,"1,585.81","1,586.02","1,595.06","1,573.22",336.42M,0.63%
2022-01-11,"1,575.82","1,557.93","1,579.96","1,546.88",345.38M,1.03%
2022-01-10,"1,559.68","1,551.40","1,560.24","1,515.01",400.66M,-0.60%
2022-01-07,"1,569.02","1,597.83","1,601.66","1,564.41",377.70M,-1.65%
2022-01-06,"1,595.36","1,596.34","1,606.44","1,572.03",387.18M,-0.33%
2022-01-05,"1,600.61","1,643.02","1,645.55","1,600.47",518.78M,-2.64%
2022-01-04,"1,644.07","1,656.71","1,666.03","1,634.85",590.07M,-0.67%
2022-01-03,"1,655.17","1,639.59","1,655.29","1,630.10",352.79M,2.76%
2021-12-31,"1,610.76","1,615.77","1,622.18","1,610.04",210.44M,-0.29%
2021-12-30,"1,615.42","1,617.27","1,630.03","1,614.34",244.33M,-0.38%
2021-12-29,"1,621.56","1,622.60","1,626.28","1,611.86",195.30M,0.14%
2021-12-28,"1,619.34","1,621.28","1,627.37","1,615.54",228.89M,0.12%
2021-12-27,"1,617.45","1,607.63","1,623.04","1,605.65",244.92M,0.83%
2021-12-23,"1,604.10","1,585.76","1,608.23","1,583.19",258.68M,1.24%
2021-12-22,"1,584.40","1,561.35","1,585.90","1,558.18",325.13M,1.73%
2021-12-21,"1,557.45","1,536.18","1,557.82","1,522.00",350.24M,2.50%
2021-12-20,"1,519.53","1,530.34","1,530.34","1,504.38",355.02M,-1.65%
2021-12-17,"1,545.06","1,541.02","1,560.76","1,528.65",617.71M,-0.49%
2021-12-16,"1,552.64","1,594.25","1,598.17","1,550.42",401.78M,-2.23%
2021-12-15,"1,588.05","1,560.89","1,589.10","1,538.79",357.00M,1.42%
2021-12-14,"1,565.80","1,557.55","1,570.53","1,548.14",377.03M,-0.58%
2021-12-13,"1,575.00","1,606.22","1,607.40","1,571.14",389.78M,-2.44%
2021-12-10,"1,614.44","1,614.99","1,616.73","1,592.80",383.33M,0.48%
2021-12-09,"1,606.72","1,627.63","1,630.69","1,606.43",267.62M,-1.70%
2021-12-08,"1,634.45","1,631.68","1,636.62","1,621.87",338.17M,0.28%
2021-12-07,"1,629.91","1,617.11","1,636.33","1,615.07",350.40M,2.36%
2021-12-06,"1,592.34","1,578.37","1,607.50","1,558.68",427.27M,1.12%
2021-12-03,"1,574.74","1,607.67","1,616.19","1,558.30",433.13M,-1.84%
2021-12-02,"1,604.24","1,593.24","1,613.65","1,583.93",448.77M,1.17%
2021-12-01,"1,585.73","1,633.32","1,647.03","1,585.58",503.10M,-1.86%
2021-11-30,"1,615.83","1,636.32","1,644.77","1,607.19",515.97M,-1.42%
2021-11-29,"1,639.09","1,630.48","1,651.03","1,630.48",358.95M,1.63%
2021-11-26,"1,612.87","1,643.55","1,643.55","1,610.70",349.36M,-2.64%
2021-11-25,"1,656.62","1,638.42","1,661.70","1,629.05",,0.00%
2021-11-24,"1,656.62","1,638.42","1,661.70","1,629.05",329.25M,0.16%
2021-11-23,"1,653.96","1,664.74","1,675.82","1,631.43",358.33M,-0.63%
2021-11-22,"1,664.42","1,682.44","1,699.45","1,658.93",404.24M,-0.53%
2021-11-19,"1,673.27","1,669.41","1,681.10","1,667.13",341.97M,0.34%
2021-11-18,"1,667.62","1,652.39","1,669.08","1,646.49",366.84M,1.49%
2021-11-17,"1,643.14","1,643.92","1,653.48","1,639.16",364.75M,0.59%
2021-11-16,"1,633.55","1,612.32","1,638.03","1,612.32",332.99M,1.38%
2021-11-15,"1,611.39","1,613.24","1,618.74","1,603.11",305.36M,-0.03%
2021-11-12,"1,611.82","1,604.46","1,614.33","1,594.31",309.87M,0.45%
2021-11-11,"1,604.62","1,624.94","1,625.17","1,603.63",297.02M,-0.25%
2021-11-10,"1,608.69","1,609.47","1,635.29","1,590.50",461.41M,-0.68%
2021-11-09,"1,619.71","1,648.80","1,651.38","1,612.28",403.38M,-1.35%
2021-11-08,"1,641.88","1,648.76","1,664.14","1,641.46",399.68M,-1.38%
2021-11-05,"1,664.89","1,661.57","1,676.90","1,661.02",455.95M,0.75%
2021-11-04,"1,652.45","1,633.27","1,659.51","1,633.04",454.50M,1.49%
2021-11-03,"1,628.22","1,598.51","1,629.36","1,596.67",364.87M,1.84%
2021-11-02,"1,598.81","1,594.75","1,608.27","1,590.52",383.68M,-0.62%
2021-11-01,"1,608.80","1,595.40","1,609.04","1,585.90",386.84M,1.46%
2021-10-29,"1,585.72","1,562.04","1,586.72","1,557.63",363.39M,-0.02%
2021-10-28,"1,586.11","1,576.52","1,591.85","1,572.65",439.51M,1.37%
2021-10-27,"1,564.73","1,566.76","1,578.87","1,564.23",324.91M,0.24%
2021-10-26,"1,560.96","1,564.99","1,591.29","1,554.51",312.21M,0.24%
2021-10-25,"1,557.28","1,536.99","1,564.36","1,529.43",303.16M,2.11%
2021-10-22,"1,525.03","1,533.14","1,536.51","1,519.09",249.83M,-0.66%
2021-10-21,"1,535.20","1,512.00","1,536.11","1,512.00",295.99M,1.38%
2021-10-20,"1,514.23","1,517.51","1,521.41","1,511.26",294.40M,-0.15%
2021-10-19,"1,516.53","1,523.03","1,523.59","1,514.90",258.90M,-0.29%
2021-10-18,"1,520.90","1,502.46","1,521.77","1,498.62",256.96M,1.20%
2021-10-15,"1,502.87","1,483.50","1,503.21","1,483.50",266.07M,1.76%
2021-10-14,"1,476.89","1,467.85","1,479.66","1,467.85",223.20M,0.99%
2021-10-13,"1,462.48","1,456.17","1,465.66","1,451.44",260.47M,0.57%
2021-10-12,"1,454.24","1,452.28","1,460.05","1,448.31",314.29M,0.68%
2021-10-11,"1,444.38","1,453.13","1,461.04","1,444.23",243.88M,-0.48%
2021-10-08,"1,451.37","1,459.36","1,460.56","1,450.69",308.81M,-0.46%
2021-10-07,"1,458.03","1,445.37","1,463.83","1,445.37",327.23M,1.50%
2021-10-06,"1,436.47","1,424.03","1,437.64","1,416.31",302.87M,0.42%
2021-10-05,"1,430.49","1,425.69","1,443.27","1,425.69",290.23M,0.51%
2021-10-04,"1,423.17","1,441.84","1,443.19","1,418.60",340.42M,-1.07%
2021-10-01,"1,438.51","1,433.59","1,444.39","1,421.07",309.77M,0.62%
2021-09-30,"1,429.69","1,452.90","1,453.39","1,429.45",361.50M,-1.46%
2021-09-29,"1,450.93","1,453.97","1,465.90","1,448.14",280.62M,0.05%
2021-09-28,"1,450.27","1,476.84","1,476.84","1,442.99",341.03M,-2.01%
2021-09-27,"1,479.96","1,466.68","1,484.24","1,465.40",332.67M,0.38%
2021-09-24,"1,474.29","1,467.03","1,475.76","1,459.10",317.41M,0.31%
2021-09-23,"1,469.77","1,460.13","1,475.62","1,460.13",324.49M,1.02%
2021-09-22,"1,454.97","1,442.58","1,460.82","1,440.93",298.89M,1.31%
2021-09-21,"1,436.09","1,442.07","1,447.54","1,432.09",285.45M,0.08%
2021-09-20,"1,434.90","1,453.29","1,453.29","1,416.19",400.91M,-2.37%
2021-09-17,"1,469.69","1,474.24","1,481.34","1,466.46",423.89M,-0.38%
2021-09-16,"1,475.27","1,465.58","1,478.75","1,463.04",283.60M,0.44%
2021-09-15,"1,468.74","1,457.36","1,471.37","1,445.28",318.88M,0.66%
2021-09-14,"1,459.13","1,466.81","1,469.56","1,453.87",309.17M,-0.33%
2021-09-13,"1,463.93","1,469.23","1,469.24","1,451.99",286.28M,0.14%
2021-09-10,"1,461.86","1,478.52","1,479.98","1,461.61",246.39M,-0.57%
2021-09-09,"1,470.27","1,474.08","1,484.23","1,470.17",272.30M,-0.28%
2021-09-08,"1,474.34","1,473.38","1,478.48","1,462.68",265.51M,0.16%
2021-09-07,"1,472.04","1,467.72","1,475.86","1,466.97",275.50M,0.36%
2021-09-03,"1,466.71","1,461.56","1,467.26","1,456.46",233.42M,0.01%
2021-09-02,"1,466.60","1,472.06","1,476.43","1,464.52",242.60M,-0.07%
2021-09-01,"1,467.67","1,473.03","1,477.20","1,466.66",258.34M,-0.03%
2021-08-31,"1,468.09","1,462.98","1,468.53","1,457.34",277.46M,0.37%
2021-08-30,"1,462.61","1,453.42","1,467.91","1,452.36",229.44M,0.92%
2021-08-27,"1,449.28","1,440.00","1,451.40","1,436.67",267.45M,0.90%
2021-08-26,"1,436.34","1,443.94","1,443.99","1,432.73",288.38M,-0.73%
2021-08-25,"1,446.91","1,443.07","1,448.63","1,440.36",252.69M,0.31%
2021-08-24,"1,442.39","1,437.17","1,446.32","1,435.54",298.83M,0.76%
2021-08-23,"1,431.48","1,416.54","1,435.26","1,416.54",291.68M,1.36%
2021-08-20,"1,412.34","1,403.14","1,412.80","1,401.11",255.30M,0.93%
2021-08-19,"1,399.31","1,397.91","1,410.35","1,391.84",322.64M,-0.62%
2021-08-18,"1,408.08","1,405.59","1,422.60","1,404.71",282.12M,0.15%
2021-08-17,"1,406.03","1,425.74","1,425.74","1,395.18",317.74M,-2.31%
2021-08-16,"1,439.24","1,438.66","1,439.95","1,421.24",238.44M,-0.38%
2021-08-13,"1,444.70","1,449.17","1,450.33","1,441.72",219.40M,-0.29%
2021-08-12,"1,448.94","1,447.04","1,449.77","1,437.42",218.83M,0.10%
2021-08-11,"1,447.53","1,449.24","1,450.79","1,441.98",240.05M,0.12%
2021-08-10,"1,445.76","1,442.62","1,450.89","1,440.58",234.03M,0.25%
2021-08-09,"1,442.15","1,444.61","1,445.67","1,438.73",237.44M,-0.13%
2021-08-06,"1,444.09","1,455.82","1,456.59","1,442.56",265.12M,-0.73%
2021-08-05,"1,454.77","1,444.90","1,456.00","1,444.58",330.74M,0.91%
2021-08-04,"1,441.60","1,451.91","1,453.92","1,441.56",388.36M,-0.84%
2021-08-03,"1,453.86","1,446.81","1,454.49","1,435.87",339.30M,0.77%
2021-08-02,"1,442.73","1,449.55","1,452.91","1,440.98",308.89M,0.28%
2021-07-30,"1,438.71","1,438.44","1,452.56","1,435.25",340.28M,-2.77%
2021-07-29,"1,479.77","1,472.94","1,483.79","1,472.34",327.95M,0.85%
2021-07-28,"1,467.37","1,469.81","1,475.40","1,460.96",260.51M,-0.23%
2021-07-27,"1,470.72","1,487.30","1,487.30","1,455.91",264.27M,-1.16%
2021-07-26,"1,487.96","1,478.58","1,488.63","1,474.96",262.81M,0.77%
2021-07-23,"1,476.62","1,468.07","1,478.72","1,465.77",244.03M,0.86%
2021-07-22,"1,464.10","1,455.48","1,465.24","1,453.90",256.80M,0.58%
2021-07-21,"1,455.63","1,448.85","1,455.72","1,446.43",318.33M,0.81%
2021-07-20,"1,443.90","1,421.82","1,447.81","1,416.61",331.69M,1.72%
2021-07-19,"1,419.47","1,417.15","1,419.79","1,403.26",448.95M,-1.13%
2021-07-16,"1,435.67","1,458.83","1,459.96","1,434.38",287.86M,-1.25%
2021-07-15,"1,453.89","1,461.17","1,467.30","1,444.84",294.38M,-0.64%
2021-07-14,"1,463.27","1,469.29","1,475.10","1,461.81",236.14M,-0.17%
2021-07-13,"1,465.77","1,481.87","1,485.38","1,464.32",232.84M,-1.18%
2021-07-12,"1,483.20","1,477.59","1,483.39","1,476.13",230.66M,0.59%
2021-07-09,"1,474.52","1,469.38","1,475.53","1,467.09",253.46M,0.79%
2021-07-08,"1,462.90","1,444.59","1,468.97","1,435.60",294.00M,-0.09%
2021-07-07,"1,464.22","1,470.23","1,473.35","1,454.97",295.05M,-0.01%
2021-07-06,"1,464.35","1,457.11","1,465.57","1,448.84",291.04M,0.75%
2021-07-02,"1,453.51","1,442.26","1,453.64","1,440.44",212.36M,1.08%
2021-07-01,"1,438.01","1,433.94","1,438.90","1,432.52",244.28M,0.43%
2021-06-30,"1,431.82","1,429.97","1,438.87","1,429.46",279.35M,0.04%
2021-06-29,"1,431.18","1,428.43","1,433.56","1,427.00",271.20M,0.23%
2021-06-28,"1,427.93","1,425.20","1,429.06","1,419.99",355.14M,0.27%
2021-06-25,"1,424.04","1,433.31","1,433.93","1,422.00",528.93M,0.31%
2021-06-24,"1,419.67","1,427.16","1,431.79","1,416.62",328.70M,0.09%
2021-06-23,"1,418.42","1,411.94","1,421.36","1,411.80",280.86M,0.62%
2021-06-22,"1,409.61","1,395.83","1,415.18","1,395.83",247.25M,1.04%
2021-06-21,"1,395.05","1,390.49","1,398.83","1,385.85",272.82M,0.53%
2021-06-18,"1,387.66","1,386.09","1,393.25","1,382.69",393.52M,-0.47%
2021-06-17,"1,394.17","1,383.57","1,398.47","1,382.14",369.14M,0.60%
2021-06-16,"1,385.81","1,385.25","1,389.42","1,373.64",304.64M,0.16%
2021-06-15,"1,383.59","1,389.95","1,389.95","1,379.05",244.40M,-0.47%
2021-06-14,"1,390.18","1,388.86","1,392.27","1,382.38",287.00M,0.11%
2021-06-11,"1,388.59","1,383.64","1,388.62","1,381.73",224.82M,0.48%
2021-06-10,"1,381.89","1,375.06","1,382.47","1,373.51",301.56M,0.69%
2021-06-09,"1,372.46","1,381.47","1,384.01","1,372.28",242.68M,-0.46%
2021-06-08,"1,378.83","1,375.08","1,383.03","1,369.61",297.48M,0.96%
2021-06-07,"1,365.69","1,364.64","1,366.63","1,355.48",288.38M,-0.05%
2021-06-04,"1,366.39","1,363.48","1,367.25","1,359.80",366.31M,0.82%
2021-06-03,"1,355.34","1,364.87","1,366.83","1,353.87",428.46M,-1.22%
2021-06-02,"1,372.09","1,378.03","1,378.88","1,366.47",323.32M,-0.40%
2021-06-01,"1,377.60","1,388.67","1,389.08","1,375.44",319.16M,-0.18%
2021-05-28,"1,380.08","1,387.14","1,387.85","1,378.27",377.41M,-0.23%
2021-05-27,"1,383.22","1,383.20","1,387.21","1,379.79",623.12M,0.20%
2021-05-26,"1,380.45","1,374.17","1,386.60","1,373.02",456.94M,0.90%
2021-05-25,"1,368.17","1,369.00","1,374.78","1,358.21",362.83M,0.33%
2021-05-24,"1,363.71","1,354.87","1,369.43","1,353.10",344.82M,1.02%
2021-05-21,"1,349.99","1,364.24","1,365.34","1,348.84",432.26M,-0.59%
2021-05-20,"1,357.97","1,352.20","1,360.53","1,351.25",349.60M,0.95%
2021-05-19,"1,345.15","1,342.01","1,345.41","1,327.73",344.10M,-0.75%
2021-05-18,"1,355.28","1,368.33","1,375.93","1,355.01",331.37M,-0.80%
2021-05-17,"1,366.27","1,364.19","1,369.30","1,354.25",279.72M,-0.03%
2021-05-14,"1,366.70","1,353.24","1,369.07","1,352.55",287.81M,1.80%
2021-05-13,"1,342.55","1,339.46","1,355.16","1,328.49",324.37M,0.69%
2021-05-12,"1,333.34","1,368.65","1,369.53","1,331.17",339.57M,-3.28%
2021-05-11,"1,378.57","1,369.18","1,384.12","1,357.19",361.04M,-0.92%
2021-05-10,"1,391.39","1,416.72","1,416.76","1,391.26",293.21M,-1.95%
2021-05-07,"1,419.11","1,409.46","1,423.62","1,405.98",270.01M,0.80%
2021-05-06,"1,407.91","1,405.51","1,408.94","1,393.19",330.38M,0.32%
2021-05-05,"1,403.43","1,418.55","1,422.06","1,401.24",223.92M,-0.38%
2021-05-04,"1,408.74","1,417.56","1,417.72","1,392.39",333.18M,-1.24%
2021-05-03,"1,426.40","1,441.62","1,443.96","1,424.33",293.22M,-0.66%
2021-04-30,"1,435.89","1,434.96","1,443.38","1,430.36",329.16M,0.30%
2021-04-29,"1,431.56","1,439.01","1,442.07","1,418.54",512.99M,0.11%
2021-04-28,"1,429.92","1,427.39","1,438.78","1,426.28",254.12M,0.00%
2021-04-27,"1,429.92","1,432.46","1,437.02","1,426.70",240.30M,-0.10%
2021-04-26,"1,431.35","1,428.37","1,433.38","1,419.26",240.73M,0.62%
2021-04-23,"1,422.50","1,411.67","1,428.54","1,407.90",242.63M,1.03%
2021-04-22,"1,408.02","1,424.50","1,427.39","1,403.04",323.01M,-1.16%
2021-04-21,"1,424.56","1,400.79","1,424.98","1,398.95",283.44M,1.29%
2021-04-20,"1,406.37","1,420.95","1,422.70","1,396.47",352.35M,-1.22%
2021-04-19,"1,423.77","1,432.69","1,435.18","1,420.20",244.84M,-1.14%
2021-04-16,"1,440.19","1,429.62","1,441.61","1,428.04",247.28M,0.78%
2021-04-15,"1,429.00","1,427.29","1,430.16","1,421.68",237.62M,0.83%
2021-04-14,"1,417.17","1,436.38","1,441.16","1,415.04",267.59M,-1.17%
2021-04-13,"1,434.00","1,423.67","1,437.00","1,421.89",294.01M,1.04%
2021-04-12,"1,419.30","1,410.56","1,420.72","1,409.33",254.95M,0.56%
2021-04-09,"1,411.45","1,394.97","1,411.45","1,392.99",254.40M,1.16%
2021-04-08,"1,395.27","1,394.56","1,399.42","1,388.08",305.53M,0.48%
2021-04-07,"1,388.64","1,388.48","1,396.32","1,386.76",322.79M,-0.07%
2021-04-06,"1,389.56","1,383.61","1,395.41","1,383.17",357.22M,0.33%
2021-04-05,"1,385.00","1,372.07","1,389.36","1,372.07",379.53M,2.28%
2021-04-01,"1,354.13","1,352.31","1,354.88","1,348.49",281.84M,0.99%
2021-03-31,"1,340.91","1,335.16","1,348.86","1,332.77",295.29M,0.83%
2021-03-30,"1,329.93","1,315.53","1,332.72","1,308.48",270.84M,0.75%
2021-03-29,"1,320.01","1,323.84","1,328.64","1,310.22",270.87M,-0.40%
2021-03-26,"1,325.34","1,319.04","1,325.79","1,302.17",305.64M,0.80%
2021-03-25,"1,314.78","1,297.38","1,319.69","1,292.68",361.96M,0.59%
2021-03-24,"1,307.10","1,332.93","1,339.48","1,307.08",379.19M,-1.52%
2021-03-23,"1,327.23","1,337.96","1,345.70","1,324.05",373.96M,-0.72%
2021-03-22,"1,336.81","1,333.50","1,347.58","1,331.62",353.22M,0.65%
2021-03-19,"1,328.16","1,315.22","1,329.77","1,304.28",506.61M,0.80%
2021-03-18,"1,317.66","1,339.86","1,344.73","1,316.38",373.40M,-2.60%
2021-03-17,"1,352.82","1,327.98","1,359.07","1,323.88",381.18M,1.41%
2021-03-16,"1,334.07","1,347.80","1,350.47","1,328.28",386.33M,-0.87%
2021-03-15,"1,345.76","1,330.56","1,345.95","1,325.25",352.85M,1.18%
2021-03-12,"1,330.13","1,313.22","1,330.83","1,310.45",340.17M,0.10%
2021-03-11,"1,328.75","1,325.50","1,334.09","1,318.95",316.73M,1.56%
2021-03-10,"1,308.34","1,317.50","1,326.09","1,299.09",359.80M,0.39%
2021-03-09,"1,303.32","1,282.61","1,312.11","1,276.34",379.27M,3.80%
2021-03-08,"1,255.55","1,263.73","1,283.81","1,255.13",438.68M,-0.19%
2021-03-05,"1,257.91","1,257.89","1,261.13","1,201.65",578.43M,0.72%
2021-03-04,"1,248.92","1,274.73","1,284.42","1,227.41",495.57M,-2.02%
2021-03-03,"1,274.68","1,303.46","1,309.05","1,274.42",420.32M,-2.38%
2021-03-02,"1,305.77","1,323.40","1,327.47","1,305.69",418.82M,-1.27%
2021-03-01,"1,322.61","1,307.53","1,323.94","1,305.71",332.00M,2.17%
2021-02-26,"1,294.47","1,301.37","1,309.21","1,275.36",413.87M,0.58%
2021-02-25,"1,287.06","1,326.77","1,334.88","1,280.77",451.90M,-3.61%
2021-02-24,"1,335.27","1,323.00","1,336.88","1,308.22",476.73M,0.74%
2021-02-23,"1,325.41","1,309.14","1,331.41","1,279.09",499.74M,-0.49%
2021-02-22,"1,331.88","1,348.86","1,351.73","1,331.62",411.43M,-2.15%
2021-02-19,"1,361.14","1,376.97","1,378.12","1,359.65",298.59M,-0.88%
2021-02-18,"1,373.25","1,359.17","1,377.20","1,356.69",244.96M,0.14%
2021-02-17,"1,371.36","1,354.29","1,373.08","1,349.42",317.03M,0.65%
2021-02-16,"1,362.48","1,367.67","1,373.84","1,358.67",319.62M,-0.44%
2021-02-12,"1,368.53","1,359.76","1,368.89","1,355.95",246.50M,0.17%
2021-02-11,"1,366.17","1,372.43","1,377.68","1,359.86",273.77M,-0.30%
2021-02-10,"1,370.33","1,385.95","1,386.26","1,359.42",371.92M,-0.94%
2021-02-09,"1,383.37","1,386.51","1,390.72","1,382.36",340.24M,-0.57%
2021-02-08,"1,391.36","1,392.69","1,395.85","1,382.91",302.05M,0.39%
2021-02-05,"1,385.96","1,374.95","1,391.58","1,374.33",353.07M,0.92%
2021-02-04,"1,373.38","1,367.66","1,373.46","1,360.27",361.88M,0.96%
2021-02-03,"1,360.28","1,378.08","1,378.91","1,360.13",333.17M,-0.76%
2021-02-02,"1,370.76","1,355.27","1,380.95","1,355.27",328.27M,2.00%
2021-02-01,"1,343.85","1,320.69","1,346.05","1,316.52",402.27M,2.77%
2021-01-29,"1,307.64","1,330.81","1,330.81","1,299.75",405.88M,-2.08%
2021-01-28,"1,335.37","1,324.70","1,350.33","1,321.56",444.97M,0.39%
2021-01-27,"1,330.20","1,365.15","1,365.15","1,324.69",483.45M,-3.13%
2021-01-26,"1,373.12","1,376.91","1,377.79","1,367.67",324.77M,0.06%
2021-01-25,"1,372.35","1,373.47","1,383.73","1,346.25",457.27M,0.31%
2021-01-22,"1,368.13","1,366.33","1,370.49","1,361.16",335.41M,-0.32%
2021-01-21,"1,372.53","1,371.61","1,383.03","1,371.61",505.68M,0.55%
2021-01-20,"1,364.99","1,350.25","1,369.09","1,346.39",368.99M,2.26%
2021-01-19,"1,334.81","1,335.59","1,340.45","1,328.99",344.90M,0.58%
2021-01-15,"1,327.14","1,335.29","1,339.27","1,322.52",367.66M,-0.75%
2021-01-14,"1,337.23","1,347.80","1,355.05","1,336.00",391.78M,-0.74%
2021-01-13,"1,347.14","1,346.78","1,352.66","1,340.89",349.03M,0.21%
2021-01-12,"1,344.38","1,332.86","1,349.96","1,331.94",435.45M,1.31%
2021-01-11,"1,327.00","1,334.88","1,341.68","1,324.23",358.08M,-1.89%
2021-01-08,"1,352.53","1,344.06","1,354.32","1,333.93",344.63M,1.80%
2021-01-07,"1,328.67","1,315.94","1,335.03","1,315.94",336.90M,1.80%
2021-01-06,"1,305.21","1,293.23","1,319.88","1,290.85",372.45M,0.51%
2021-01-05,"1,298.65","1,280.56","1,301.78","1,280.56",315.00M,0.84%
2021-01-04,"1,287.85","1,309.64","1,311.15","1,272.76",425.96M,-1.13%
2020-12-31,"1,302.56","1,302.00","1,303.56","1,297.22",249.93M,-0.02%
2020-12-30,"1,302.76","1,303.95","1,306.15","1,300.37",224.67M,0.30%
2020-12-29,"1,298.86","1,301.58","1,304.59","1,291.47",217.64M,0.22%
2020-12-28,"1,296.05","1,288.22","1,301.84","1,282.07",242.88M,1.47%
2020-12-24,"1,277.28","1,276.45","1,279.70","1,274.06",131.40M,0.15%
2020-12-23,"1,275.40","1,274.09","1,280.46","1,269.07",265.80M,0.07%
2020-12-22,"1,274.47","1,276.69","1,277.63","1,263.84",318.53M,-0.36%
2020-12-21,"1,279.10","1,275.65","1,285.87","1,266.90",377.28M,-0.77%
2020-12-18,"1,289.04","1,300.80","1,302.07","1,284.01",481.39M,-0.74%
2020-12-17,"1,298.63","1,299.24","1,300.82","1,293.42",251.09M,0.47%
2020-12-16,"1,292.53","1,282.00","1,295.38","1,280.63",272.17M,1.07%
2020-12-15,"1,278.83","1,275.37","1,279.10","1,266.89",319.69M,1.05%
2020-12-14,"1,265.54","1,270.31","1,281.02","1,265.15",335.73M,0.45%
2020-12-11,"1,259.81","1,259.94","1,263.93","1,249.46",302.50M,-0.29%
2020-12-10,"1,263.45","1,260.36","1,270.81","1,254.05",316.06M,-0.13%
2020-12-09,"1,265.07","1,275.05","1,278.25","1,259.86",355.68M,-0.51%
2020-12-08,"1,271.60","1,267.42","1,272.45","1,259.16",285.70M,-0.05%
2020-12-07,"1,272.18","1,271.04","1,272.98","1,266.59",287.42M,-0.20%
2020-12-04,"1,274.78","1,279.27","1,279.27","1,272.56",321.76M,-0.13%
2020-12-03,"1,276.47","1,275.76","1,283.38","1,274.08",361.90M,0.11%
2020-12-02,"1,275.02","1,278.93","1,279.19","1,268.78",284.52M,-0.70%
2020-12-01,"1,283.97","1,280.77","1,290.14","1,271.86",329.37M,0.99%
2020-11-30,"1,271.42","1,279.47","1,281.59","1,255.01",466.91M,-0.68%
2020-11-27,"1,280.15","1,283.31","1,284.75","1,277.26",189.42M,0.23%
2020-11-25,"1,277.27","1,271.40","1,279.17","1,269.64",385.11M,0.58%
2020-11-24,"1,269.93","1,262.31","1,274.39","1,259.39",443.62M,1.32%
2020-11-23,"1,253.36","1,251.12","1,258.19","1,243.31",349.71M,0.81%
2020-11-20,"1,243.31","1,250.85","1,251.95","1,243.19",324.12M,-0.51%
2020-11-19,"1,249.68","1,243.88","1,251.25","1,240.25",319.73M,0.46%
2020-11-18,"1,243.98","1,250.63","1,260.16","1,243.96",447.81M,-0.78%
2020-11-17,"1,253.70","1,258.50","1,260.57","1,248.25",329.00M,-0.30%
2020-11-16,"1,257.53","1,248.47","1,257.73","1,243.73",462.96M,1.02%
2020-11-13,"1,244.78","1,236.25","1,247.30","1,231.19",434.97M,1.32%
2020-11-12,"1,228.51","1,244.03","1,246.79","1,221.18",380.52M,-1.18%
2020-11-11,"1,243.18","1,233.25","1,246.58","1,231.08",358.97M,1.50%
2020-11-10,"1,224.78","1,231.72","1,235.24","1,214.59",511.74M,-1.11%
2020-11-09,"1,238.56","1,271.03","1,278.88","1,237.70",782.06M,-1.59%
2020-11-06,"1,258.63","1,258.64","1,260.42","1,243.24",251.92M,-0.27%
2020-11-05,"1,262.05","1,257.87","1,271.87","1,255.60",328.57M,2.02%
2020-11-04,"1,237.02","1,219.30","1,247.21","1,219.30",298.28M,3.14%
2020-11-03,"1,199.38","1,185.25","1,206.38","1,178.76",267.87M,2.03%
2020-11-02,"1,175.56","1,183.62","1,186.73","1,160.68",314.11M,0.30%
2020-10-30,"1,172.03","1,196.24","1,198.55","1,163.10",452.55M,-3.00%
2020-10-29,"1,208.30","1,203.69","1,222.75","1,194.77",396.80M,0.91%
2020-10-28,"1,197.42","1,219.84","1,222.61","1,197.21",385.20M,-3.36%
2020-10-27,"1,239.06","1,235.75","1,242.47","1,231.90",258.28M,0.57%
2020-10-26,"1,232.00","1,240.95","1,251.42","1,213.95",323.37M,-1.44%
2020-10-23,"1,249.95","1,243.55","1,250.06","1,233.44",278.60M,0.89%
2020-10-22,"1,238.94","1,239.03","1,242.23","1,222.53",354.04M,0.05%
2020-10-21,"1,238.34","1,245.35","1,252.73","1,233.77",245.11M,-0.63%
2020-10-20,"1,246.19","1,244.40","1,262.40","1,241.31",284.37M,0.66%
2020-10-19,"1,238.00","1,264.69","1,271.03","1,234.96",241.05M,-1.57%
2020-10-16,"1,257.80","1,277.04","1,284.97","1,253.33",258.72M,-0.98%
2020-10-15,"1,270.30","1,249.29","1,273.85","1,247.51",248.25M,0.09%
2020-10-14,"1,269.19","1,289.51","1,291.56","1,263.10",259.48M,-1.43%
2020-10-13,"1,287.57","1,288.24","1,295.19","1,282.00",318.39M,0.03%
2020-10-12,"1,287.14","1,273.17","1,296.42","1,271.04",283.59M,2.15%
2020-10-09,"1,260.08","1,247.86","1,262.31","1,246.34",276.96M,1.50%
2020-10-08,"1,241.47","1,243.73","1,245.10","1,233.59",269.37M,0.44%
2020-10-07,"1,235.99","1,219.95","1,237.65","1,219.95",245.08M,2.47%
2020-10-06,"1,206.24","1,229.32","1,234.83","1,203.77",336.30M,-2.13%
2020-10-05,"1,232.48","1,220.67","1,233.22","1,219.59",229.62M,1.60%
2020-10-02,"1,213.10","1,204.11","1,219.47","1,203.19",263.60M,-1.05%
2020-10-01,"1,226.01","1,222.32","1,227.10","1,213.19",288.10M,1.52%
2020-09-30,"1,207.69","1,202.40","1,223.07","1,200.73",330.15M,0.67%
2020-09-29,"1,199.70","1,209.63","1,210.38","1,199.34",222.33M,-0.79%
2020-09-28,"1,209.21","1,200.21","1,211.40","1,194.56",269.67M,2.18%
2020-09-25,"1,183.40","1,168.07","1,186.99","1,157.26",322.80M,1.57%
2020-09-24,"1,165.13","1,157.37","1,181.81","1,149.79",310.30M,0.13%
2020-09-23,"1,163.66","1,199.07","1,199.31","1,161.29",322.77M,-2.24%
2020-09-22,"1,190.32","1,170.09","1,191.35","1,163.48",285.51M,2.96%
2020-09-21,"1,156.13","1,150.41","1,156.27","1,133.04",362.39M,-1.10%
2020-09-18,"1,169.00","1,188.85","1,190.70","1,156.64",533.56M,-1.44%
2020-09-17,"1,186.13","1,183.80","1,193.11","1,175.60",335.53M,-1.59%
2020-09-16,"1,205.26","1,223.90","1,224.37","1,204.80",338.16M,-1.02%
2020-09-15,"1,217.64","1,215.10","1,220.85","1,208.88",382.69M,1.03%
2020-09-14,"1,205.24","1,211.75","1,219.98","1,201.08",294.47M,0.70%
2020-09-11,"1,196.89","1,209.87","1,212.64","1,185.35",303.54M,-0.32%
2020-09-10,"1,200.68","1,231.21","1,242.62","1,197.64",352.48M,-1.77%
2020-09-09,"1,222.32","1,205.68","1,232.45","1,201.32",320.15M,2.31%
2020-09-08,"1,194.69","1,190.65","1,216.00","1,185.33",428.58M,-2.09%
2020-09-04,"1,220.14","1,233.48","1,246.18","1,181.46",394.02M,-1.41%
2020-09-03,"1,237.57","1,276.25","1,276.66","1,223.22",464.32M,-3.56%
2020-09-02,"1,283.28","1,277.17","1,285.12","1,267.27",309.92M,1.24%
2020-09-01,"1,267.62","1,257.74","1,267.81","1,254.78",273.48M,1.09%
2020-08-31,"1,253.91","1,250.36","1,262.01","1,249.13",313.03M,0.17%
2020-08-28,"1,251.82","1,251.29","1,253.96","1,246.19",352.81M,0.49%
2020-08-27,"1,245.67","1,258.33","1,259.22","1,240.25",349.93M,-0.72%
2020-08-26,"1,254.67","1,238.18","1,256.87","1,236.06",276.98M,1.46%
2020-08-25,"1,236.56","1,230.12","1,237.36","1,222.64",322.16M,0.53%
2020-08-24,"1,230.04","1,222.75","1,232.87","1,219.95",392.98M,1.30%
2020-08-21,"1,214.27","1,211.25","1,215.06","1,207.87",265.30M,0.32%
2020-08-20,"1,210.45","1,201.62","1,214.21","1,199.71",273.12M,0.14%
2020-08-19,"1,208.71","1,218.80","1,221.89","1,207.07",355.83M,-0.72%
2020-08-18,"1,217.44","1,206.89","1,219.55","1,201.74",311.34M,1.46%
2020-08-17,"1,199.92","1,193.94","1,202.13","1,190.87",327.13M,1.21%
2020-08-14,"1,185.62","1,187.98","1,187.99","1,180.32",250.63M,-0.10%
2020-08-13,"1,186.76","1,188.59","1,196.83","1,185.35",253.55M,-0.06%
2020-08-12,"1,187.44","1,178.40","1,189.59","1,176.54",335.16M,1.67%
2020-08-11,"1,167.93","1,177.66","1,185.49","1,165.47",463.70M,-0.64%
2020-08-10,"1,175.40","1,170.54","1,177.07","1,163.12",430.34M,0.68%
2020-08-07,"1,167.41","1,172.07","1,175.88","1,158.48",311.20M,-0.29%
2020-08-06,"1,170.85","1,160.79","1,174.92","1,157.85",384.33M,0.50%
2020-08-05,"1,165.04","1,152.08","1,166.18","1,150.12",344.69M,1.40%
2020-08-04,"1,148.91","1,138.67","1,149.99","1,137.84",335.90M,0.82%
2020-08-03,"1,139.53","1,150.06","1,150.12","1,137.73",331.81M,-0.55%
2020-07-31,"1,145.81","1,160.30","1,160.30","1,135.64",456.16M,1.28%
2020-07-30,"1,131.37","1,121.99","1,138.85","1,116.86",323.47M,0.10%
2020-07-29,"1,130.21","1,126.60","1,132.21","1,123.12",366.78M,1.06%
2020-07-28,"1,118.41","1,131.91","1,133.83","1,117.19",340.94M,-1.23%
2020-07-27,"1,132.31","1,129.84","1,137.55","1,122.41",354.76M,0.87%
2020-07-24,"1,122.55","1,108.56","1,128.31","1,101.47",296.92M,0.33%
2020-07-23,"1,118.87","1,142.60","1,142.60","1,111.97",403.69M,-2.03%
2020-07-22,"1,142.07","1,134.36","1,143.54","1,133.04",318.39M,0.33%
2020-07-21,"1,138.34","1,151.58","1,152.54","1,132.50",351.21M,-0.36%
2020-07-20,"1,142.47","1,112.18","1,144.81","1,110.49",329.48M,3.14%
2020-07-17,"1,107.71","1,119.16","1,119.31","1,103.87",370.81M,-0.67%
2020-07-16,"1,115.20","1,107.14","1,120.05","1,100.71",417.82M,-0.27%
2020-07-15,"1,118.24","1,124.38","1,127.87","1,102.90",564.44M,0.46%
2020-07-14,"1,113.07","1,101.27","1,114.07","1,080.12",396.28M,0.60%
2020-07-13,"1,106.46","1,138.69","1,157.80","1,103.23",416.58M,-1.73%
2020-07-10,"1,125.92","1,115.54","1,127.15","1,105.65",385.32M,1.00%
2020-07-09,"1,114.73","1,111.85","1,117.70","1,091.82",400.55M,0.77%
2020-07-08,"1,106.19","1,093.48","1,106.45","1,088.99",333.72M,1.53%
2020-07-07,"1,089.49","1,103.08","1,108.25","1,089.06",317.82M,-1.72%
2020-07-06,"1,108.60","1,089.20","1,108.61","1,088.70",352.05M,3.21%
2020-07-02,"1,074.07","1,084.03","1,093.21","1,071.60",355.84M,0.39%
2020-07-01,"1,069.88","1,051.54","1,074.05","1,051.52",407.30M,1.76%
2020-06-30,"1,051.42","1,033.75","1,055.38","1,031.27",375.82M,1.73%
2020-06-29,"1,033.56","1,022.53","1,035.25","1,009.70",414.42M,1.33%
2020-06-26,"1,020.03","1,045.27","1,047.59","1,018.48",707.75M,-2.33%
2020-06-25,"1,044.40","1,037.26","1,045.03","1,028.56",428.16M,0.31%
2020-06-24,"1,041.21","1,058.10","1,061.98","1,030.45",491.75M,-1.98%
2020-06-23,"1,062.23","1,060.12","1,068.62","1,057.95",402.36M,1.04%
2020-06-22,"1,051.29","1,039.52","1,051.45","1,035.15",438.33M,1.10%
2020-06-19,"1,039.83","1,058.97","1,058.97","1,036.45",747.00M,-0.45%
2020-06-18,"1,044.50","1,043.42","1,048.54","1,039.99",412.44M,-0.21%
2020-06-17,"1,046.66","1,052.08","1,055.92","1,043.78",423.12M,0.07%
2020-06-16,"1,045.88","1,053.47","1,053.47","1,027.54",595.74M,2.00%
2020-06-15,"1,025.39",996.41,"1,029.24",991.38,553.63M,0.87%
2020-06-12,"1,016.50","1,034.13","1,038.04",996.64,587.92M,0.73%
2020-06-11,"1,009.09","1,031.51","1,047.18","1,008.26",697.72M,-4.91%
2020-06-10,"1,061.21","1,071.40","1,072.78","1,059.13",704.71M,-0.40%
2020-06-09,"1,065.43","1,057.38","1,071.33","1,054.58",570.44M,-0.04%
2020-06-08,"1,065.86","1,056.09","1,066.42","1,056.09",656.86M,1.52%
2020-06-05,"1,049.92","1,045.23","1,054.06","1,043.47",904.03M,2.13%
2020-06-04,"1,028.05","1,032.43","1,037.11","1,022.70",700.73M,-0.55%
2020-06-03,"1,033.72","1,021.16","1,036.51","1,021.16",576.67M,1.56%
2020-06-02,"1,017.85","1,014.38","1,017.85","1,008.86",482.00M,0.63%
2020-06-01,"1,011.44","1,003.80","1,014.12","1,002.63",436.79M,0.91%
2020-05-29,"1,002.29",994.98,"1,002.60",988.72,687.79M,0.68%
2020-05-28,995.55,"1,005.69","1,012.32",993.05,549.84M,-1.05%
2020-05-27,"1,006.07","1,001.23","1,006.12",979.53,681.46M,1.29%
2020-05-26,993.3,"1,005.32","1,006.32",991.67,585.33M,1.11%
2020-05-22,982.39,985,985.45,976.66,443.42M,-0.14%
2020-05-21,983.74,987.75,994.59,974.9,596.92M,-0.16%
2020-05-20,985.3,985.9,987.16,978.87,522.73M,1.41%
2020-05-19,971.57,971.22,987.03,968.94,529.77M,-0.09%
2020-05-18,972.49,962,975.88,962,691.04M,3.20%
2020-05-15,942.3,923.68,942.73,922.91,478.81M,1.06%
2020-05-14,932.38,908.93,932.68,903.56,538.55M,1.31%
2020-05-13,920.32,932.18,938.26,910.66,537.78M,-1.21%
2020-05-12,931.57,956.66,958.15,931.57,372.51M,-2.25%
2020-05-11,953,945.32,959.26,944.02,462.65M,0.10%
2020-05-08,952.09,945.41,952.33,941.56,482.70M,1.66%
2020-05-07,936.51,935.01,939.63,931.96,448.16M,1.34%
2020-05-06,924.1,928.58,930.52,920.38,530.63M,0.31%
2020-05-05,921.2,930.07,932.27,918.72,619.01M,0.35%
2020-05-04,918.01,899.85,918.59,896.23,460.45M,0.69%
2020-05-01,911.72,920.55,928.64,904.39,465.49M,-4.61%
2020-04-30,955.81,950.13,956.96,941.68,615.07M,0.39%
2020-04-29,952.07,945.29,957.48,941.47,664.61M,2.31%
2020-04-28,930.6,946.46,948.83,927.68,585.80M,-0.26%
2020-04-27,933.05,932.77,940.34,929.98,474.28M,1.20%
2020-04-24,922.03,917.87,925.59,909.07,396.04M,1.43%
2020-04-23,909.04,912.64,920.81,905.18,449.45M,0.32%
2020-04-22,906.14,904.25,911.16,899.33,400.36M,2.03%
2020-04-21,888.09,903.17,906.09,879.46,404.51M,-2.66%
2020-04-20,912.37,917.75,929.51,911.07,398.24M,-1.27%
2020-04-17,924.09,918.35,925.42,908.9,512.30M,2.05%
2020-04-16,905.55,895.18,918.02,889.04,411.26M,1.94%
2020-04-15,888.32,879.02,895.66,876.25,419.93M,-1.57%
2020-04-14,902.48,882.93,904.58,879.45,475.60M,4.19%
2020-04-13,866.22,854.12,869.48,845.51,495.71M,1.10%
2020-04-09,856.78,856.57,868.19,848.5,790.75M,1.43%
2020-04-08,844.68,829.16,846.57,824.25,596.10M,2.84%
2020-04-07,821.32,842.82,847.12,819.34,821.75M,1.23%
2020-04-06,811.31,781.36,813.46,778.11,746.83M,7.73%
2020-04-03,753.09,760.55,763.97,744.26,678.11M,-1.47%
2020-04-02,764.32,757.42,774.28,749.03,790.33M,0.35%
2020-04-01,761.66,767.6,778.28,755.22,722.07M,-3.97%
2020-03-31,793.11,803.3,813.57,791.48,765.25M,-1.78%
2020-03-30,807.52,794.37,809.81,783.07,524.74M,2.19%
2020-03-27,790.18,794.15,810.01,782.17,603.04M,-3.37%
2020-03-26,817.74,792.23,819.91,789.44,749.98M,4.30%
2020-03-25,784.01,786.13,812.67,768.28,851.62M,1.10%
2020-03-24,775.51,750.79,775.85,749.39,786.42M,8.64%
2020-03-23,713.84,702.26,726.82,689.34,712.11M,0.35%
2020-03-20,711.34,746.16,761.27,708.68,796.43M,-2.71%
2020-03-19,731.19,706.04,751.9,684.01,705.79M,3.40%
2020-03-18,707.13,710.14,719.21,663.43,788.71M,-4.93%
2020-03-17,743.78,733.74,760.29,692.69,708.61M,4.03%
2020-03-16,714.98,743.82,764.82,713.17,663.41M,-12.08%
2020-03-13,813.24,794.27,813.26,763.12,700.64M,6.08%
2020-03-12,766.6,807.13,813.06,765.93,661.63M,-9.79%
2020-03-11,849.84,879.89,879.89,841.85,580.19M,-5.36%
2020-03-10,897.98,878.73,898.01,852.24,555.63M,5.38%
2020-03-09,852.13,859.98,877.64,845.5,531.72M,-6.18%
2020-03-06,908.3,898.57,912.93,888.86,508.82M,-1.41%
2020-03-05,921.33,939.69,940.92,915.28,432.40M,-3.77%
2020-03-04,957.38,939.14,957.85,930.16,398.49M,3.41%
2020-03-03,925.78,951.33,963.69,916.66,476.10M,-2.32%
2020-03-02,947.78,920.95,947.85,906.8,460.42M,3.50%
2020-02-28,915.77,900.17,917.54,889.83,572.24M,-0.77%
2020-02-27,922.88,942.72,961.46,922.71,532.24M,-4.07%
2020-02-26,962.01,972.93,983.73,959.59,433.47M,-0.69%
2020-02-25,968.73,"1,000.02","1,005.35",966.44,421.78M,-2.60%
2020-02-24,994.64,"1,000.76","1,004.52",989.59,386.38M,-3.53%
2020-02-21,"1,031.02","1,043.05","1,044.23","1,028.13",255.30M,-1.64%
2020-02-20,"1,048.16","1,047.59","1,051.11","1,035.35",258.03M,-0.01%
2020-02-19,"1,048.28","1,047.34","1,052.19","1,046.81",231.59M,0.47%
2020-02-18,"1,043.39","1,039.82","1,046.13","1,036.90",259.68M,0.08%
2020-02-14,"1,042.54","1,047.22","1,048.18","1,039.88",227.26M,-0.17%
2020-02-13,"1,044.33","1,041.36","1,049.13","1,039.74",256.55M,-0.24%
2020-02-12,"1,046.86","1,042.06","1,048.04","1,041.33",320.42M,0.99%
2020-02-11,"1,036.64","1,033.05","1,042.22","1,030.62",313.29M,0.77%
2020-02-10,"1,028.76","1,015.81","1,028.78","1,015.66",251.33M,1.26%
2020-02-07,"1,016.00","1,014.20","1,021.27","1,011.05",303.35M,-0.29%
2020-02-06,"1,018.97","1,022.71","1,022.71","1,018.43",279.31M,-0.16%
2020-02-05,"1,020.57","1,022.54","1,023.86","1,013.72",390.01M,0.50%
2020-02-04,"1,015.54","1,009.65","1,019.85","1,009.30",342.30M,1.76%
2020-02-03,997.96,997.1,"1,011.07",997.1,297.06M,0.60%
2020-01-31,992.01,"1,011.13","1,011.46",989.87,341.66M,0.82%
2020-01-30,983.92,978.37,984.56,975.71,260.47M,-0.07%
2020-01-29,984.65,987.49,992.43,984.05,275.05M,-0.06%
2020-01-28,985.22,979.4,988.71,976.59,300.72M,0.98%
2020-01-27,975.64,970.69,980.47,967.86,276.97M,-1.53%
2020-01-24,990.75,"1,006.19","1,006.91",985.94,250.15M,-1.33%
2020-01-23,"1,004.12",999.31,"1,005.61",993.22,263.22M,0.12%
2020-01-22,"1,002.92","1,007.58","1,010.82","1,002.19",200.07M,-0.10%
2020-01-21,"1,003.97","1,001.66","1,004.32",997.45,274.99M,-0.17%
2020-01-17,"1,005.68","1,004.89","1,007.17","1,003.60",239.55M,0.28%
2020-01-16,"1,002.85",999.89,"1,002.90",998.9,210.34M,0.90%
2020-01-15,993.95,994.43,997.68,991.42,243.97M,-0.26%
2020-01-14,996.51,996.04,999.44,993.8,207.27M,-0.12%
2020-01-13,997.67,996.55,999.09,993.64,212.12M,0.32%
2020-01-10,994.48,"1,001.63","1,001.63",993.26,209.55M,-0.54%
2020-01-09,999.92,999.39,"1,003.75",997.45,271.44M,0.56%
2020-01-08,994.37,991.48,"1,000.49",990.95,263.55M,0.15%
2020-01-07,992.87,992.75,994.83,988.52,250.76M,-0.13%
2020-01-06,994.12,983.76,994.17,983.29,246.05M,0.37%
2020-01-03,990.5,986,993.41,985.95,211.47M,-0.85%
2020-01-02,999.01,993.05,999.01,989.11,243.74M,1.29%
2019-12-31,986.29,983.04,986.88,981.6,158.44M,0.15%
2019-12-30,984.82,992.64,993.59,982.99,165.99M,-0.72%
2019-12-27,991.94,994.9,997.74,990.41,147.11M,0.05%
2019-12-26,991.42,979.8,991.52,979.8,139.37M,1.43%
2019-12-24,977.43,976.3,978.67,976.3,72.27M,0.13%
2019-12-23,976.16,978.69,979.27,975.3,198.80M,-0.13%
2019-12-20,977.43,979.35,979.7,976.33,393.50M,0.12%
2019-12-19,976.28,972.09,976.78,970.8,240.05M,0.36%
2019-12-18,972.81,974.66,975.94,971.71,262.86M,0.00%
2019-12-17,972.84,969.41,973.5,969.41,227.35M,0.55%
2019-12-16,967.51,967.04,969.55,965.66,264.30M,0.43%
2019-12-13,963.4,963.82,965.28,958.92,221.77M,0.04%
2019-12-12,963.02,956.22,964.91,954.86,255.18M,0.87%
2019-12-11,954.67,953.05,955.02,949.58,199.11M,0.30%
2019-12-10,951.86,954.18,955.8,950.47,201.48M,-0.21%
2019-12-09,953.89,952.52,957.38,952.35,211.31M,0.07%
2019-12-06,953.2,952.13,955.14,952.13,216.29M,0.81%
2019-12-05,945.56,950.18,950.24,944.01,215.03M,-0.22%
2019-12-04,947.67,946.3,951.86,946.3,227.64M,0.40%
2019-12-03,943.85,944.52,944.53,938.13,242.44M,-1.01%
2019-12-02,953.48,962.71,963.01,950.69,230.60M,-0.76%
2019-11-29,960.79,967.57,968.91,960.38,109.24M,-0.77%
2019-11-27,968.21,962.3,968.7,961.55,227.57M,0.83%
2019-11-26,960.24,952.09,960.35,952.09,354.94M,0.81%
2019-11-25,952.54,947.89,953.06,947.89,267.27M,0.89%
2019-11-22,944.15,941.19,944.28,939.28,262.75M,0.65%
2019-11-21,938.08,943.57,945.26,937.1,289.24M,-0.52%
2019-11-20,943,945.68,949.43,938.38,301.96M,-0.28%
2019-11-19,945.67,952.17,952.42,942.94,279.49M,-0.97%
2019-11-18,954.93,951.71,955.22,948.43,234.28M,0.34%
2019-11-15,951.74,954.2,954.58,949.71,215.01M,0.15%
2019-11-14,950.36,947.17,952.26,946.33,191.15M,0.35%
2019-11-13,947.05,948.36,949.36,944.48,208.35M,-0.38%
2019-11-12,950.7,952.89,955.52,948.99,225.13M,-0.08%
2019-11-11,951.46,950.15,951.75,948.4,177.53M,-0.27%
2019-11-08,954.04,955.31,955.33,950.08,227.72M,0.03%
2019-11-07,953.78,961.78,962.46,952.61,264.48M,-0.56%
2019-11-06,959.19,959.87,959.87,954.94,244.06M,0.06%
2019-11-05,958.64,958.28,960.62,954.83,273.06M,0.14%
2019-11-04,957.26,958.42,960.93,956.05,308.55M,0.11%
2019-11-01,956.17,955.12,956.97,953.11,238.07M,0.65%
2019-10-31,950.01,953.99,956.2,945.91,237.96M,-0.46%
2019-10-30,954.41,947.59,954.83,944.84,221.68M,0.60%
2019-10-29,948.69,953.63,954.77,948.25,213.34M,-0.59%
2019-10-28,954.33,952.16,955.94,950.88,230.35M,0.38%
2019-10-25,950.76,937.23,953.54,937.21,224.08M,-0.21%
2019-10-24,952.78,953.91,955.18,949.76,300.46M,0.05%
2019-10-23,952.26,955.81,955.99,949.27,210.78M,-0.43%
2019-10-22,956.37,962.1,962.12,955.86,218.33M,-0.72%
2019-10-21,963.29,962.87,966.29,960.48,195.62M,0.47%
2019-10-18,958.79,960.89,962.56,955.16,240.10M,-0.32%
2019-10-17,961.9,964.35,966.04,960.42,172.84M,0.32%
2019-10-16,958.85,955.34,960.42,955.34,177.54M,0.41%
2019-10-15,954.96,948.38,957.38,948.31,180.60M,0.96%
2019-10-14,945.88,944.41,948.01,943.32,159.31M,-0.06%
2019-10-11,946.48,946.02,954.27,945.53,217.83M,1.15%
2019-10-10,935.74,931.55,939.72,930.86,192.10M,0.53%
2019-10-09,930.77,928.7,933.57,926.52,157.15M,0.89%
2019-10-08,922.52,925.86,932.56,922.49,204.66M,-1.14%
2019-10-07,933.12,934.12,938.64,930.24,192.23M,-0.44%
2019-10-04,937.22,929.56,937.43,929.23,180.78M,0.97%
2019-10-03,928.25,922.22,928.29,911.12,235.28M,0.54%
2019-10-02,923.3,934.36,934.36,919.17,286.44M,-1.77%
2019-10-01,939.96,949.49,953.43,939.76,218.37M,-0.77%
2019-09-30,947.27,941.04,948.49,940.31,184.01M,0.84%
2019-09-27,939.36,946.27,946.41,934.34,188.71M,-0.37%
2019-09-26,942.86,948.55,949.22,938.88,193.25M,-0.56%
2019-09-25,948.15,942.77,949.56,935.24,195.83M,0.97%
2019-09-24,939.04,954.84,957.86,936.86,217.03M,-1.19%
2019-09-23,950.35,944.79,953.02,944.11,184.61M,0.23%
2019-09-20,948.16,959.66,963.4,947.92,300.03M,-1.17%
2019-09-19,959.36,962.84,964.64,958.79,176.59M,-0.22%
2019-09-18,961.5,961.36,962.27,951.96,185.74M,-0.07%
2019-09-17,962.16,953.32,962.42,952.84,223.96M,0.60%
2019-09-16,956.4,961.83,962.66,954.93,229.45M,-1.31%
2019-09-13,969.05,972.59,974.44,968.14,203.29M,-0.19%
2019-09-12,970.88,970.06,976.5,968.62,230.86M,0.52%
2019-09-11,965.83,962.87,968.06,959.56,237.69M,0.16%
2019-09-10,964.29,964.21,964.29,954.71,306.46M,-0.38%
2019-09-09,967.99,968.12,970.98,965.17,252.12M,0.30%
2019-09-06,965.06,964.28,967.69,962.14,192.50M,0.21%
2019-09-05,963.01,953.85,964.25,953.85,242.26M,1.90%
2019-09-04,945.05,941.09,946.34,937.82,211.46M,0.86%
2019-09-03,936.98,935.8,942.43,933.19,211.22M,-0.37%
2019-08-30,940.47,948.83,949.23,937.21,206.95M,-0.56%
2019-08-29,945.77,941.26,947.63,940.35,224.58M,1.48%
2019-08-28,932.02,919.71,932.82,917.89,216.74M,1.09%
2019-08-27,921.94,930.39,930.8,919.81,211.40M,-0.41%
2019-08-26,925.72,924.33,925.86,916.93,203.88M,1.02%
2019-08-23,916.38,935.18,939.97,913.46,296.73M,-2.75%
2019-08-22,942.34,945.21,947.64,936.48,250.79M,-0.06%
2019-08-21,942.92,939.72,943.01,938.82,264.25M,1.83%
2019-08-20,926,926.76,932.23,924.43,232.65M,-0.08%
2019-08-19,926.72,927.83,929.48,924.18,211.27M,1.25%
2019-08-16,915.32,911.34,917.14,909.46,199.72M,1.09%
2019-08-15,905.42,910.63,912.79,897.92,278.43M,-0.08%
2019-08-14,906.1,922.24,922.24,905.39,328.39M,-3.14%
2019-08-13,935.46,918.13,942.91,916,236.89M,1.71%
2019-08-12,919.71,926.92,927.77,916.26,142.48M,-1.43%
2019-08-09,933.03,940.25,941.85,928.5,197.53M,-0.97%
2019-08-08,942.18,930.38,942.49,929.58,223.70M,1.98%
2019-08-07,923.86,913.8,925.54,906.62,235.66M,0.31%
2019-08-06,920.96,913.86,922.21,907.91,249.28M,1.46%
2019-08-05,907.67,917.44,917.44,900.89,280.42M,-2.73%
2019-08-02,933.12,937.97,939.13,929.08,242.58M,-0.91%
2019-08-01,941.7,955.65,965.33,938.09,328.54M,-1.30%
2019-07-31,954.09,965.54,965.82,945.43,292.58M,-1.18%
2019-07-30,965.48,965.45,968.46,963.33,228.96M,-0.69%
2019-07-29,972.17,975.3,975.3,967.76,205.53M,-0.58%
2019-07-26,977.85,974.98,978.8,971.96,232.42M,0.22%
2019-07-25,975.69,979.12,981.56,974.81,306.28M,-0.63%
2019-07-24,981.91,971.5,982.05,971.5,232.98M,0.54%
2019-07-23,976.68,975.29,976.89,969.17,267.71M,0.58%
2019-07-22,971.08,971.72,973.04,966.49,202.64M,0.16%
2019-07-19,969.52,979.45,980.76,969.3,209.74M,-0.70%
2019-07-18,976.38,974.84,977.96,968.89,207.69M,-0.22%
2019-07-17,978.51,986.51,987.24,978.49,185.63M,-0.90%
2019-07-16,987.4,986.16,990.11,984.37,188.96M,-0.18%
2019-07-15,989.17,988.35,989.49,983.7,176.96M,0.34%
2019-07-12,985.83,978.28,986.17,978.28,189.29M,1.06%
2019-07-11,975.46,977.65,979.63,973.36,170.55M,0.16%
2019-07-10,973.86,973.19,975.58,969.21,188.24M,0.39%
2019-07-09,970.09,963.32,970.91,962.8,191.05M,0.33%
2019-07-08,966.92,962.16,967.69,961.23,170.92M,0.19%
2019-07-05,965.13,959.55,966.22,956.98,144.78M,0.12%
2019-07-03,964.02,957.73,964.02,957.73,119.23M,0.75%
2019-07-02,956.88,953.44,956.89,948.99,181.69M,0.32%
2019-07-01,953.84,955.15,961.26,949.94,230.41M,0.87%
2019-06-28,945.58,944.73,947.44,943.21,291.52M,0.25%
2019-06-27,943.24,939.83,944.48,939.42,213.24M,0.59%
2019-06-26,937.7,937.44,940.77,936.46,207.35M,0.41%
2019-06-25,933.85,945.38,946.15,932.54,243.50M,-1.07%
2019-06-24,943.98,948.42,949.87,943.43,203.76M,-0.51%
2019-06-21,948.84,951.77,954.08,948.2,315.52M,-0.36%
2019-06-20,952.29,952.71,955.22,945.29,215.21M,0.66%
2019-06-19,946.09,945.38,947.91,939.37,201.08M,0.24%
2019-06-18,943.84,942.9,950.4,942.49,210.05M,0.75%
2019-06-17,936.83,937.52,940.3,936.14,174.52M,0.10%
2019-06-14,935.89,932.37,937.73,931.76,,0.24%
2019-06-13,933.63,928.75,935.51,928.66,,0.90%
2019-06-12,925.32,925.21,929.68,923.93,,-0.11%
2019-06-11,926.32,930.67,934.95,922.93,,0.33%
2019-06-10,923.23,919.98,931.73,918.4,,1.05%
2019-06-07,913.6,903.22,916.15,902.53,,1.58%
2019-06-06,899.4,894.37,901.77,890.95,,0.49%
2019-06-05,894.97,896.75,896.75,886.02,,0.44%
2019-06-04,891.08,874.69,891.32,874.69,,2.63%
2019-06-03,868.21,876.35,878.52,862.89,,-1.18%
2019-05-31,878.54,879.5,883.17,876.51,,-1.44%
2019-05-30,891.34,889.22,894.56,888.24,,0.51%
2019-05-29,886.86,889.21,890.08,880.61,,-0.88%
2019-05-28,894.77,902.09,906.99,893.64,,-0.49%
2019-05-24,899.17,902.95,904.58,895.52,,0.14%
2019-05-23,897.92,903.01,903.01,893.27,,-1.34%
2019-05-22,910.1,912.69,915.66,909.01,,-0.90%
2019-05-21,918.37,915.1,921.01,912.3,,0.57%
2019-05-20,913.17,913.76,915.92,909.09,,-0.69%
2019-05-17,919.56,921.02,931.62,919.15,,-0.80%
2019-05-16,926.99,921.2,932.57,921.2,,1.00%
2019-05-15,917.78,905.75,919.8,903.64,,0.78%
2019-05-14,910.67,906.52,915.65,901.82,,0.87%
2019-05-13,902.79,913.81,913.81,899.58,,-2.95%
2019-05-10,930.2,928.12,934.62,913.39,,0.05%
2019-05-09,929.78,926.46,932.89,919.24,,-0.43%
2019-05-08,933.77,932.6,939.54,929.48,,-0.07%
2019-05-07,934.39,942.43,944.86,927.07,,-1.46%
2019-05-06,948.21,939.38,950.07,938.16,,-0.64%
2019-05-03,954.28,950.71,955.88,948.43,,1.40%
2019-05-02,941.13,942.31,945.63,934.52,,-0.03%
2019-05-01,941.37,953.54,953.98,941.28,,-1.13%
2019-04-30,952.14,951.88,953.32,944.84,,-0.20%
2019-04-29,954.06,957.18,958.2,953.06,,-0.35%
2019-04-26,957.39,953.51,957.39,946.41,,0.93%
2019-04-25,948.6,953.63,953.63,945.4,,-0.48%
2019-04-24,953.13,954.14,958.01,952.85,,-0.03%
2019-04-23,953.4,944.29,955.4,943.85,,1.22%
2019-04-22,941.93,940.46,944.78,937.75,,-0.22%
2019-04-18,943.97,945.41,946.56,941.47,,-0.05%
2019-04-17,944.47,945.74,947.96,943.88,,0.19%
2019-04-16,942.64,940.56,944.11,940.56,,0.48%
2019-04-15,938.16,936.42,938.62,931.75,,0.21%
2019-04-12,936.24,934.21,938.18,934.21,,0.55%
2019-04-11,931.13,930.9,931.42,928.74,,0.12%
2019-04-10,929.98,927.12,930.15,923.5,,0.49%
2019-04-09,925.47,930.85,930.9,923.98,,-0.90%
2019-04-08,933.91,928.85,934.05,927.87,,0.39%
2019-04-05,930.29,926.76,930.95,926.65,,0.63%
2019-04-04,924.49,919.02,924.69,918.41,,0.71%
2019-04-03,917.99,916.17,921.18,914.41,,0.71%
2019-04-02,911.54,911.55,912.64,908.75,,-0.03%
2019-04-01,911.77,907.7,912.08,906.3,,1.17%
2019-03-29,901.2,900.9,902.9,899.16,,0.52%
2019-03-28,896.58,894.81,900.24,891.65,,0.58%
2019-03-27,891.42,894.66,898.43,885.83,,-0.26%
2019-03-26,893.71,895.18,900.11,889.14,,0.44%
2019-03-25,889.79,882.34,893.62,882.34,,0.56%
2019-03-22,884.84,898.54,901.35,884.69,,-2.05%
2019-03-21,903.38,890.87,904.26,890.77,,1.32%
2019-03-20,891.57,889.73,895.33,882.57,,0.37%
2019-03-19,888.26,887.56,896.14,885.19,,0.50%
2019-03-18,883.85,875.85,884.63,875.85,,1.05%
2019-03-15,874.67,872.07,875.65,868.37,,0.71%
2019-03-14,868.5,871.09,871.09,867.01,,-0.31%
2019-03-13,871.21,870.39,876.15,869.88,,0.39%
2019-03-12,867.86,866.83,869.72,864.14,,0.23%
2019-03-11,865.85,855.02,866.61,855.02,,1.53%
2019-03-08,852.82,851.01,853.13,846.06,,-0.66%
2019-03-07,858.46,868.17,868.38,855.8,,-1.37%
2019-03-06,870.42,876.78,879.46,870.2,,-0.56%
2019-03-05,875.33,876.92,879.32,874.08,,0.20%
2019-03-04,873.56,878.5,880.91,866.88,,-0.16%
2019-03-01,874.97,874.73,877.42,868.74,,0.92%
2019-02-28,867.03,867.03,869.78,863.39,,-0.56%
2019-02-27,871.93,871.82,874.15,865.49,,-0.04%
2019-02-26,872.28,868.6,873.51,866.64,,0.15%
2019-02-25,870.98,878.18,880.05,870.63,,-0.31%
2019-02-22,873.67,870.74,874.09,869.97,,0.58%
2019-02-21,868.61,869.02,871.29,865.31,,-0.20%
2019-02-20,870.36,869.7,872.61,867.04,,0.14%
2019-02-19,869.17,863.27,871.86,863.23,,0.47%
2019-02-15,865.07,864.74,867.41,863.02,,0.52%
2019-02-14,860.57,858.98,865.52,853.17,,-0.44%
2019-02-13,864.37,862.11,866.37,860.58,,0.62%
2019-02-12,859.06,849.35,859.72,849.03,,1.66%
2019-02-11,845.04,846.46,848.84,843.65,,0.18%
2019-02-08,843.51,842.1,843.52,837.06,,-0.51%
2019-02-07,847.81,848.04,850.57,840.44,,-0.87%
2019-02-06,855.28,861.56,861.69,852.12,,-0.51%
2019-02-05,859.7,854.84,861.18,854.59,,0.96%
2019-02-04,851.55,845.67,851.55,843.56,,0.64%
2019-02-01,846.16,848.86,855.64,844.19,,-1.77%
2019-01-31,861.45,853.99,864.92,850.65,,1.09%
2019-01-30,852.16,840.54,854.8,840.48,,2.16%
2019-01-29,834.14,839.68,839.84,829.52,,-0.82%
2019-01-28,841.03,839.21,841.03,832.6,,-0.72%
2019-01-25,847.09,847.24,849.97,845.2,,1.05%
2019-01-24,838.3,834.52,838.88,832.42,,0.53%
2019-01-23,833.87,836.9,839.03,824.23,,0.22%
2019-01-22,832.01,842.55,844.14,825.03,,-1.79%
2019-01-18,847.21,843.88,850.99,841.57,,1.30%
2019-01-17,836.35,827.43,838.68,826.44,,0.68%
2019-01-16,830.72,833.06,837.82,830.22,,-0.16%
2019-01-15,832.03,823.83,833.04,822.78,,1.13%
2019-01-14,822.7,820.27,829.28,816.68,,-0.68%
2019-01-11,828.34,825.31,831.02,823.3,,-0.03%
2019-01-10,828.59,821.14,829.38,816.77,,-0.23%
2019-01-09,830.53,827.03,834.08,823.29,,0.46%
2019-01-08,826.69,828.03,831.21,814.22,,1.14%
2019-01-07,817.35,804.03,821.91,803.38,,2.36%
2019-01-04,798.52,781.56,804.07,780.65,,3.50%
2019-01-03,771.54,783.19,784.78,770.51,,-2.18%
2019-01-02,788.75,768.82,793.26,766.81,,0.93%
2018-12-31,781.5,780.55,785.14,774.07,,1.09%
2018-12-28,773.06,774.6,785.22,765.53,,0.30%
2018-12-27,770.75,761.44,770.91,740.91,,0.24%
2018-12-26,768.89,729.77,768.93,729.47,,6.28%
2018-12-24,723.47,731.04,741.27,720.44,,-2.02%
2018-12-21,738.36,761.59,770.16,735.78,,-2.58%
2018-12-20,757.9,770.87,774.95,747.6,,-2.25%
2018-12-19,775.35,793.3,806.84,771.48,,-2.23%
2018-12-18,793.03,791.58,800.65,786.33,,1.03%
2018-12-17,784.91,800,804.6,779.71,,-2.82%
2018-12-14,807.72,815.77,822.64,805.31,,-1.97%
2018-12-13,823.98,831.59,834.08,819.17,,-0.44%
2018-12-12,827.61,826.84,838.79,826.61,,1.05%
2018-12-11,818.98,830.39,833.36,812.59,,0.04%
2018-12-10,818.62,816.76,822.67,801.14,,0.13%
2018-12-07,817.53,842.5,849.06,815.98,,-3.08%
2018-12-06,843.47,823.3,843.48,818.66,,0.61%
2018-12-04,838.35,868.12,872.36,837.36,,-3.91%
2018-12-03,872.44,873.82,876.4,866.85,,2.21%
2018-11-30,853.59,846.86,854.79,844.75,,0.69%
2018-11-29,847.71,851.22,853.34,842.28,,-0.43%
2018-11-28,851.37,830.7,851.84,826.15,,3.23%
2018-11-27,824.77,819.25,826.23,816.82,,0.24%
2018-11-26,822.81,811.91,823.84,811.62,,2.59%
2018-11-23,802.04,803.72,807.53,801.99,,-0.44%
2018-11-21,805.62,808.5,813.44,804.96,,1.00%
2018-11-20,797.62,788.79,809.74,786.69,,-2.18%
2018-11-19,815.36,835.13,837.53,812.76,,-2.71%
2018-11-16,838.11,832.98,841.04,829.35,,-0.54%
2018-11-15,842.66,835.61,844.65,820.37,,0.01%
2018-11-14,842.58,857.62,864.06,840.52,,-0.94%
2018-11-13,850.61,853.06,860.44,847.02,,-0.03%
2018-11-12,850.89,868.87,871.1,849.42,,-2.31%
2018-11-09,871.01,879.44,880.26,866.75,,-1.50%
2018-11-08,884.23,881.59,889.16,877.29,,0.04%
2018-11-07,883.91,864.22,884.61,862.56,,3.12%
2018-11-06,857.13,851.48,859.9,850.6,,0.54%
2018-11-05,852.52,852.66,854.64,843.32,,-0.18%
2018-11-02,854.04,858.57,864.89,845.36,,0.41%
2018-11-01,850.53,836.45,851.87,831.41,,2.23%
2018-10-31,831.97,831.18,841.1,829.03,,1.63%
2018-10-30,818.63,802.14,819.45,800.67,,1.23%
2018-10-29,808.68,830.81,835.6,795.27,,-1.53%
2018-10-26,821.21,824.51,834.7,811.5,,-3.55%
2018-10-25,851.45,833.42,856.22,830.82,,3.41%
2018-10-24,823.39,851.57,855.06,821.89,,-3.31%
2018-10-23,851.57,839.99,854.46,832.49,,-0.11%
2018-10-22,852.55,853.47,857.4,846.91,,0.48%
2018-10-19,848.51,857.94,862.33,845.3,,-0.89%
2018-10-18,856.17,872.22,873.1,853.83,,-2.11%
2018-10-17,874.58,880.92,880.92,865.52,,-0.69%
2018-10-16,880.65,867.69,881.76,863.16,,2.22%
2018-10-15,861.52,866.04,869.02,856.6,,-0.47%
2018-10-12,865.58,866.94,870.91,852.87,,2.15%
2018-10-11,847.38,861.34,868.05,838.63,,-1.70%
2018-10-10,862,895.14,895.14,861.81,,-3.74%
2018-10-09,895.51,896.46,906.98,894.51,,-0.23%
2018-10-08,897.55,893.83,902.79,887.16,,0.04%
2018-10-05,897.19,905.72,908.45,889.2,,-0.78%
2018-10-04,904.26,917.86,918.98,900.82,,-1.60%
2018-10-03,918.97,926.33,928.77,918.96,,-0.43%
2018-10-02,922.97,935.68,935.76,922.97,,-1.43%
2018-10-01,936.39,943.72,946.29,936.39,,-0.20%
2018-09-28,938.23,938.3,943.37,937.38,,-0.13%
2018-09-27,939.41,935.61,941.71,934.74,,0.54%
2018-09-26,934.36,933.32,941.86,931.86,,0.20%
2018-09-25,932.54,929.46,932.89,927.8,,0.59%
2018-09-24,927.08,927.9,928.5,920.96,,-0.57%
2018-09-21,932.39,936.99,940.35,930.86,,-0.28%
2018-09-20,935.01,933.08,936.77,931.56,,0.66%
2018-09-19,928.87,929.97,931.18,925.07,,0.03%
2018-09-18,928.58,918.08,929.62,917.86,,1.27%
2018-09-17,916.92,926.64,926.64,916.15,,-1.27%
2018-09-14,928.72,932.75,933.59,924.79,,-0.29%
2018-09-13,931.39,932.7,935.11,930.01,,0.07%
2018-09-12,930.72,929.6,931.08,922.69,,0.22%
2018-09-11,928.69,919.48,929.38,917.88,,0.82%
2018-09-10,921.12,923.28,925.03,919.07,,0.35%
2018-09-07,917.89,914,923.72,913.53,,-0.03%
2018-09-06,918.19,923.72,925.92,914.26,,-0.33%
2018-09-05,921.26,930.27,930.27,920.45,,-1.10%
2018-09-04,931.51,929.22,933.1,924.62,,0.25%
2018-08-31,929.23,925.55,931.03,925.55,,0.37%
2018-08-30,925.79,929.1,931.34,922.91,,-0.61%
2018-08-29,931.43,923.17,931.9,921.71,,1.12%
2018-08-28,921.11,921.74,922.5,918.06,,0.18%
2018-08-27,919.46,918.17,920.92,917.47,,0.70%
2018-08-24,913.06,908.96,914.7,908.78,,0.59%
2018-08-23,907.67,909.94,913.13,906.64,,-0.19%
2018-08-22,909.36,908.83,913.66,908.28,,0.12%
2018-08-21,908.3,903.49,911.33,903.39,,0.89%
2018-08-20,900.29,896.96,901.64,895.28,,0.62%
2018-08-17,894.78,893.26,896.33,888.74,,0.12%
2018-08-16,893.72,895.24,898.35,893.04,,0.45%
2018-08-15,889.71,895.74,895.74,884.46,,-1.22%
2018-08-14,900.68,896.58,901.97,894.32,,0.95%
2018-08-13,892.17,897.96,899.97,891.92,,-0.51%
2018-08-10,896.78,899.62,900.83,894.46,,-0.82%
2018-08-09,904.24,899.27,907.41,899.17,,0.38%
2018-08-08,900.79,899.91,902.32,897.93,,0.12%
2018-08-07,899.7,896.92,901.34,896.16,,0.44%
2018-08-06,895.72,890.37,896.88,888.19,,0.67%
2018-08-03,889.73,888.69,891.23,887.08,,0.33%
2018-08-02,886.78,878.19,887.46,875.41,,0.63%
2018-08-01,881.23,884.05,886.92,877.16,,-0.44%
2018-07-31,885.15,882.76,888.9,878.86,,0.44%
2018-07-30,881.28,888.61,889.71,878.7,,-0.78%
2018-07-27,888.25,901.88,902.52,884.49,,-0.27%
2018-07-26,890.68,894.15,897.3,888.72,,-0.50%
2018-07-25,895.18,887.16,895.35,883.59,,0.69%
2018-07-24,889.02,897.01,898.28,886.73,,-0.28%
2018-07-23,891.51,891.92,893.26,886.85,,-0.10%
2018-07-20,892.43,896.74,897.96,892.11,,-0.45%
2018-07-19,896.45,896.31,901.79,895.95,,-0.21%
2018-07-18,898.35,899.49,901.83,895.8,,-0.08%
2018-07-17,899.06,888.1,901.19,888.06,,0.10%
2018-07-16,898.17,898.14,899.79,894.96,,0.19%
2018-07-13,896.45,894.3,897.54,893.08,,0.25%
2018-07-12,894.21,890.21,894.77,887.84,,0.67%
2018-07-11,888.23,886.39,890.03,884.08,,-0.23%
2018-07-10,890.26,888.77,891.14,886.25,,0.22%
2018-07-09,888.27,882.62,888.34,881.57,,1.17%
2018-07-06,878.01,871.31,879.1,869.5,,0.77%
2018-07-05,871.29,870.74,872.54,864.51,,0.56%
2018-07-03,866.45,874.29,875.28,865.61,,-0.60%
2018-07-02,871.65,863.56,871.67,861.64,,0.16%
2018-06-29,870.23,874.58,878.65,870.23,,0.17%
2018-06-28,868.77,863.44,870.85,858.73,,0.76%
2018-06-27,862.22,876.67,880.26,862.22,,-1.29%
2018-06-26,873.46,870.53,876.24,868.22,,0.68%
2018-06-25,867.52,881.99,882.23,862.38,,-2.18%
2018-06-22,886.81,892.64,893.14,886.1,,-0.14%
2018-06-21,888.02,895.7,896.44,886.67,,-0.70%
2018-06-20,894.32,895.18,897.11,891.43,,0.48%
2018-06-19,890.09,884.54,890.22,881.92,,-0.15%
2018-06-18,891.39,886.72,893.41,885.6,,-0.19%
2018-06-15,893.11,889.06,893.29,886.73,,0.24%
2018-06-14,891.01,885.69,891.51,885.69,,1.01%
2018-06-13,882.08,881.74,886.9,880.76,,0.13%
2018-06-12,880.9,878.32,882.5,877.71,,0.50%
2018-06-11,876.48,873.72,878.64,873.55,,0.34%
2018-06-08,873.51,869.24,874.2,867.72,,0.25%
2018-06-07,871.3,871.46,874.61,868.65,,0.18%
2018-06-06,869.77,863.17,869.77,859.59,,1.01%
2018-06-05,861.09,856.04,861.95,855.07,,0.57%
2018-06-04,856.18,849.98,856.36,849.29,,1.13%
2018-06-01,846.58,843.87,847.47,843.47,,0.69%
2018-05-31,840.76,845.06,845.27,838.04,,-0.47%
2018-05-30,844.75,840.57,845.83,839.29,,0.83%
2018-05-29,837.77,839.22,843.66,834.35,,-0.80%
2018-05-25,844.49,842.57,847.3,841.81,,0.19%
2018-05-24,842.92,839.68,844.27,836.06,,0.21%
2018-05-23,841.19,831.82,841.19,831.74,,0.76%
2018-05-22,834.83,841.93,843.74,834.45,,-0.48%
2018-05-21,838.85,837.93,840.95,836.05,,0.55%
2018-05-18,834.25,835.22,835.78,832.37,,-0.12%
2018-05-17,835.24,837.14,841.15,833.11,,-0.32%
2018-05-16,837.94,832.89,839.73,832.89,,0.83%
2018-05-15,831.02,831.76,831.76,827.37,,-0.61%
2018-05-14,836.11,835.97,838.83,835.18,,0.16%
2018-05-11,834.81,833.25,835.64,832.03,,0.23%
2018-05-10,832.93,829.2,833.59,828.94,,0.35%
2018-05-09,830.01,829.05,830.38,823.17,,0.35%
2018-05-08,827.12,828.46,830.3,822.7,,-0.45%
2018-05-07,830.82,831.23,832.38,827.67,,0.36%
2018-05-04,827.84,814.25,829.77,812.64,,1.31%
2018-05-03,817.16,817.7,819.16,806.79,,-0.44%
2018-05-02,820.78,825.06,828.18,819.96,,-0.71%
2018-05-01,826.64,822.84,826.78,816.26,,0.16%
2018-04-30,825.31,832.7,836.6,825.29,,-0.37%
2018-04-27,828.41,836.9,836.9,826.57,,0.50%
2018-04-26,824.27,817.18,826.46,814.91,,1.59%
2018-04-25,811.39,807.23,813.59,800,,0.38%
2018-04-24,808.32,826.45,826.68,804.21,,-1.58%
2018-04-23,821.3,822.62,826.6,816.48,,0.22%
2018-04-20,819.52,828.56,829.53,816.26,,-1.02%
2018-04-19,827.99,831.42,832.73,824.1,,-0.36%
2018-04-18,831.02,829.46,834.77,829.41,,0.49%
2018-04-17,826.94,821,828.4,819.73,,1.87%
2018-04-16,811.76,810.86,814.82,807.11,,0.75%
2018-04-13,805.73,813.69,815.89,802.94,,-0.57%
2018-04-12,810.32,811.27,814.98,807.53,,0.45%
2018-04-11,806.71,806.97,814.16,805.93,,-0.32%
2018-04-10,809.31,808.82,810.66,802.37,,1.21%
2018-04-09,799.63,806.87,811.8,798.83,,-0.25%
2018-04-06,801.62,812.53,818.34,796.55,,-2.14%
2018-04-05,819.16,814.58,821.67,810.53,,1.37%
2018-04-04,808.11,781.36,809.74,780.86,,1.81%
2018-04-03,793.72,788.69,797.81,782.48,,1.23%
2018-04-02,784.11,801.77,802.3,776.47,,-2.83%
2018-03-29,806.97,795.06,810.6,790.63,,1.43%
2018-03-28,795.59,799.83,806.04,790.14,,-1.24%
2018-03-27,805.55,825.19,826.48,800.55,,-1.92%
2018-03-26,821.28,809.84,822.04,803.04,,2.91%
2018-03-23,798.05,815.89,819.86,797.81,,-1.95%
2018-03-22,813.95,824.72,827.18,813.67,,-2.12%
2018-03-21,831.6,832.37,837.77,829.06,,-0.09%
2018-03-20,832.34,829.16,833.33,828.47,,0.62%
2018-03-19,827.25,834.1,834.65,821.39,,-1.30%
2018-03-16,838.17,839.21,843.12,838.1,,-0.05%
2018-03-15,838.59,839.94,842.96,837.2,,-0.07%
2018-03-14,839.14,844.72,845.7,837.41,,-0.20%
2018-03-13,840.79,850.77,852.87,839.38,,-0.69%
2018-03-12,846.67,846.82,850.12,844.81,,0.29%
2018-03-09,844.2,835.8,844.2,834.51,,1.57%
2018-03-08,831.15,831.58,832.53,828.53,,0.30%
2018-03-07,828.68,826.01,830.77,822.11,,-0.74%
2018-03-06,834.82,832.48,835.07,827.33,,0.72%
2018-03-05,828.88,817.1,830.71,814.41,,1.13%
2018-03-02,819.61,809.17,820.62,805.51,,0.09%
2018-03-01,818.88,828.43,832.2,810.23,,-1.02%
2018-02-28,827.35,835.59,839.05,827.34,,-0.49%
2018-02-27,831.4,848.57,848.79,831.4,,-2.12%
2018-02-26,849.41,845.82,849.43,843.56,,0.86%
2018-02-23,842.13,835.11,842.2,831.77,,1.33%
2018-02-22,831.05,833.56,837.05,828.49,,0.10%
2018-02-21,830.2,835.2,843,830.06,,-0.13%
2018-02-20,831.27,831.99,839.98,828.05,,-0.32%
2018-02-16,833.96,835.12,840.33,831.93,,-0.44%
2018-02-15,837.65,834.78,837.67,826.56,,0.90%
2018-02-14,830.18,814.08,831.91,813.41,,1.56%
2018-02-13,817.46,810.73,819.26,809.21,,0.51%
2018-02-12,813.29,809.87,817.6,801.77,,1.35%
2018-02-09,802.49,803.56,808.91,772.56,,0.70%
2018-02-08,796.89,831.7,832.11,796.58,,-4.02%
2018-02-07,830.23,832.89,844.78,830.17,,-0.28%
2018-02-06,832.52,798.27,834.32,794.5,,2.49%
2018-02-05,812.31,834.47,845.21,806.23,,-3.42%
2018-02-02,841.07,855.08,859.33,838.52,,-0.89%
2018-02-01,848.64,853.86,859.29,847.94,,-1.08%
2018-01-31,857.88,864.92,867.86,856.32,,-0.35%
2018-01-30,860.86,859.98,864.13,855.8,,-0.54%
2018-01-29,865.56,866.27,870.21,863.38,,-0.28%
2018-01-26,868,861.8,868,859.28,,0.98%
2018-01-25,859.57,863.61,864.32,855.73,,-0.14%
2018-01-24,860.76,860.94,865.66,853.3,,0.40%
2018-01-23,857.29,853.87,858.17,852.94,,0.86%
2018-01-22,850,841.79,850.03,840.28,,1.09%
2018-01-19,840.83,838.17,840.86,834.94,,0.87%
2018-01-18,833.59,834.25,835.28,831.48,,-0.05%
2018-01-17,834,833.77,835.88,829.01,,0.43%
2018-01-16,830.42,841.16,844.01,828.33,,-0.69%
2018-01-12,836.2,827,836.55,826.52,,1.28%
2018-01-11,825.61,813.85,825.61,813.81,,1.62%
2018-01-10,812.42,810.15,813.31,808.1,,-0.02%
2018-01-09,812.55,814.25,814.78,810.25,,0.12%
2018-01-08,811.59,810.83,812.85,809.83,,0.09%
2018-01-05,810.9,807.35,810.9,805.98,,0.86%
2018-01-04,804.02,803.4,804.58,799.97,,0.32%
2018-01-03,801.46,798.77,802.02,798.72,,0.53%
2018-01-02,797.21,789.58,797.4,789.58,,1.51%
2017-12-29,785.33,790.98,791.66,785.33,,-0.66%
2017-12-28,790.56,790.29,790.65,788.96,,0.25%
2017-12-27,788.59,790.68,790.86,787.75,,-0.19%
2017-12-26,790.11,788.24,790.7,787.98,,0.23%
2017-12-22,788.32,788.07,788.67,786.86,,-0.17%
2017-12-21,789.68,785.82,791.57,785.56,,0.63%
2017-12-20,784.76,788.73,789.34,784.32,,-0.20%
2017-12-19,786.3,788.68,788.74,785.02,,-0.09%
2017-12-18,786.97,784.91,788.59,784.43,,0.80%
2017-12-15,780.76,779.39,782.36,778.53,,0.54%
2017-12-14,776.6,775.37,779.28,774.74,,0.27%
2017-12-13,774.48,775.37,776.36,773.47,,0.06%
2017-12-12,774.04,775.43,776.3,773.77,,0.02%
2017-12-11,773.85,772.59,773.88,770.92,,0.25%
2017-12-08,771.92,771.07,773.48,770,,0.43%
2017-12-07,768.58,766.81,770.14,765.18,,0.23%
2017-12-06,766.79,771.91,772.18,766.57,,-0.69%
2017-12-05,772.1,777.91,777.91,771.75,,-0.60%
2017-12-04,776.75,774.66,781.51,774.66,,1.15%
2017-12-01,767.92,766.29,769.95,756.85,,0.01%
2017-11-30,767.82,764.99,771.05,763.44,,0.45%
2017-11-29,764.4,762.1,766.22,760.42,,0.44%
2017-11-28,761.08,754.45,761.31,753.19,,1.09%
2017-11-27,752.9,754.86,756.02,751.61,,0.08%
2017-11-24,752.31,751.98,752.78,751.25,,0.21%
2017-11-22,750.73,750.19,752.08,749.71,,0.10%
2017-11-21,749.96,747.53,750.47,746.36,,0.60%
2017-11-20,745.47,744.85,746.99,744,,0.16%
2017-11-17,744.25,742.89,745.25,742,,0.48%
2017-11-16,740.68,735.99,741.32,735.3,,0.81%
2017-11-15,734.76,734.4,737.09,730.59,,-0.44%
2017-11-14,738.04,734.73,738.08,733.01,,0.10%
2017-11-13,737.31,733.43,739.02,733.34,,0.32%
2017-11-10,734.96,732.67,735.92,732.67,,0.34%
2017-11-09,732.45,727.02,733.55,726.69,,0.17%
2017-11-08,731.24,729.94,731.83,728.83,,0.06%
2017-11-07,730.82,734.2,736.53,729.6,,-0.55%
2017-11-06,734.88,729.46,735.41,729.05,,0.74%
2017-11-03,729.51,725.83,730.1,724.69,,0.36%
2017-11-02,726.86,730.58,730.9,724.29,,-0.77%
2017-11-01,732.48,733.68,736.59,732.09,,0.07%
2017-10-31,731.97,732.36,733.64,731.37,,-0.05%
2017-10-30,732.3,732.17,733.73,730.38,,-0.39%
2017-10-27,735.17,728.8,735.5,725.55,,1.60%
2017-10-26,723.6,720.87,726.22,720.58,,0.33%
2017-10-25,721.24,722.24,723.58,717.18,,-0.38%
2017-10-24,724.01,723.19,724.91,722.9,,0.28%
2017-10-23,722.01,727.68,728.7,721.62,,-0.69%
2017-10-20,727.03,728.12,728.97,726.33,,0.21%
2017-10-19,725.53,722.99,725.56,720.81,,-0.01%
2017-10-18,725.6,727.95,728.38,725.45,,-0.25%
2017-10-17,727.45,726.57,728.82,725.73,,0.04%
2017-10-16,727.18,726.84,727.37,724.88,,0.18%
2017-10-13,725.85,724.7,726.79,723.16,,0.44%
2017-10-12,722.7,725.33,725.33,721.09,,-0.66%
2017-10-11,727.53,727.44,728.02,725.64,,0.07%
2017-10-10,727.01,729.23,730.55,725.38,,-0.11%
2017-10-09,727.8,731.45,731.49,727.05,,-0.35%
2017-10-06,730.37,728.07,731.11,727.95,,0.15%
2017-10-05,729.24,725.9,729.52,725.5,,0.56%
2017-10-04,725.17,721.3,725.76,721.3,,0.53%
2017-10-03,721.37,719.52,721.6,719.09,,0.36%
2017-10-02,718.76,718.63,720.22,717.21,,0.18%
2017-09-29,717.47,715.36,718.15,714.49,,0.37%
2017-09-28,714.83,714.03,715.33,713.38,,-0.04%
2017-09-27,715.15,712.76,716.88,710.29,,0.54%
2017-09-26,711.33,713.72,714.96,710.08,,-0.06%
2017-09-25,711.75,712.36,714.44,709.26,,-0.20%
2017-09-22,713.19,710.42,713.49,710.42,,0.22%
2017-09-21,711.62,713.2,713.48,710.65,,-0.24%
2017-09-20,713.34,711.6,713.63,709.4,,0.35%
2017-09-19,710.84,711.77,712.6,708.05,,-0.05%
2017-09-18,711.19,715.31,716.56,709.81,,-0.42%
2017-09-15,714.22,715.39,716.62,713.47,,-0.23%
2017-09-14,715.87,718.69,719.06,715.62,,-0.54%
2017-09-13,719.79,714.92,719.85,714.86,,0.72%
2017-09-12,714.66,713.46,715.68,712.31,,0.44%
2017-09-11,711.56,710.83,712.3,709.84,,0.54%
2017-09-08,707.77,709.75,709.75,706.62,,-0.35%
2017-09-07,710.29,718.49,718.94,708.66,,-0.85%
2017-09-06,716.39,714.04,717.57,711.95,,0.55%
2017-09-05,712.46,714.71,716.28,708.34,,-0.41%
2017-09-01,715.39,714.05,716.56,714.05,,0.46%
2017-08-31,712.13,710.7,712.74,710.15,,0.50%
2017-08-30,708.61,703.93,709.62,703.56,,0.70%
2017-08-29,703.71,700.31,704.69,699.52,,-0.19%
2017-08-28,705.05,706.31,706.97,703.9,,0.10%
2017-08-25,704.38,704.7,707.3,703.22,,0.26%
2017-08-24,702.58,707.45,709.37,701.71,,-0.25%
2017-08-23,704.37,705.39,706.82,703.09,,-0.84%
2017-08-22,710.33,704.73,711.13,704.73,,1.05%
2017-08-21,702.98,701.45,703.79,698.8,,0.19%
2017-08-18,701.68,703.49,705.48,700.95,,-0.49%
2017-08-17,705.1,714.74,715.27,705.06,,-1.56%
2017-08-16,716.31,715.73,718.06,713.72,,0.45%
2017-08-15,713.1,719.43,719.43,712.94,,-0.90%
2017-08-14,719.57,718.49,721.99,718.39,,0.69%
2017-08-11,714.66,711.4,716.07,711.36,,0.52%
2017-08-10,710.99,718.87,719.83,710.92,,-1.52%
2017-08-09,721.96,717.37,722.17,716.19,,-0.47%
2017-08-08,725.37,726.04,729.71,723.86,,-0.04%
2017-08-07,725.68,725.22,726.8,724.32,,0.19%
2017-08-04,724.33,724.67,724.72,721.36,,0.02%
2017-08-03,724.15,726.21,727.74,723.74,,-0.30%
2017-08-02,726.31,727.13,727.95,721.67,,-0.26%
2017-08-01,728.23,729.16,729.45,725.71,,0.22%
2017-07-31,726.65,730.22,730.43,724.27,,-0.06%
2017-07-28,727.11,725.62,727.87,724.12,,-0.74%
2017-07-27,732.53,732.13,736.32,726.33,,0.70%
2017-07-26,727.46,727.99,728.8,726.51,,-0.02%
2017-07-25,727.59,725.44,729.43,723.87,,0.74%
2017-07-24,722.24,724.69,724.69,721.69,,-0.38%
2017-07-21,724.96,722.34,725,721.79,,0.11%
2017-07-20,724.14,727.12,727.28,722.16,,-0.26%
2017-07-19,726.04,723.97,726.89,723.46,,0.51%
2017-07-18,722.36,719.54,722.7,718.23,,0.42%
2017-07-17,719.36,718.1,720.52,718.04,,0.26%
2017-07-14,717.53,716.8,718.46,714.39,,0.28%
2017-07-13,715.53,715.6,718.07,714.8,,0.08%
2017-07-12,714.97,713.47,716.28,713.46,,0.75%
2017-07-11,709.66,710.44,710.92,705.97,,-0.20%
2017-07-10,711.06,709.83,712.41,708.24,,0.22%
2017-07-07,709.49,705.13,710.28,705.02,,0.83%
2017-07-06,703.68,706.75,707.06,703.02,,-1.03%
2017-07-05,711.01,713.3,713.3,707.82,,-0.24%
2017-07-03,712.74,716.26,719.03,712.74,,-0.18%
2017-06-30,714.06,713.57,716.59,712.21,,0.56%
2017-06-29,710.09,715.4,716.02,704.65,,-0.97%
2017-06-28,717.03,712.24,717.77,711.42,,0.99%
2017-06-27,710.02,714.22,716.74,710.02,,-0.74%
2017-06-26,715.34,715.52,717.63,713.26,,0.28%
2017-06-23,713.32,713.78,713.78,710.68,,-0.09%
2017-06-22,713.99,715.72,716.45,713.84,,-0.18%
2017-06-21,715.28,715.26,716.61,713.04,,0.11%
2017-06-20,714.52,721.86,721.86,714.34,,-1.25%
2017-06-19,723.58,721.26,724.59,719.18,,0.81%
2017-06-16,717.76,718.43,718.43,713.91,,-0.03%
2017-06-15,717.96,716.58,718.82,712.33,,-0.45%
2017-06-14,721.19,723.52,723.57,717.5,,-0.07%
2017-06-13,721.66,719.4,722.66,718.86,,0.60%
2017-06-12,717.34,715.65,719.14,714.31,,-0.11%
2017-06-09,718.11,721.96,722.69,712.45,,-0.43%
2017-06-08,721.22,726.55,726.55,719.92,,-0.65%
2017-06-07,725.93,725.93,726.47,724.05,,0.21%
2017-06-06,724.44,728.97,728.97,724.03,,-0.83%
2017-06-05,730.52,733.21,733.21,729.55,,-0.33%
2017-06-02,732.96,730.59,733.67,729.63,,0.41%
2017-06-01,730,725.55,730.01,723.22,,0.86%
2017-05-31,723.76,723.3,723.89,718,,0.25%
2017-05-30,721.98,721.4,723.66,721.4,,0.01%
2017-05-26,721.91,720,721.97,719.71,,0.31%
2017-05-25,719.7,716.42,721.74,716.13,,0.93%
2017-05-24,713.07,710.35,713.43,707.99,,0.35%
2017-05-23,710.56,713.94,714.13,709.77,,-0.40%
2017-05-22,713.44,711.52,714.32,711.26,,0.55%
2017-05-19,709.57,705.96,712.18,705.8,,0.58%
2017-05-18,705.45,701.85,708.35,701.7,,0.60%
2017-05-17,701.27,708.56,710.05,701.07,,-1.61%
2017-05-16,712.73,714.94,716.21,712.31,,-0.33%
2017-05-15,715.06,715.25,718.16,714.38,,-0.01%
2017-05-12,715.16,716.84,716.89,714.32,,-0.18%
2017-05-11,716.46,718.6,718.8,711.87,,-0.60%
2017-05-10,720.76,719.83,720.76,717.98,,-0.28%
2017-05-09,722.76,720.2,723.46,719.13,,0.48%
2017-05-08,719.29,719.86,720.31,716.39,,0.25%
2017-05-05,717.5,715.33,717.51,712.64,,0.56%
2017-05-04,713.53,714.25,714.25,710.77,,-0.11%
2017-05-03,714.31,719.07,719.07,712.13,,-0.59%
2017-05-02,718.55,717.58,718.55,714.27,,0.18%
2017-05-01,717.23,718.21,720.37,716.93,,0.07%
2017-04-28,716.73,722.28,722.28,715.84,,-0.43%
2017-04-27,719.81,718.66,720.55,717.76,,0.55%
2017-04-26,715.89,713.58,718.74,713.49,,0.50%
2017-04-25,712.33,709.34,713.41,709.3,,0.81%
2017-04-24,706.6,708.36,709.27,706.02,,0.61%
2017-04-21,702.34,703.69,704.04,700.68,,-0.20%
2017-04-20,703.77,698.9,705.29,698.9,,1.00%
2017-04-19,696.82,698.31,701.06,696.09,,0.10%
2017-04-18,696.15,694.45,697.02,692.64,,0.04%
2017-04-17,695.86,691.59,696,691.36,,0.95%
2017-04-13,689.3,693.07,695.14,689.3,,-0.66%
2017-04-12,693.85,696.24,696.74,693.23,,-0.40%
2017-04-11,696.64,697.28,698.01,691.8,,-0.05%
2017-04-10,696.99,695.38,699.63,694.7,,0.36%
2017-04-07,694.52,696.56,697.04,693.75,,-0.35%
2017-04-06,696.97,695.4,698.93,695.1,,0.36%
2017-04-05,694.5,697.77,702.62,693.76,,-0.22%
2017-04-04,696.06,696.04,697.22,694.79,,-0.14%
2017-04-03,697.05,700.64,700.64,693.49,,-0.46%
2017-03-31,700.24,699.34,702.08,699.34,,0.03%
2017-03-30,700.06,697.42,700.32,696.72,,0.27%
2017-03-29,698.17,693.92,698.88,693.72,,0.56%
2017-03-28,694.25,689.11,695.77,688.92,,0.77%
2017-03-27,688.96,684.81,690.22,682.62,,0.02%
2017-03-24,688.82,688.7,691.48,686.45,,0.17%
2017-03-23,687.64,686.51,691.22,685.64,,0.19%
2017-03-22,686.33,684.08,686.94,682.09,,0.12%
2017-03-21,685.5,696.14,696.62,684.86,,-1.24%
2017-03-20,694.1,696.01,696.41,692.83,,-0.25%
2017-03-17,695.82,696.65,696.83,693.67,,0.09%
2017-03-16,695.19,695.54,696.75,694.13,,0.05%
2017-03-15,694.85,692.75,696.22,690.44,,0.51%
2017-03-14,691.34,690.64,692.36,689.01,,0.02%
2017-03-13,691.2,690.09,691.66,689.17,,0.20%
2017-03-10,689.82,691.37,692.34,688.37,,0.13%
2017-03-09,688.89,688.93,690.78,686.79,,-0.03%
2017-03-08,689.11,687.31,690.56,687.28,,0.31%
2017-03-07,686.96,688.24,689.07,686.1,,-0.33%
2017-03-06,689.23,689.43,690.05,686.84,,-0.35%
2017-03-03,691.63,692.54,693.25,689.19,,-0.21%
2017-03-02,693.1,693.85,695.04,692.19,,-0.15%
2017-03-01,694.13,693.34,695.47,692.07,,1.01%
2017-02-28,687.21,690.33,690.33,686.21,,-0.65%
2017-02-27,691.68,690.22,692.28,689.03,,0.04%
2017-02-24,691.43,686.75,691.43,685.5,,0.43%
2017-02-23,688.5,694.4,694.58,687.76,,-0.70%
2017-02-22,693.37,692.87,693.76,691.59,,0.02%
2017-02-21,693.21,691.38,694.5,690.58,,0.60%
2017-02-17,689.08,685.74,689.08,685.32,,0.29%
2017-02-16,687.08,689.65,690.39,685.6,,-0.44%
2017-02-15,690.14,684.95,690.47,684.69,,0.50%
2017-02-14,686.68,682.84,686.68,682.63,,0.59%
2017-02-13,682.67,683.95,684.5,682.08,,0.10%
2017-02-10,681.97,679.18,682.39,678.91,,0.54%
2017-02-09,678.28,674.59,679.69,674.28,,0.68%
2017-02-08,673.67,669.84,674.58,669.84,,0.62%
2017-02-07,669.55,670.85,671.61,669.1,,-0.14%
2017-02-06,670.47,671.37,672.14,669.38,,-0.30%
2017-02-03,672.5,670.87,673.59,670.03,,-0.11%
2017-02-02,673.23,674.05,676.28,672.3,,-0.08%
2017-02-01,673.74,675.54,677.67,671.57,,-0.17%
2017-01-31,674.91,673.18,674.93,670.42,,-0.28%
2017-01-30,676.79,675.77,676.81,670.18,,-0.08%
2017-01-27,677.34,679.1,679.27,674.69,,-0.30%
2017-01-26,679.36,678.67,681.61,678.67,,0.23%
2017-01-25,677.79,676.63,678.78,676.3,,0.58%
2017-01-24,673.85,670.04,674.66,669.51,,0.82%
2017-01-23,668.4,666.27,668.7,664.48,,0.07%
2017-01-20,667.96,668.14,669.82,666.11,,0.24%
2017-01-19,666.35,669.87,671.6,664.73,,-0.34%
2017-01-18,668.6,669.18,669.18,666.07,,-0.19%
2017-01-17,669.89,666.99,671.78,666.64,,0.22%
2017-01-13,668.41,666.72,669.13,666.61,,0.31%
2017-01-12,666.37,665.51,666.8,660.74,,-0.03%
2017-01-11,666.58,664.86,666.59,662.62,,0.22%
2017-01-10,665.11,662.66,667.76,661.82,,0.40%
2017-01-09,662.47,662.93,664.58,661.71,,-0.07%
2017-01-06,662.91,660.51,665.39,657.59,,0.43%
2017-01-05,660.05,657.4,660.39,656.7,,-0.07%
2017-01-04,660.48,654.24,661.25,654.1,,1.33%
2017-01-03,651.81,653.13,655.55,648,,0.62%
2016-12-30,647.82,655.13,655.57,646.18,,-0.93%
2016-12-29,653.91,655.11,656.9,652.36,,-0.15%
2016-12-28,654.89,660.22,661.03,654.6,,-0.63%
2016-12-27,659.03,657.43,661.81,657.26,,0.35%
2016-12-23,656.73,658.28,659.11,655.99,,-0.24%
2016-12-22,658.33,663.62,663.63,657.09,,-1.01%
2016-12-21,665.04,664.91,665.92,663.71,,-0.05%
2016-12-20,665.37,661.41,666.42,661.29,,0.78%
2016-12-19,660.19,659.06,663.78,658.6,,0.21%
2016-12-16,658.82,663.13,663.67,657.79,,-0.45%
2016-12-15,661.83,663.53,666.56,661.59,,-0.25%
2016-12-14,663.51,667.57,669.1,662.49,,-0.65%
2016-12-13,667.86,664.18,670.64,664.18,,0.83%
2016-12-12,662.38,666.22,666.61,660.79,,-0.80%
2016-12-09,667.72,667.1,667.72,664.37,,0.21%
2016-12-08,666.35,665.99,668,664.76,,0.06%
2016-12-07,665.94,654.06,666.87,653.39,,1.85%
2016-12-06,653.82,652.56,653.97,651.04,,0.31%
2016-12-05,651.77,648.28,653.48,647.39,,0.98%
2016-12-02,645.47,648.31,650.85,644.79,,-0.56%
2016-12-01,649.11,648.11,652.39,647.1,,0.09%
2016-11-30,648.55,654.1,654.38,648.55,,-0.87%
2016-11-29,654.25,653.85,655.34,652.6,,0.18%
2016-11-28,653.06,656.55,656.81,651.71,,-0.83%
2016-11-25,658.55,658.26,659.09,657.61,,0.27%
2016-11-23,656.75,655.37,657.3,655.19,,0.10%
2016-11-22,656.09,650.33,656.75,650.3,,1.23%
2016-11-21,648.1,645.05,648.21,644.81,,0.63%
2016-11-18,644.04,646.36,647.04,643.6,,-0.33%
2016-11-17,646.19,638.79,646.2,637.79,,1.22%
2016-11-16,638.42,633.54,638.6,633.19,,0.54%
2016-11-15,634.96,633.78,636.09,632.66,,0.34%
2016-11-14,632.81,634.95,637.63,632.21,,-0.06%
2016-11-11,633.21,627.11,633.76,626.65,,0.64%
2016-11-10,629.18,629.34,636.25,624.44,,0.33%
2016-11-09,627.1,615.79,628.07,613.12,,0.18%
2016-11-08,625.95,623.57,628.33,621.69,,0.48%
2016-11-07,622.97,616.45,623.21,616.45,,2.31%
2016-11-04,608.93,609.12,614.41,608.25,,-0.22%
2016-11-03,610.26,613.6,615.91,609.06,,-0.25%
2016-11-02,611.77,614.3,616.7,610.52,,-0.58%
2016-11-01,615.31,621.75,623.75,610.88,,-0.84%
2016-10-31,620.52,620.1,621.52,618.97,,0.14%
2016-10-28,619.65,617.52,623.79,616.9,,-0.23%
2016-10-27,621.05,627.8,628.39,620,,-0.87%
2016-10-26,626.47,627.14,628.87,625.46,,-0.43%
2016-10-25,629.16,635.37,635.37,628.79,,-1.19%
2016-10-24,636.72,635.18,636.98,634.51,,0.72%
2016-10-21,632.18,625.27,632.99,624.65,,0.77%
2016-10-20,627.36,627.9,628.56,624.66,,-0.15%
2016-10-19,628.28,626.4,628.98,625.05,,0.50%
2016-10-18,625.18,627.87,628.2,624.63,,0.59%
2016-10-17,621.54,625.82,626.16,621.28,,-0.77%
2016-10-14,626.39,630.1,631.35,626.39,,-0.16%
2016-10-13,627.39,626.47,629.01,621.16,,-0.32%
2016-10-12,629.41,627.46,631.96,626.9,,0.39%
2016-10-11,626.96,633.11,633.3,625.6,,-1.14%
2016-10-10,634.18,635.17,637.06,634.1,,0.09%
2016-10-07,633.6,637.77,638.03,631.93,,-0.44%
2016-10-06,636.4,634.95,637.49,632.57,,0.05%
2016-10-05,636.07,635.08,638.28,635.08,,0.39%
2016-10-04,633.62,636.4,638.14,632.1,,-0.32%
2016-10-03,635.67,634.33,636.72,632.95,,-0.05%
2016-09-30,635.96,632.77,637.86,632.55,,0.82%
2016-09-29,630.79,633.79,637.05,629.24,,-0.53%
2016-09-28,634.17,632.56,634.44,630.51,,0.30%
2016-09-27,632.25,626.67,632.33,625.98,,0.99%
2016-09-26,626.03,631.16,631.16,625.34,,-1.12%
2016-09-23,633.09,633.19,635.11,632.71,,-0.23%
2016-09-22,634.53,632.54,635.6,632.54,,0.77%
2016-09-21,629.67,625.23,630.16,622.99,,0.91%
2016-09-20,624.01,625.71,626.61,622.45,,0.10%
2016-09-19,623.41,625.61,627.63,622.08,,-0.11%
2016-09-16,624.07,624.52,624.52,621.28,,-0.16%
2016-09-15,625.07,619.92,625.63,618.08,,0.69%
2016-09-14,620.78,621.18,624.34,619.06,,0.03%
2016-09-13,620.59,626.7,626.7,618.78,,-1.51%
2016-09-12,630.08,618.53,631.29,618.28,,1.44%
2016-09-09,621.11,632.71,632.71,621.11,,-2.46%
2016-09-08,636.75,639.74,639.74,635.75,,-0.78%
2016-09-07,641.74,641.33,642.17,639.37,,0.00%
2016-09-06,641.73,640.94,641.78,637.71,,0.16%
2016-09-02,640.71,642.05,643.21,639.46,,0.14%
2016-09-01,639.79,639.47,640.93,636.2,,0.18%
2016-08-31,638.63,639.5,640.59,636.1,,-0.25%
2016-08-30,640.22,643.16,643.57,639.1,,-0.56%
2016-08-29,643.83,642.3,644.93,642.3,,0.31%
2016-08-26,641.86,643.9,647.09,639.26,,-0.27%
2016-08-25,643.6,644.6,645.89,642.74,,-0.37%
2016-08-24,645.98,648.66,649.9,644.76,,-0.45%
2016-08-23,648.87,648.65,649.87,648.04,,0.48%
2016-08-22,645.75,646.12,646.78,644.04,,-0.09%
2016-08-19,646.31,645.66,647.86,644.26,,-0.03%
2016-08-18,646.49,646.88,647.53,645.14,,-0.05%
2016-08-17,646.83,647.71,647.72,642.78,,-0.20%
2016-08-16,648.15,650.87,650.98,647.76,,-0.54%
2016-08-15,651.7,651.42,653.59,651.42,,0.13%
2016-08-12,650.87,650.06,652.25,648.91,,-0.03%
2016-08-11,651.06,645.69,651.76,645.69,,1.03%
2016-08-10,644.45,643.86,646.38,643.25,,0.22%
2016-08-09,643.05,645.11,646.41,642.1,,-0.33%
2016-08-08,645.19,647.63,648.34,644.63,,-0.33%
2016-08-05,647.31,642.76,648.24,642.76,,1.07%
2016-08-04,640.45,639.51,641.91,638.35,,-0.05%
2016-08-03,640.77,638.32,640.77,635.58,,0.25%
2016-08-02,639.15,648.41,648.41,637.96,,-1.46%
2016-08-01,648.63,647.92,650.55,645.53,,0.13%
2016-07-29,647.81,646.6,648.82,645.25,,0.09%
2016-07-28,647.23,645.29,647.97,641.95,,0.23%
2016-07-27,645.72,648.31,649.97,643.57,,-0.34%
2016-07-26,647.93,649.05,651.13,645.77,,-0.16%
2016-07-25,649,648.43,649.02,646.94,,0.13%
2016-07-22,648.13,645.27,648.62,644.49,,0.47%
2016-07-21,645.08,646.77,647.98,643.26,,-0.25%
2016-07-20,646.72,645.53,647.18,643.07,,0.39%
2016-07-19,644.18,644.86,644.86,641.63,,-0.18%
2016-07-18,645.36,643.76,647.22,642.79,,0.32%
2016-07-15,643.3,646.32,647.39,642.61,,-0.45%
2016-07-14,646.22,644.3,649.05,644.3,,0.41%
2016-07-13,643.6,646.65,647.23,641.89,,-0.48%
2016-07-12,646.68,644.86,648.13,644.86,,0.46%
2016-07-11,643.73,640.92,645.52,640.92,,0.56%
2016-07-08,640.15,629.8,640.65,629.8,,1.75%
2016-07-07,629.11,626.7,629.13,625.78,,0.40%
2016-07-06,626.63,620.59,626.67,617.63,,0.84%
2016-07-05,621.38,624.98,624.98,617.71,,-0.73%
2016-07-01,625.95,620.99,628.01,620.87,,0.89%
2016-06-30,620.41,616.37,620.53,613.77,,0.75%
2016-06-29,615.77,607.26,616.89,607.26,,1.64%
2016-06-28,605.84,598.37,605.86,598.37,,1.91%
2016-06-27,594.49,603.15,603.15,589.71,,-1.85%
2016-06-24,605.69,625.73,625.73,604,,-3.62%
2016-06-23,628.46,624.49,628.46,624.49,,0.95%
2016-06-22,622.57,623.84,627.34,622.16,,-0.17%
2016-06-21,623.64,625.22,626.19,622.28,,-0.20%
2016-06-20,624.92,620.14,630.58,620.14,,0.87%
2016-06-17,619.51,620.4,621.43,618.33,,-0.15%
2016-06-16,620.42,617.07,621.04,611.79,,0.38%
2016-06-15,618.1,617.35,623.37,617.35,,0.26%
2016-06-14,616.47,617.1,618.92,612.77,,-0.26%
2016-06-13,618.08,621.73,624.88,617.84,,-0.63%
2016-06-10,621.97,625.53,625.53,620.07,,-1.03%
2016-06-09,628.46,629.12,629.12,625.88,,-0.20%
2016-06-08,629.69,629.22,630.79,627.46,,0.09%
2016-06-07,629.15,628.71,631.98,628.71,,0.13%
2016-06-06,628.34,627.9,629.65,625.49,,0.12%
2016-06-03,627.58,630.49,630.49,622.85,,-0.55%
2016-06-02,631.06,628.02,631.06,626.02,,0.50%
2016-06-01,627.94,628.02,628.25,623.97,,-0.13%
2016-05-31,628.78,629.79,630.05,625.97,,-0.10%
2016-05-27,629.44,626.96,630.1,626.96,,0.49%
2016-05-26,626.4,625.69,628.81,625.45,,0.20%
2016-05-25,625.12,622.43,626.49,622.43,,0.49%
2016-05-24,622.09,614.59,623.52,614.59,,1.29%
2016-05-23,614.16,616.26,618.34,613.86,,-0.39%
2016-05-20,616.59,612.75,618.61,612.75,,0.65%
2016-05-19,612.58,612.97,613.36,608.29,,-0.09%
2016-05-18,613.14,615.94,617,609.15,,-0.58%
2016-05-17,616.74,623.76,624.27,615.03,,-1.15%
2016-05-16,623.93,620.23,625.78,618.46,,0.58%
2016-05-13,620.33,627.06,627.17,619.84,,-1.10%
2016-05-12,627.22,626.76,629.99,623.17,,0.13%
2016-05-11,626.4,638.93,638.93,626.12,,-1.98%
2016-05-10,639.04,631.45,639.31,631.45,,1.25%
2016-05-09,631.13,629.06,632.97,629.06,,0.32%
2016-05-06,629.13,624.68,629.14,621.66,,0.66%
2016-05-05,625,629.22,629.62,624.39,,-0.63%
2016-05-04,628.95,631.04,631.51,626.12,,-0.47%
2016-05-03,631.94,636.51,636.51,630.6,,-0.88%
2016-05-02,637.53,629.43,638.16,629.43,,1.39%
2016-04-29,628.76,624.71,631.89,624.26,,0.51%
2016-04-28,625.58,632.45,634.91,624.43,,-1.11%
2016-04-27,632.62,633.11,634.07,629.44,,-0.10%
2016-04-26,633.27,632.29,635.28,630.1,,0.23%
2016-04-25,631.84,630.08,631.87,627.41,,0.15%
2016-04-22,630.87,632.69,634.49,627.27,,-0.28%
2016-04-21,632.67,634.35,637.46,632.24,,-0.25%
2016-04-20,634.24,634.36,636.7,631.79,,0.04%
2016-04-19,634,636.64,638.94,631.48,,-0.48%
2016-04-18,637.04,631.16,637.09,631.16,,0.91%
2016-04-15,631.28,629.84,631.77,628.1,,0.29%
2016-04-14,629.47,629.85,631.47,627.6,,0.01%
2016-04-13,629.39,622.97,629.8,622.97,,1.35%
2016-04-12,621.02,616.74,621.89,613.73,,0.80%
2016-04-11,616.09,618.98,623.28,616.05,,-0.40%
2016-04-08,618.59,620.69,624,616.34,,-0.15%
2016-04-07,619.55,625.7,626.04,616.95,,-1.15%
2016-04-06,626.78,620.96,627.16,620.12,,0.94%
2016-04-05,620.92,624.89,624.89,619.43,,-0.84%
2016-04-04,626.19,631.78,632.03,625.4,,-0.86%
2016-04-01,631.61,627.43,632.49,624.22,,0.50%
2016-03-31,628.44,629.15,630.72,627.64,,-0.09%
2016-03-30,629.03,626.49,630.54,626.49,,0.62%
2016-03-29,625.13,619.03,625.82,618.5,,0.94%
2016-03-28,619.28,616.61,621.65,616.61,,0.51%
2016-03-24,616.15,614.54,616.31,611.57,,0.09%
2016-03-23,615.61,619.42,619.42,614.92,,-0.63%
2016-03-22,619.5,620.56,621.52,616.25,,-0.24%
2016-03-21,620.99,620.35,621.53,617.04,,0.04%
2016-03-18,620.75,620.29,623.66,619.6,,0.10%
2016-03-17,620.14,618.23,621.99,616.77,,0.27%
2016-03-16,618.45,613.07,620.17,612.42,,0.73%
2016-03-15,613.97,612.54,614.1,610.91,,-0.01%
2016-03-14,614.05,610.72,615.74,610.41,,0.39%
2016-03-11,611.64,604.13,611.7,604.13,,1.57%
2016-03-10,602.17,601.86,606.34,594.8,,0.17%
2016-03-09,601.15,601.06,602.27,597.31,,0.14%
2016-03-08,600.28,604.49,605.75,599.63,,-0.83%
2016-03-07,605.33,607.09,608.15,601.59,,-0.47%
2016-03-04,608.17,608.49,610.51,605.35,,-0.03%
2016-03-03,608.35,604.44,608.37,602.25,,0.56%
2016-03-02,604.99,605.17,605.64,600.82,,-0.11%
2016-03-01,605.68,591.57,605.97,591.57,,2.62%
2016-02-29,590.19,593.07,597.72,590.11,,-0.52%
2016-02-26,593.25,595.06,596.98,591.85,,-0.12%
2016-02-25,593.96,588.43,594.02,585.37,,0.99%
2016-02-24,588.13,583.26,589,573.49,,0.59%
2016-02-23,584.69,587.31,590.28,583.19,,-0.55%
2016-02-22,587.94,577.98,588.76,577.98,,1.91%
2016-02-19,576.92,574.69,576.92,568.14,,0.33%
2016-02-18,575.03,578.96,579.63,573.29,,-0.67%
2016-02-17,578.91,567.01,580.48,567.01,,2.11%
2016-02-16,566.94,553.98,566.94,553.98,,2.47%
2016-02-12,553.27,545.26,553.52,544.29,,1.79%
2016-02-11,543.54,542.54,546.9,536.59,,-0.08%
2016-02-10,543.99,545.76,553.16,543.67,,-0.08%
2016-02-09,544.41,544.65,550.93,538.6,,-0.26%
2016-02-08,545.85,554.44,554.44,536.34,,-1.97%
2016-02-05,556.82,573.81,573.81,555.1,,-3.19%
2016-02-04,575.15,578.1,578.51,570.17,,-0.57%
2016-02-03,578.43,581.8,583.75,567.55,,-0.34%
2016-02-02,580.39,590.45,590.45,578.14,,-1.91%
2016-02-01,591.68,588.07,593.95,582.21,,0.49%
2016-01-29,588.78,576.36,588.78,576.36,,1.23%
2016-01-28,581.62,575.84,583.14,571.43,,1.22%
2016-01-27,574.59,582.74,586.24,571.84,,-1.51%
2016-01-26,583.4,575.32,584.64,574.65,,1.47%
2016-01-25,574.94,582.01,583.04,574.63,,-1.18%
2016-01-22,581.79,572.5,583.77,572.5,,1.70%
2016-01-21,572.04,564.67,578.52,563.64,,1.37%
2016-01-20,564.3,568.92,569.32,547.22,,-0.95%
2016-01-19,569.69,569.93,576.23,563.93,,0.39%
2016-01-15,567.5,576.29,576.29,561.03,,-2.09%
2016-01-14,579.62,575.67,584.43,565.68,,0.74%
2016-01-13,575.37,595.73,596.8,574.28,,-3.38%
2016-01-12,595.47,591.48,598.76,588.74,,1.03%
2016-01-11,589.41,584.8,591.28,580.53,,0.88%
2016-01-08,584.27,592.11,597.95,583.15,,-1.08%
2016-01-07,590.66,600.92,600.99,589.49,,-2.01%
2016-01-06,602.79,606.67,606.67,598.85,,-0.99%
2016-01-05,608.84,610.26,612.1,604.87,,-0.17%
2016-01-04,609.89,618.96,618.96,603.36,,-1.79%
2015-12-31,621.02,626.33,627.36,620.96,,-0.97%
2015-12-30,627.12,631.83,631.83,627.05,,-0.78%
2015-12-29,632.07,626.17,632.99,626.17,,1.13%
2015-12-28,625.03,622.78,625.23,620.12,,0.26%
2015-12-24,623.39,624.82,625.14,622.82,,-0.26%
2015-12-23,625.03,622.39,625.48,622.36,,0.57%
2015-12-22,621.5,618.24,622.91,616.99,,0.67%
2015-12-21,617.35,616.38,620.31,613.2,,0.37%
2015-12-18,615.07,623.58,623.58,614.75,,-1.45%
2015-12-17,624.12,634.81,636.03,624.11,,-1.63%
2015-12-16,634.44,625.61,635.59,624.32,,1.69%
2015-12-15,623.89,621.78,630,621.78,,0.58%
2015-12-14,620.3,618.29,621.63,611.27,,0.46%
2015-12-11,617.47,630.06,630.06,616.43,,-2.32%
2015-12-10,632.16,630.98,635.98,629.67,,0.24%
2015-12-09,630.62,637.02,641.8,627.52,,-1.22%
2015-12-08,638.42,638.3,641.58,633.54,,-0.32%
2015-12-07,640.48,643.19,643.19,636.21,,-0.46%
2015-12-04,643.44,631.76,643.97,631.76,,1.98%
2015-12-03,630.96,640.83,642.58,628.4,,-1.52%
2015-12-02,640.68,646.52,646.76,639.72,,-0.90%
2015-12-01,646.5,641.06,646.63,641.06,,1.01%
2015-11-30,640.02,645.57,646.49,639.58,,-0.84%
2015-11-27,645.46,647.95,648.61,643.06,,-0.41%
2015-11-25,648.09,645.04,649.18,645.04,,0.49%
2015-11-24,644.91,645.43,646.97,638.45,,-0.21%
2015-11-23,646.26,644.26,648.94,643.94,,0.35%
2015-11-20,644.03,637.17,644.06,637.17,,1.23%
2015-11-19,636.18,635.63,638.74,634.93,,0.07%
2015-11-18,635.75,626.04,636.33,625.32,,1.70%
2015-11-17,625.1,624.26,630.37,623,,0.21%
2015-11-16,623.77,615.84,623.77,612.66,,1.23%
2015-11-13,616.2,632.28,632.28,615.83,,-2.65%
2015-11-12,632.99,638.55,639.1,632.68,,-0.98%
2015-11-11,639.24,642.88,644.05,637.83,,-0.50%
2015-11-10,642.42,636.38,642.65,635.97,,0.82%
2015-11-09,637.19,643.73,643.73,632.54,,-1.34%
2015-11-06,645.84,644.87,647.36,641.82,,-0.02%
2015-11-05,645.99,644.14,647.6,641.23,,0.37%
2015-11-04,643.58,647.96,649.46,640.38,,-0.65%
2015-11-03,647.78,644.76,649.3,644.27,,0.41%
2015-11-02,645.16,642.9,646.15,640.65,,0.44%
2015-10-30,642.34,641,646.53,640.55,,0.23%
2015-10-29,640.88,638.97,642.06,636.16,,0.27%
2015-10-28,639.14,633.65,639.15,631,,0.95%
2015-10-27,633.15,635.99,635.99,630.7,,-0.53%
2015-10-26,636.52,631.98,637.35,631.81,,0.77%
2015-10-23,631.66,629.76,636.84,628.53,,0.42%
2015-10-22,629.04,621.59,629.82,621.59,,1.39%
2015-10-21,620.4,623.78,626.21,619.76,,-0.38%
2015-10-20,622.79,623.97,626.04,621.43,,-0.23%
2015-10-19,624.21,620.85,624.4,619.6,,0.45%
2015-10-16,621.4,617.97,621.45,617.54,,0.60%
2015-10-15,617.72,610.99,617.99,608.84,,1.26%
2015-10-14,610.03,616.31,618.27,608.75,,-1.02%
2015-10-13,616.31,619.13,621.73,615.64,,-0.55%
2015-10-12,619.71,617.13,621.3,617.11,,0.47%
2015-10-09,616.79,615.81,617.16,613.28,,0.17%
2015-10-08,615.75,607.81,616.83,606.82,,1.17%
2015-10-07,608.62,607.2,609.87,602.76,,0.34%
2015-10-06,606.54,610.76,613.05,603.66,,-0.70%
2015-10-05,610.82,603.6,611.98,603.6,,1.44%
2015-10-02,602.12,593.06,602.13,583.94,,1.43%
2015-10-01,593.66,589.57,593.85,584.9,,0.73%
2015-09-30,589.37,576.4,590,576.4,,2.66%
2015-09-29,574.08,576.03,580.07,570.4,,-0.29%
2015-09-28,575.76,591.99,591.99,574.55,,-2.89%
2015-09-25,592.92,593.06,600.08,590.21,,0.01%
2015-09-24,592.86,594.1,594.1,584.94,,-0.31%
2015-09-23,594.72,596.34,597.53,592.69,,-0.27%
2015-09-22,596.33,602.37,602.37,592.02,,-1.26%
2015-09-21,603.95,600.6,607.02,599.33,,0.75%
2015-09-18,599.47,608.34,608.34,598.21,,-1.52%
2015-09-17,608.75,607.46,617.72,606.95,,0.25%
2015-09-16,607.23,600.43,607.95,599.74,,1.14%
2015-09-15,600.37,595.04,601.85,591.46,,1.08%
2015-09-14,593.95,597.3,597.34,591.95,,-0.57%
2015-09-11,597.33,592.37,597.33,590.05,,0.74%
2015-09-10,592.94,591.02,596.55,589.09,,0.27%
2015-09-09,591.33,599.23,603.99,590.17,,-1.12%
2015-09-08,598,587.21,598.42,587.21,,2.32%
2015-09-04,584.43,590.07,590.07,580.73,,-1.12%
2015-09-03,591.04,591.13,598.22,588.94,,0.06%
2015-09-02,590.69,580.53,590.74,580.53,,2.10%
2015-09-01,578.55,590.67,590.67,575.38,,-2.61%
2015-08-31,594.07,597.88,598.96,592.08,,-0.73%
2015-08-28,598.46,597.92,601.67,594.86,,0.02%
2015-08-27,598.32,585.78,599.89,585.78,,2.35%
2015-08-26,584.57,564.91,585.34,564.91,,3.85%
2015-08-25,562.89,566.88,584.23,562.89,,-0.40%
2015-08-24,565.13,587.03,587.03,552.15,,-4.02%
2015-08-21,588.77,607.51,607.51,588.77,,-3.29%
2015-08-20,608.8,624.8,624.8,608.78,,-2.80%
2015-08-19,626.33,627.4,630.9,623.48,,-0.23%
2015-08-18,627.8,627.09,630.02,626.51,,0.10%
2015-08-17,627.19,620.95,627.38,618.4,,0.97%
2015-08-14,621.18,620.38,621.98,619.06,,0.12%
2015-08-13,620.45,616.9,624.56,616.8,,0.58%
2015-08-12,616.9,617.54,618.19,607.27,,-0.42%
2015-08-11,619.48,624.85,624.85,617.11,,-1.01%
2015-08-10,625.79,621.24,627.41,621.24,,0.86%
2015-08-07,620.48,620.82,622.01,616.39,,-0.08%
2015-08-06,620.95,628.81,629.43,614.38,,-1.34%
2015-08-05,629.36,636.81,636.81,628.65,,-1.08%
2015-08-04,636.24,633.72,637.95,633.72,,0.32%
2015-08-03,634.22,636.12,637.51,630.6,,-0.25%
2015-07-31,635.81,634.66,638.53,634.11,,0.28%
2015-07-30,634.04,631.7,634.75,628.06,,0.33%
2015-07-29,631.94,625.87,632.72,625.87,,0.99%
2015-07-28,625.73,621.58,626.68,619.69,,0.83%
2015-07-27,620.57,624.69,625.67,619.15,,-0.72%
2015-07-24,625.05,625.23,636.73,624.31,,-0.02%
2015-07-23,625.19,629.26,631.19,624,,-0.59%
2015-07-22,628.91,626.83,630.14,626.49,,0.42%
2015-07-21,626.25,627.88,628.26,624.39,,-0.30%
2015-07-20,628.12,627.77,629.68,627.12,,0.03%
2015-07-17,627.93,629.1,629.17,625.88,,-0.19%
2015-07-16,629.13,625.5,629.33,625.5,,0.65%
2015-07-15,625.07,625.79,626.66,623.73,,-0.12%
2015-07-14,625.85,625.09,626.79,624.51,,0.13%
2015-07-13,625.02,616.13,625.3,616.13,,1.47%
2015-07-10,615.98,608.45,617.25,608.45,,1.44%
2015-07-09,607.21,606.65,613.19,606.65,,0.42%
2015-07-08,604.69,615.67,615.67,604.12,,-1.86%
2015-07-07,616.17,611.39,616.46,604.49,,0.81%
2015-07-06,611.24,612.59,615.13,608.54,,-0.24%
2015-07-02,612.72,613.87,617.21,610.62,,-0.13%
2015-07-01,613.5,608.22,613.6,608.22,,1.04%
2015-06-30,607.21,606.48,610.17,604.51,,0.50%
2015-06-29,604.2,618.23,618.23,603.94,,-2.29%
2015-06-26,618.39,616.45,620.21,616.42,,0.40%
2015-06-25,615.93,615.97,619.41,615.63,,-0.05%
2015-06-24,616.23,620.76,621.57,616.22,,-0.74%
2015-06-23,620.82,618.56,621.14,618.56,,0.38%
2015-06-22,618.5,615.94,620.45,615.94,,0.48%
2015-06-19,615.52,616.84,618.61,615.41,,-0.24%
2015-06-18,617,609.8,618.63,609.8,,1.25%
2015-06-17,609.37,606.69,610.96,605.34,,0.47%
2015-06-16,606.54,603.17,606.92,602.34,,0.55%
2015-06-15,603.22,605.61,605.61,600.17,,-0.46%
2015-06-12,606.02,607.79,607.79,605.07,,-0.42%
2015-06-11,608.58,607.65,610.85,607.65,,0.26%
2015-06-10,607.03,601.38,608.22,601.38,,1.02%
2015-06-09,600.9,601.2,602.49,597.22,,-0.10%
2015-06-08,601.48,605.48,605.48,601.38,,-0.71%
2015-06-05,605.76,606.87,607.25,603.22,,-0.28%
2015-06-04,607.45,610.57,611.86,606.64,,-0.68%
2015-06-03,611.62,607.48,612.75,607.42,,0.72%
2015-06-02,607.26,605.86,610.27,604.05,,0.16%
2015-06-01,606.3,604.62,608.34,603.34,,0.31%
2015-05-29,604.41,608.46,609.21,603.68,,-0.69%
2015-05-28,608.59,609.5,609.96,607.24,,-0.23%
2015-05-27,610,606.62,610.69,605.64,,0.67%
2015-05-26,605.92,609.57,611.13,604.67,,-0.63%
2015-05-22,609.74,610.88,612.15,609.08,,-0.16%
2015-05-21,610.74,608.28,612.33,608.28,,0.36%
2015-05-20,608.55,609.4,611.16,606.55,,-0.15%
2015-05-19,609.45,609.52,612.41,608.89,,-0.02%
2015-05-18,609.59,607.03,610.59,607.02,,0.42%
2015-05-15,607.07,603.12,607.07,602.68,,0.75%
2015-05-14,602.57,601.2,602.68,598.94,,0.43%
2015-05-13,599.99,603.85,605.77,599.36,,-0.61%
2015-05-12,603.69,603.88,605.79,599.08,,-0.20%
2015-05-11,604.9,607.47,610.06,604.87,,-0.42%
2015-05-08,607.47,602.87,609.95,602.87,,1.09%
2015-05-07,600.9,597.94,602.07,596.62,,0.48%
2015-05-06,598.05,600.99,602.73,595.13,,-0.42%
2015-05-05,600.56,606.36,607.58,600.33,,-1.03%
2015-05-04,606.8,606.9,610.08,606.02,,0.19%
2015-05-01,605.66,598.17,605.71,598.17,,1.40%
2015-04-30,597.3,603.99,604.87,594.76,,-1.15%
2015-04-29,604.24,607.01,607.71,601.65,,-0.66%
2015-04-28,608.27,610,610.01,604.13,,-0.34%
2015-04-27,610.37,615.84,617.6,609.9,,-0.85%
2015-04-24,615.58,607.82,616.37,607.82,,1.34%
2015-04-23,607.44,604.43,610.78,604.39,,0.46%
2015-04-22,604.63,604,605.63,601.27,,0.14%
2015-04-21,603.76,603.76,606.17,602.13,,0.07%
2015-04-20,603.32,597.7,604.36,597.7,,1.07%
2015-04-17,596.96,604.98,604.98,595.08,,-1.47%
2015-04-16,605.86,605.38,607.14,604.92,,0.21%
2015-04-15,604.58,604.99,607.98,604.39,,0.00%
2015-04-14,604.56,604.7,606.33,601.1,,-0.07%
2015-04-13,605.01,608.27,609.44,604.94,,-0.53%
2015-04-10,608.22,606.59,608.86,606.23,,0.32%
2015-04-09,606.28,605.74,607.9,602.09,,0.09%
2015-04-08,605.73,600.63,605.73,600.63,,0.92%
2015-04-07,600.2,603.21,604.4,600.12,,-0.52%
2015-04-06,603.35,599.86,605.77,597.07,,0.47%
2015-04-02,600.52,595.38,601.46,594,,0.90%
2015-04-01,595.17,598.02,598.02,591.55,,-0.45%
2015-03-31,597.86,600.56,604.16,597.86,,-0.45%
2015-03-30,600.59,595.1,602.18,595.1,,1.00%
2015-03-27,594.66,591.4,595.78,591.24,,0.52%
2015-03-26,591.61,594.02,594.72,589.33,,-0.63%
2015-03-25,595.39,604.98,605.12,595.39,,-1.61%
2015-03-24,605.15,607.63,609.16,605.13,,-0.50%
2015-03-23,608.22,609.11,612.25,608.22,,-0.12%
2015-03-20,608.95,602.79,610.55,602.79,,1.07%
2015-03-19,602.5,603.13,604.4,600.56,,-0.18%
2015-03-18,603.56,597.89,605.29,592.74,,0.88%
2015-03-17,598.3,600.71,600.71,596.41,,-0.52%
2015-03-16,601.42,595.47,601.77,595.47,,1.09%
2015-03-13,594.92,598.71,599.18,591.58,,-0.72%
2015-03-12,599.25,588.21,599.63,588.21,,2.02%
2015-03-11,587.41,590.25,592.13,587.23,,-0.48%
2015-03-10,590.22,598.99,598.99,590.22,,-1.65%
2015-03-09,600.15,597.05,601.04,597.05,,0.53%
2015-03-06,596.97,604.4,604.4,596,,-1.24%
2015-03-05,604.46,604.17,605.87,603.37,,0.13%
2015-03-04,603.7,607.25,607.25,601.69,,-0.61%
2015-03-03,607.43,608.38,608.38,603.29,,-0.24%
2015-03-02,608.91,601.86,609.13,601.86,,1.20%
2015-02-27,601.7,603.03,603.69,601.29,,-0.13%
2015-02-26,602.46,604.7,604.8,601.17,,-0.38%
2015-02-25,604.78,599.69,606.32,599.69,,0.79%
2015-02-24,600.04,597.46,600.81,597.46,,0.39%
2015-02-23,597.7,597.9,599.22,595.66,,-0.06%
2015-02-20,598.06,593.62,598.06,590.31,,0.76%
2015-02-19,593.57,593.12,595.01,592.84,,0.30%
2015-02-18,591.78,592,592.61,590.04,,-0.11%
2015-02-17,592.46,593.32,593.32,589.89,,-0.17%
2015-02-13,593.49,590.38,593.58,590,,0.57%
2015-02-12,590.13,584.62,590.34,584.33,,1.14%
2015-02-11,583.45,583.12,584.76,580.82,,0.03%
2015-02-10,583.3,577.02,584.21,577.02,,1.23%
2015-02-09,576.21,577.62,578.3,574.62,,-0.35%
2015-02-06,578.25,578.7,581.17,576.64,,-0.14%
2015-02-05,579.05,575.99,579.52,575.09,,0.60%
2015-02-04,575.59,571.5,578.51,570.01,,0.67%
2015-02-03,571.77,560.62,571.82,560.62,,2.15%
2015-02-02,559.73,554.98,560.29,547.8,,0.89%
2015-01-30,554.79,559.73,562.78,554.33,,-1.08%
2015-01-29,560.84,554.13,562.07,552.33,,1.32%
2015-01-28,553.54,561.77,563.99,553.13,,-1.34%
2015-01-27,561.07,564.05,564.58,557.45,,-0.79%
2015-01-26,565.52,561.82,565.8,560.68,,0.57%
2015-01-23,562.29,563.25,565.21,561.23,,-0.16%
2015-01-22,563.19,553.4,564.26,553.14,,1.90%
2015-01-21,552.69,548.74,554.57,547.7,,0.62%
2015-01-20,549.29,553.43,554.14,544.61,,-0.64%
2015-01-16,552.84,545.55,553.06,543.37,,1.31%
2015-01-15,545.68,553.16,555.79,545.29,,-1.25%
2015-01-14,552.58,557.18,557.18,546.33,,-1.15%
2015-01-13,559.02,560.49,568.62,555.14,,-0.12%
2015-01-12,559.68,562.45,563.92,557.17,,-0.47%
2015-01-09,562.34,568.68,568.83,561.84,,-1.14%
2015-01-08,568.83,561.5,569.62,561.5,,1.49%
2015-01-07,560.5,553.36,560.74,553.36,,1.53%
2015-01-06,552.05,557.62,559.11,548.29,,-0.94%
2015-01-05,557.31,567.61,567.61,556.16,,-1.99%
2015-01-02,568.61,573.36,576.42,564.79,,-0.72%
2014-12-31,572.75,576.68,578.97,572.39,,-0.35%
2014-12-30,574.79,575.6,577.07,573.82,,-0.38%
2014-12-29,576.97,572.39,578.45,571.74,,0.67%
2014-12-26,573.11,571.21,574.26,571.21,,0.56%
2014-12-24,569.91,571.77,572.11,569.91,,-0.18%
2014-12-23,570.96,568.68,572.69,568.68,,0.59%
2014-12-22,567.62,563.64,567.78,563.64,,0.94%
2014-12-19,562.31,560.8,563.92,559.11,,0.36%
2014-12-18,560.29,553.81,560.29,553.81,,1.59%
2014-12-17,551.53,541.94,552.64,541.93,,1.92%
2014-12-16,541.12,548.98,551.93,541.02,,-1.58%
2014-12-15,549.81,554.49,557.42,547.22,,-0.58%
2014-12-12,553.03,554.26,558.86,552.84,,-0.62%
2014-12-11,556.48,554.09,561.63,554.04,,0.70%
2014-12-10,552.6,559.22,560.13,552.34,,-1.42%
2014-12-09,560.56,559.57,560.73,553.68,,-0.15%
2014-12-08,561.38,565.38,565.92,559.58,,-0.84%
2014-12-05,566.16,565.3,566.9,565,,0.25%
2014-12-04,564.72,564.55,565.93,562.23,,-0.11%
2014-12-03,565.37,564.02,565.62,562.75,,0.19%
2014-12-02,564.3,562.6,565.36,562.33,,0.36%
2014-12-01,562.29,567.31,567.31,561.6,,-1.09%
2014-11-28,568.46,564.09,569.61,564.08,,1.17%
2014-11-26,561.91,561.81,562.02,560.81,,0.03%
2014-11-25,561.75,561.29,563.74,560.12,,0.23%
2014-11-24,560.44,556.41,560.67,556.41,,0.94%
2014-11-21,555.21,556.54,558.78,554.08,,0.23%
2014-11-20,553.94,550.43,555.35,549.81,,0.42%
2014-11-19,551.62,549.11,551.85,548.76,,0.45%
2014-11-18,549.17,548.11,550.71,547.04,,0.14%
2014-11-17,548.4,548.46,550.03,547.15,,-0.11%
2014-11-14,548.99,546.87,549.26,546.43,,0.38%
2014-11-13,546.93,544.42,548.27,544.42,,0.61%
2014-11-12,543.62,539.97,544.34,539.67,,0.51%
2014-11-11,540.85,538.9,540.99,537.8,,0.39%
2014-11-10,538.76,539.36,539.99,535.45,,-0.07%
2014-11-07,539.15,540.04,540.04,536.94,,-0.19%
2014-11-06,540.19,536.05,540.23,535.59,,0.88%
2014-11-05,535.5,534.63,537.2,532.57,,0.42%
2014-11-04,533.28,537.62,537.62,530.66,,-1.25%
2014-11-03,540.05,540.53,541.19,538.91,,0.02%
2014-10-31,539.95,537.7,541.37,537.7,,0.98%
2014-10-30,534.7,529.92,536.08,529.2,,0.66%
2014-10-29,531.19,533.35,534.45,528.46,,-0.33%
2014-10-28,532.93,528.15,532.93,527.77,,1.10%
2014-10-27,527.15,525.56,528.23,523.94,,0.18%
2014-10-24,526.19,523.7,526.46,522.49,,-0.10%
2014-10-23,526.73,521.96,530.01,521.96,,1.42%
2014-10-22,519.37,524.63,526.68,519.1,,-0.85%
2014-10-21,523.8,515.82,524.44,515.82,,1.88%
2014-10-20,514.11,506.95,514.4,506.95,,1.39%
2014-10-17,507.04,503.92,511.23,503.92,,1.08%
2014-10-16,501.64,496.32,504.71,492.96,,0.16%
2014-10-15,500.86,501.86,503.1,490.29,,-0.79%
2014-10-14,504.85,502.63,508.86,502.63,,0.67%
2014-10-13,501.51,511.1,512.72,501.18,,-2.06%
2014-10-10,512.05,516.66,519.68,512.01,,-0.87%
2014-10-09,516.55,527.65,527.87,516.52,,-2.27%
2014-10-08,528.53,520.29,529.22,517.69,,1.56%
2014-10-07,520.4,526.17,526.57,520.36,,-1.46%
2014-10-06,528.11,532.08,532.84,527.1,,-0.56%
2014-10-03,531.08,525.55,532.54,525.55,,1.31%
2014-10-02,524.21,522.37,524.96,515.89,,0.38%
2014-10-01,522.21,528.3,528.37,521.06,,-1.26%
2014-09-30,528.9,531.61,532.39,528.2,,-0.54%
2014-09-29,531.77,532.69,534.09,530.02,,-0.59%
2014-09-26,534.92,529.54,535.82,529.54,,1.08%
2014-09-25,529.23,535.99,536.39,529.07,,-1.44%
2014-09-24,536.94,531.83,537.26,530.32,,1.04%
2014-09-23,531.42,534.62,535.66,531.42,,-0.80%
2014-09-22,535.68,542.28,542.28,534.42,,-1.45%
2014-09-19,543.57,543.96,546.46,542.18,,0.09%
2014-09-18,543.09,541.92,543.76,541.49,,0.40%
2014-09-17,540.9,541.1,543.26,539.11,,0.03%
2014-09-16,540.73,537.21,542.29,535.99,,0.45%
2014-09-15,538.3,540.22,540.84,537.12,,-0.40%
2014-09-12,540.47,541.99,542.07,538.57,,-0.31%
2014-09-11,542.17,540.42,542.41,539.96,,0.05%
2014-09-10,541.88,540.64,542.1,538.45,,0.34%
2014-09-09,540.07,544.98,544.98,539.67,,-0.99%
2014-09-08,545.45,546.99,547.06,543.25,,-0.51%
2014-09-05,548.24,545.58,548.24,543.11,,0.38%
2014-09-04,546.16,545.18,548.47,545.16,,0.39%
2014-09-03,544.03,546.86,547.25,543.72,,-0.32%
2014-09-02,545.77,545.32,547.25,543.12,,0.18%
2014-08-29,544.81,545.59,545.59,543.07,,0.01%
2014-08-28,544.78,544.66,545.49,542.21,,-0.21%
2014-08-27,545.92,545.56,546.62,544.92,,0.10%
2014-08-26,545.39,545.51,546.84,544.73,,0.06%
2014-08-25,545.09,545.57,546.59,544.59,,0.27%
2014-08-22,543.6,543.24,544.63,541.82,,0.12%
2014-08-21,542.94,543.81,544.28,542.55,,-0.09%
2014-08-20,543.43,540.2,544.11,539.21,,0.51%
2014-08-19,540.69,537.13,541.51,537.13,,0.76%
2014-08-18,536.6,533.43,537.54,533.43,,0.86%
2014-08-15,532.02,534,534.41,528.43,,-0.14%
2014-08-14,532.78,529.66,532.83,528.92,,0.77%
2014-08-13,528.73,528.65,530.17,527.39,,0.35%
2014-08-12,526.87,528.09,529.76,525.72,,-0.30%
2014-08-11,528.45,526.65,529.76,526.65,,0.44%
2014-08-08,526.11,518.6,526.28,518.6,,1.56%
2014-08-07,518.01,523.24,523.97,516.6,,-0.49%
2014-08-06,520.56,521.26,523.85,518.33,,-0.26%
2014-08-05,521.91,524.45,525.58,520.12,,-0.70%
2014-08-04,525.59,521.05,527.03,521.05,,1.01%
2014-08-01,520.33,521.96,524.06,518.19,,-0.35%
2014-07-31,522.18,530.31,530.31,522.16,,-1.88%
2014-07-30,532.18,530.79,532.52,529.01,,0.55%
2014-07-29,529.25,531.73,534.37,529.25,,-0.28%
2014-07-28,530.71,530.44,531.36,527.63,,0.18%
2014-07-25,529.75,531.29,531.71,529.01,,-1.17%
2014-07-24,536.04,535.41,537.37,535.32,,0.28%
2014-07-23,534.52,534.33,535.12,533.03,,-0.10%
2014-07-22,535.06,533.85,536.01,533.35,,0.46%
2014-07-21,532.61,534.25,534.3,531.36,,-0.50%
2014-07-18,535.27,531.35,535.37,531.24,,0.89%
2014-07-17,530.54,533.27,536.44,529.6,,-0.91%
2014-07-16,535.41,535.69,539.41,534.9,,0.25%
2014-07-15,534.08,535.72,536.21,531.61,,-0.35%
2014-07-14,535.97,535.9,537.53,535.37,,0.27%
2014-07-11,534.54,533.65,534.71,532.54,,0.33%
2014-07-10,532.78,534.9,534.9,530,,-0.93%
2014-07-09,537.77,532.13,538.02,532.13,,1.22%
2014-07-08,531.28,536,536,530.12,,-1.00%
2014-07-07,536.62,539.27,539.27,536,,-0.62%
2014-07-03,539.97,536.88,540.21,536.68,,0.77%
2014-07-02,535.84,534.9,536.77,534.81,,0.16%
2014-07-01,535.01,530.45,536.06,530.44,,1.05%
2014-06-30,529.43,529.61,530.39,528.4,,-0.06%
2014-06-27,529.75,527.8,530.16,527.76,,0.26%
2014-06-26,528.37,527.51,528.38,524.25,,0.08%
2014-06-25,527.93,522.81,528.55,522.48,,0.82%
2014-06-24,523.62,524.32,528.04,522.94,,-0.24%
2014-06-23,524.86,524.1,525.19,522.73,,0.10%
2014-06-20,524.33,526.61,527.1,523.58,,-0.37%
2014-06-19,526.3,527.83,529.01,524.73,,-0.18%
2014-06-18,527.25,523.61,527.75,522.25,,0.74%
2014-06-17,523.36,521.5,523.98,520.65,,0.30%
2014-06-16,521.81,519.23,521.91,518.77,,0.34%
2014-06-13,520.02,520.32,520.63,517.18,,0.01%
2014-06-12,519.95,525.86,525.92,518.88,,-1.27%
2014-06-11,526.64,527.48,527.83,525.41,,-0.33%
2014-06-10,528.39,529.14,529.32,527.74,,-0.25%
2014-06-09,529.71,529.35,531.97,528.78,,0.08%
2014-06-06,529.27,527.45,529.37,527.25,,0.54%
2014-06-05,526.43,523.1,527.04,521.4,,0.68%
2014-06-04,522.89,519.44,523.54,518.23,,0.44%
2014-06-03,520.6,520.41,521.43,519.58,,-0.19%
2014-06-02,521.58,520.35,522,518.72,,0.32%
2014-05-30,519.94,519.3,520.03,517.79,,0.09%
2014-05-29,519.47,518.33,519.48,516.94,,0.39%
2014-05-28,517.47,517.82,518.77,515.22,,-0.12%
2014-05-27,518.09,516.86,518.78,516.85,,0.50%
2014-05-23,515.53,511.85,515.82,511.32,,0.84%
2014-05-22,511.23,509.11,512.26,508.79,,0.48%
2014-05-21,508.79,503.46,509.12,503.46,,1.17%
2014-05-20,502.93,506.42,506.58,501.4,,-0.86%
2014-05-19,507.29,503.86,507.71,502.6,,0.43%
2014-05-16,505.11,501.7,505.47,500,,0.69%
2014-05-15,501.63,504.51,504.51,496.4,,-0.70%
2014-05-14,505.16,510.07,510.13,504.25,,-1.06%
2014-05-13,510.59,512.72,513.42,509.9,,-0.35%
2014-05-12,512.36,507.63,512.43,507.63,,1.25%
2014-05-09,506.01,503.25,506.29,500.32,,0.59%
2014-05-08,503.05,501.22,507.91,500.57,,0.25%
2014-05-07,501.82,503.29,504.74,498.16,,-0.18%
2014-05-06,502.75,508.66,508.74,502.59,,-1.37%
2014-05-05,509.72,507.72,510.12,505,,0.06%
2014-05-02,509.42,508.65,512.14,508.24,,0.30%
2014-05-01,507.91,506.99,510.08,506.39,,0.36%
2014-04-30,506.11,503.3,506.62,501.7,,0.44%
2014-04-29,503.88,503.05,504.51,499.79,,0.40%
2014-04-28,501.85,504.56,506.14,495.55,,-0.24%
2014-04-25,503.08,508.14,508.14,502.48,,-1.67%
2014-04-24,511.63,510.79,512.17,507.54,,0.51%
2014-04-23,509.01,511.93,512.58,508.45,,-0.45%
2014-04-22,511.3,508.25,513.39,508.25,,0.84%
2014-04-21,507.02,506.08,507.43,504.17,,0.26%
2014-04-17,505.68,504.45,507.34,503.94,,0.14%
2014-04-16,504.95,500.36,504.96,500.33,,1.37%
2014-04-15,498.14,498.01,500.6,490.48,,0.12%
2014-04-14,497.53,496.1,499.52,493.49,,0.81%
2014-04-11,493.55,498.59,500.14,492.64,,-1.37%
2014-04-10,500.43,512.75,513.13,500.13,,-2.46%
2014-04-09,513.06,508.29,513.26,507.11,,1.08%
2014-04-08,507.59,502.74,508.14,501.42,,0.98%
2014-04-07,502.68,511.33,511.4,499.66,,-1.91%
2014-04-04,512.46,522.71,523.52,511.91,,-1.71%
2014-04-03,521.35,524.5,524.92,518.86,,-0.51%
2014-04-02,524.02,521.66,524.66,520.88,,0.67%
2014-04-01,520.53,514.71,520.74,514.71,,1.40%
2014-03-31,513.36,512.39,514.77,512.39,,0.62%
2014-03-28,510.21,506.86,512.9,506.86,,0.81%
2014-03-27,506.1,507.63,508.92,504.05,,-0.46%
2014-03-26,508.44,513.58,515.42,508.44,,-0.79%
2014-03-25,512.49,516.96,518.5,510.13,,-0.64%
2014-03-24,515.79,521.73,522.47,513.45,,-1.03%
2014-03-21,521.16,525.76,527.29,520.61,,-0.64%
2014-03-20,524.53,522.27,525.32,520.26,,0.24%
2014-03-19,523.29,526.58,527.01,520.2,,-0.64%
2014-03-18,526.66,524.98,527.33,524.6,,0.44%
2014-03-17,524.34,522.74,525.64,522.69,,0.71%
2014-03-14,520.66,520.51,523.67,519.91,,0.03%
2014-03-13,520.51,529.48,530.26,519.03,,-1.44%
2014-03-12,528.11,527.43,528.21,523.39,,-0.10%
2014-03-11,528.62,532.24,533.25,527.28,,-0.56%
2014-03-10,531.62,533.31,533.34,529.25,,-0.36%
2014-03-07,533.56,535.69,536.41,532.33,,-0.11%
2014-03-06,534.16,533.16,535.32,532.23,,0.32%
2014-03-05,532.46,531.3,532.84,531.12,,0.31%
2014-03-04,530.83,526.73,531.5,526.73,,1.27%
2014-03-03,524.17,526.68,526.68,520.42,,-0.88%
2014-02-28,528.83,527.21,531.02,525.2,,0.34%
2014-02-27,527.06,524.58,527.41,523.23,,0.37%
2014-02-26,525.11,522.84,528.28,522.84,,0.59%
2014-02-25,522.04,519.73,523,518.92,,0.52%
2014-02-24,519.34,517.57,522.11,517.57,,0.55%
2014-02-21,516.5,516.89,518.26,516.04,,0.17%
2014-02-20,515.62,513.31,516.31,512.53,,0.58%
2014-02-19,512.67,516.7,517.97,512.13,,-0.91%
2014-02-18,517.36,517.31,518.21,515.1,,0.08%
2014-02-14,516.93,513.57,518.34,512.78,,0.56%
2014-02-13,514.03,509.49,514.59,508.86,,0.43%
2014-02-12,511.82,512.06,513.79,510.52,,0.05%
2014-02-11,511.56,508.17,512.96,508.04,,0.72%
2014-02-10,507.9,507.97,508.64,505.52,,-0.04%
2014-02-07,508.11,504.13,508.63,503.07,,1.26%
2014-02-06,501.79,492.26,502.1,492.26,,2.07%
2014-02-05,491.62,489.51,492.55,484.64,,0.16%
2014-02-04,490.85,486.56,491.59,486.56,,1.17%
2014-02-03,485.19,498.57,498.74,483.94,,-2.67%
2014-01-31,498.48,498.93,501.86,495.63,,-1.27%
2014-01-30,504.9,498.99,506.61,498.99,,1.66%
2014-01-29,496.67,502.97,502.97,496.11,,-1.69%
2014-01-28,505.2,503.11,506.51,503.11,,0.75%
2014-01-27,501.45,504.07,505.55,497.48,,-0.39%
2014-01-24,503.43,511.36,511.36,503.43,,-1.92%
2014-01-23,513.29,516.23,516.23,511.03,,-0.69%
2014-01-22,516.86,516.04,517.33,514.71,,0.27%
2014-01-21,515.49,517.95,519.06,512.56,,-0.18%
2014-01-17,516.43,518.41,518.94,515.31,,-0.48%
2014-01-16,518.92,520.83,520.83,517.54,,-0.46%
2014-01-15,521.32,520.63,522.64,520.4,,0.24%
2014-01-14,520.09,517.1,520.28,515.64,,0.77%
2014-01-13,516.14,525.31,525.59,514.97,,-1.95%
2014-01-10,526.38,525.09,526.5,523.04,,0.38%
2014-01-09,524.4,525.02,526.12,521.56,,-0.12%
2014-01-08,525.03,526.14,526.17,523.4,,-0.17%
2014-01-07,525.93,524.06,527.18,524.06,,0.56%
2014-01-06,523,527.02,527.84,521.82,,-0.59%
2014-01-03,526.13,527.51,529.23,526.04,,-0.25%
2014-01-02,527.44,529.42,530.09,525.76,,-0.50%
2013-12-31,530.1,528.61,530.18,527.86,,0.40%
2013-12-30,527.97,526.34,528.17,525.86,,0.37%
2013-12-27,526,528.35,529,525.48,,-0.35%
2013-12-26,527.84,525.46,528.16,525.46,,0.64%
2013-12-24,524.46,522.97,524.56,522.97,,0.27%
2013-12-23,523.05,521.74,523.13,520.78,,0.50%
2013-12-20,520.45,519.29,522.22,518.94,,0.39%
2013-12-19,518.45,518.6,519.3,516.48,,-0.16%
2013-12-18,519.3,511.11,519.32,507.14,,1.56%
2013-12-17,511.3,513.12,513.17,509.65,,-0.33%
2013-12-16,512.98,510.31,514.34,510.31,,0.71%
2013-12-13,509.36,509.4,511.3,508.97,,0.27%
2013-12-12,507.98,509.88,510.16,507.5,,-0.40%
2013-12-11,510.01,515.18,516.1,509.43,,-0.99%
2013-12-10,515.13,514.09,516.3,513.79,,0.10%
2013-12-09,514.62,515.85,517.3,514.17,,-0.13%
2013-12-06,515.27,513.46,515.87,511.98,,0.88%
2013-12-05,510.79,510.65,512.27,509.68,,-0.01%
2013-12-04,510.85,510.6,513.5,506.82,,-0.24%
2013-12-03,512.08,515.43,515.43,509.74,,-0.86%
2013-12-02,516.54,519.64,520.27,515.79,,-0.50%
2013-11-29,519.14,519.21,521.23,518.43,,0.15%
2013-11-27,518.38,517.33,518.71,516.27,,0.33%
2013-11-26,516.7,514.35,518.33,514.35,,0.54%
2013-11-25,513.95,514.48,515.8,513.4,,0.07%
2013-11-22,513.59,510.72,513.82,509.8,,0.61%
2013-11-21,510.47,506.74,511.37,506.62,,0.91%
2013-11-20,505.87,509.87,510.72,504.41,,-0.52%
2013-11-19,508.52,510.18,512.19,507.73,,-0.41%
2013-11-18,510.62,514.66,515.52,509.33,,-0.72%
2013-11-15,514.32,513.36,514.32,512.07,,0.30%
2013-11-14,512.79,509.61,513.38,509.54,,0.69%
2013-11-13,509.27,499.87,509.27,499.46,,1.59%
2013-11-12,501.3,501.83,502.61,499.1,,-0.22%
2013-11-11,502.41,501.45,503.42,500.42,,0.16%
2013-11-08,501.6,494.91,501.62,494.05,,1.58%
2013-11-07,493.81,505.1,505.38,493.4,,-2.07%
2013-11-06,504.24,506.42,508.75,503.34,,-0.24%
2013-11-05,505.46,504.35,506.42,500.96,,0.01%
2013-11-04,505.42,504.7,505.71,502.96,,0.36%
2013-11-01,503.63,503.66,504.98,500.94,,0.25%
2013-10-31,502.39,501.18,505.59,500.28,,0.23%
2013-10-30,501.26,504.51,505.51,498.52,,-0.47%
2013-10-29,503.61,501.21,503.63,500.34,,0.64%
2013-10-28,500.39,501.13,501.71,498.98,,-0.23%
2013-10-25,501.55,501.19,502.31,499.16,,0.69%
2013-10-24,498.1,494.5,498.42,494.18,,0.95%
2013-10-23,493.39,495.12,496.15,491.61,,-0.59%
2013-10-22,496.34,494.59,497.92,493.48,,0.71%
2013-10-21,492.83,492.23,492.83,490.69,,0.21%
2013-10-18,491.81,490.25,492.58,488.92,,0.61%
2013-10-17,488.81,484.17,489.08,483.57,,0.74%
2013-10-16,485.21,481.52,485.45,481.21,,1.21%
2013-10-15,479.42,482.78,482.91,478.55,,-0.81%
2013-10-14,483.34,480,483.86,478.65,,0.38%
2013-10-11,481.53,477.28,481.66,476.71,,0.78%
2013-10-10,477.78,469.83,478.09,469.83,,2.27%
2013-10-09,467.16,469.14,469.45,463.41,,-0.37%
2013-10-08,468.89,476.82,476.82,468.71,,-1.65%
2013-10-07,476.76,481.25,481.25,476.76,,-1.40%
2013-10-04,483.51,479.34,484.07,478.81,,0.88%
2013-10-03,479.3,483.29,484.67,476.95,,-1.02%
2013-10-02,484.22,482.46,484.32,480.08,,-0.07%
2013-10-01,484.54,480.52,484.73,480.45,,0.88%
2013-09-30,480.3,479.69,481.69,477.5,,-0.45%
2013-09-27,482.49,481,483.13,480.68,,0.05%
2013-09-26,482.25,478.88,482.57,478.88,,0.90%
2013-09-25,477.94,480.49,481.28,477.29,,-0.52%
2013-09-24,480.43,480.47,483.48,478.86,,0.14%
2013-09-23,479.76,482.69,482.94,477.62,,-0.73%
2013-09-20,483.29,486.82,487.67,482.99,,-0.66%
2013-09-19,486.51,487.2,487.99,485.46,,0.01%
2013-09-18,486.47,480.74,487.99,478.62,,1.19%
2013-09-17,480.77,478.63,481.3,478.63,,0.58%
2013-09-16,478,478.54,481.38,477.43,,0.39%
2013-09-13,476.14,475.31,476.25,473.09,,0.32%
2013-09-12,474.64,475.32,476.56,472.77,,-0.22%
2013-09-11,475.7,473.18,475.7,472.58,,0.69%
2013-09-10,472.45,469.13,472.47,469.13,,0.97%
2013-09-09,467.93,464.39,468.57,464.39,,0.92%
2013-09-06,463.66,465.89,467.15,459.34,,-0.21%
2013-09-05,464.65,464.26,466.72,464.02,,0.09%
2013-09-04,464.22,459.65,464.98,459.29,,1.01%
2013-09-03,459.58,459.27,463.36,457.8,,0.75%
2013-08-30,456.18,459.7,459.7,454.91,,-0.65%
2013-08-29,459.15,456.07,461.6,455.7,,0.44%
2013-08-28,457.15,454.91,458.64,453.84,,0.43%
2013-08-27,455.2,460.78,460.78,454.77,,-1.61%
2013-08-26,462.64,464,466.53,462.39,,-0.22%
2013-08-23,463.67,464.24,464.81,461.45,,0.02%
2013-08-22,463.58,459.74,464.07,459.61,,1.06%
2013-08-21,458.71,461.12,462.68,457.47,,-0.84%
2013-08-20,462.61,459.53,464.12,459.53,,0.91%
2013-08-19,458.46,460.1,462.23,458.43,,-0.40%
2013-08-16,460.29,461.64,463.94,460.28,,-0.37%
2013-08-15,461.98,467.86,467.86,460.43,,-1.76%
2013-08-14,470.28,474.69,474.69,470.06,,-1.07%
2013-08-13,475.35,475.81,476.08,471.81,,-0.04%
2013-08-12,475.54,474.01,476.92,473.51,,-0.09%
2013-08-09,475.95,477.45,478.9,474.65,,-0.28%
2013-08-08,477.27,475.66,478.37,474.01,,0.70%
2013-08-07,473.95,477.8,477.8,472.72,,-0.83%
2013-08-06,477.94,479.9,479.97,475.44,,-0.49%
2013-08-05,480.27,480.65,480.89,479.16,,-0.21%
2013-08-02,481.3,477.79,481.34,477.36,,0.70%
2013-08-01,477.95,472.24,478.52,472.24,,1.63%
2013-07-31,470.27,469.78,473.8,469.78,,0.48%
2013-07-30,468.03,470.28,471.33,467.63,,-0.26%
2013-07-29,469.27,471.31,472.01,468.54,,-0.55%
2013-07-26,471.85,468.44,471.96,467.45,,0.37%
2013-07-25,470.12,469.81,470.22,467.36,,0.07%
2013-07-24,469.77,472.73,473.79,468.64,,-0.29%
2013-07-23,471.14,472.06,473.36,470.59,,-0.17%
2013-07-22,471.96,473.8,473.88,470.08,,-0.06%
2013-07-19,472.23,472.29,473.17,471,,-0.07%
2013-07-18,472.56,470.6,474,470.53,,0.52%
2013-07-17,470.1,470.56,470.82,469.18,,0.11%
2013-07-16,469.57,472.45,472.99,467.94,,-0.54%
2013-07-15,472.14,473.63,474.67,471.99,,-0.33%
2013-07-12,473.71,470.83,473.71,470.42,,0.55%
2013-07-11,471.1,466.33,471.37,466.33,,1.44%
2013-07-10,464.42,463.77,465.04,461.66,,0.07%
2013-07-09,464.09,463.67,465.21,462.62,,0.43%
2013-07-08,462.09,459.46,462.91,459.46,,0.89%
2013-07-05,458.02,455.44,458.18,453.11,,1.03%
2013-07-03,453.34,449.76,454.32,448.31,,0.49%
2013-07-02,451.11,449.79,453.9,449.25,,0.20%
2013-07-01,450.23,448.54,453.05,448.54,,0.66%
2013-06-28,447.29,444.97,449.69,444.57,,0.35%
2013-06-27,445.74,443.49,447.32,443.49,,0.91%
2013-06-26,441.74,438.15,442.67,438.15,,1.27%
2013-06-25,436.18,433.62,437.78,433.62,,0.90%
2013-06-24,432.29,434.49,435.46,427.91,,-0.98%
2013-06-21,436.55,436.38,438.92,432.04,,0.27%
2013-06-20,435.39,444.7,444.75,434.35,,-2.66%
2013-06-19,447.31,452.43,453.47,447.24,,-1.10%
2013-06-18,452.3,448.14,453.08,448.14,,1.03%
2013-06-17,447.71,447.45,450.56,445.32,,0.52%
2013-06-14,445.4,445.51,448.07,444.17,,-0.26%
2013-06-13,446.55,438.49,447.46,438.04,,1.77%
2013-06-12,438.78,445.24,446.39,438.05,,-1.09%
2013-06-11,443.63,445.65,447.56,442.35,,-0.95%
2013-06-10,447.9,449.61,451.01,447.36,,-0.31%
2013-06-07,449.3,442.67,449.52,442.67,,1.81%
2013-06-06,441.33,436.74,441.33,434.41,,1.01%
2013-06-05,436.92,443.39,443.44,436.05,,-1.63%
2013-06-04,444.17,446.14,448.85,441.21,,-0.49%
2013-06-03,446.35,444.03,446.35,440.2,,0.54%
2013-05-31,443.96,447.85,451.7,443.96,,-1.09%
2013-05-30,448.85,450.01,452.7,448.76,,-0.14%
2013-05-29,449.47,452.11,452.11,447.6,,-0.99%
2013-05-28,453.96,451.97,457.17,451.97,,0.91%
2013-05-24,449.86,448.9,450,445.91,,-0.19%
2013-05-23,450.71,450.9,451.79,446.62,,-0.32%
2013-05-22,452.15,455.59,459.89,450.15,,-0.92%
2013-05-21,456.36,454.59,458.21,454.47,,0.45%
2013-05-20,454.3,455.62,456.27,453.57,,-0.39%
2013-05-17,456.07,452.41,456.13,452.41,,1.01%
2013-05-16,451.53,455.89,456.83,450.84,,-1.15%
2013-05-15,456.78,453.91,456.95,453.9,,0.56%
2013-05-14,454.22,449.97,454.65,449.97,,1.01%
2013-05-13,449.7,449.05,449.96,447.49,,-0.01%
2013-05-10,449.74,446.53,449.74,446.53,,0.82%
2013-05-09,446.1,446.26,448.17,444.72,,0.12%
2013-05-08,445.55,444.51,445.59,443.28,,0.18%
2013-05-07,444.73,442.1,444.83,440.65,,0.77%
2013-05-06,441.31,439.96,442.19,439.31,,0.27%
2013-05-03,440.1,436.15,441.22,436.15,,1.27%
2013-05-02,434.56,430.79,434.67,430.72,,0.95%
2013-05-01,430.45,433.18,433.62,429.96,,-0.50%
2013-04-30,432.6,431.75,432.86,430.83,,0.22%
2013-04-29,431.67,430.76,433.19,430.2,,0.36%
2013-04-26,430.13,431.29,431.8,428.88,,-0.41%
2013-04-25,431.92,429.22,433.24,429.11,,0.87%
2013-04-24,428.19,429.11,431.12,427.15,,0.03%
2013-04-23,428.08,425.23,428.53,423.89,,1.01%
2013-04-22,423.78,422.19,424.38,418.99,,0.43%
2013-04-19,421.95,416.69,422.18,416.64,,1.25%
2013-04-18,416.76,422.14,422.18,415.4,,-1.18%
2013-04-17,421.73,424.26,424.26,419.43,,-0.96%
2013-04-16,425.83,421.19,425.9,421.19,,1.40%
2013-04-15,419.97,429.47,429.91,419.97,,-2.57%
2013-04-12,431.03,428.32,431.16,427.72,,0.48%
2013-04-11,428.95,426.07,430.68,426.07,,0.86%
2013-04-10,425.28,421,425.8,421,,1.14%
2013-04-09,420.47,421.74,421.91,418.59,,-0.24%
2013-04-08,421.5,417.15,421.5,416.95,,1.08%
2013-04-05,417.01,415.47,417.36,411.82,,-0.41%
2013-04-04,418.71,416.32,418.86,416.19,,0.58%
2013-04-03,416.31,420.72,421.37,415.13,,-1.02%
2013-04-02,420.59,418.17,421.25,418.17,,0.85%
2013-04-01,417.03,420.09,421.11,416.41,,-0.77%
2013-03-28,420.27,418.86,420.51,418.44,,0.37%
2013-03-27,418.73,417.01,419.06,415.25,,0.05%
2013-03-26,418.51,417.41,418.53,416.46,,0.54%
2013-03-25,416.26,418.04,419.78,414.5,,-0.18%
2013-03-22,417,413.14,417.15,413.14,,1.17%
2013-03-21,412.19,414.4,414.58,410.87,,-0.82%
2013-03-20,415.6,412.84,416.43,412.84,,1.15%
2013-03-19,410.87,414.3,414.62,408.04,,-0.73%
2013-03-18,413.91,414.83,415.48,412.06,,-0.72%
2013-03-15,416.93,418.8,418.8,416.24,,-0.42%
2013-03-14,418.68,417.93,418.95,417.04,,0.15%
2013-03-13,418.05,416.31,418.22,415.37,,0.51%
2013-03-12,415.94,417.09,417.44,414.58,,-0.35%
2013-03-11,417.38,415.85,417.5,415.4,,0.26%
2013-03-08,416.31,412.72,416.79,412.55,,1.10%
2013-03-07,411.78,411.18,412.11,410.69,,0.15%
2013-03-06,411.16,412.21,413.76,410.7,,-0.08%
2013-03-05,411.49,408.69,412.16,408.69,,1.01%
2013-03-04,407.38,402.82,407.4,402.37,,0.95%
2013-03-01,403.55,400.34,403.57,398.43,,0.60%
2013-02-28,401.16,400.86,404.08,400.53,,0.01%
2013-02-27,401.12,395.9,402.32,395.66,,1.51%
2013-02-26,395.16,392.24,398.45,391.94,,0.98%
2013-02-25,391.33,399.11,400.2,391.33,,-1.64%
2013-02-22,397.84,396.24,397.84,394.69,,0.58%
2013-02-21,395.55,398.18,398.21,394.14,,-0.86%
2013-02-20,398.97,405.42,405.76,398.84,,-1.56%
2013-02-19,405.31,404.15,405.38,403.2,,0.44%
2013-02-15,403.53,402.9,405.31,401.47,,0.12%
2013-02-14,403.05,402.26,403.85,401.57,,0.01%
2013-02-13,403.02,404.88,405.48,401.83,,0.21%
2013-02-12,402.16,400.91,402.81,400.8,,0.37%
2013-02-11,400.66,401.78,401.78,399.87,,-0.30%
2013-02-08,401.87,399.51,402.13,399.51,,0.78%
2013-02-07,398.74,399.49,400.16,394.99,,-0.28%
2013-02-06,399.84,398.03,400.85,397.97,,0.19%
2013-02-05,399.09,395.5,400.25,395.5,,1.09%
2013-02-04,394.8,398.38,398.66,394.57,,-1.21%
2013-02-01,399.62,398.77,401.1,398.77,,0.59%
2013-01-31,397.27,398.42,399.46,396.48,,-0.52%
2013-01-30,399.35,401.47,401.47,398.72,,-0.17%
2013-01-29,400.05,400.69,400.69,397.77,,-0.37%
2013-01-28,401.53,403.3,403.73,400.94,,-0.46%
2013-01-25,403.37,399.7,403.54,399.7,,1.03%
2013-01-24,399.27,397.08,401.39,397.08,,0.72%
2013-01-23,396.41,396.04,396.66,394.16,,0.08%
2013-01-22,396.08,395.29,396.18,393.87,,0.22%
2013-01-18,395.22,394.8,395.36,392.72,,0.18%
2013-01-17,394.52,391.07,395.45,391.07,,1.07%
2013-01-16,390.33,390.09,390.9,389.28,,-0.21%
2013-01-15,391.15,387.55,391.48,387,,0.69%
2013-01-14,388.48,387.6,389.41,386.88,,0.22%
2013-01-11,387.63,387.2,387.98,386.19,,0.14%
2013-01-10,387.07,386.06,387.13,384.64,,0.55%
2013-01-09,384.96,384.81,386.79,384.39,,0.17%
2013-01-08,384.29,384.69,384.93,381.63,,-0.26%
2013-01-07,385.28,385.98,385.98,383.45,,-0.27%
2013-01-04,386.34,385.26,386.72,384.61,3.34M,0.34%
2013-01-03,385.02,384.43,387.17,383.97,4.99M,0.21%
2013-01-02,384.23,379.43,384.23,379.43,4.44M,2.17%
2012-12-31,376.06,367.91,376.15,367.42,3.75M,2.00%
2012-12-28,368.67,370.63,371.93,368.34,3.00M,-0.89%
2012-12-27,371.97,371.67,372.94,366.68,3.53M,0.11%
2012-12-26,371.57,375.06,375.06,370.11,3.49M,-0.98%
2012-12-25,375.26,375.26,375.26,375.26,,0.00%
2012-12-24,375.26,374.14,375.55,374,1.90M,0.19%
2012-12-21,374.54,376.14,376.14,372.32,5.20M,-1.01%
2012-12-20,378.36,377.38,378.38,375.53,3.63M,0.28%
2012-12-19,377.29,380.4,380.57,377.28,3.56M,-0.75%
2012-12-18,380.13,376.32,381.12,376.19,3.98M,1.11%
2012-12-17,375.94,369.69,375.96,369.69,3.46M,1.84%
2012-12-14,369.13,370.33,370.72,368.64,3.31M,-0.42%
2012-12-13,370.69,372.96,375.04,369.79,3.64M,-0.63%
2012-12-12,373.03,373.25,375.45,372.48,3.87M,0.09%
2012-12-11,372.68,372.58,374.23,371.57,3.90M,0.27%
2012-12-10,371.67,373.47,373.84,371.39,3.02M,-0.55%
2012-12-07,373.73,373.16,374.7,371.96,2.85M,0.29%
2012-12-06,372.66,370.05,372.83,369.56,3.18M,0.58%
2012-12-05,370.52,372.16,372.74,367.78,3.57M,-0.33%
2012-12-04,371.76,373.03,373.1,369.82,4.00M,-0.38%
2012-12-03,373.16,376.01,377.41,372.94,3.21M,-0.53%
2012-11-30,375.15,374.88,375.83,372.85,4.16M,0.03%
2012-11-29,375.02,374.45,375.99,373.03,4.00M,0.24%
2012-11-28,374.12,368.67,374.25,366.82,3.30M,1.28%
2012-11-27,369.41,370.77,372.2,369.19,3.22M,-0.44%
2012-11-26,371.03,372.03,372.03,369.22,2.89M,-0.46%
2012-11-23,372.73,369.11,372.73,369.11,1.30M,1.30%
2012-11-21,367.93,366.81,368.42,366.09,2.40M,0.34%
2012-11-20,366.67,364.55,367.8,363.78,3.63M,0.51%
2012-11-19,364.8,359.7,364.8,359.7,3.65M,2.14%
2012-11-16,357.16,355.07,357.69,353.17,4.27M,0.69%
2012-11-15,354.7,355.1,356.95,353.36,4.56M,-0.08%
2012-11-14,354.97,360.91,362.18,354.2,4.21M,-1.51%
2012-11-13,360.41,358.59,363.59,358.31,3.59M,0.24%
2012-11-12,359.55,360.04,361.21,358.76,2.89M,0.01%
2012-11-09,359.5,359.89,362.29,357.62,4.14M,-0.39%
2012-11-08,360.92,366.25,367.82,360.91,3.70M,-1.60%
2012-11-07,366.8,369.34,369.81,364.16,3.99M,-1.23%
2012-11-06,371.37,369.42,371.98,369.14,3.52M,0.58%
2012-11-05,369.24,367.67,369.77,366.36,2.82M,0.30%
2012-11-02,368.13,372.19,373.69,368.13,3.86M,-0.19%
2012-11-01,368.82,365.39,369.14,365.22,4.22M,1.26%
2012-10-31,364.23,363.88,365.56,361.64,4.62M,0.33%
2012-10-30,363.05,363.05,363.05,363.05,,0.00%
2012-10-29,363.05,363.05,363.05,363.05,,0.00%
2012-10-26,363.05,362.81,363.89,359.41,4.09M,0.30%
2012-10-25,361.98,364.15,366.28,360.55,3.67M,-0.20%
2012-10-24,362.71,364.76,365.45,362.29,3.20M,-0.41%
2012-10-23,364.22,365.14,365.36,361.33,3.39M,-0.81%
2012-10-22,367.21,368.06,368.7,364.82,2.91M,-0.41%
2012-10-19,368.73,374.18,374.18,367.14,3.76M,-1.69%
2012-10-18,375.06,374.78,377.17,373.48,3.19M,0.02%
2012-10-17,375,373.17,376.03,373.06,3.20M,0.60%
2012-10-16,372.76,370.58,373.22,370.58,2.70M,0.84%
2012-10-15,369.64,366.1,369.99,365.27,2.89M,1.06%
2012-10-12,365.78,365.72,367.94,365.1,2.81M,0.01%
2012-10-11,365.75,368.89,370.14,365.09,3.43M,-0.47%
2012-10-10,367.47,370.55,371.05,367.01,3.37M,-0.68%
2012-10-09,369.97,375.35,375.35,369.81,3.27M,-1.54%
2012-10-08,375.74,376.16,376.88,374.87,2.51M,-0.28%
2012-10-05,376.79,376.93,379.42,375.64,3.15M,0.33%
2012-10-04,375.55,373.2,376.33,373.2,3.49M,0.86%
2012-10-03,372.33,370.23,373.33,369.55,3.56M,0.81%
2012-10-02,369.33,371.18,371.81,367.85,3.43M,-0.25%
2012-10-01,370.24,370.9,374.12,369.39,3.09M,-0.01%
2012-09-28,370.26,371.89,371.89,367.61,3.49M,-0.44%
2012-09-27,371.89,368.13,373.22,368.13,2.86M,1.02%
2012-09-26,368.13,370.61,370.99,366.91,3.69M,-0.67%
2012-09-25,370.62,374.93,377.57,370.62,3.93M,-1.15%
2012-09-24,374.93,376.26,376.26,373.94,3.00M,-0.35%
2012-09-21,376.26,376.48,378.6,376.09,4.83M,-0.06%
2012-09-20,376.48,376.77,376.77,373.62,3.71M,-0.08%
2012-09-19,376.8,373.06,377.93,373.06,3.69M,1.00%
2012-09-18,373.06,374.79,374.79,372.37,2.98M,-0.47%
2012-09-17,374.81,376.47,376.47,373.88,3.21M,-0.44%
2012-09-14,376.47,374.86,378.6,374.86,4.40M,0.43%
2012-09-13,374.86,369.59,375.56,369.04,4.03M,1.43%
2012-09-12,369.59,368.28,370.44,368.28,3.16M,0.34%
2012-09-11,368.33,368.29,369.42,367.86,3.10M,0.01%
2012-09-10,368.29,369.17,370.6,368.26,3.07M,-0.24%
2012-09-07,369.17,367.11,369.29,367.11,3.36M,0.56%
2012-09-06,367.13,358.95,367.13,358.95,3.96M,2.26%
2012-09-05,359.01,358.41,360.4,357.99,3.24M,0.15%
2012-09-04,358.48,359.12,359.98,356.32,3.12M,-0.18%
2012-08-31,359.12,358.03,360.86,357.53,2.79M,0.30%
2012-08-30,358.05,359.87,359.98,357.56,2.62M,-0.57%
2012-08-29,360.1,358.24,360.72,358.23,2.59M,0.48%
2012-08-28,358.37,357.74,359.44,357.11,2.68M,0.15%
2012-08-27,357.85,358.38,359.31,357.15,2.63M,-0.15%
2012-08-24,358.38,355.56,358.82,354.78,2.89M,0.78%
2012-08-23,355.59,357.87,357.87,354.97,2.90M,-0.64%
2012-08-22,357.88,356.91,358.67,356.44,3.10M,0.26%
2012-08-21,356.94,357.53,359.87,356.33,3.57M,-0.17%
2012-08-20,357.56,359.28,359.28,356.3,3.80M,-0.48%
2012-08-17,359.28,357.64,359.58,357.64,3.41M,0.46%
2012-08-16,357.64,354.72,358.68,354.47,3.62M,0.82%
2012-08-15,354.72,353.41,354.99,353.41,3.71M,0.37%
2012-08-14,353.41,352.82,355.2,352.68,3.45M,0.17%
2012-08-13,352.82,352.87,352.98,350.71,2.72M,-0.03%
2012-08-10,352.93,352.84,352.93,351.19,3.10M,0.02%
2012-08-09,352.85,353.22,354.08,352.08,3.40M,-0.11%
2012-08-08,353.23,354.8,354.8,350.83,3.51M,-0.44%
2012-08-07,354.8,351.56,356.13,351.56,3.87M,0.92%
2012-08-06,351.58,350.35,352.61,350.35,3.57M,0.35%
2012-08-03,350.35,343.54,351.05,343.54,4.12M,1.98%
2012-08-02,343.54,342.81,345.38,340.14,4.47M,0.21%
2012-08-01,342.81,344.59,346.71,342.71,4.68M,-0.53%
2012-07-31,344.64,348.78,348.78,344.56,4.34M,-1.19%
2012-07-30,348.78,350,350.95,347.81,3.17M,-0.35%
2012-07-27,350,343.36,350.83,343.36,4.85M,1.93%
2012-07-26,343.36,337.53,344.36,337.53,4.62M,1.73%
2012-07-25,337.53,338.75,339.92,336.6,4.13M,-0.36%
2012-07-24,338.75,341.24,341.5,336.45,3.98M,-0.73%
2012-07-23,341.24,345.82,345.82,338.44,3.66M,-1.34%
2012-07-20,345.87,350.36,350.36,345.82,3.65M,-1.28%
2012-07-19,350.36,347.83,352.49,347.83,3.88M,0.72%
2012-07-18,347.84,346.15,348.81,344.48,3.36M,0.49%
2012-07-17,346.15,342.77,346.93,341.71,3.63M,0.99%
2012-07-16,342.77,344.76,344.76,341.54,2.92M,-0.58%
2012-07-13,344.76,339.31,345.34,339.31,3.16M,1.61%
2012-07-12,339.31,340.52,340.61,335.8,4.29M,-0.36%
2012-07-11,340.52,342.35,342.66,338.09,3.69M,-0.55%
2012-07-10,342.39,344.32,347.07,340.99,3.34M,-0.56%
2012-07-09,344.32,346.17,346.17,343.24,2.88M,-0.53%
2012-07-06,346.17,347.52,347.52,344.16,2.83M,-0.39%
2012-07-05,347.54,346.77,349.37,345.66,3.40M,0.22%
2012-07-04,346.77,346.77,346.77,346.77,,0.00%
2012-07-03,346.77,347.2,347.67,345.14,2.49M,-0.12%
2012-07-02,347.2,345.81,347.65,344.78,3.84M,0.40%
2012-06-29,345.81,339.51,345.81,339.51,5.45M,1.85%
2012-06-28,339.52,341.16,341.16,335.82,3.96M,-0.48%
2012-06-27,341.16,341.35,343.1,339.93,4.17M,-0.06%
2012-06-26,341.36,337.4,342.49,337.4,4.04M,1.17%
2012-06-25,337.4,342.68,342.68,336.07,3.23M,-1.54%
2012-06-22,342.68,341.02,343.09,340.86,4.35M,0.49%
2012-06-21,341.02,348.8,349.02,340.88,3.95M,-2.23%
2012-06-20,348.8,349.09,350.15,346.25,3.34M,-0.08%
2012-06-19,349.09,345.87,350.58,345.87,3.70M,0.93%
2012-06-18,345.87,343.52,346.59,341.53,3.13M,0.68%
2012-06-15,343.53,340.25,343.72,340.25,4.27M,0.96%
2012-06-14,340.25,335.6,341.58,335.6,3.90M,1.39%
2012-06-13,335.6,340.79,340.79,334.67,4.58M,-1.53%
2012-06-12,340.82,336.85,341.05,336.34,3.59M,1.17%
2012-06-11,336.87,342.2,344.26,336.7,3.19M,-1.56%
2012-06-08,342.2,339.15,342.28,336.53,3.28M,0.90%
2012-06-07,339.16,339.57,343.63,338.71,4.19M,-0.13%
2012-06-06,339.6,331.94,339.6,331.94,4.06M,2.27%
2012-06-05,332.05,330.82,332.72,329.18,3.64M,0.37%
2012-06-04,330.82,329.2,331.17,326.92,4.28M,0.49%
2012-06-01,329.22,339.78,339.78,328.8,4.95M,-3.11%
2012-05-31,339.78,340.65,342.01,336.96,4.68M,-0.33%
2012-05-30,340.89,346.43,346.43,340.07,3.77M,-1.60%
2012-05-29,346.43,341.72,347,341.72,3.37M,1.30%
2012-05-25,341.97,342.37,343.58,341.03,2.80M,-0.12%
2012-05-24,342.37,340.67,342.89,339.59,3.68M,0.49%
2012-05-23,340.7,338.68,341.3,335.13,4.28M,0.59%
2012-05-22,338.71,337.63,341.47,337.07,4.04M,0.32%
2012-05-21,337.64,332.31,337.82,329.87,3.91M,1.60%
2012-05-18,332.31,334.31,337.37,331.61,4.64M,-0.60%
2012-05-17,334.31,343.74,343.74,334.31,4.79M,-2.74%
2012-05-16,343.74,344.02,347.43,343.6,4.69M,-0.08%
2012-05-15,344.03,344.8,348.45,343.49,4.21M,-0.23%
2012-05-14,344.81,349.8,349.8,344.72,3.61M,-1.44%
2012-05-11,349.85,350.34,353.48,348.41,3.39M,-0.14%
2012-05-10,350.34,348.92,352.35,348.92,3.89M,0.41%
2012-05-09,348.92,350.55,350.78,345.56,4.28M,-0.46%
2012-05-08,350.55,354.95,354.95,344.89,4.64M,-1.25%
2012-05-07,354.97,355.06,356.18,353.7,3.12M,-0.03%
2012-05-04,355.06,362.23,362.23,354.89,3.56M,-1.98%
2012-05-03,362.23,364.84,365,360.96,3.68M,-0.72%
2012-05-02,364.84,362.88,365.24,361.21,4.05M,0.54%
2012-05-01,362.88,360.96,365.6,360.54,3.67M,0.53%
2012-04-30,360.96,362.68,362.68,359.76,3.27M,-0.49%
2012-04-27,362.73,358.01,364.2,358.01,4.51M,1.32%
2012-04-26,358.01,353.84,358.81,353.72,4.07M,1.18%
2012-04-25,353.84,347.94,353.97,347.94,3.31M,1.70%
2012-04-24,347.94,349.14,350.88,346.56,3.51M,-0.34%
2012-04-23,349.14,352.93,352.93,346.9,3.43M,-1.09%
2012-04-20,352.97,352.31,355.63,352.31,3.60M,0.19%
2012-04-19,352.31,355.35,356.86,350.83,3.69M,-0.86%
2012-04-18,355.35,354.82,356.67,353.46,2.78M,0.15%
2012-04-17,354.82,350.98,355.63,350.98,3.06M,1.09%
2012-04-16,350.99,352.29,353.86,349.46,3.27M,-0.37%
2012-04-13,352.29,353.27,354.15,350.67,3.33M,-0.28%
2012-04-12,353.27,348.55,353.43,348.21,3.05M,1.35%
2012-04-11,348.55,343.92,349.69,343.92,3.30M,1.34%
2012-04-10,343.95,352.54,352.54,343.45,4.70M,-2.44%
2012-04-09,352.54,356.03,356.03,350.47,3.17M,-0.98%
2012-04-05,356.03,353.54,356.38,352.87,3.52M,0.70%
2012-04-04,353.57,357.27,357.27,351.31,3.91M,-1.04%
2012-04-03,357.27,357.54,358.98,355.55,4.22M,-0.08%
2012-04-02,357.55,356.55,358.63,355.17,3.52M,0.28%
2012-03-30,356.55,355.1,357.6,354.66,3.74M,0.41%
2012-03-29,355.1,355.12,355.37,351.32,3.72M,-0.01%
2012-03-28,355.12,358.16,358.24,353.65,3.51M,-0.85%
2012-03-27,358.17,358.91,360.32,358.05,3.42M,-0.21%
2012-03-26,358.91,353.19,358.93,353.19,3.18M,1.62%
2012-03-23,353.19,352.78,353.53,348.87,3.39M,0.12%
2012-03-22,352.78,353.56,353.58,351.36,3.25M,-0.22%
2012-03-21,353.56,353.14,354.75,353.14,2.89M,0.12%
2012-03-20,353.14,352.53,353.88,350.02,3.09M,0.17%
2012-03-19,352.54,350.9,353.12,349.65,3.12M,0.47%
2012-03-16,350.9,352.16,352.26,350.2,4.43M,-0.36%
2012-03-15,352.17,350.9,352.18,349.51,3.59M,0.36%
2012-03-14,350.9,351.14,351.58,349.75,3.72M,-0.07%
2012-03-13,351.14,345.81,351.17,345.81,3.91M,1.53%
2012-03-12,345.86,346.75,347.87,345.26,2.66M,-0.26%
2012-03-09,346.75,344.88,347.61,344.88,3.48M,0.54%
2012-03-08,344.88,341.31,345.6,341.31,3.53M,1.04%
2012-03-07,341.34,337.96,341.93,337.96,3.26M,0.97%
2012-03-06,338.07,343.09,343.09,336.81,3.90M,-1.50%
2012-03-05,343.21,343.45,343.9,341.69,3.02M,-0.08%
2012-03-02,343.47,343.86,344.78,342.39,3.36M,-0.11%
2012-03-01,343.86,341.32,344.22,341.32,4.17M,0.73%
2012-02-29,341.38,342.11,343.46,341.06,4.90M,-0.22%
2012-02-28,342.12,339.56,342.29,339.56,3.73M,0.70%
2012-02-27,339.75,338.7,340.94,336.6,3.35M,0.27%
2012-02-24,338.82,339.04,340.03,338.2,3.19M,-0.06%
2012-02-23,339.04,337.31,339.2,336.27,3.78M,0.51%
2012-02-22,337.33,338.57,338.86,336.32,3.66M,-0.38%
2012-02-21,338.62,339.68,341.49,337.73,3.44M,-0.31%
2012-02-17,339.68,336.86,340.03,336.86,3.42M,0.84%
2012-02-16,336.86,335.07,337.09,334.48,3.81M,0.53%
2012-02-15,335.08,336.75,338.72,334.52,3.99M,-0.50%
2012-02-14,336.75,337.05,337.05,334.36,3.49M,-0.09%
2012-02-13,337.05,334.56,337.58,334.56,3.14M,0.73%
2012-02-10,334.61,336.2,336.2,332.62,3.25M,-0.47%
2012-02-09,336.2,335.58,336.61,333.55,4.02M,0.18%
2012-02-08,335.58,334.77,337.16,333.92,3.81M,0.24%
2012-02-07,334.78,333.4,335.32,332.59,3.55M,0.41%
2012-02-06,333.42,333.89,333.91,332.18,3.29M,-0.14%
2012-02-03,333.89,327.36,333.99,327.36,4.47M,1.99%
2012-02-02,327.36,327.66,328.04,325.92,4.14M,-0.09%
2012-02-01,327.66,326.65,328.91,326.65,4.33M,0.31%
2012-01-31,326.65,326.91,329.04,325.49,4.16M,-0.08%
2012-01-30,326.91,327.47,327.47,322.97,3.74M,-0.17%
2012-01-27,327.47,328.15,328.26,325.91,4.49M,-0.22%
2012-01-26,328.2,328.47,331.19,326.8,4.65M,-0.08%
2012-01-25,328.47,326.35,329.08,324.68,4.01M,0.65%
2012-01-24,326.35,325.2,326.35,323.04,3.53M,0.35%
2012-01-23,325.2,325.83,327.43,323.15,3.67M,-0.21%
2012-01-20,325.88,328.39,328.39,324.67,3.80M,-0.76%
2012-01-19,328.39,325.35,328.61,325.35,4.53M,0.93%
2012-01-18,325.35,320.35,325.5,319.63,4.18M,1.56%
2012-01-17,320.35,318.87,322.17,318.87,3.79M,0.46%
2012-01-13,318.87,319.82,319.82,316.12,3.30M,-0.30%
2012-01-12,319.82,318.83,320.11,317.01,3.56M,0.31%
2012-01-11,318.83,318.42,319.34,317.58,4.04M,0.12%
2012-01-10,318.45,316.51,319.01,316.51,4.96M,0.61%
2012-01-09,316.51,316.53,317.43,315.02,3.69M,-0.01%
2012-01-06,316.53,315.96,317.8,314.81,3.84M,0.17%
2012-01-05,315.99,313.71,316.23,310.4,4.52M,0.73%
2012-01-04,313.71,311.47,314.28,310.88,4.08M,0.72%
2012-01-03,311.47,308.58,314.68,308.58,3.65M,0.94%
2011-12-30,308.58,310.26,310.39,308.55,1.83M,-0.54%
2011-12-29,310.27,307,310.41,307,2.17M,1.06%
2011-12-28,307.01,310.71,310.78,306.58,2.24M,-1.19%
2011-12-27,310.71,310.1,311.56,308.65,2.04M,0.20%
2011-12-23,310.1,306.7,310.1,306.7,1.96M,1.11%
2011-12-22,306.7,305.79,307.12,305.64,2.85M,0.30%
2011-12-21,305.79,304.75,306.22,302.84,3.38M,0.34%
2011-12-20,304.75,296.42,305.13,296.42,3.69M,2.80%
2011-12-19,296.44,300.09,302.04,295.72,3.15M,-1.22%
2011-12-16,300.11,299.7,303.36,299.46,5.21M,0.13%
2011-12-15,299.72,299.19,302.15,299.19,3.45M,0.18%
2011-12-14,299.19,302.49,302.49,297.51,3.82M,-1.19%
2011-12-13,302.78,308.82,310.65,301.68,4.27M,-1.97%
2011-12-12,308.87,309.8,309.8,304.94,3.29M,-0.30%
2011-12-09,309.8,304.94,310.92,304.94,3.11M,1.59%
2011-12-08,304.94,311.28,311.28,304.4,3.99M,-2.04%
2011-12-07,311.28,309.72,312.67,306.78,3.97M,0.48%
2011-12-06,309.8,310.45,311.34,308.75,3.51M,-0.21%
2011-12-05,310.45,307.79,313.15,307.79,4.11M,0.86%
2011-12-02,307.8,305.46,310.52,305.46,4.05M,0.77%
2011-12-01,305.46,305.34,307.37,304.57,3.61M,0.02%
2011-11-30,305.39,295.93,305.51,295.93,5.14M,3.20%
2011-11-29,295.93,295.12,297.54,294.75,3.74M,0.17%
2011-11-28,295.42,286.6,296.97,286.6,3.62M,3.03%
2011-11-25,286.72,287.84,290.08,286.68,1.45M,-0.39%
2011-11-23,287.84,294.04,294.04,287.84,3.29M,-2.12%
2011-11-22,294.06,294.2,295.54,291.34,3.71M,-0.06%
2011-11-21,294.24,298.95,298.95,290.64,4.23M,-1.54%
2011-11-18,298.85,299.24,300.46,297.39,3.85M,-0.13%
2011-11-17,299.24,304.32,304.71,297.68,4.56M,-1.67%
2011-11-16,304.32,310.3,310.3,304.08,4.04M,-1.93%
2011-11-15,310.31,309.21,312.01,306.59,3.49M,0.36%
2011-11-14,309.21,311.31,311.93,308.1,3.05M,-0.69%
2011-11-11,311.37,303.73,312.01,303.73,3.45M,2.52%
2011-11-10,303.73,300.94,304.57,300.04,3.74M,0.93%
2011-11-09,300.94,312.26,312.26,300.14,4.53M,-3.63%
2011-11-08,312.26,308.87,312.61,306.21,4.10M,1.09%
2011-11-07,308.89,307.5,309.21,304.82,3.44M,0.45%
2011-11-04,307.5,308.54,308.54,303.93,3.43M,-0.34%
2011-11-03,308.54,304.6,309.05,301.03,4.76M,1.29%
2011-11-02,304.6,301.16,306.2,301.16,4.15M,1.14%
2011-11-01,301.16,308.06,308.06,299.17,5.39M,-2.24%
2011-10-31,308.06,312.81,312.81,308.03,3.85M,-1.52%
2011-10-28,312.81,314.87,314.87,310.81,4.80M,-0.65%
2011-10-27,314.87,306.74,317,306.74,6.13M,2.65%
2011-10-26,306.74,307.84,309.07,301.78,5.47M,-0.36%
2011-10-25,307.84,314.87,314.87,307.34,4.36M,-2.23%
2011-10-24,314.87,310.52,316.08,310.52,4.27M,1.40%
2011-10-21,310.52,302.05,310.53,302.05,4.61M,2.80%
2011-10-20,302.05,300.72,303.32,297.35,3.67M,0.44%
2011-10-19,300.72,305.13,305.79,299.59,3.85M,-1.45%
2011-10-18,305.13,299.64,307.39,296.15,4.54M,1.83%
2011-10-17,299.64,305.48,305.48,299.04,3.40M,-1.92%
2011-10-14,305.52,300.34,305.59,300.34,3.38M,1.72%
2011-10-13,300.34,300.86,301.7,298.12,3.45M,-0.17%
2011-10-12,300.86,297.67,304.57,297.67,4.44M,1.06%
2011-10-11,297.71,296.84,298.33,295.11,3.80M,0.29%
2011-10-10,296.84,286.74,296.84,286.74,3.54M,3.52%
2011-10-07,286.74,287.23,290.05,284.86,4.64M,-0.17%
2011-10-06,287.24,280.95,287.24,280.04,4.60M,2.24%
2011-10-05,280.96,275.89,281.35,274.03,5.06M,1.84%
2011-10-04,275.89,267.58,275.9,261.53,6.16M,3.11%
2011-10-03,267.58,275.53,277.75,267.51,5.48M,-2.89%
2011-09-30,275.53,283.57,283.57,275.5,4.64M,-2.84%
2011-09-29,283.58,286.02,290.97,277.82,4.99M,-0.85%
2011-09-28,286.02,290.81,294.03,285.78,4.13M,-1.65%
2011-09-27,290.82,288.52,296.53,288.52,4.57M,0.80%
2011-09-26,288.52,282.38,288.67,280.01,4.63M,2.17%
2011-09-23,282.38,277.89,283.74,276.3,4.86M,1.62%
2011-09-22,277.89,287.33,287.33,273.98,6.95M,-3.29%
2011-09-21,287.33,296.25,297.19,287.26,4.54M,-3.02%
2011-09-20,296.27,298.03,301.82,296.19,4.33M,-0.59%
2011-09-19,298.04,298.15,299.36,292.6,3.77M,-0.04%
2011-09-16,298.15,295.2,298.69,295.2,5.23M,1.00%
2011-09-15,295.21,290.14,295.53,290.14,4.40M,1.75%
2011-09-14,290.14,285.44,293.77,283.5,5.06M,1.65%
2011-09-13,285.44,282.06,286.29,280.96,4.50M,1.17%
2011-09-12,282.14,278.86,282.14,275.47,4.47M,1.18%
2011-09-09,278.86,286.6,286.6,277.05,5.00M,-2.70%
2011-09-08,286.6,290.5,291.35,285.62,3.93M,-1.34%
2011-09-07,290.5,283.02,290.58,283.02,3.83M,2.61%
2011-09-06,283.1,284.25,284.25,275.79,4.35M,-0.40%
2011-09-02,284.25,292.29,292.29,283.19,3.95M,-2.76%
2011-09-01,292.31,296.08,298.34,292.12,4.30M,-1.29%
2011-08-31,296.14,294.36,299.32,293.74,4.50M,0.60%
2011-08-30,294.36,292.94,296.11,289.97,4.46M,0.40%
2011-08-29,293.2,284.84,293.2,284.84,3.67M,2.90%
2011-08-26,284.95,279.04,286.39,274.43,4.59M,2.12%
2011-08-25,279.04,284.57,287.17,278.26,4.51M,-1.95%
2011-08-24,284.58,279.9,284.82,278.38,4.55M,1.65%
2011-08-23,279.97,269.64,279.97,269.43,4.81M,3.83%
2011-08-22,269.64,268.76,274.51,268.76,4.61M,0.33%
2011-08-19,268.76,272.51,277.65,268.33,5.71M,-1.38%
2011-08-18,272.51,286.7,286.7,269.99,6.65M,-4.95%
2011-08-17,286.7,287.54,290.98,283.47,4.62M,-0.30%
2011-08-16,287.55,288.75,289.93,284.53,4.93M,-0.44%
2011-08-15,288.81,284.72,288.81,284.09,4.41M,1.44%
2011-08-12,284.72,281.38,286.45,281.19,5.49M,1.19%
2011-08-11,281.38,269.22,284.77,269.22,7.53M,4.52%
2011-08-10,269.22,281.53,281.53,268.86,8.78M,-4.38%
2011-08-09,281.54,268.55,281.57,263.95,9.60M,4.83%
2011-08-08,268.57,287.76,287.76,268.57,9.80M,-6.67%
2011-08-05,287.76,287.37,292.4,279.71,8.75M,0.14%
2011-08-04,287.37,302,302,287.37,8.08M,-4.84%
2011-08-03,302,300.01,302.16,294.61,6.42M,0.66%
2011-08-02,300.01,311.42,311.42,299.99,5.87M,-3.66%
2011-08-01,311.42,313.21,315.94,307.79,4.66M,-0.57%
2011-07-29,313.21,314.58,316.18,310.37,4.76M,-0.44%
2011-07-28,314.58,316.2,318.91,314.11,4.83M,-0.51%
2011-07-27,316.2,321.89,321.89,315.91,4.70M,-1.77%
2011-07-26,321.89,322.5,322.75,320.67,4.13M,-0.19%
2011-07-25,322.5,324.49,324.49,321.38,2.93M,-0.61%
2011-07-22,324.49,323.2,325.04,322.42,2.77M,0.40%
2011-07-21,323.2,319.47,325.03,319.47,3.79M,1.17%
2011-07-20,319.47,321.33,321.91,318.55,3.04M,-0.58%
2011-07-19,321.33,315.09,321.87,315.09,4.14M,1.98%
2011-07-18,315.09,318.43,318.43,313.07,3.97M,-1.06%
2011-07-15,318.48,318.23,319.29,316.11,4.18M,0.08%
2011-07-14,318.23,320.67,322.87,317.12,4.46M,-0.76%
2011-07-13,320.67,319,324.02,319,4.69M,0.51%
2011-07-12,319.03,320.37,322.38,318.93,4.91M,-0.42%
2011-07-11,320.37,326.79,326.79,319.39,4.24M,-1.96%
2011-07-08,326.79,328.81,328.81,323.78,3.86M,-0.61%
2011-07-07,328.81,324.47,330.07,324.47,4.62M,1.33%
2011-07-06,324.49,325.43,325.43,323.42,3.85M,-0.29%
2011-07-05,325.44,324.16,326.72,323.16,3.24M,0.39%
2011-07-01,324.16,317.88,324.51,317.73,3.50M,1.97%
2011-06-30,317.89,314.98,318.4,314.98,4.09M,0.92%
2011-06-29,315,313.69,316.46,313.43,3.75M,0.42%
2011-06-28,313.69,307.94,313.71,307.94,3.61M,1.87%
2011-06-27,307.94,304.2,309.26,303.19,3.24M,1.23%
2011-06-24,304.2,307.29,308.06,303.73,5.05M,-1.01%
2011-06-23,307.29,306.09,307.43,301.56,4.46M,0.39%
2011-06-22,306.09,308.56,309.04,306.05,3.39M,-0.80%
2011-06-21,308.56,302.48,308.84,302.48,3.83M,2.01%
2011-06-20,302.48,299.88,303.38,298.68,3.03M,0.87%
2011-06-17,299.88,297.83,301.96,297.83,4.69M,0.69%
2011-06-16,297.83,298.45,299.74,295.54,4.25M,-0.21%
2011-06-15,298.46,302.94,302.94,298.02,4.37M,-1.48%
2011-06-14,302.94,297.67,303.62,297.67,4.35M,1.74%
2011-06-13,297.77,298.18,300.34,296.36,4.13M,-0.16%
2011-06-10,298.24,303.82,303.82,298.03,4.35M,-1.84%
2011-06-09,303.84,301.52,304.97,301.23,3.76M,0.77%
2011-06-08,301.52,303.9,303.9,301.06,4.60M,-0.81%
2011-06-07,303.99,303.62,307.17,303.62,4.25M,0.12%
2011-06-06,303.62,306.6,307.31,303.6,3.80M,-0.98%
2011-06-03,306.62,310.91,310.91,306.33,4.20M,-1.38%
2011-06-02,310.92,311.59,312.85,309.36,4.27M,-0.23%
2011-06-01,311.63,318.91,318.91,311.45,4.64M,-2.28%
2011-05-31,318.91,316.84,319.55,316.84,4.18M,0.65%
2011-05-27,316.85,315.68,317.75,315.68,2.85M,0.31%
2011-05-26,315.86,313.21,316.67,312.83,3.82M,0.81%
2011-05-25,313.33,313.28,314.63,311.44,4.02M,0.01%
2011-05-24,313.29,314.93,315.71,312.91,3.60M,-0.53%
2011-05-23,314.95,317.93,317.93,313.61,3.52M,-0.94%
2011-05-20,317.93,320.98,320.98,316.51,3.98M,-0.95%
2011-05-19,320.98,319.92,321.17,318.97,3.59M,0.33%
2011-05-18,319.92,316.23,320.04,315.41,4.19M,1.15%
2011-05-17,316.28,315.83,317.02,314.05,4.08M,0.14%
2011-05-16,315.83,320.35,320.35,315.36,3.84M,-1.42%
2011-05-13,320.39,322.58,323.17,319.72,3.27M,-0.68%
2011-05-12,322.58,319.83,322.76,318.11,3.62M,0.86%
2011-05-11,319.84,322.48,322.48,317.99,4.20M,-0.82%
2011-05-10,322.48,318.47,323.14,318.47,3.24M,1.25%
2011-05-09,318.49,318,319.76,317.4,2.89M,0.15%
2011-05-06,318.01,317.96,321.66,317.45,3.76M,0.02%
2011-05-05,317.96,318.54,320.87,316.21,4.62M,-0.18%
2011-05-04,318.54,319.75,321.02,316.5,4.40M,-0.38%
2011-05-03,319.75,321.38,321.65,318.18,3.66M,-0.51%
2011-05-02,321.38,320.38,323.8,320.38,3.67M,0.31%
2011-04-29,320.38,320.51,321.45,319.88,4.13M,-0.04%
2011-04-28,320.51,319.14,321.03,318.96,3.74M,0.43%
2011-04-27,319.14,315.58,319.56,315.58,4.17M,1.13%
2011-04-26,315.58,314.75,316.62,314.66,4.75M,0.26%
2011-04-25,314.75,315.41,315.41,313.85,3.03M,-0.21%
2011-04-21,315.41,313.41,315.43,313.25,3.23M,0.64%
2011-04-20,313.41,308.07,314.52,308.07,3.91M,1.73%
2011-04-19,308.07,307.29,308.2,306.02,3.17M,0.25%
2011-04-18,307.29,310.15,310.15,303.86,3.66M,-0.93%
2011-04-15,310.19,308.35,310.88,308.17,3.68M,0.60%
2011-04-14,308.35,309.12,309.12,305.92,3.54M,-0.25%
2011-04-13,309.12,308.06,309.94,307.07,3.60M,0.33%
2011-04-12,308.09,308.57,308.94,306.76,4.03M,-0.16%
2011-04-11,308.58,308.81,310.13,307.48,3.49M,-0.07%
2011-04-08,308.81,310.54,311.81,307.26,3.69M,-0.56%
2011-04-07,310.54,311.58,312.39,308.3,3.98M,-0.33%
2011-04-06,311.58,312.24,314.1,310.28,3.77M,-0.22%
2011-04-05,312.26,311.06,313.65,310.22,4.03M,0.39%
2011-04-04,311.06,310.62,312.03,310.15,3.41M,0.14%
2011-04-01,310.63,308.4,312.64,308.4,4.33M,0.72%
2011-03-31,308.4,309.6,309.6,306.91,3.61M,-0.39%
2011-03-30,309.6,306.32,309.98,306.32,3.50M,1.07%
2011-03-29,306.32,303.5,306.32,303.06,3.53M,0.93%
2011-03-28,303.5,306.78,307.38,303.5,3.50M,-1.07%
2011-03-25,306.78,306.09,308.64,306.09,3.66M,0.23%
2011-03-24,306.09,301.72,306.86,301.72,4.64M,1.45%
2011-03-23,301.72,299.2,302.47,296.47,3.88M,0.84%
2011-03-22,299.2,301.55,301.58,299.06,3.30M,-0.78%
2011-03-21,301.55,297.25,301.97,297.25,3.52M,1.45%
2011-03-18,297.25,297.44,299.45,296.54,5.07M,-0.06%
2011-03-17,297.44,296.07,300.29,296.07,3.81M,0.46%
2011-03-16,296.08,301.14,301.14,294.43,5.67M,-1.68%
2011-03-15,301.14,303.68,303.68,295.73,4.85M,-0.84%
2011-03-14,303.68,307.12,307.12,300.95,3.94M,-1.12%
2011-03-11,307.12,305.51,308.27,303.38,3.80M,0.52%
2011-03-10,305.53,308.73,308.73,304.32,4.90M,-1.04%
2011-03-09,308.73,308.02,309.49,306.19,3.67M,0.20%
2011-03-08,308.1,305.94,309.08,304.53,4.69M,0.67%
2011-03-07,306.06,309.06,310.83,304.33,4.41M,-0.97%
2011-03-04,309.07,311.23,311.43,306.56,4.19M,-0.69%
2011-03-03,311.23,306.09,311.73,306.09,4.10M,1.67%
2011-03-02,306.13,304.91,307.11,304.02,4.03M,0.39%
2011-03-01,304.94,310.37,311.01,304.51,4.59M,-1.75%
2011-02-28,310.37,308.39,310.57,308.3,3.94M,0.64%
2011-02-25,308.41,305.03,309.05,305.03,3.95M,1.06%
2011-02-24,305.18,303.57,305.91,301.48,5.12M,0.48%
2011-02-23,303.71,308.24,309.38,300.84,5.92M,-1.48%
2011-02-22,308.27,315.77,315.77,307.43,5.10M,-2.38%
2011-02-18,315.79,314.4,315.79,313.64,4.12M,0.44%
2011-02-17,314.4,313.99,314.86,312.19,3.58M,0.13%
2011-02-16,314,311.47,314.31,311.47,4.08M,0.80%
2011-02-15,311.5,311.08,311.86,309.54,3.70M,0.14%
2011-02-14,311.08,312.29,312.29,309.99,3.40M,-0.40%
2011-02-11,312.34,309.41,312.73,307.7,4.27M,0.95%
2011-02-10,309.41,308.77,309.61,307.07,3.84M,0.21%
2011-02-09,308.77,306.96,309.78,306.4,4.18M,0.59%
2011-02-08,306.96,303.35,307.06,303.35,3.64M,1.18%
2011-02-07,303.37,301.74,304.57,301.67,4.18M,0.54%
2011-02-04,301.75,299.77,301.84,299.26,3.95M,0.66%
2011-02-03,299.77,296.33,300.03,296.33,5.54M,1.16%
2011-02-02,296.33,297.02,297.02,295.4,5.45M,-0.23%
2011-02-01,297.02,293.42,297.41,293.42,4.90M,1.23%
2011-01-31,293.42,293.13,294.78,292.59,6.06M,0.10%
2011-01-28,293.13,302.67,302.67,292.52,8.58M,-3.15%
2011-01-27,302.67,300.36,303.24,300.36,4.30M,0.77%
2011-01-26,300.36,299.99,302.11,299.48,4.03M,0.12%
2011-01-25,299.99,299.98,300.07,297.36,3.63M,0.00%
2011-01-24,299.98,298.33,300.04,297.28,3.51M,0.55%
2011-01-21,298.33,298.01,300.64,298,3.77M,0.11%
2011-01-20,298.01,297.36,298.95,296.34,4.66M,0.22%
2011-01-19,297.36,300.33,300.4,296.68,4.19M,-0.99%
2011-01-18,300.33,299.55,300.69,299.48,3.39M,0.26%
2011-01-14,299.55,297.64,299.56,296.81,3.38M,0.63%
2011-01-13,297.67,298.19,298.68,296.97,4.02M,-0.17%
2011-01-12,298.19,297.43,299.1,297.39,3.55M,0.25%
2011-01-11,297.46,297.61,299.46,296.72,3.99M,-0.05%
2011-01-10,297.61,297.61,298.11,295.03,3.93M,0.00%
2011-01-07,297.61,297.72,298.93,295.28,4.76M,-0.04%
2011-01-06,297.72,299.74,299.74,297.19,5.27M,-0.68%
2011-01-05,299.77,297.41,299.85,296.69,4.93M,0.79%
2011-01-04,297.41,299.18,299.65,295.68,4.79M,-0.59%
2011-01-03,299.18,295.53,300.42,295.53,3.91M,1.23%
2010-12-31,295.54,296.23,296.23,294.62,1.67M,-0.24%
2010-12-30,296.24,296.47,296.87,295.7,1.72M,-0.08%
2010-12-29,296.47,295.75,297.76,295.75,1.88M,0.24%
2010-12-28,295.75,296.42,296.81,294.54,2.01M,-0.23%
2010-12-27,296.42,297.29,297.29,294.81,1.88M,-0.29%
2010-12-23,297.29,298.46,298.63,296.48,2.23M,-0.39%
2010-12-22,298.46,298.21,299.03,297.98,2.66M,0.08%
2010-12-21,298.21,296.65,298.56,296.65,3.18M,0.53%
2010-12-20,296.65,294.85,297.34,294.53,3.19M,0.61%
2010-12-17,294.86,294.54,295.3,293.93,5.89M,0.11%
2010-12-16,294.54,292.29,294.74,291.98,3.46M,0.77%
2010-12-15,292.3,293.44,294.65,291.79,3.84M,-0.39%
2010-12-14,293.44,293.46,294.87,292.8,4.14M,-0.01%
2010-12-13,293.47,295.05,295.91,293.46,3.76M,-0.54%
2010-12-10,295.07,294.1,295.42,293.6,3.41M,0.33%
2010-12-09,294.1,293.96,295.72,293.42,3.78M,-0.02%
2010-12-08,294.16,294.25,294.94,292.37,4.21M,-0.05%
2010-12-07,294.31,294.44,297.66,294.14,4.39M,-0.04%
2010-12-06,294.44,294.46,295.02,293.23,3.26M,-0.01%
2010-12-03,294.46,293.86,294.69,291.86,4.14M,0.20%
2010-12-02,293.86,289.96,294.18,289.96,5.34M,1.33%
2010-12-01,290,284.17,291.07,284.17,5.20M,2.05%
2010-11-30,284.18,284.79,286.08,281.61,5.04M,-0.25%
2010-11-29,284.89,286.49,286.49,281.88,3.78M,-0.61%
2010-11-26,286.65,287.84,287.84,285.63,1.61M,-0.46%
2010-11-24,287.97,282.27,288.13,282.27,3.76M,2.02%
2010-11-23,282.27,286.32,286.32,281.46,4.40M,-1.43%
2010-11-22,286.36,285.41,286.83,283.49,4.27M,0.33%
2010-11-19,285.42,284,285.42,282.34,4.62M,0.55%
2010-11-18,283.85,281.42,286.22,281.42,6.46M,0.86%
2010-11-17,281.42,279.3,282.08,279.3,4.82M,0.73%
2010-11-16,279.37,283.09,284.08,278.27,6.63M,-1.32%
2010-11-15,283.1,283.83,285.86,282.85,5.41M,-0.26%
2010-11-12,283.83,286.58,287.12,282.44,4.68M,-0.96%
2010-11-11,286.58,286.99,288.3,284.59,4.43M,-0.14%
2010-11-10,286.99,284.62,286.99,283.29,4.64M,0.83%
2010-11-09,284.62,287.17,287.83,283.42,4.33M,-0.89%
2010-11-08,287.17,287.51,287.51,284.91,4.21M,-0.13%
2010-11-05,287.53,286.03,288.23,286.03,5.11M,0.52%
2010-11-04,286.03,281.66,286.42,281.66,6.90M,1.55%
2010-11-03,281.66,280.35,281.67,277.69,5.42M,0.47%
2010-11-02,280.35,277.43,281.4,277.43,3.96M,1.05%
2010-11-01,277.43,277.5,280.21,275.87,3.70M,-0.03%
2010-10-29,277.5,277.84,278.48,276.64,4.00M,-0.12%
2010-10-28,277.84,276.73,278.61,276.07,4.22M,0.40%
2010-10-27,276.74,278.09,278.09,274.15,4.59M,-0.49%
2010-10-26,278.09,277.01,279.28,275.04,5.65M,0.39%
2010-10-25,277.01,275.46,279.58,275.46,4.35M,0.56%
2010-10-22,275.46,274.08,275.46,273.38,3.23M,0.50%
2010-10-21,274.08,272.14,277.13,272,5.00M,0.71%
2010-10-20,272.15,268.95,273.25,268.95,4.74M,1.19%
2010-10-19,268.95,272.97,272.97,267.41,5.56M,-1.47%
2010-10-18,272.97,273.36,273.65,271.53,4.02M,-0.15%
2010-10-15,273.39,271.57,273.54,270.19,5.26M,0.67%
2010-10-14,271.57,271.97,272.96,269.91,4.66M,-0.15%
2010-10-13,271.97,271.4,273.87,271.4,4.42M,0.20%
2010-10-12,271.43,270.95,272.06,268.21,3.90M,0.18%
2010-10-11,270.95,270.67,271.88,270.2,3.32M,0.10%
2010-10-08,270.67,267.76,271.61,267.53,4.77M,1.08%
2010-10-07,267.77,267.11,268.16,265.33,4.31M,0.25%
2010-10-06,267.11,268.53,268.53,265.61,4.46M,-0.54%
2010-10-05,268.55,263.12,269.07,263.12,4.99M,2.06%
2010-10-04,263.12,263.76,264.86,260.95,4.22M,-0.24%
2010-10-01,263.76,263.52,265.85,262.45,3.89M,0.09%
2010-09-30,263.53,264.2,266.97,261.76,4.20M,-0.25%
2010-09-29,264.2,265.93,265.93,263.4,3.76M,-0.65%
2010-09-28,265.94,263.96,266.47,261.11,4.03M,0.75%
2010-09-27,263.96,265.64,265.64,263.83,3.23M,-0.63%
2010-09-24,265.64,258.91,265.77,258.91,3.95M,2.60%
2010-09-23,258.91,260.23,262.12,257.69,3.99M,-0.51%
2010-09-22,260.23,261.97,263.28,259.31,4.01M,-0.66%
2010-09-21,261.97,263.07,263.92,260.98,4.06M,-0.42%
2010-09-20,263.07,258.11,263.54,258.11,4.05M,1.91%
2010-09-17,258.13,257.33,258.85,256.99,5.08M,0.31%
2010-09-16,257.33,257.5,257.68,255.57,4.59M,-0.07%
2010-09-15,257.5,256.9,257.8,255.16,3.81M,0.23%
2010-09-14,256.9,256.56,258.28,255.06,3.90M,0.13%
2010-09-13,256.56,253.65,257.06,253.65,3.50M,1.14%
2010-09-10,253.67,251.37,254.26,251.37,2.88M,0.91%
2010-09-09,251.37,251.21,253.58,250.51,3.06M,0.06%
2010-09-08,251.21,249.46,252.27,249.46,3.41M,0.67%
2010-09-07,249.53,253.62,253.62,249.12,3.14M,-1.61%
2010-09-03,253.62,249.84,254.46,249.84,3.71M,1.51%
2010-09-02,249.84,245.39,249.99,245.39,3.92M,1.80%
2010-09-01,245.43,237.41,245.76,237.41,4.88M,3.37%
2010-08-31,237.42,237.06,239.12,235.04,4.67M,0.11%
2010-08-30,237.16,241.32,241.44,237.11,3.03M,-1.78%
2010-08-27,241.46,237.64,241.79,235.48,4.23M,1.55%
2010-08-26,237.77,239.49,241.37,237.66,3.96M,-0.72%
2010-08-25,239.49,237.16,240.41,234.85,4.77M,0.97%
2010-08-24,237.18,241.27,241.27,235.28,5.16M,-1.71%
2010-08-23,241.3,243.29,245.84,241.27,3.40M,-0.82%
2010-08-20,243.29,243.72,243.72,240.54,3.61M,-0.18%
2010-08-19,243.72,248.16,248.16,242.06,4.29M,-1.79%
2010-08-18,248.16,245.83,249.68,244.66,3.93M,0.92%
2010-08-17,245.89,242.29,248.18,242.29,4.18M,1.49%
2010-08-16,242.29,242.27,243.66,240.24,3.50M,0.01%
2010-08-13,242.27,244.84,244.84,242.16,3.33M,-1.05%
2010-08-12,244.84,245.74,245.74,242.54,4.15M,-0.37%
2010-08-11,245.75,252.62,252.62,245.39,4.51M,-2.72%
2010-08-10,252.62,254.67,254.67,250.64,3.99M,-0.81%
2010-08-09,254.69,252.49,255.18,252.49,3.23M,0.87%
2010-08-06,252.49,253.67,253.67,248.65,4.31M,-0.47%
2010-08-05,253.67,253.05,253.95,251.28,4.27M,0.25%
2010-08-04,253.05,249.29,253.51,249.29,4.23M,1.51%
2010-08-03,249.29,252.68,252.68,248.09,4.85M,-1.34%
2010-08-02,252.68,247.48,253.07,247.48,4.70M,2.10%
2010-07-30,247.48,245.88,248.34,242.07,4.66M,0.65%
2010-07-29,245.88,247.32,250.63,243.15,4.94M,-0.59%
2010-07-28,247.33,249.13,249.92,246.28,4.23M,-0.72%
2010-07-27,249.13,252.17,253.09,248.29,4.57M,-1.21%
2010-07-26,252.17,248.45,252.3,247.95,4.73M,1.50%
2010-07-23,248.45,245.27,248.63,243.45,5.76M,1.30%
2010-07-22,245.27,237.99,246.12,237.99,5.05M,3.06%
2010-07-21,237.99,242.32,242.78,237.15,4.80M,-1.79%
2010-07-20,242.32,238.79,242.34,235.62,4.65M,1.48%
2010-07-19,238.79,236.52,239.63,235.72,4.00M,0.94%
2010-07-16,236.56,245.23,245.23,236.15,5.10M,-3.54%
2010-07-15,245.23,244.41,245.56,241.2,4.24M,0.34%
2010-07-14,244.41,245.71,245.71,242.63,4.11M,-0.54%
2010-07-13,245.73,239.76,246.88,239.76,4.92M,2.49%
2010-07-12,239.76,239.36,240.53,237.53,3.89M,0.17%
2010-07-09,239.36,237.1,239.47,236.72,3.68M,0.95%
2010-07-08,237.1,235.33,237.56,234.11,5.81M,0.75%
2010-07-07,235.33,228.82,235.47,228.72,5.45M,2.84%
2010-07-06,228.84,228.89,233.75,226.63,5.42M,-0.02%
2010-07-02,228.89,231.54,232.21,227.6,4.26M,-1.15%
2010-07-01,231.55,229.7,232.11,225.84,7.34M,0.80%
2010-06-30,229.71,232.44,235.02,229.22,6.57M,-1.17%
2010-06-29,232.44,241.18,241.18,230.84,6.80M,-3.62%
2010-06-28,241.18,242.48,243.71,240.84,4.39M,-0.54%
2010-06-25,242.48,242.17,243.87,240.34,7.28M,0.13%
2010-06-24,242.17,248.3,248.3,241.57,5.71M,-2.47%
2010-06-23,248.3,248.21,249.96,245.91,4.91M,0.04%
2010-06-22,248.21,253.86,255.85,247.93,5.16M,-2.23%
2010-06-21,253.86,256.14,258.94,252.5,4.15M,-0.89%
2010-06-18,256.14,256.78,258.51,255.67,4.56M,-0.25%
2010-06-17,256.79,258.42,258.76,254.53,4.62M,-0.64%
2010-06-16,258.45,260.06,260.06,256.68,4.56M,-0.62%
2010-06-15,260.06,253.98,260.13,253.98,5.05M,2.39%
2010-06-14,253.98,253.61,257.89,253.61,3.97M,0.15%
2010-06-11,253.61,253.16,253.83,249.8,3.59M,0.16%
2010-06-10,253.2,245.24,253.31,245.24,4.62M,3.25%
2010-06-09,245.24,245.21,250.65,244.46,5.21M,0.00%
2010-06-08,245.24,243.32,245.58,239.99,5.74M,0.78%
2010-06-07,243.34,247.9,249.93,243.26,5.15M,-1.84%
2010-06-04,247.9,257.63,257.63,247.07,5.67M,-3.78%
2010-06-03,257.65,256.69,258.94,255.3,4.75M,0.37%
2010-06-02,256.71,250.64,256.71,250.64,5.07M,2.41%
2010-06-01,250.66,254.57,256.38,250.57,4.77M,-1.58%
2010-05-28,254.68,258.17,258.65,253.17,4.45M,-1.36%
2010-05-27,258.18,249.25,258.22,249.25,5.09M,3.52%
2010-05-26,249.39,249.94,254.88,248.84,7.01M,-0.27%
2010-05-25,250.06,247.96,250.12,240.22,7.13M,0.84%
2010-05-24,247.97,249.9,251.55,247.78,4.92M,-0.78%
2010-05-21,249.92,245.36,251.1,241.76,7.81M,1.86%
2010-05-20,245.36,255.07,255.07,245.19,7.99M,-3.81%
2010-05-19,255.07,257.03,257.55,250.99,6.89M,-0.77%
2010-05-18,257.06,261.8,264.51,255.9,6.15M,-1.82%
2010-05-17,261.83,260.2,262.13,255.32,5.91M,0.63%
2010-05-14,260.2,264.69,264.69,258.09,5.74M,-1.70%
2010-05-13,264.69,270.39,270.39,264.23,5.55M,-2.11%
2010-05-12,270.39,266.8,270.74,266.67,5.38M,1.35%
2010-05-11,266.8,266.77,270.39,263.52,6.16M,0.00%
2010-05-10,266.79,253.43,267.37,253.43,6.99M,5.27%
2010-05-07,253.44,258.35,260.71,249.5,10.19M,-1.90%
2010-05-06,258.35,267.8,268.24,245.1,10.16M,-3.53%
2010-05-05,267.8,271.71,271.73,266.29,7.59M,-1.44%
2010-05-04,271.71,279.92,279.92,270.5,6.22M,-2.93%
2010-05-03,279.92,274.27,280.96,274.27,4.82M,2.06%
2010-04-30,274.27,279.93,281.21,274.19,6.52M,-2.02%
2010-04-29,279.93,274.27,280.57,274.27,5.80M,2.06%
2010-04-28,274.28,275.08,276.46,272.37,6.74M,-0.29%
2010-04-27,275.08,283.24,283.24,274.4,8.44M,-2.88%
2010-04-26,283.24,281.64,284.56,281.62,5.49M,0.57%
2010-04-23,281.64,280.38,281.77,279.32,5.38M,0.45%
2010-04-22,280.38,275.79,280.9,273.48,5.63M,1.66%
2010-04-21,275.79,274.25,276.15,273.45,4.93M,0.56%
2010-04-20,274.25,271.2,274.67,271.2,4.55M,1.12%
2010-04-19,271.2,270.46,271.84,267.28,4.75M,0.26%
2010-04-16,270.49,274.24,274.27,269.1,6.36M,-1.37%
2010-04-15,274.24,273.18,274.75,272.59,5.25M,0.39%
2010-04-14,273.18,269.23,273.2,269.05,5.90M,1.46%
2010-04-13,269.26,267.69,269.74,266.87,4.70M,0.58%
2010-04-12,267.71,267.72,268.33,267.39,3.50M,0.00%
2010-04-09,267.72,265.38,267.76,264.64,4.19M,0.88%
2010-04-08,265.38,262.69,265.97,261.68,5.33M,1.02%
2010-04-07,262.69,264.05,264.2,261.31,4.96M,-0.52%
2010-04-06,264.07,263.67,264.51,262.34,4.01M,0.15%
2010-04-05,263.67,260.58,263.9,260.58,4.25M,1.18%
2010-04-01,260.6,258.69,261.6,258.69,5.23M,0.74%
2010-03-31,258.69,260.72,260.72,258.31,7.61M,-0.78%
2010-03-30,260.72,260.65,261.85,259.75,4.40M,0.03%
2010-03-29,260.65,260.7,261.87,259.75,4.43M,-0.02%
2010-03-26,260.7,259.31,262.03,259.22,3.93M,0.54%
2010-03-25,259.31,257.93,262.28,257.93,5.15M,0.54%
2010-03-24,257.93,259.14,259.14,256.89,4.35M,-0.47%
2010-03-23,259.14,258.02,259.16,256.56,5.10M,0.43%
2010-03-22,258.02,254.68,258.5,252.99,5.09M,1.31%
2010-03-19,254.68,256.24,257.48,253.98,7.06M,-0.61%
2010-03-18,256.24,256.13,257.1,255.8,5.49M,0.04%
2010-03-17,256.14,254.9,256.63,254.9,4.48M,0.49%
2010-03-16,254.9,253.48,254.99,253.47,4.22M,0.56%
2010-03-15,253.48,253.16,253.57,251.26,3.94M,0.13%
2010-03-12,253.16,252.57,253.46,251.72,4.17M,0.23%
2010-03-11,252.57,251.15,252.57,249.64,3.73M,0.56%
2010-03-10,251.17,250.33,251.64,249.92,4.02M,0.33%
2010-03-09,250.35,250.44,251.45,249.45,4.28M,-0.08%
2010-03-08,250.56,249.68,251.07,249.24,3.87M,0.35%
2010-03-05,249.68,245.79,249.73,245.79,4.86M,1.58%
2010-03-04,245.8,243.4,245.93,243.4,4.95M,0.97%
2010-03-03,243.43,243.34,245.06,242.53,5.26M,0.02%
2010-03-02,243.37,244.1,244.96,242.86,6.03M,-0.30%
2010-03-01,244.1,240.22,244.12,240.22,5.18M,1.62%
2010-02-26,240.22,239.65,240.9,238.58,4.47M,0.24%
2010-02-25,239.65,239.63,239.94,236.14,5.17M,-0.05%
2010-02-24,239.77,236.49,239.77,236.49,4.94M,1.33%
2010-02-23,236.63,237.96,238.82,235.95,5.27M,-0.56%
2010-02-22,237.96,238.25,239.18,237.71,3.72M,-0.13%
2010-02-19,238.26,237.44,238.93,236.59,4.26M,0.35%
2010-02-18,237.44,235.98,237.67,234.93,3.80M,0.62%
2010-02-17,235.98,234.03,236.13,234.03,3.94M,0.82%
2010-02-16,234.07,230.29,234.22,230.29,3.93M,1.64%
2010-02-12,230.29,230.32,230.45,227.65,4.48M,-0.01%
2010-02-11,230.32,227.83,230.52,226.02,4.65M,1.09%
2010-02-10,227.83,228.87,229.01,226.04,4.49M,-0.45%
2010-02-09,228.87,225.68,230.24,225.68,5.12M,1.41%
2010-02-08,225.69,226.6,229.09,225.68,4.79M,-0.41%
2010-02-05,226.61,227.68,228.2,222.6,7.04M,-0.47%
2010-02-04,227.68,234.37,234.37,227.59,6.81M,-2.85%
2010-02-03,234.37,234.01,234.71,232.94,5.52M,0.15%
2010-02-02,234.01,230.65,234.1,230.22,5.88M,1.46%
2010-02-01,230.65,228.13,230.65,228.13,5.05M,1.10%
2010-01-29,228.13,229.41,232.4,227.85,6.73M,-0.56%
2010-01-28,229.42,230.9,232.44,228.1,6.90M,-0.64%
2010-01-27,230.9,230.09,231.3,228.53,5.17M,0.35%
2010-01-26,230.09,229.88,231.86,228.5,4.83M,0.09%
2010-01-25,229.88,229.09,230.69,228.62,4.56M,0.34%
2010-01-22,229.1,233.42,234.12,228.7,6.20M,-1.85%
2010-01-21,233.42,236.48,238.49,233.01,5.89M,-1.29%
2010-01-20,236.48,239.29,239.29,235.12,4.37M,-1.17%
2010-01-19,239.29,236.51,239.36,236.13,3.71M,1.18%
2010-01-15,236.51,238.62,239.04,235.64,4.96M,-0.90%
2010-01-14,238.65,238.55,239.04,237.7,4.60M,0.04%
2010-01-13,238.55,236.34,239.15,236.27,4.99M,0.92%
2010-01-12,236.37,239.36,239.36,235.21,5.41M,-1.25%
2010-01-11,239.36,239.6,240.08,238.05,4.93M,-0.10%
2010-01-08,239.6,239.63,239.76,237.65,4.99M,-0.01%
2010-01-07,239.63,237.59,239.74,237.59,6.66M,0.86%
2010-01-06,237.59,237.6,238.24,236.86,5.97M,-0.01%
2010-01-05,237.62,236.46,237.7,235.28,6.16M,0.49%
2010-01-04,236.46,235.06,237.25,235.06,3.89M,0.59%
2009-12-31,235.07,237.39,238.08,235.03,2.15M,-0.98%
2009-12-30,237.4,238.39,238.39,236.56,2.27M,-0.42%
2009-12-29,238.39,237.88,238.9,237.88,2.36M,0.21%
2009-12-28,237.89,237.95,239.12,236.92,2.51M,-0.03%
2009-12-24,237.95,237.68,238.4,237.46,1.12M,0.11%
2009-12-23,237.68,236.71,237.79,235.33,3.22M,0.41%
2009-12-22,236.71,236.35,237.67,236.07,3.39M,0.15%
2009-12-21,236.35,233.37,237.11,233.37,3.58M,1.26%
2009-12-18,233.42,232.2,233.51,230.61,6.14M,0.53%
2009-12-17,232.2,235.01,235.01,232.11,4.04M,-1.20%
2009-12-16,235.02,234.63,236.5,234.63,4.16M,0.17%
2009-12-15,234.63,235.4,235.79,233.52,4.78M,-0.33%
2009-12-14,235.4,233.32,235.53,233.31,3.52M,0.89%
2009-12-11,233.33,230.95,233.66,230.95,4.08M,1.02%
2009-12-10,230.97,227.64,231.72,227.64,4.41M,1.39%
2009-12-09,227.8,228.17,228.17,226.25,4.07M,-0.18%
2009-12-08,228.22,229.99,229.99,226.33,4.76M,-0.77%
2009-12-07,229.99,228.97,231,228.97,4.69M,0.45%
2009-12-04,228.97,227.28,231.45,226,6.10M,0.74%
2009-12-03,227.29,228.93,230.48,227.11,5.45M,-0.73%
2009-12-02,228.96,228.29,230.33,228.07,4.21M,0.28%
2009-12-01,228.31,225.21,229.35,225.21,5.04M,1.33%
2009-11-30,225.31,226.11,226.15,223.07,4.54M,-0.35%
2009-11-27,226.11,229.37,229.37,223.76,2.13M,-1.49%
2009-11-25,229.52,227.26,229.54,227.26,3.02M,0.99%
2009-11-24,227.27,227.6,228.04,226.24,3.92M,-0.18%
2009-11-23,227.68,225.66,229.98,225.66,4.20M,0.89%
2009-11-20,225.68,226.94,227.24,224.5,4.64M,-0.56%
2009-11-19,226.94,229.63,229.63,224.71,5.29M,-1.17%
2009-11-18,229.63,230.38,230.38,228.11,4.58M,-0.34%
2009-11-17,230.42,232.13,232.13,228.05,5.17M,-0.71%
2009-11-16,232.06,228.29,232.58,228.29,5.32M,1.65%
2009-11-13,228.29,224.8,228.54,224.8,4.92M,1.55%
2009-11-12,224.8,227.1,228.55,224.2,4.77M,-1.01%
2009-11-11,227.1,226.02,228.9,225.88,5.22M,0.48%
2009-11-10,226.02,225.87,227.16,224.37,5.13M,0.06%
2009-11-09,225.88,221.01,225.89,221.01,6.16M,2.20%
2009-11-06,221.02,218.79,221.45,218.09,5.89M,1.02%
2009-11-05,218.79,213.3,218.83,213.3,6.24M,2.57%
2009-11-04,213.3,213.58,216.93,212.98,7.04M,-0.13%
2009-11-03,213.58,213,214.12,210.59,6.49M,0.27%
2009-11-02,213.01,211.1,215.19,209.77,6.70M,0.90%
2009-10-30,211.1,216.96,217.53,210.71,6.23M,-2.70%
2009-10-29,216.96,211.2,217.4,211.2,5.55M,2.72%
2009-10-28,211.21,217.21,217.21,210.78,6.91M,-2.76%
2009-10-27,217.21,220.89,221.05,216.29,5.70M,-1.67%
2009-10-26,220.89,222.07,226.05,220.1,5.12M,-0.53%
2009-10-23,222.07,223.7,225.86,221.39,4.75M,-0.73%
2009-10-22,223.7,220.03,224.6,219.29,4.82M,1.67%
2009-10-21,220.03,223.26,226.09,219.93,5.06M,-1.45%
2009-10-20,223.26,225.71,225.71,221.98,4.31M,-1.09%
2009-10-19,225.71,222.64,226.42,222.57,4.11M,1.38%
2009-10-16,222.64,223.89,223.89,220.31,4.46M,-0.56%
2009-10-15,223.89,223.62,224.04,222.42,4.73M,0.12%
2009-10-14,223.62,220.17,224.11,220.17,4.96M,1.54%
2009-10-13,220.23,219.27,221.19,218.77,4.72M,0.44%
2009-10-12,219.27,219.11,221.47,218.66,4.67M,0.07%
2009-10-09,219.11,219.07,219.16,217.58,3.57M,0.01%
2009-10-08,219.08,215.77,220.52,215.77,5.43M,1.53%
2009-10-07,215.77,215.57,216.55,214.27,4.29M,0.08%
2009-10-06,215.59,212.42,216.99,212.42,4.88M,1.49%
2009-10-05,212.42,208.77,213.04,208.76,4.34M,1.75%
2009-10-02,208.77,211.49,211.49,208.52,5.23M,-1.29%
2009-10-01,211.5,216.48,216.48,210.74,6.55M,-2.30%
2009-09-30,216.48,217.42,218.26,213.77,6.02M,-0.43%
2009-09-29,217.42,216.38,218.88,216.14,4.30M,0.48%
2009-09-28,216.38,212.13,217.13,212.13,3.19M,2.00%
2009-09-25,212.13,213.99,214.47,211.58,4.52M,-0.87%
2009-09-24,213.99,215.96,217.19,212.62,5.13M,-0.91%
2009-09-23,215.96,218.88,219.98,215.96,5.64M,-1.33%
2009-09-22,218.88,218.27,220.21,218.27,4.40M,0.28%
2009-09-21,218.27,219.47,219.47,216.26,4.35M,-0.55%
2009-09-18,219.47,217.81,220.08,217.81,5.58M,0.76%
2009-09-17,217.81,218.63,220.13,216.54,5.74M,-0.38%
2009-09-16,218.64,214.52,218.72,214.52,5.83M,1.92%
2009-09-15,214.53,213.65,215.14,212.49,5.10M,0.41%
2009-09-14,213.65,212.71,213.92,210.27,3.77M,0.44%
2009-09-11,212.71,213.66,213.73,211.58,4.41M,-0.45%
2009-09-10,213.68,210.69,213.68,209.86,4.55M,1.42%
2009-09-09,210.69,208.35,211.11,207.07,4.66M,1.11%
2009-09-08,208.38,206.27,208.84,206.27,4.19M,1.01%
2009-09-04,206.29,203.32,206.61,202.71,3.53M,1.46%
2009-09-03,203.32,200.64,203.39,200.34,4.72M,1.31%
2009-09-02,200.69,201.74,201.74,199.68,4.42M,-0.53%
2009-09-01,201.76,205.76,208.48,201.44,5.83M,-1.99%
2009-08-31,205.86,209.28,209.28,204.93,4.10M,-1.63%
2009-08-28,209.28,209.36,210.93,208.01,3.74M,-0.11%
2009-08-27,209.5,208.74,210.13,205.56,3.99M,0.33%
2009-08-26,208.81,207.86,210.15,206.81,4.49M,0.45%
2009-08-25,207.88,205.39,209.92,205.39,4.88M,1.21%
2009-08-24,205.39,207.32,208.32,204.96,4.41M,-0.94%
2009-08-21,207.34,203.21,207.62,203.21,4.53M,2.03%
2009-08-20,203.21,201.63,203.65,201.41,4.01M,0.78%
2009-08-19,201.63,199.72,202.01,197.98,4.20M,0.95%
2009-08-18,199.73,197.01,200.13,197.01,4.92M,1.37%
2009-08-17,197.04,203.48,203.48,196.47,5.09M,-3.16%
2009-08-14,203.48,206.68,206.78,201.93,4.22M,-1.55%
2009-08-13,206.68,206.28,206.8,203.51,5.13M,0.19%
2009-08-12,206.28,204.31,207.91,204.11,4.78M,0.96%
2009-08-11,204.31,206.43,206.43,202.82,4.51M,-1.03%
2009-08-10,206.44,208.88,208.88,204.83,4.90M,-1.17%
2009-08-07,208.89,202.19,209.65,202.19,6.28M,3.31%
2009-08-06,202.19,202.42,205.89,201.27,5.62M,-0.11%
2009-08-05,202.42,203.62,203.97,199.98,4.98M,-0.59%
2009-08-04,203.62,203.1,204.58,201.72,5.87M,0.26%
2009-08-03,203.1,199.22,203.56,199.22,6.58M,1.95%
2009-07-31,199.22,198.93,200.68,197.79,5.61M,0.15%
2009-07-30,198.93,195.64,200.84,195.64,5.40M,1.68%
2009-07-29,195.64,197.28,198.19,194.47,4.52M,-0.83%
2009-07-28,197.28,197.23,197.73,195.23,4.80M,0.03%
2009-07-27,197.23,196.78,197.25,194.21,5.17M,0.23%
2009-07-24,196.78,197.12,197.12,193.77,4.65M,-0.17%
2009-07-23,197.12,192.55,198.37,191.3,8.69M,2.37%
2009-07-22,192.55,190.73,193.53,190.33,5.40M,0.95%
2009-07-21,190.73,191.47,192.15,187.88,4.52M,-0.39%
2009-07-20,191.47,187.11,191.61,187.11,4.56M,2.32%
2009-07-17,187.12,186.92,187.23,185.68,4.25M,0.11%
2009-07-16,186.92,184.71,187.42,183.19,4.44M,1.20%
2009-07-15,184.71,179.7,184.79,179.7,5.26M,2.76%
2009-07-14,179.75,177.06,179.81,176.41,4.15M,1.52%
2009-07-13,177.06,173.75,177.12,171.84,4.29M,1.91%
2009-07-10,173.75,174.29,175.68,172.13,3.70M,-0.31%
2009-07-09,174.29,173.15,175.16,172.94,4.74M,0.66%
2009-07-08,173.15,171.9,173.82,170.96,5.92M,0.72%
2009-07-07,171.91,176.35,176.35,171.68,4.71M,-2.52%
2009-07-06,176.35,176.07,177.57,174.3,4.76M,0.15%
2009-07-02,176.08,182.82,182.82,176.06,4.44M,-3.69%
2009-07-01,182.83,182.15,185.32,182.15,4.54M,0.37%
2009-06-30,182.15,182.93,184.43,180.54,5.02M,-0.43%
2009-06-29,182.93,181.11,183.98,180.25,4.13M,1.00%
2009-06-26,181.11,181.9,182.25,180.26,5.43M,-0.43%
2009-06-25,181.9,176.74,182.47,176.25,5.14M,2.92%
2009-06-24,176.74,175.78,179.44,175.73,5.01M,0.55%
2009-06-23,175.78,177.11,177.99,174.98,4.87M,-0.75%
2009-06-22,177.11,182.02,182.02,176.98,4.83M,-2.70%
2009-06-19,182.02,180.41,183.73,180.41,5.61M,0.89%
2009-06-18,180.41,180.9,182.03,178.96,4.32M,-0.27%
2009-06-17,180.9,179.17,183.23,177.43,5.48M,0.97%
2009-06-16,179.17,183.48,184.09,178.53,5.23M,-2.35%
2009-06-15,183.48,187.55,187.55,181.95,4.26M,-2.17%
2009-06-12,187.55,187.23,187.55,183.91,4.14M,0.17%
2009-06-11,187.24,189.04,190.81,187.11,5.52M,-0.96%
2009-06-10,189.06,191.03,193.22,186.67,5.02M,-1.04%
2009-06-09,191.05,189.47,192.03,189.06,4.37M,0.78%
2009-06-08,189.57,188.78,191.35,185.21,4.62M,0.41%
2009-06-05,188.8,189.24,191.74,186.9,5.20M,-0.25%
2009-06-04,189.27,189.59,189.59,186.36,5.15M,-0.27%
2009-06-03,189.78,191.66,191.66,187.78,5.27M,-0.99%
2009-06-02,191.68,189.94,192.86,189.08,5.85M,0.91%
2009-06-01,189.95,181.56,190.75,181.56,9.74M,4.62%
2009-05-29,181.57,179.07,181.63,177.85,8.97M,1.40%
2009-05-28,179.07,179.4,181.91,176.09,7.95M,-0.18%
2009-05-27,179.4,183.49,184.49,178.96,6.98M,-2.27%
2009-05-26,183.57,176.88,184.18,175.75,8.12M,3.78%
2009-05-22,176.88,176.27,178.9,174.51,6.37M,0.33%
2009-05-21,176.29,180.49,180.49,174.54,6.82M,-2.33%
2009-05-20,180.49,182.22,186.37,179.8,6.38M,-0.95%
2009-05-19,182.22,182.46,183.96,180.7,5.85M,-0.13%
2009-05-18,182.46,174.96,182.5,174.96,6.27M,4.27%
2009-05-15,174.99,176.2,179.38,174.32,6.39M,-0.69%
2009-05-14,176.2,174.85,178.94,174.33,7.25M,0.77%
2009-05-13,174.85,180.61,180.61,174.63,11.84M,-3.19%
2009-05-12,180.62,184.75,185.68,178.54,8.01M,-2.24%
2009-05-11,184.76,188.65,188.65,183.73,5.58M,-2.07%
2009-05-08,188.66,186.79,190.72,185.07,6.55M,1.00%
2009-05-07,186.79,190.21,193.44,185.4,8.07M,-1.80%
2009-05-06,190.21,188.55,191.58,186.8,8.27M,0.88%
2009-05-05,188.55,188.47,189.19,186.47,6.09M,0.04%
2009-05-04,188.47,182.3,188.74,182.3,6.70M,3.38%
2009-05-01,182.3,183.51,183.78,180.95,5.96M,-0.66%
2009-04-30,183.51,181.18,187.9,181.18,9.13M,1.29%
2009-04-29,181.18,177.19,183.88,177.19,6.86M,2.25%
2009-04-28,177.19,176.78,179.82,174.55,6.06M,0.23%
2009-04-27,176.78,180.03,180.09,175.46,7.68M,-1.81%
2009-04-24,180.03,175.35,182.02,175.35,8.77M,2.67%
2009-04-23,175.35,175.22,177.47,172.29,7.15M,0.08%
2009-04-22,175.21,173.71,179.2,171.63,7.45M,0.86%
2009-04-21,173.71,169.78,174.23,169.29,5.99M,2.31%
2009-04-20,169.78,177.6,177.6,169.38,5.36M,-4.40%
2009-04-17,177.6,175.4,178.5,174.83,6.19M,1.25%
2009-04-16,175.4,169.58,176.34,169.58,5.87M,3.43%
2009-04-15,169.58,168.61,169.77,166.6,5.71M,0.56%
2009-04-14,168.64,172.47,172.47,167.83,5.76M,-2.23%
2009-04-13,172.48,173.24,173.48,170.17,5.19M,-0.44%
2009-04-09,173.24,166.2,173.37,166.2,7.35M,4.24%
2009-04-08,166.2,161.64,166.22,161.64,8.16M,2.82%
2009-04-07,161.64,166.77,166.77,160.91,5.49M,-3.10%
2009-04-06,166.81,168.86,168.86,164.78,6.93M,-1.22%
2009-04-03,168.87,166.26,168.87,164.9,5.96M,1.57%
2009-04-02,166.26,157.99,168.57,157.99,7.20M,5.23%
2009-04-01,157.99,154.82,158.34,152.04,6.07M,2.05%
2009-03-31,154.82,153.53,157.14,152.5,6.16M,0.84%
2009-03-30,153.53,158.83,158.83,151.58,5.97M,-3.34%
2009-03-27,158.83,162.17,162.17,157.77,5.25M,-2.06%
2009-03-26,162.17,155.95,162.76,155.95,6.69M,3.99%
2009-03-25,155.95,154.32,159.42,151.29,6.83M,1.06%
2009-03-24,154.32,156.68,157.08,154.24,5.50M,-1.51%
2009-03-23,156.68,146.04,156.68,146.04,5.77M,7.29%
2009-03-20,146.04,149.23,150.18,144.2,6.38M,-2.14%
2009-03-19,149.24,151.05,151.6,148.16,6.05M,-1.20%
2009-03-18,151.05,146.34,152.96,145.28,6.91M,3.21%
2009-03-17,146.35,140.08,146.35,140.08,5.02M,4.48%
2009-03-16,140.08,142.68,144.32,140.04,5.09M,-1.82%
2009-03-13,142.68,141.53,143.64,139.77,5.69M,0.81%
2009-03-12,141.53,135.96,141.89,134.17,5.87M,4.10%
2009-03-11,135.96,134.82,137.93,134.23,6.06M,0.81%
2009-03-10,134.87,125.62,134.87,125.62,7.25M,7.28%
2009-03-09,125.72,127.28,129.95,125.14,5.66M,-1.24%
2009-03-06,127.3,128.23,130.45,124.37,7.04M,-0.74%
2009-03-05,128.25,134.47,134.47,127.36,6.80M,-4.65%
2009-03-04,134.5,130.79,136.49,130.79,5.99M,2.81%
2009-03-03,130.82,132.32,134.49,130.36,6.96M,-1.14%
2009-03-02,132.33,138.21,138.21,132.1,5.91M,-4.26%
2009-02-27,138.22,138.48,140.44,136.06,6.48M,-0.19%
2009-02-26,138.48,141.47,143.51,138.38,5.86M,-2.21%
2009-02-25,141.61,143.17,144.6,139.23,6.90M,-1.17%
2009-02-24,143.28,136.71,144.22,136.71,6.99M,4.80%
2009-02-23,136.72,140.36,142.61,136.39,5.64M,-2.60%
2009-02-20,140.37,141.57,142.02,137.81,6.90M,-0.85%
2009-02-19,141.57,142.53,145.67,141.35,5.96M,-0.67%
2009-02-18,142.53,143.61,144.25,141.14,5.69M,-0.77%
2009-02-17,143.64,149.64,149.64,142.82,6.20M,-4.01%
2009-02-13,149.64,151.93,152.29,149.24,4.67M,-1.51%
2009-02-12,151.93,151.47,151.96,146.84,6.05M,0.30%
2009-02-11,151.47,150.69,152.74,149.66,4.95M,0.51%
2009-02-10,150.7,158.15,158.15,149.94,6.16M,-4.72%
2009-02-09,158.16,158.83,158.86,155.98,4.67M,-0.43%
2009-02-06,158.84,154.14,160.07,154.1,6.19M,3.05%
2009-02-05,154.14,151.09,155.18,149.59,6.36M,2.02%
2009-02-04,151.09,155,155.61,150.68,6.09M,-2.52%
2009-02-03,155,150.68,155.75,149.08,5.84M,2.86%
2009-02-02,150.69,151.38,152,148.56,5.81M,-0.46%
2009-01-30,151.38,155.95,157.3,150.69,5.96M,-2.94%
2009-01-29,155.96,162.46,162.46,155.69,4.84M,-4.00%
2009-01-28,162.46,155.96,163.67,155.96,5.07M,4.17%
2009-01-27,155.96,156.07,158.47,154.65,4.34M,-0.07%
2009-01-26,156.07,154.79,159.31,153.8,5.06M,0.83%
2009-01-23,154.79,155.65,157,150.71,5.34M,-0.55%
2009-01-22,155.65,157.67,158.49,152.48,5.53M,-1.28%
2009-01-21,157.67,152.54,157.83,151.44,5.81M,3.36%
2009-01-20,152.54,162.8,162.8,152.2,5.44M,-6.30%
2009-01-16,162.8,160.54,163.6,158.11,5.96M,1.41%
2009-01-15,160.54,157.32,163,153.7,6.39M,2.05%
2009-01-14,157.32,163.37,163.37,155.94,5.47M,-3.74%
2009-01-13,163.43,165.58,166.89,161.76,5.04M,-1.30%
2009-01-12,165.58,169.84,169.84,164.44,4.74M,-2.51%
2009-01-09,169.84,174.78,175.13,169.64,5.42M,-2.83%
2009-01-08,174.78,174.21,174.78,170.79,5.29M,0.33%
2009-01-07,174.21,180.54,180.54,172.95,5.30M,-3.52%
2009-01-06,180.56,177.37,181.97,177.37,5.30M,1.80%
2009-01-05,177.37,177.32,178.89,174.6,5.22M,0.02%
2009-01-02,177.33,169.4,177.91,169.4,3.82M,4.68%
2008-12-31,169.41,166.78,170.48,166.55,3.73M,1.56%
2008-12-30,166.8,161.68,166.8,161.68,3.36M,3.17%
2008-12-29,161.68,163.52,163.52,159.34,3.06M,-1.15%
2008-12-26,163.56,162.55,164.05,162.44,1.99M,0.62%
2008-12-24,162.55,161.23,163.22,161.23,1.49M,0.82%
2008-12-23,161.23,163.42,164.61,160.44,4.42M,-1.34%
2008-12-22,163.42,168.53,168.53,160.24,4.75M,-3.03%
2008-12-19,168.53,169.03,172.2,166.82,7.84M,-0.30%
2008-12-18,169.03,172.24,173.82,167.12,6.36M,-1.86%
2008-12-17,172.24,171.52,174.5,168.28,5.67M,0.41%
2008-12-16,171.54,162.41,171.89,162.41,6.06M,5.62%
2008-12-15,162.41,164.77,166.45,160.18,4.78M,-1.44%
2008-12-12,164.79,164.12,165.79,159.25,7.36M,0.41%
2008-12-11,164.12,170.74,170.74,163.34,5.76M,-3.99%
2008-12-10,170.94,166.9,171.9,166.82,6.24M,2.39%
2008-12-09,166.95,171.94,173.67,166.38,6.87M,-2.90%
2008-12-08,171.94,166.01,173.99,166.01,9.06M,3.57%
2008-12-05,166.01,160.13,166.15,153.58,7.07M,3.67%
2008-12-04,160.14,159.68,165.56,157.49,8.19M,0.27%
2008-12-03,159.71,153.06,160.08,149.38,7.61M,4.28%
2008-12-02,153.15,146.72,153.34,146.72,7.24M,4.28%
2008-12-01,146.87,161.15,161.15,146.85,8.39M,-8.86%
2008-11-28,161.15,159.52,161.15,157.64,3.50M,1.02%
2008-11-26,159.52,150.97,160.05,147.84,7.56M,5.56%
2008-11-25,151.12,148.22,152.2,145.59,7.60M,1.89%
2008-11-24,148.32,137.64,151.22,137.64,8.42M,7.74%
2008-11-21,137.66,128.81,137.66,126.75,9.42M,6.85%
2008-11-20,128.83,136.19,140.51,128.26,10.89M,-5.40%
2008-11-19,136.19,146.2,147.39,136.17,7.79M,-6.88%
2008-11-18,146.25,146.14,149.03,141.34,6.41M,0.05%
2008-11-17,146.17,150.69,151.98,146.17,5.48M,-3.00%
2008-11-14,150.69,157.97,158.78,150.35,5.87M,-4.61%
2008-11-13,157.97,147.36,157.97,140.22,7.62M,7.20%
2008-11-12,147.36,157.12,157.12,147.1,6.51M,-6.22%
2008-11-11,157.14,161.76,161.76,153.97,5.92M,-2.86%
2008-11-10,161.76,166.02,170.29,159.47,5.06M,-2.57%
2008-11-07,166.02,162.83,166.74,161.58,5.90M,1.95%
2008-11-06,162.85,172.09,172.09,161.95,6.78M,-5.37%
2008-11-05,172.09,182.49,182.49,171.96,5.37M,-5.70%
2008-11-04,182.49,175.85,182.82,175.85,5.58M,3.76%
2008-11-03,175.87,178.62,180,174.03,4.72M,-1.54%
2008-10-31,178.62,173.89,181.45,171.26,6.58M,2.72%
2008-10-30,173.89,168.35,176.91,168.35,6.53M,3.27%
2008-10-29,168.38,168.49,176.94,163.87,8.02M,-0.07%
2008-10-28,168.49,148.97,168.49,148.6,7.30M,13.10%
2008-10-27,148.97,152.77,156.05,148.79,5.15M,-2.49%
2008-10-24,152.77,159.39,159.39,149.81,6.55M,-4.15%
2008-10-23,159.39,160.24,162.32,150.61,7.74M,-0.53%
2008-10-22,160.24,170.98,170.98,156.35,6.22M,-6.28%
2008-10-21,170.98,176.38,177.43,170.66,4.91M,-3.06%
2008-10-20,176.38,170.08,176.38,170.08,5.10M,3.70%
2008-10-17,170.08,169.34,175.08,163.79,6.72M,0.44%
2008-10-16,169.34,161.95,169.59,154.82,8.48M,4.56%
2008-10-15,161.95,179.1,179.1,161.91,6.60M,-9.61%
2008-10-14,179.16,184.11,190.83,174.8,7.83M,-2.69%
2008-10-13,184.11,167.12,184.16,167.12,8.04M,10.17%
2008-10-10,167.12,169.95,174.48,155.38,13.32M,-1.67%
2008-10-09,169.95,183.2,185.54,169.74,8.91M,-7.24%
2008-10-08,183.21,185.82,190.87,181.52,9.63M,-1.42%
2008-10-07,185.84,197.13,199.4,185.84,7.48M,-5.73%
2008-10-06,197.13,204.51,204.51,187.4,8.39M,-3.61%
2008-10-03,204.51,210.28,214.6,204.39,6.00M,-2.75%
2008-10-02,210.29,219.55,219.55,210,5.01M,-4.22%
2008-10-01,219.55,221.25,221.25,216.89,4.74M,-0.77%
2008-09-30,221.25,213.11,221.62,213.11,5.69M,3.84%
2008-09-29,213.07,230.3,230.3,211.55,7.00M,-7.49%
2008-09-26,230.32,228.04,230.6,224.82,4.66M,1.00%
2008-09-25,228.04,223.7,229.9,223.7,5.02M,1.94%
2008-09-24,223.7,225.22,226.72,222.46,4.43M,-0.67%
2008-09-23,225.22,228.92,231.84,224.38,4.71M,-1.62%
2008-09-22,228.92,240.86,240.86,228.6,5.14M,-4.96%
2008-09-19,240.86,236.72,246.73,236.72,9.03M,1.75%
2008-09-18,236.72,227.17,237.35,223.29,9.30M,4.20%
2008-09-17,227.18,238.72,238.72,227.18,8.10M,-4.84%
2008-09-16,238.73,237.4,239.96,233.67,7.51M,0.56%
2008-09-15,237.4,244.24,244.24,237.4,6.72M,-2.80%
2008-09-12,244.24,245.42,245.67,240.99,6.24M,-0.48%
2008-09-11,245.42,242.11,245.5,238.08,6.31M,1.35%
2008-09-10,242.14,241.89,244.57,239.61,5.34M,0.08%
2008-09-09,241.94,248.19,251.29,241.94,6.73M,-2.53%
2008-09-08,248.21,238.41,248.24,238.41,7.01M,4.09%
2008-09-05,238.45,237.88,238.99,232.9,5.05M,0.24%
2008-09-04,237.89,246.09,246.09,237.83,5.99M,-3.34%
2008-09-03,246.11,244.68,247.13,243.14,5.80M,0.57%
2008-09-02,244.71,240.18,250.07,240.18,5.59M,1.84%
2008-08-29,240.28,242.76,242.76,239.98,3.46M,-1.04%
2008-08-28,242.8,237.2,242.89,237.2,3.93M,2.31%
2008-08-27,237.32,236.21,238.82,234.74,3.78M,0.43%
2008-08-26,236.31,235.69,237.23,233.54,3.82M,0.26%
2008-08-25,235.7,241.55,241.55,235.4,3.80M,-2.42%
2008-08-22,241.55,236.33,241.64,236.33,3.86M,2.20%
2008-08-21,236.34,235.22,236.85,232.14,4.29M,0.48%
2008-08-20,235.22,236.46,238.54,233.66,4.68M,-0.55%
2008-08-19,236.51,241.93,241.93,235.71,4.45M,-2.24%
2008-08-18,241.93,246.22,247.28,240.97,4.23M,-1.75%
2008-08-15,246.25,243.8,247.78,243.8,4.63M,1.00%
2008-08-14,243.8,239.07,246.33,237.69,4.98M,1.97%
2008-08-13,239.08,243.01,243.01,236.25,5.43M,-1.62%
2008-08-12,243.01,246.66,246.66,242.25,5.46M,-1.48%
2008-08-11,246.66,240.56,251.84,238.89,7.39M,2.53%
2008-08-08,240.57,228.71,241.22,228.71,5.68M,5.19%
2008-08-07,228.71,233.43,233.43,228.45,4.93M,-2.02%
2008-08-06,233.43,234.49,234.49,229.59,4.99M,-0.45%
2008-08-05,234.49,224.38,234.49,224.38,5.47M,4.50%
2008-08-04,224.39,223.32,226,221.84,3.92M,0.48%
2008-08-01,223.32,224.52,225.51,220.78,4.65M,-0.53%
2008-07-31,224.52,226.67,228.74,224.24,5.24M,-0.95%
2008-07-30,226.68,225.76,229.94,223.42,5.89M,0.40%
2008-07-29,225.77,218.58,225.81,218.58,5.06M,3.29%
2008-07-28,218.58,224.13,224.28,218.58,4.76M,-2.48%
2008-07-25,224.13,224.98,228.55,223.32,4.71M,-0.38%
2008-07-24,224.98,231.49,231.49,224.94,5.85M,-2.81%
2008-07-23,231.49,226.86,235.16,226.23,6.49M,2.04%
2008-07-22,226.86,222.21,226.86,220.09,5.45M,2.09%
2008-07-21,222.22,225.08,226.36,221.24,4.08M,-1.27%
2008-07-18,225.08,225.44,227.21,222.16,5.30M,-0.16%
2008-07-17,225.44,220.02,226.12,216.8,7.33M,2.46%
2008-07-16,220.02,210.74,220.09,209.22,7.19M,4.38%
2008-07-15,210.78,210.18,213.95,204.59,7.64M,0.29%
2008-07-14,210.18,211.29,214.05,209.35,5.16M,-0.53%
2008-07-11,211.29,213.97,214.8,207.53,6.82M,-1.25%
2008-07-10,213.97,217.71,217.71,212.34,6.73M,-1.72%
2008-07-09,217.71,223.62,223.62,217.7,6.00M,-2.66%
2008-07-08,223.65,218.7,223.65,217.42,6.53M,2.25%
2008-07-07,218.73,220.22,222.69,216.2,5.88M,-0.68%
2008-07-03,220.22,219.62,222.4,218.76,3.27M,0.26%
2008-07-02,219.64,223.54,225.99,219.64,6.38M,-1.74%
2008-07-01,223.54,223.57,224.11,218.32,7.75M,-0.01%
2008-06-30,223.57,225.63,227.52,222.65,5.94M,-0.91%
2008-06-27,225.63,227.25,227.76,223.26,6.13M,-0.71%
2008-06-26,227.25,235.49,235.49,227.21,6.33M,-3.50%
2008-06-25,235.49,232.1,238.66,232.1,5.49M,1.46%
2008-06-24,232.1,232.6,234.84,229.15,6.38M,-0.22%
2008-06-23,232.61,236.5,236.5,232.41,5.44M,-1.64%
2008-06-20,236.5,243.85,243.85,235.91,6.36M,-3.01%
2008-06-19,243.85,240.92,244.37,240.05,4.64M,1.22%
2008-06-18,240.92,245.56,245.56,239.78,5.40M,-1.89%
2008-06-17,245.57,248.86,249.95,245.52,4.24M,-1.32%
2008-06-16,248.86,249.16,249.79,246.46,4.26M,-0.12%
2008-06-13,249.16,242.97,249.17,242.97,4.37M,2.55%
2008-06-12,242.97,241.37,245.88,241.37,4.64M,0.66%
2008-06-11,241.37,246.77,246.77,241.37,4.96M,-2.21%
2008-06-10,246.82,245.75,248.83,243.8,4.63M,0.44%
2008-06-09,245.75,246.07,249.24,244.01,4.56M,-0.13%
2008-06-06,246.08,256.25,256.25,246.08,5.43M,-3.98%
2008-06-05,256.28,253,256.46,253,4.69M,1.24%
2008-06-04,253.13,251.72,255.62,250.86,4.96M,0.54%
2008-06-03,251.77,251.71,253.2,249.52,5.04M,-0.02%
2008-06-02,251.83,254.77,254.77,249.37,4.29M,-1.16%
2008-05-30,254.78,255.69,255.73,253.96,4.29M,-0.37%
2008-05-29,255.73,253.24,256.83,252.78,4.31M,0.98%
2008-05-28,253.25,252.1,255.25,251.96,4.50M,0.41%
2008-05-27,252.21,249.43,253.38,249.11,4.43M,1.11%
2008-05-23,249.44,253.79,253.79,249.01,4.51M,-1.72%
2008-05-22,253.8,253.3,255.24,251.52,4.78M,0.20%
2008-05-21,253.3,258.31,259.07,252.44,4.85M,-1.96%
2008-05-20,258.36,262.59,262.59,257.54,4.59M,-1.61%
2008-05-19,262.59,263.35,265.54,261.72,3.91M,-0.29%
2008-05-16,263.35,265.71,265.71,261.23,4.85M,-0.90%
2008-05-15,265.73,262.42,265.85,260.48,4.52M,1.26%
2008-05-14,262.43,259.83,264.33,259.83,4.68M,0.98%
2008-05-13,259.88,259.25,260.81,258.14,4.24M,0.24%
2008-05-12,259.25,253.95,259.33,253.95,3.91M,2.08%
2008-05-09,253.97,255.18,255.69,252.62,3.65M,-0.47%
2008-05-08,255.18,255.86,257.44,253.63,4.73M,-0.27%
2008-05-07,255.86,259.52,262.01,255.55,4.53M,-1.41%
2008-05-06,259.52,258.15,259.92,255.43,4.05M,0.53%
2008-05-05,258.16,261.44,261.44,257.94,3.76M,-1.25%
2008-05-02,261.44,261.95,264.4,260.05,4.82M,-0.19%
2008-05-01,261.95,253.59,262.72,253.59,5.63M,3.29%
2008-04-30,253.6,256.49,258.8,253.39,5.60M,-1.13%
2008-04-29,256.49,255.22,257.12,254.5,4.53M,0.49%
2008-04-28,255.23,255.09,257,253.61,5.23M,0.05%
2008-04-25,255.09,252.53,255.41,250.99,6.20M,1.01%
2008-04-24,252.53,249.25,254.56,248.62,7.67M,1.32%
2008-04-23,249.25,248.43,251.16,247.29,4.82M,0.33%
2008-04-22,248.43,252.61,252.61,247.07,4.28M,-1.65%
2008-04-21,252.61,252.82,253.04,250.31,4.02M,-0.09%
2008-04-18,252.83,247.87,254.01,247.87,4.79M,2.00%
2008-04-17,247.87,246.32,248.3,245.34,3.78M,0.63%
2008-04-16,246.32,242.42,246.45,242.42,4.09M,1.60%
2008-04-15,242.45,241.94,243.06,240.45,3.55M,0.21%
2008-04-14,241.94,243.31,243.53,241.72,3.37M,-0.56%
2008-04-11,243.31,248.16,248.16,242.71,3.88M,-1.95%
2008-04-10,248.16,245.98,249.9,245.42,4.62M,0.89%
2008-04-09,245.98,250.77,251.21,245.17,4.25M,-1.91%
2008-04-08,250.78,252.26,252.26,249.95,4.41M,-0.59%
2008-04-07,252.28,252.5,254.28,251.43,4.06M,-0.09%
2008-04-04,252.5,253.59,254.4,250.76,4.33M,-0.43%
2008-04-03,253.6,254.38,254.38,250.48,4.41M,-0.31%
2008-04-02,254.38,253.88,257.1,253.28,5.33M,0.20%
2008-04-01,253.88,243.31,253.94,243.31,5.34M,4.34%
2008-03-31,243.32,239.87,244.47,239.66,4.36M,1.44%
2008-03-28,239.87,245.32,245.32,239.46,5.07M,-2.22%
2008-03-27,245.32,248.67,250.52,245.32,4.81M,-1.35%
2008-03-26,248.67,254.33,254.33,247.51,4.78M,-2.23%
2008-03-25,254.33,254.98,255.62,252.01,4.75M,-0.25%
2008-03-24,254.98,247.26,255.58,247.26,5.52M,3.12%
2008-03-20,247.26,239.6,247.73,239.6,7.78M,3.20%
2008-03-19,239.6,242.77,245.93,239.6,5.64M,-1.31%
2008-03-18,242.77,232.66,242.77,232.66,6.09M,4.34%
2008-03-17,232.67,236.18,236.18,229.46,6.01M,-1.49%
2008-03-14,236.19,240.7,241.29,233.07,6.26M,-1.87%
2008-03-13,240.7,239.77,241.68,233.91,6.74M,0.39%
2008-03-12,239.77,241.36,244.49,239.62,4.57M,-0.68%
2008-03-11,241.41,234.09,241.41,234.09,5.92M,3.09%
2008-03-10,234.18,237.79,239.62,233.81,4.64M,-1.53%
2008-03-07,237.82,239.99,241.62,236.05,4.76M,-0.91%
2008-03-06,240,246.47,246.47,239.93,4.63M,-2.64%
2008-03-05,246.51,246.42,249.93,244.41,4.77M,0.02%
2008-03-04,246.47,246.29,246.99,242.9,5.47M,0.07%
2008-03-03,246.29,245.65,247.09,243.16,4.59M,0.25%
2008-02-29,245.68,253.15,253.15,244.72,5.16M,-2.97%
2008-02-28,253.19,259.21,259.21,252.82,4.45M,-2.37%
2008-02-27,259.33,259.89,260.8,257.9,4.56M,-0.26%
2008-02-26,260,256.9,261.69,256.15,5.32M,1.20%
2008-02-25,256.91,252.71,257.1,250.8,4.64M,1.65%
2008-02-22,252.73,249.41,252.79,247.17,4.13M,1.33%
2008-02-21,249.42,254.03,255.85,249,4.62M,-1.81%
2008-02-20,254.03,251.66,254.78,249.28,4.50M,0.93%
2008-02-19,251.7,253.32,255.87,251.1,4.18M,-0.64%
2008-02-15,253.32,252.17,253.33,249.65,4.82M,0.44%
2008-02-14,252.2,255.73,256.71,251.22,4.85M,-1.38%
2008-02-13,255.73,252.96,256.62,252.9,4.56M,1.08%
2008-02-12,253,251.72,256.1,251.42,4.74M,0.51%
2008-02-11,251.72,248.33,252.12,246.75,4.21M,1.37%
2008-02-08,248.33,250.03,251.13,246.77,4.48M,-0.68%
2008-02-07,250.04,245.87,252.46,245.83,5.92M,1.70%
2008-02-06,245.87,247.4,252.44,245.37,5.63M,-0.62%
2008-02-05,247.41,254.38,254.38,247.41,5.43M,-2.74%
2008-02-04,254.39,259.85,259.85,253.97,4.15M,-2.11%
2008-02-01,259.87,256.13,260.06,255,5.40M,1.46%
2008-01-31,256.13,247.73,257.94,243.81,7.59M,3.39%
2008-01-30,247.73,249.32,253.29,247.37,5.88M,-0.64%
2008-01-29,249.32,248.14,249.65,245.33,5.09M,0.48%
2008-01-28,248.14,243.56,248.27,240.04,5.38M,1.88%
2008-01-25,243.56,248.44,250.47,242.54,5.96M,-1.96%
2008-01-24,248.44,246.92,248.54,245.28,6.72M,0.62%
2008-01-23,246.92,238.23,247.07,232.66,9.44M,3.65%
2008-01-22,238.23,234.34,240.27,226.5,8.33M,1.66%
2008-01-18,234.34,234.33,239.77,232.64,6.85M,0.00%
2008-01-17,234.33,238.62,240.15,234.25,6.42M,-1.80%
2008-01-16,238.62,235.6,241.66,235.24,6.67M,1.27%
2008-01-15,235.62,241.16,241.16,235.22,5.53M,-2.30%
2008-01-14,241.16,238.86,241.53,238.36,4.61M,0.96%
2008-01-11,238.86,245.01,245.01,238.14,5.52M,-2.51%
2008-01-10,245.01,241.98,247.15,239.69,6.33M,1.25%
2008-01-09,241.98,240,241.98,234.7,6.89M,0.82%
2008-01-08,240.02,244.74,247.54,239.76,6.19M,-1.93%
2008-01-07,244.75,243.56,246.51,242.74,5.21M,0.48%
2008-01-04,243.58,251.15,251.15,243.29,6.00M,-3.01%
2008-01-03,251.15,254.15,254.96,250.7,4.77M,-1.18%
2008-01-02,254.15,259.53,259.75,253.95,4.36M,-2.07%
2007-12-31,259.53,260.22,261.13,258.68,3.20M,-0.27%
2007-12-28,260.22,260.71,262.63,259.63,2.83M,-0.19%
2007-12-27,260.71,264.01,264.01,260.71,2.96M,-1.28%
2007-12-26,264.08,265.41,265.41,262.59,2.52M,-0.50%
2007-12-24,265.41,263.14,265.65,263.13,1.54M,0.86%
2007-12-21,263.14,259.47,263.35,259.47,5.64M,1.41%
2007-12-20,259.47,259.07,260.4,257.03,4.27M,0.15%
2007-12-19,259.08,261.47,261.47,257.95,4.28M,-0.92%
2007-12-18,261.48,259.23,262.23,258.07,5.06M,0.87%
2007-12-17,259.23,261.73,261.9,259.15,4.39M,-0.96%
2007-12-14,261.73,265.56,265.56,261.73,4.34M,-1.44%
2007-12-13,265.56,266.43,266.81,262.53,4.60M,-0.33%
2007-12-12,266.44,266.53,272.55,263.5,5.69M,-0.06%
2007-12-11,266.61,274.49,275.58,266.41,5.22M,-2.87%
2007-12-10,274.49,273.8,274.97,272.91,3.69M,0.25%
2007-12-07,273.81,273.13,275.01,273.13,3.71M,0.25%
2007-12-06,273.13,270.13,273.46,267.93,4.93M,1.10%
2007-12-05,270.16,270.72,271.84,268.21,5.17M,-0.27%
2007-12-04,270.9,271.97,271.97,269.26,4.32M,-0.40%
2007-12-03,271.98,273.03,274.28,271.94,3.96M,-0.38%
2007-11-30,273.03,269.65,274.63,269.65,5.14M,1.25%
2007-11-29,269.65,270.13,270.13,266.88,4.21M,-0.18%
2007-11-28,270.14,261.58,271.01,261.58,5.45M,3.20%
2007-11-27,261.77,257.81,262.02,257.81,4.82M,1.49%
2007-11-26,257.92,263.97,264.17,257.82,4.66M,-2.30%
2007-11-23,263.99,259.3,264.04,259.3,2.28M,1.81%
2007-11-21,259.3,261.85,262.08,257.4,5.30M,-0.97%
2007-11-20,261.85,261.77,265.03,257.85,6.32M,0.02%
2007-11-19,261.81,268.21,268.21,261.22,5.36M,-2.39%
2007-11-16,268.23,267.88,268.76,265.26,5.13M,0.12%
2007-11-15,267.91,269.64,270.89,266.83,4.60M,-0.65%
2007-11-14,269.65,275.17,275.92,269.28,5.07M,-2.02%
2007-11-13,275.22,267.08,275.22,267.08,4.87M,2.89%
2007-11-12,267.5,268.3,272.29,267.43,5.14M,-0.30%
2007-11-09,268.3,274.38,274.38,267.77,5.34M,-2.22%
2007-11-08,274.38,274.21,276.2,269.47,6.54M,0.06%
2007-11-07,274.21,280.54,280.54,274.19,5.37M,-2.26%
2007-11-06,280.54,278.42,280.56,276.85,4.25M,0.75%
2007-11-05,278.45,281.58,281.58,277.03,4.65M,-1.12%
2007-11-02,281.6,282.18,283.49,279.39,4.83M,-0.21%
2007-11-01,282.18,289.95,289.95,282.1,4.86M,-2.69%
2007-10-31,289.97,288.15,290.74,286.73,4.56M,0.63%
2007-10-30,288.15,288.78,289.48,287.9,3.58M,-0.23%
2007-10-29,288.81,287.88,289.39,287.54,3.97M,0.32%
2007-10-26,287.88,284.98,287.9,284.28,4.50M,1.02%
2007-10-25,284.98,287.69,288.57,282.6,5.72M,-0.94%
2007-10-24,287.69,288.02,288.02,282.68,4.94M,-0.11%
2007-10-23,288.02,286.85,288.7,285.14,4.41M,0.41%
2007-10-22,286.85,284.03,287.54,282.51,4.13M,0.99%
2007-10-19,284.03,290.97,290.97,284.03,5.15M,-2.39%
2007-10-18,290.97,292.42,292.42,289.64,3.83M,-0.50%
2007-10-17,292.42,292.83,294.88,289.64,4.16M,-0.15%
2007-10-16,292.85,294.41,294.45,292.2,4.04M,-0.53%
2007-10-15,294.41,298.44,298.44,293.04,3.85M,-1.35%
2007-10-12,298.44,297.12,298.9,297.12,4.07M,0.44%
2007-10-11,297.13,297.13,297.13,297.13,5.31M,-0.64%
2007-10-10,299.04,299.41,299.86,297.85,3.47M,-0.13%
2007-10-09,299.43,298.71,299.43,296.83,3.66M,0.24%
2007-10-08,298.71,299.99,299.99,297.7,2.57M,-0.43%
2007-10-05,299.99,294.57,300.78,294.57,3.68M,1.83%
2007-10-04,294.59,295.53,296.1,294.19,3.56M,-0.32%
2007-10-03,295.55,294.82,297.29,293.98,4.37M,0.25%
2007-10-02,294.82,293.85,295.32,293.85,4.03M,0.33%
2007-10-01,293.85,289.95,294.03,289.95,4.24M,1.35%
2007-09-28,289.95,289.72,290.55,288.71,4.26M,0.08%
2007-09-27,289.72,290.11,290.71,289.37,4.16M,-0.14%
2007-09-26,290.13,287.32,290.92,287.32,5.13M,0.97%
2007-09-25,287.35,290.86,290.86,284.97,4.91M,-1.21%
2007-09-24,290.86,293.31,293.99,290.52,4.45M,-0.84%
2007-09-21,293.31,293.44,294.83,293.22,5.42M,-0.04%
2007-09-20,293.44,297.96,297.96,292.75,4.23M,-1.52%
2007-09-19,297.96,297.12,300.74,296.95,5.35M,0.28%
2007-09-18,297.12,287.45,297.48,287.45,5.05M,3.36%
2007-09-17,287.46,289.62,289.62,286.5,3.66M,-0.75%
2007-09-14,289.62,288.51,290.03,285.74,3.67M,0.38%
2007-09-13,288.51,284.47,290.06,284.47,4.62M,1.42%
2007-09-12,284.47,285.2,285.82,284.05,3.79M,-0.29%
2007-09-11,285.31,281.63,285.41,281.63,3.73M,1.31%
2007-09-10,281.63,283.42,284.58,280.18,3.61M,-0.64%
2007-09-07,283.45,290.07,290.07,282.72,4.31M,-2.28%
2007-09-06,290.07,289.27,290.76,287.99,3.69M,0.26%
2007-09-05,289.31,293.09,293.09,287.95,3.91M,-1.30%
2007-09-04,293.11,292.82,294.02,291.46,4.03M,0.10%
2007-08-31,292.82,288.06,294.27,288.06,3.82M,1.65%
2007-08-30,288.06,289.31,289.83,286.4,3.31M,-0.44%
2007-08-29,289.32,281.45,289.33,281.45,3.94M,2.76%
2007-08-28,281.54,288.57,288.57,281.4,3.72M,-2.48%
2007-08-27,288.69,290.95,291.28,288.61,2.65M,-0.78%
2007-08-24,290.95,287.15,290.95,287.08,2.97M,1.32%
2007-08-23,287.17,288.43,289.76,286.14,3.76M,-0.44%
2007-08-22,288.43,284.32,288.48,284.32,4.11M,1.43%
2007-08-21,284.37,282.4,285.17,281.4,3.61M,0.70%
2007-08-20,282.4,281.86,284.01,280.6,3.84M,0.19%
2007-08-17,281.86,277.17,284.57,277.17,5.74M,1.69%
2007-08-16,277.17,276.8,278.06,270.12,7.00M,0.12%
2007-08-15,276.83,280.93,283.56,276.6,4.95M,-1.47%
2007-08-14,280.97,288.79,288.79,280.95,4.93M,-2.71%
2007-08-13,288.79,288.29,291.67,288.29,4.12M,0.17%
2007-08-10,288.3,287.87,289.57,282.38,5.89M,0.15%
2007-08-09,287.87,296.1,296.1,287.87,7.12M,-2.78%
2007-08-08,296.1,292.94,297.33,292.53,6.81M,1.08%
2007-08-07,292.94,291.75,294.94,288.91,5.67M,0.40%
2007-08-06,291.77,287.1,291.77,285.38,5.86M,1.62%
2007-08-03,287.12,295,295.23,287.11,5.08M,-2.67%
2007-08-02,295,292.45,295.48,292.23,5.09M,0.87%
2007-08-01,292.45,292.12,292.63,287.51,6.70M,0.11%
2007-07-31,292.13,296.69,298.77,291.87,5.93M,-1.54%
2007-07-30,296.69,292.96,297.14,291.81,5.86M,1.27%
2007-07-27,292.97,297.32,298,292.97,6.27M,-1.46%
2007-07-26,297.32,306.15,306.15,293.99,8.30M,-2.88%
2007-07-25,306.15,306.14,308.84,304.43,5.95M,0.00%
2007-07-24,306.14,311.85,311.85,305.77,4.61M,-1.83%
2007-07-23,311.85,311.57,313.77,311.52,3.73M,0.09%
2007-07-20,311.57,315.81,315.81,311.24,4.67M,-1.34%
2007-07-19,315.81,314.55,316.37,314.55,3.80M,0.40%
2007-07-18,314.55,314.84,315.34,312.15,4.69M,-0.10%
2007-07-17,314.87,315.08,315.56,314.57,3.52M,-0.07%
2007-07-16,315.08,316.44,316.44,314.85,3.13M,-0.43%
2007-07-13,316.44,315.43,316.78,314.52,3.71M,0.32%
2007-07-12,315.43,311.2,315.44,311.2,4.74M,1.36%
2007-07-11,311.2,309.92,311.21,309.37,4.33M,0.41%
2007-07-10,309.94,315.91,315.91,309.94,4.98M,-1.89%
2007-07-09,315.91,317.07,317.15,315.28,4.07M,-0.37%
2007-07-06,317.07,314.54,317.3,313.78,3.61M,0.79%
2007-07-05,314.58,312.52,314.72,311.8,4.54M,0.66%
2007-07-03,312.53,312.56,313.28,311.59,2.53M,-0.01%
2007-07-02,312.56,310.21,312.57,310.21,3.15M,0.76%
2007-06-29,310.21,310.84,313.07,308.71,4.12M,-0.20%
2007-06-28,310.84,310.99,312.58,310.29,4.46M,-0.05%
2007-06-27,310.99,308.13,311.22,306.66,4.42M,0.92%
2007-06-26,308.15,309.46,310.86,308.13,4.18M,-0.42%
2007-06-25,309.46,310.17,312.5,308.52,4.42M,-0.23%
2007-06-22,310.17,312.96,312.96,309.8,5.48M,-0.89%
2007-06-21,312.96,313.08,313.21,310.04,4.38M,-0.04%
2007-06-20,313.08,313.08,313.08,313.08,5.04M,-0.27%
2007-06-19,313.94,313.41,314.19,311.6,4.06M,0.17%
2007-06-18,313.42,313.9,314.16,312.95,3.08M,-0.16%
2007-06-15,313.91,312.44,315.69,312.44,4.66M,0.47%
2007-06-14,312.44,310.37,312.61,310.37,3.64M,0.67%
2007-06-13,310.37,306.41,310.37,306.41,3.68M,1.28%
2007-06-12,306.46,309.83,310.03,306.44,3.86M,-1.09%
2007-06-11,309.83,310.54,310.76,308.64,3.03M,-0.23%
2007-06-08,310.54,307.32,310.55,306.46,3.64M,1.05%
2007-06-07,307.32,313.12,313.12,307.3,4.51M,-1.86%
2007-06-06,313.16,316.24,316.24,312.75,3.52M,-0.99%
2007-06-05,316.28,318.44,318.44,315.1,4.00M,-0.71%
2007-06-04,318.54,317.56,318.74,316.52,3.01M,0.31%
2007-06-01,317.57,315.89,318.4,315.89,3.63M,0.53%
2007-05-31,315.89,315.23,316.53,315.03,3.90M,0.20%
2007-05-30,315.27,312.73,315.33,311.09,3.41M,0.80%
2007-05-29,312.76,312.93,313.97,311.57,3.09M,-0.08%
2007-05-28,313.02,313.02,313.02,313.02,,0.00%
2007-05-25,313.02,312.02,313.33,312.02,2.97M,0.32%
2007-05-24,312.02,314.61,316.65,311.65,4.40M,-0.83%
2007-05-23,314.62,314.57,317.4,314.47,3.86M,0.02%
2007-05-22,314.57,314.53,315.32,313.7,3.58M,0.01%
2007-05-21,314.53,313.76,315.55,313.45,4.33M,0.25%
2007-05-18,313.76,310.4,313.76,310.4,3.88M,1.08%
2007-05-17,310.4,310.42,311.24,309.84,3.65M,-0.01%
2007-05-16,310.42,308.3,310.43,307.96,3.79M,0.66%
2007-05-15,308.38,309.75,311.76,308.25,4.63M,-0.44%
2007-05-14,309.75,309.9,311.39,309.02,3.80M,-0.05%
2007-05-11,309.9,308.21,310.04,308.21,3.27M,0.55%
2007-05-10,308.21,312.1,312.1,308.21,3.94M,-1.25%
2007-05-09,312.1,310.82,312.41,309.78,3.94M,0.40%
2007-05-08,310.86,311.41,311.41,309.71,3.78M,-0.18%
2007-05-07,311.42,311.07,312.35,311.07,3.22M,0.10%
2007-05-04,311.1,310.7,312.05,310.31,3.62M,0.13%
2007-05-03,310.7,311.11,312.13,310.27,3.97M,-0.13%
2007-05-02,311.12,308.23,312.41,308.23,4.25M,0.93%
2007-05-01,308.24,307.41,308.48,305.63,5.29M,0.27%
2007-04-30,307.41,311.5,311.68,307.4,3.90M,-1.31%
2007-04-27,311.5,313.51,313.51,310.74,3.66M,-0.64%
2007-04-26,313.52,313.61,314.16,312.3,4.74M,-0.03%
2007-04-25,313.61,310.54,314.02,310.54,4.24M,0.99%
2007-04-24,310.54,311.15,311.15,308.51,3.61M,-0.20%
2007-04-23,311.15,311.98,312.54,310.82,2.80M,-0.27%
2007-04-20,311.99,309.09,312.36,309.09,3.86M,0.94%
2007-04-19,309.09,310.57,310.57,308.33,3.15M,-0.48%
2007-04-18,310.57,311.17,311.2,308.91,3.32M,-0.20%
2007-04-17,311.18,309.84,311.4,309.81,3.49M,0.43%
2007-04-16,309.84,306.91,310.39,306.91,3.02M,0.95%
2007-04-13,306.91,306.74,307.15,305.47,3.01M,0.06%
2007-04-12,306.74,305.05,307,302.57,3.08M,0.55%
2007-04-11,305.05,306.84,307.29,304.45,3.55M,-0.58%
2007-04-10,306.84,306.72,307.35,306.08,2.75M,0.04%
2007-04-09,306.72,306.19,307.29,305.79,2.50M,0.17%
2007-04-05,306.19,304.54,306.35,304.18,2.77M,0.53%
2007-04-04,304.57,304.75,305.12,303.98,3.25M,-0.06%
2007-04-03,304.75,301.04,305.89,301.04,3.60M,1.23%
2007-04-02,301.04,299.93,301.34,299.24,3.17M,0.37%
2007-03-30,299.93,299.54,301.54,297.69,3.13M,0.13%
2007-03-29,299.54,298.89,300.91,297.49,3.61M,0.22%
2007-03-28,298.89,301.95,301.95,297.79,3.83M,-1.02%
2007-03-27,301.98,304.49,304.49,301.07,3.21M,-0.82%
2007-03-26,304.49,304.92,305.02,302,3.20M,-0.14%
2007-03-23,304.92,304.8,306.07,304.49,3.05M,0.04%
2007-03-22,304.8,305.79,306.12,303.86,3.36M,-0.32%
2007-03-21,305.79,301.1,306.08,300.26,3.59M,1.56%
2007-03-20,301.1,298.43,301.1,298.08,3.11M,0.89%
2007-03-19,298.43,295.15,298.75,295.15,3.23M,1.11%
2007-03-16,295.15,296.09,297.13,294.59,4.31M,-0.32%
2007-03-15,296.09,295.15,297.07,294.97,3.42M,0.32%
2007-03-14,295.16,295,295.63,290.48,5.20M,0.05%
2007-03-13,295.02,301.34,301.34,294.99,4.56M,-2.10%
2007-03-12,301.36,301.13,302.04,300.41,4.05M,0.07%
2007-03-09,301.16,301.01,302.93,299.96,3.20M,0.05%
2007-03-08,301.01,298.32,302.85,298.32,3.93M,0.89%
2007-03-07,298.34,298.55,300.04,297.48,3.67M,-0.09%
2007-03-06,298.61,294.16,299.65,294.16,4.85M,1.47%
2007-03-05,294.27,297.89,297.89,294.27,4.32M,-1.23%
2007-03-02,297.93,300.36,300.79,297.87,4.10M,-0.81%
2007-03-01,300.36,301.82,301.82,295.18,5.01M,-0.49%
2007-02-28,301.83,300.1,302.79,298.94,4.82M,0.57%
2007-02-27,300.12,311.45,311.45,298.22,5.50M,-3.64%
2007-02-26,311.46,314.15,314.81,310.61,3.04M,-0.86%
2007-02-23,314.17,315.24,315.77,313.33,3.20M,-0.34%
2007-02-22,315.24,316.23,316.58,313.92,2.81M,-0.32%
2007-02-21,316.25,317.05,317.05,315.43,2.94M,-0.26%
2007-02-20,317.06,314.72,317.25,313.61,2.83M,0.74%
2007-02-16,314.73,315.02,315.02,313.1,2.79M,-0.09%
2007-02-15,315.02,314.2,315.22,313.08,2.49M,0.25%
2007-02-14,314.22,312.47,314.6,312.42,3.34M,0.54%
2007-02-13,312.53,309.71,312.74,309.71,3.43M,0.91%
2007-02-12,309.71,311.22,312.13,309.37,2.89M,-0.49%
2007-02-09,311.22,314.12,315.66,310.04,4.12M,-0.92%
2007-02-08,314.12,314.78,314.83,313.2,3.32M,-0.22%
2007-02-07,314.8,313.39,315.3,313.19,2.98M,0.45%
2007-02-06,313.39,312.33,313.42,311.77,2.89M,0.34%
2007-02-05,312.34,312.51,313.23,311.57,2.64M,-0.29%
2007-02-02,313.25,312.51,313.69,312.46,2.92M,0.24%
2007-02-01,312.51,311.28,312.82,311.17,3.63M,0.39%
2007-01-31,311.29,307.96,311.99,307.41,3.67M,1.08%
2007-01-30,307.96,307.11,308.39,307.06,2.73M,0.27%
2007-01-29,307.12,306.53,308.63,306.53,3.40M,0.19%
2007-01-26,306.53,307.85,308.78,305.63,3.28M,-0.43%
2007-01-25,307.85,312.82,312.82,307.6,4.08M,-1.59%
2007-01-24,312.82,311.64,312.88,311.44,3.29M,0.38%
2007-01-23,311.65,311.03,313.24,310.83,4.06M,0.20%
2007-01-22,311.03,312.81,312.81,310.35,3.24M,-0.57%
2007-01-19,312.81,312.8,313.46,311.7,3.63M,0.00%
2007-01-18,312.8,310.97,313.18,310.97,4.02M,0.59%
2007-01-17,310.97,310.92,312.03,310.73,3.41M,0.01%
2007-01-16,310.93,309.89,311.24,309.68,3.38M,0.34%
2007-01-12,309.89,308.98,309.9,308.14,3.38M,0.29%
2007-01-11,308.98,305.52,309.2,305.52,3.54M,1.13%
2007-01-10,305.52,303.86,305.66,302.18,3.28M,0.54%
2007-01-09,303.87,302.31,304.27,302.17,3.79M,0.52%
2007-01-08,302.31,301.7,302.7,300.2,3.87M,0.20%
2007-01-05,301.71,304.09,304.09,301.54,3.64M,-0.78%
2007-01-04,304.09,303.84,304.81,302.24,4.16M,0.08%
2007-01-03,303.84,302.91,306.35,301.8,5.03M,0.30%
2006-12-29,302.92,304.08,305.27,302.69,2.25M,-0.38%
2006-12-28,304.09,304.73,305.17,303.83,1.87M,-0.21%
2006-12-27,304.74,302.41,304.89,302.41,2.30M,0.76%
2006-12-26,302.45,301.74,302.72,300.78,1.80M,0.24%
2006-12-22,301.74,302.23,302.83,301.13,2.43M,-0.16%
2006-12-21,302.23,303.25,303.99,301.81,3.04M,-0.34%
2006-12-20,303.25,303.49,304.63,303.23,3.55M,-0.09%
2006-12-19,303.51,303.22,303.84,301.04,4.18M,0.10%
2006-12-18,303.22,303.52,304.32,302.76,3.08M,-0.10%
2006-12-15,303.52,304.75,306.26,303.31,4.70M,-0.41%
2006-12-14,304.76,301.46,304.94,301.46,4.27M,1.09%
2006-12-13,301.47,300.29,301.96,300.29,4.50M,0.33%
2006-12-12,300.49,302.06,302.06,299.62,4.43M,-0.52%
2006-12-11,302.06,300.87,302.14,300.42,3.43M,0.40%
2006-12-08,300.87,300.14,301.87,299.61,4.37M,0.24%
2006-12-07,300.15,301.69,302.68,300.06,6.24M,-0.51%
2006-12-06,301.7,301.96,302.4,301.49,4.35M,-0.10%
2006-12-05,301.99,299.51,302.21,299.35,4.03M,0.82%
2006-12-04,299.52,296.09,300.3,296.09,2.94M,1.16%
2006-12-01,296.09,296.5,298.25,294.11,3.76M,-0.14%
2006-11-30,296.5,296.42,297.65,294.25,4.27M,0.03%
2006-11-29,296.42,293.99,297.02,293.99,3.42M,0.80%
2006-11-28,294.06,294.37,294.55,292.52,3.32M,-0.19%
2006-11-27,294.61,298.85,299.07,294.61,3.34M,-1.42%
2006-11-24,298.85,300.49,300.49,298.39,965.85K,-0.55%
2006-11-22,300.5,299.82,301.2,299.24,2.84M,0.22%
2006-11-21,299.84,299.45,300.26,299.28,2.87M,0.13%
2006-11-20,299.45,300.02,300.65,299.02,2.75M,-0.19%
2006-11-17,300.02,300.75,300.75,298.66,3.16M,-0.24%
2006-11-16,300.75,298.59,301.18,298.59,3.81M,0.71%
2006-11-15,298.62,297.7,299.88,297.66,3.42M,0.28%
2006-11-14,297.78,294.55,297.99,293.41,4.07M,1.10%
2006-11-13,294.55,294.07,296.11,293.61,2.91M,0.07%
2006-11-10,294.34,293.88,294.34,293.25,2.68M,0.38%
2006-11-09,293.23,294.43,294.87,293.06,3.25M,-0.41%
2006-11-08,294.43,293.07,294.91,291.75,3.06M,0.46%
2006-11-07,293.07,292.66,294.04,292.03,3.25M,0.14%
2006-11-06,292.66,288.69,292.88,288.69,2.74M,1.36%
2006-11-03,288.73,290.76,291.37,287.4,2.81M,-0.70%
2006-11-02,290.76,291.17,291.3,288.88,3.19M,-0.14%
2006-11-01,291.17,293.57,293.93,290.96,3.21M,-0.82%
2006-10-31,293.58,294.33,295.46,292.77,3.05M,-0.25%
2006-10-30,294.33,292.58,294.6,291.65,2.46M,0.59%
2006-10-27,292.61,295.29,295.29,292.02,2.75M,-0.91%
2006-10-26,295.29,291.35,295.31,291.35,3.72M,1.35%
2006-10-25,291.35,292.16,292.57,290.22,3.76M,-0.28%
2006-10-24,292.16,290.95,292.29,290.19,3.40M,0.42%
2006-10-23,290.95,287.56,290.99,286.74,3.23M,1.18%
2006-10-20,287.56,287.67,288.24,286.38,2.79M,-0.04%
2006-10-19,287.67,288.35,289.3,286.7,2.52M,-0.24%
2006-10-18,288.35,287.61,290,287.26,3.26M,0.25%
2006-10-17,287.62,289.11,289.11,285.91,2.79M,-0.52%
2006-10-16,289.11,288.84,289.41,288.33,2.35M,0.09%
2006-10-13,288.84,289.84,289.84,287.92,2.70M,-0.35%
2006-10-12,289.84,286.02,290.11,286.02,3.17M,1.34%
2006-10-11,286.02,286.59,286.82,284.6,2.80M,-0.20%
2006-10-10,286.6,285.37,286.6,285.26,2.58M,0.43%
2006-10-09,285.37,283.16,285.65,282.2,2.34M,0.78%
2006-10-06,283.16,283.98,284.15,282.2,3.59M,-0.29%
2006-10-05,283.98,282.95,284.14,281.41,4.07M,0.36%
2006-10-04,282.97,278.92,283.03,278.39,4.24M,1.45%
2006-10-03,278.93,276.04,279.51,276.01,3.48M,1.05%
2006-10-02,276.04,275.83,278.41,275.69,2.76M,0.07%
2006-09-29,275.84,277.27,278.04,275.8,2.55M,-0.52%
2006-09-28,277.29,277.27,278.19,275.26,3.20M,0.01%
2006-09-27,277.27,277.76,279.25,276.9,4.08M,-0.19%
2006-09-26,277.79,275.77,277.92,275.05,,0.73%
2006-09-25,275.77,271.07,276.39,271.07,3.52M,1.73%
2006-09-22,271.07,271.37,271.37,269.46,2.68M,-0.11%
2006-09-21,271.37,273.32,274.21,270.72,3.36M,-0.71%
2006-09-20,273.32,270.91,273.66,270.91,3.23M,0.89%
2006-09-19,270.91,270.46,270.95,269.23,3.17M,0.16%
2006-09-18,270.47,271.91,271.91,269.55,3.25M,-0.53%
2006-09-15,271.91,271.09,272.87,270.65,5.66M,0.30%
2006-09-14,271.09,271.39,271.39,268.74,3.23M,-0.11%
2006-09-13,271.39,270.5,271.91,269.79,3.85M,0.31%
2006-09-12,270.55,264.2,270.78,264.19,4.25M,2.40%
2006-09-11,264.2,262.1,264.81,261.29,3.02M,0.79%
2006-09-08,262.14,259.42,262.18,259.42,2.45M,1.05%
2006-09-07,259.42,259.35,261.26,258.04,2.69M,0.02%
2006-09-06,259.38,261.94,261.94,259.1,3.04M,-0.99%
2006-09-05,261.97,261.85,262.53,261.46,2.38M,0.02%
2006-09-01,261.92,259.25,262.16,259.25,2.25M,1.03%
2006-08-31,259.25,258.47,259.74,258.43,2.64M,0.30%
2006-08-30,258.47,258.21,259,257.59,2.50M,0.10%
2006-08-29,258.22,256.48,258.33,256.12,2.62M,0.63%
2006-08-28,256.61,253.87,257.57,253.87,2.19M,1.08%
2006-08-25,253.87,254.31,254.57,252.85,2.46M,-0.17%
2006-08-24,254.31,255.5,256.06,253.68,2.93M,-0.48%
2006-08-23,255.53,257.67,258.04,254.86,2.58M,-0.83%
2006-08-22,257.67,258.12,258.62,256.98,2.64M,-0.17%
2006-08-21,258.12,260.6,260.6,257.4,2.67M,-0.95%
2006-08-18,260.6,261,261.39,259.34,2.74M,-0.15%
2006-08-17,261,259.64,261.82,259.14,3.05M,0.52%
2006-08-16,259.65,256.93,259.7,256.8,3.18M,1.04%
2006-08-15,256.99,253.26,257.15,253.26,2.71M,1.47%
2006-08-14,253.26,252.54,255.78,252.54,2.68M,0.29%
2006-08-11,252.54,252.81,252.96,251.68,2.40M,-0.11%
2006-08-10,252.81,249.4,252.92,249.16,3.06M,1.37%
2006-08-09,249.4,252.63,254.7,249.33,3.60M,-1.29%
2006-08-08,252.67,255.22,256.2,252.13,2.98M,-1.00%
2006-08-07,255.23,256.22,256.22,254.35,2.46M,-0.40%
2006-08-04,256.25,256.05,259.54,254.91,3.09M,0.08%
2006-08-03,256.05,254.3,256.74,251.91,3.61M,0.69%
2006-08-02,254.3,252.06,254.75,252.06,3.14M,0.89%
2006-08-01,252.06,254.48,254.48,251.18,3.01M,-0.95%
2006-07-31,254.48,254.58,255.19,254.01,2.56M,-0.05%
2006-07-28,254.6,251.41,254.8,251.41,2.72M,1.26%
2006-07-27,251.42,252.06,254.72,251.12,3.43M,-0.25%
2006-07-26,252.06,254.97,254.97,251.93,3.77M,-1.14%
2006-07-25,254.97,252.58,255.68,251.8,3.09M,0.95%
2006-07-24,252.58,247.44,252.99,247.44,2.64M,2.08%
2006-07-21,247.44,249.44,249.44,246.81,3.19M,-0.80%
2006-07-20,249.44,252.67,252.76,249.43,2.93M,-1.28%
2006-07-19,252.67,247.71,253.05,247.71,3.58M,2.00%
2006-07-18,247.71,249.35,249.57,245.57,3.38M,-0.66%
2006-07-17,249.35,247.82,249.99,247.71,3.08M,0.62%
2006-07-14,247.82,251.13,251.13,246.81,3.35M,-1.32%
2006-07-13,251.13,255.4,255.4,250.73,3.57M,-1.67%
2006-07-12,255.4,259.66,259.7,255.36,3.01M,-1.64%
2006-07-11,259.67,259.77,259.82,257.04,2.78M,-0.04%
2006-07-10,259.77,259.6,261.53,259.2,2.23M,0.07%
2006-07-07,259.6,261.52,261.52,259.06,2.85M,-0.73%
2006-07-06,261.52,261.35,262.66,260.93,2.45M,0.06%
2006-07-05,261.36,263.6,263.6,260.2,2.47M,-0.85%
2006-07-03,263.6,263.4,264.24,262.85,1.30M,0.07%
2006-06-30,263.41,263.13,264.4,263.13,3.65M,0.10%
2006-06-29,263.14,257.69,263.23,257.69,3.13M,2.11%
2006-06-28,257.7,257.31,258.13,256.57,2.72M,0.14%
2006-06-27,257.33,260.74,260.92,257.32,3.07M,-1.31%
2006-06-26,260.74,259.25,260.92,259.25,2.24M,0.57%
2006-06-23,259.25,259.88,261,258.63,2.23M,-0.25%
2006-06-22,259.89,261.73,261.73,259.28,2.73M,-0.70%
2006-06-21,261.73,259.29,262.86,259.13,2.99M,0.94%
2006-06-20,259.29,260.14,260.9,259.18,3.03M,-0.33%
2006-06-19,260.15,261.35,262.66,259.83,2.50M,-0.46%
2006-06-16,261.35,262.33,262.73,260.92,3.36M,-0.37%
2006-06-15,262.33,256.9,262.84,256.9,3.29M,2.11%
2006-06-14,256.91,255.44,256.94,255.14,3.01M,0.57%
2006-06-13,255.46,257.53,258.78,255.35,3.12M,-0.81%
2006-06-12,257.54,260.92,261.17,257.48,2.66M,-1.30%
2006-06-09,260.92,261.88,262.61,260.85,2.42M,-0.37%
2006-06-08,261.88,262.06,262.37,257.78,3.97M,-0.08%
2006-06-07,262.08,261.94,264.37,261.85,3.31M,0.03%
2006-06-06,261.99,263.28,264.18,260.49,3.62M,-0.52%
2006-06-05,263.35,267.46,267.46,263.28,2.67M,-1.55%
2006-06-02,267.49,268.6,268.6,265.49,2.71M,-0.41%
2006-06-01,268.6,264.34,268.6,264.34,3.06M,1.60%
2006-05-31,264.37,261.67,264.38,261.67,3.06M,1.03%
2006-05-30,261.67,265.58,265.58,261.67,2.68M,-1.48%
2006-05-26,265.61,264.37,265.93,264.37,2.34M,0.44%
2006-05-25,264.45,262.02,264.53,262.02,3.06M,0.93%
2006-05-24,262.02,261.94,263.23,259.93,3.56M,0.02%
2006-05-23,261.96,263.59,264.77,261.9,2.93M,-0.62%
2006-05-22,263.6,265.72,265.72,261.51,3.21M,-0.80%
2006-05-19,265.72,263.71,266.24,263.46,3.17M,0.76%
2006-05-18,263.71,263.96,266.14,263.7,3.09M,-0.09%
2006-05-17,263.96,267.44,267.44,263.88,3.64M,-1.32%
2006-05-16,267.5,269.64,269.64,267.33,3.41M,-0.79%
2006-05-15,269.64,269.17,269.77,267.43,2.86M,0.17%
2006-05-12,269.17,271.62,271.62,268.87,3.00M,-0.90%
2006-05-11,271.62,274.29,274.29,271.21,2.99M,-0.97%
2006-05-10,274.29,274.05,274.63,273.4,3.09M,0.07%
2006-05-09,274.09,273.23,274.12,273.14,2.74M,0.31%
2006-05-08,273.23,273.04,274.08,272.77,2.69M,0.07%
2006-05-05,273.04,269.71,273.29,269.71,2.99M,1.23%
2006-05-04,269.71,268.17,269.96,268.17,2.52M,0.57%
2006-05-03,268.17,267.86,268.33,267.11,2.72M,0.12%
2006-05-02,267.86,267.77,268.28,267.04,2.59M,0.03%
2006-05-01,267.77,268.71,270.53,267.52,2.66M,-0.35%
2006-04-28,268.71,268.9,270.04,268.28,2.81M,-0.07%
2006-04-27,268.9,266.82,270.04,266.22,3.60M,0.78%
2006-04-26,266.82,265.12,267.49,265.12,2.95M,0.64%
2006-04-25,265.12,265.25,266.05,264.46,2.68M,-0.05%
2006-04-24,265.25,265.88,265.88,264.07,2.66M,-0.24%
2006-04-21,265.88,267.6,268.29,264.98,2.75M,-0.64%
2006-04-20,267.6,266.64,268.38,266.14,3.14M,0.36%
2006-04-19,266.64,267.36,267.57,265.91,2.26M,-0.27%
2006-04-18,267.37,263.56,267.67,263.56,2.89M,1.45%
2006-04-17,263.56,265.37,265.51,262.55,1.99M,-0.68%
2006-04-13,265.37,264.56,265.85,263.92,2.00M,0.31%
2006-04-12,264.56,265.04,265.12,263.78,2.34M,-0.17%
2006-04-11,265.01,266.97,267.68,264.41,2.50M,-0.72%
2006-04-10,266.94,267.28,267.81,266.35,2.18M,-0.12%
2006-04-07,267.25,268.55,270.4,266.92,2.31M,-0.48%
2006-04-06,268.55,267.78,268.84,267.06,2.68M,0.29%
2006-04-05,267.78,265.98,268.17,265.87,2.79M,0.68%
2006-04-04,265.98,264.71,266.24,263.95,2.51M,0.48%
2006-04-03,264.71,265.34,266.77,264.61,2.84M,-0.24%
2006-03-31,265.34,266.42,266.84,265.26,2.58M,-0.41%
2006-03-30,266.42,267.3,268.43,265.59,2.59M,-0.33%
2006-03-29,267.3,265.4,267.68,265.14,2.65M,0.72%
2006-03-28,265.4,266.6,267.71,265.13,2.53M,-0.45%
2006-03-27,266.6,266.83,267.25,266.29,2.02M,-0.09%
2006-03-24,266.83,266.9,267.22,265.61,2.25M,-0.03%
2006-03-23,266.9,267.1,267.28,265.96,2.59M,-0.07%
2006-03-22,267.1,266.36,267.28,265.88,2.47M,0.28%
2006-03-21,266.36,267.72,268.37,265.93,2.60M,-0.51%
2006-03-20,267.72,268.47,268.93,267.51,2.11M,-0.28%
2006-03-17,268.47,268.03,269.07,268.03,3.10M,0.16%
2006-03-16,268.03,267.15,268.8,267.15,2.45M,0.33%
2006-03-15,267.15,265.98,267.41,265.29,2.48M,0.44%
2006-03-14,265.98,263,266,262.55,2.22M,1.13%
2006-03-13,263,263.16,264.37,262.71,2.08M,-0.06%
2006-03-10,263.16,260.87,263.45,260.87,2.33M,0.88%
2006-03-09,260.87,262.08,262.84,260.61,2.43M,-0.46%
2006-03-08,262.08,261.67,262.42,260.84,2.41M,0.16%
2006-03-07,261.67,262.77,262.77,260.79,2.45M,-0.42%
2006-03-06,262.77,264.16,264.47,262.5,2.39M,-0.53%
2006-03-03,264.16,264.66,265.97,263.3,2.60M,-0.19%
2006-03-02,264.66,266.29,266.29,263.51,3.92M,-0.61%
2006-03-01,266.29,264.43,266.35,263.61,3.00M,0.70%
2006-02-28,264.43,266.68,266.68,264.13,3.13M,-0.84%
2006-02-27,266.68,264.2,267.22,264.2,2.82M,0.94%
2006-02-24,264.2,264.91,264.99,262.71,3.23M,-0.27%
2006-02-23,264.91,266.02,266.85,264.91,2.95M,-0.42%
2006-02-22,266.02,264.17,266.51,264.17,2.96M,0.70%
2006-02-21,264.17,265.79,266.99,263.7,2.68M,-0.61%
2006-02-17,265.79,267.24,267.24,265.66,2.31M,-0.54%
2006-02-16,267.24,266.46,267.34,266.12,2.31M,0.29%
2006-02-15,266.46,265.14,266.53,263.94,2.42M,0.50%
2006-02-14,265.14,262.19,265.18,261.63,2.41M,1.13%
2006-02-13,262.19,262.79,262.79,261.28,1.86M,-0.23%
2006-02-10,262.79,262.14,263.39,261.18,2.18M,0.25%
2006-02-09,262.14,262.33,263.41,261.98,2.70M,-0.07%
2006-02-08,262.33,260.13,262.46,260.1,3.00M,0.85%
2006-02-07,260.13,261.82,262.32,259.83,3.10M,-0.65%
2006-02-06,261.82,262.04,262.17,261.03,2.59M,-0.08%
2006-02-03,262.04,262.99,262.99,261.21,3.11M,-0.36%
2006-02-02,262.99,263.76,264.2,262.23,3.61M,-0.29%
2006-02-01,263.76,262.83,263.9,262.23,3.41M,0.35%
2006-01-31,262.83,263.62,263.62,262.02,3.29M,-0.30%
2006-01-30,263.62,264.22,265.1,263.54,2.90M,-0.23%
2006-01-27,264.22,263.07,265.64,262.98,2.96M,0.44%
2006-01-26,263.07,261.9,263.61,261.9,3.55M,0.45%
2006-01-25,261.9,262.95,263.62,261.13,3.22M,-0.40%
2006-01-24,262.95,260.33,263.02,260.33,3.25M,1.01%
2006-01-23,260.33,260.33,261.47,259.98,3.19M,0.00%
2006-01-20,260.33,265.17,265.17,260.28,3.69M,-1.83%
2006-01-19,265.17,263.17,266.08,263.17,3.22M,0.76%
2006-01-18,263.17,263.7,264.87,262.23,2.86M,-0.20%
2006-01-17,263.7,265.51,265.51,263.2,2.59M,-0.68%
2006-01-13,265.51,265.31,265.93,264.47,2.64M,0.08%
2006-01-12,265.31,267.52,267.52,265.07,2.95M,-0.83%
2006-01-11,267.52,266.4,267.67,266.06,2.79M,0.42%
2006-01-10,266.4,265.94,266.7,265.06,3.09M,0.17%
2006-01-09,265.94,263.73,266.04,263.36,3.07M,0.84%
2006-01-06,263.73,261.37,263.75,261.37,3.17M,0.90%
2006-01-05,261.37,260.93,262.29,260.48,3.18M,0.15%
2006-01-04,260.97,260.86,261.25,260.03,3.15M,0.01%
2006-01-03,260.94,258.39,261.33,255.03,3.16M,0.99%
