date,sp500_25,sp500_25_change_pct
2011-01-07,297.61,-0.04%
2011-01-10,297.61,0.00%
2011-01-11,297.46,-0.05%
2011-01-12,298.19,0.25%
2011-01-13,297.67,-0.17%
2011-01-14,299.55,0.63%
2011-01-18,300.33,0.26%
2011-01-19,297.36,-0.99%
2011-01-20,298.01,0.22%
2011-01-21,298.33,0.11%
2011-01-24,299.98,0.55%
2011-01-25,299.99,0.00%
2011-01-26,300.36,0.12%
2011-01-27,302.67,0.77%
2011-01-28,293.13,-3.15%
2011-01-31,293.42,0.10%
2011-02-01,297.02,1.23%
2011-02-02,296.33,-0.23%
2011-02-03,299.77,1.16%
2011-02-04,301.75,0.66%
2011-02-07,303.37,0.54%
2011-02-08,306.96,1.18%
2011-02-09,308.77,0.59%
2011-02-10,309.41,0.21%
2011-02-11,312.34,0.95%
2011-02-14,311.08,-0.40%
2011-02-15,311.5,0.14%
2011-02-16,314,0.80%
2011-02-17,314.4,0.13%
2011-02-18,315.79,0.44%
2011-02-22,308.27,-2.38%
2011-02-23,303.71,-1.48%
2011-02-24,305.18,0.48%
2011-02-25,308.41,1.06%
2011-02-28,310.37,0.64%
2011-03-01,304.94,-1.75%
2011-03-02,306.13,0.39%
2011-03-03,311.23,1.67%
2011-03-04,309.07,-0.69%
2011-03-07,306.06,-0.97%
2011-03-08,308.1,0.67%
2011-03-09,308.73,0.20%
2011-03-10,305.53,-1.04%
2011-03-11,307.12,0.52%
2011-03-14,303.68,-1.12%
2011-03-15,301.14,-0.84%
2011-03-16,296.08,-1.68%
2011-03-17,297.44,0.46%
2011-03-18,297.25,-0.06%
2011-03-21,301.55,1.45%
2011-03-22,299.2,-0.78%
2011-03-23,301.72,0.84%
2011-03-24,306.09,1.45%
2011-03-25,306.78,0.23%
2011-03-28,303.5,-1.07%
2011-03-29,306.32,0.93%
2011-03-30,309.6,1.07%
2011-03-31,308.4,-0.39%
2011-04-01,310.63,0.72%
2011-04-04,311.06,0.14%
2011-04-05,312.26,0.39%
2011-04-06,311.58,-0.22%
2011-04-07,310.54,-0.33%
2011-04-08,308.81,-0.56%
2011-04-11,308.58,-0.07%
2011-04-12,308.09,-0.16%
2011-04-13,309.12,0.33%
2011-04-14,308.35,-0.25%
2011-04-15,310.19,0.60%
2011-04-18,307.29,-0.93%
2011-04-19,308.07,0.25%
2011-04-20,313.41,1.73%
2011-04-21,315.41,0.64%
2011-04-25,314.75,-0.21%
2011-04-26,315.58,0.26%
2011-04-27,319.14,1.13%
2011-04-28,320.51,0.43%
2011-04-29,320.38,-0.04%
2011-05-02,321.38,0.31%
2011-05-03,319.75,-0.51%
2011-05-04,318.54,-0.38%
2011-05-05,317.96,-0.18%
2011-05-06,318.01,0.02%
2011-05-09,318.49,0.15%
2011-05-10,322.48,1.25%
2011-05-11,319.84,-0.82%
2011-05-12,322.58,0.86%
2011-05-13,320.39,-0.68%
2011-05-16,315.83,-1.42%
2011-05-17,316.28,0.14%
2011-05-18,319.92,1.15%
2011-05-19,320.98,0.33%
2011-05-20,317.93,-0.95%
2011-05-23,314.95,-0.94%
2011-05-24,313.29,-0.53%
2011-05-25,313.33,0.01%
2011-05-26,315.86,0.81%
2011-05-27,316.85,0.31%
2011-05-31,318.91,0.65%
2011-06-01,311.63,-2.28%
2011-06-02,310.92,-0.23%
2011-06-03,306.62,-1.38%
2011-06-06,303.62,-0.98%
2011-06-07,303.99,0.12%
2011-06-08,301.52,-0.81%
2011-06-09,303.84,0.77%
2011-06-10,298.24,-1.84%
2011-06-13,297.77,-0.16%
2011-06-14,302.94,1.74%
2011-06-15,298.46,-1.48%
2011-06-16,297.83,-0.21%
2011-06-17,299.88,0.69%
2011-06-20,302.48,0.87%
2011-06-21,308.56,2.01%
2011-06-22,306.09,-0.80%
2011-06-23,307.29,0.39%
2011-06-24,304.2,-1.01%
2011-06-27,307.94,1.23%
2011-06-28,313.69,1.87%
2011-06-29,315,0.42%
2011-06-30,317.89,0.92%
2011-07-01,324.16,1.97%
2011-07-05,325.44,0.39%
2011-07-06,324.49,-0.29%
2011-07-07,328.81,1.33%
2011-07-08,326.79,-0.61%
2011-07-11,320.37,-1.96%
2011-07-12,319.03,-0.42%
2011-07-13,320.67,0.51%
2011-07-14,318.23,-0.76%
2011-07-15,318.48,0.08%
2011-07-18,315.09,-1.06%
2011-07-19,321.33,1.98%
2011-07-20,319.47,-0.58%
2011-07-21,323.2,1.17%
2011-07-22,324.49,0.40%
2011-07-25,322.5,-0.61%
2011-07-26,321.89,-0.19%
2011-07-27,316.2,-1.77%
2011-07-28,314.58,-0.51%
2011-07-29,313.21,-0.44%
2011-08-01,311.42,-0.57%
2011-08-02,300.01,-3.66%
2011-08-03,302,0.66%
2011-08-04,287.37,-4.84%
2011-08-05,287.76,0.14%
2011-08-08,268.57,-6.67%
2011-08-09,281.54,4.83%
2011-08-10,269.22,-4.38%
2011-08-11,281.38,4.52%
2011-08-12,284.72,1.19%
2011-08-15,288.81,1.44%
2011-08-16,287.55,-0.44%
2011-08-17,286.7,-0.30%
2011-08-18,272.51,-4.95%
2011-08-19,268.76,-1.38%
2011-08-22,269.64,0.33%
2011-08-23,279.97,3.83%
2011-08-24,284.58,1.65%
2011-08-25,279.04,-1.95%
2011-08-26,284.95,2.12%
2011-08-29,293.2,2.90%
2011-08-30,294.36,0.40%
2011-08-31,296.14,0.60%
2011-09-01,292.31,-1.29%
2011-09-02,284.25,-2.76%
2011-09-06,283.1,-0.40%
2011-09-07,290.5,2.61%
2011-09-08,286.6,-1.34%
2011-09-09,278.86,-2.70%
2011-09-12,282.14,1.18%
2011-09-13,285.44,1.17%
2011-09-14,290.14,1.65%
2011-09-15,295.21,1.75%
2011-09-16,298.15,1.00%
2011-09-19,298.04,-0.04%
2011-09-20,296.27,-0.59%
2011-09-21,287.33,-3.02%
2011-09-22,277.89,-3.29%
2011-09-23,282.38,1.62%
2011-09-26,288.52,2.17%
2011-09-27,290.82,0.80%
2011-09-28,286.02,-1.65%
2011-09-29,283.58,-0.85%
2011-09-30,275.53,-2.84%
2011-10-03,267.58,-2.89%
2011-10-04,275.89,3.11%
2011-10-05,280.96,1.84%
2011-10-06,287.24,2.24%
2011-10-07,286.74,-0.17%
2011-10-10,296.84,3.52%
2011-10-11,297.71,0.29%
2011-10-12,300.86,1.06%
2011-10-13,300.34,-0.17%
2011-10-14,305.52,1.72%
2011-10-17,299.64,-1.92%
2011-10-18,305.13,1.83%
2011-10-19,300.72,-1.45%
2011-10-20,302.05,0.44%
2011-10-21,310.52,2.80%
2011-10-24,314.87,1.40%
2011-10-25,307.84,-2.23%
2011-10-26,306.74,-0.36%
2011-10-27,314.87,2.65%
2011-10-28,312.81,-0.65%
2011-10-31,308.06,-1.52%
2011-11-01,301.16,-2.24%
2011-11-02,304.6,1.14%
2011-11-03,308.54,1.29%
2011-11-04,307.5,-0.34%
2011-11-07,308.89,0.45%
2011-11-08,312.26,1.09%
2011-11-09,300.94,-3.63%
2011-11-10,303.73,0.93%
2011-11-11,311.37,2.52%
2011-11-14,309.21,-0.69%
2011-11-15,310.31,0.36%
2011-11-16,304.32,-1.93%
2011-11-17,299.24,-1.67%
2011-11-18,298.85,-0.13%
2011-11-21,294.24,-1.54%
2011-11-22,294.06,-0.06%
2011-11-23,287.84,-2.12%
2011-11-25,286.72,-0.39%
2011-11-28,295.42,3.03%
2011-11-29,295.93,0.17%
2011-11-30,305.39,3.20%
2011-12-01,305.46,0.02%
2011-12-02,307.8,0.77%
2011-12-05,310.45,0.86%
2011-12-06,309.8,-0.21%
2011-12-07,311.28,0.48%
2011-12-08,304.94,-2.04%
2011-12-09,309.8,1.59%
2011-12-12,308.87,-0.30%
2011-12-13,302.78,-1.97%
2011-12-14,299.19,-1.19%
2011-12-15,299.72,0.18%
2011-12-16,300.11,0.13%
2011-12-19,296.44,-1.22%
2011-12-20,304.75,2.80%
2011-12-21,305.79,0.34%
2011-12-22,306.7,0.30%
2011-12-23,310.1,1.11%
2011-12-27,310.71,0.20%
2011-12-28,307.01,-1.19%
2011-12-29,310.27,1.06%
2011-12-30,308.58,-0.54%
2012-01-03,311.47,0.94%
2012-01-04,313.71,0.72%
2012-01-05,315.99,0.73%
2012-01-06,316.53,0.17%
2012-01-09,316.51,-0.01%
2012-01-10,318.45,0.61%
2012-01-11,318.83,0.12%
2012-01-12,319.82,0.31%
2012-01-13,318.87,-0.30%
2012-01-17,320.35,0.46%
2012-01-18,325.35,1.56%
2012-01-19,328.39,0.93%
2012-01-20,325.88,-0.76%
2012-01-23,325.2,-0.21%
2012-01-24,326.35,0.35%
2012-01-25,328.47,0.65%
2012-01-26,328.2,-0.08%
2012-01-27,327.47,-0.22%
2012-01-30,326.91,-0.17%
2012-01-31,326.65,-0.08%
2012-02-01,327.66,0.31%
2012-02-02,327.36,-0.09%
2012-02-03,333.89,1.99%
2012-02-06,333.42,-0.14%
2012-02-07,334.78,0.41%
2012-02-08,335.58,0.24%
2012-02-09,336.2,0.18%
2012-02-10,334.61,-0.47%
2012-02-13,337.05,0.73%
2012-02-14,336.75,-0.09%
2012-02-15,335.08,-0.50%
2012-02-16,336.86,0.53%
2012-02-17,339.68,0.84%
2012-02-21,338.62,-0.31%
2012-02-22,337.33,-0.38%
2012-02-23,339.04,0.51%
2012-02-24,338.82,-0.06%
2012-02-27,339.75,0.27%
2012-02-28,342.12,0.70%
2012-02-29,341.38,-0.22%
2012-03-01,343.86,0.73%
2012-03-02,343.47,-0.11%
2012-03-05,343.21,-0.08%
2012-03-06,338.07,-1.50%
2012-03-07,341.34,0.97%
2012-03-08,344.88,1.04%
2012-03-09,346.75,0.54%
2012-03-12,345.86,-0.26%
2012-03-13,351.14,1.53%
2012-03-14,350.9,-0.07%
2012-03-15,352.17,0.36%
2012-03-16,350.9,-0.36%
2012-03-19,352.54,0.47%
2012-03-20,353.14,0.17%
2012-03-21,353.56,0.12%
2012-03-22,352.78,-0.22%
2012-03-23,353.19,0.12%
2012-03-26,358.91,1.62%
2012-03-27,358.17,-0.21%
2012-03-28,355.12,-0.85%
2012-03-29,355.1,-0.01%
2012-03-30,356.55,0.41%
2012-04-02,357.55,0.28%
2012-04-03,357.27,-0.08%
2012-04-04,353.57,-1.04%
2012-04-05,356.03,0.70%
2012-04-09,352.54,-0.98%
2012-04-10,343.95,-2.44%
2012-04-11,348.55,1.34%
2012-04-12,353.27,1.35%
2012-04-13,352.29,-0.28%
2012-04-16,350.99,-0.37%
2012-04-17,354.82,1.09%
2012-04-18,355.35,0.15%
2012-04-19,352.31,-0.86%
2012-04-20,352.97,0.19%
2012-04-23,349.14,-1.09%
2012-04-24,347.94,-0.34%
2012-04-25,353.84,1.70%
2012-04-26,358.01,1.18%
2012-04-27,362.73,1.32%
2012-04-30,360.96,-0.49%
2012-05-01,362.88,0.53%
2012-05-02,364.84,0.54%
2012-05-03,362.23,-0.72%
2012-05-04,355.06,-1.98%
2012-05-07,354.97,-0.03%
2012-05-08,350.55,-1.25%
2012-05-09,348.92,-0.46%
2012-05-10,350.34,0.41%
2012-05-11,349.85,-0.14%
2012-05-14,344.81,-1.44%
2012-05-15,344.03,-0.23%
2012-05-16,343.74,-0.08%
2012-05-17,334.31,-2.74%
2012-05-18,332.31,-0.60%
2012-05-21,337.64,1.60%
2012-05-22,338.71,0.32%
2012-05-23,340.7,0.59%
2012-05-24,342.37,0.49%
2012-05-25,341.97,-0.12%
2012-05-29,346.43,1.30%
2012-05-30,340.89,-1.60%
2012-05-31,339.78,-0.33%
2012-06-01,329.22,-3.11%
2012-06-04,330.82,0.49%
2012-06-05,332.05,0.37%
2012-06-06,339.6,2.27%
2012-06-07,339.16,-0.13%
2012-06-08,342.2,0.90%
2012-06-11,336.87,-1.56%
2012-06-12,340.82,1.17%
2012-06-13,335.6,-1.53%
2012-06-14,340.25,1.39%
2012-06-15,343.53,0.96%
2012-06-18,345.87,0.68%
2012-06-19,349.09,0.93%
2012-06-20,348.8,-0.08%
2012-06-21,341.02,-2.23%
2012-06-22,342.68,0.49%
2012-06-25,337.4,-1.54%
2012-06-26,341.36,1.17%
2012-06-27,341.16,-0.06%
2012-06-28,339.52,-0.48%
2012-06-29,345.81,1.85%
2012-07-02,347.2,0.40%
2012-07-03,346.77,-0.12%
2012-07-04,346.77,0.00%
2012-07-05,347.54,0.22%
2012-07-06,346.17,-0.39%
2012-07-09,344.32,-0.53%
2012-07-10,342.39,-0.56%
2012-07-11,340.52,-0.55%
2012-07-12,339.31,-0.36%
2012-07-13,344.76,1.61%
2012-07-16,342.77,-0.58%
2012-07-17,346.15,0.99%
2012-07-18,347.84,0.49%
2012-07-19,350.36,0.72%
2012-07-20,345.87,-1.28%
2012-07-23,341.24,-1.34%
2012-07-24,338.75,-0.73%
2012-07-25,337.53,-0.36%
2012-07-26,343.36,1.73%
2012-07-27,350,1.93%
2012-07-30,348.78,-0.35%
2012-07-31,344.64,-1.19%
2012-08-01,342.81,-0.53%
2012-08-02,343.54,0.21%
2012-08-03,350.35,1.98%
2012-08-06,351.58,0.35%
2012-08-07,354.8,0.92%
2012-08-08,353.23,-0.44%
2012-08-09,352.85,-0.11%
2012-08-10,352.93,0.02%
2012-08-13,352.82,-0.03%
2012-08-14,353.41,0.17%
2012-08-15,354.72,0.37%
2012-08-16,357.64,0.82%
2012-08-17,359.28,0.46%
2012-08-20,357.56,-0.48%
2012-08-21,356.94,-0.17%
2012-08-22,357.88,0.26%
2012-08-23,355.59,-0.64%
2012-08-24,358.38,0.78%
2012-08-27,357.85,-0.15%
2012-08-28,358.37,0.15%
2012-08-29,360.1,0.48%
2012-08-30,358.05,-0.57%
2012-08-31,359.12,0.30%
2012-09-04,358.48,-0.18%
2012-09-05,359.01,0.15%
2012-09-06,367.13,2.26%
2012-09-07,369.17,0.56%
2012-09-10,368.29,-0.24%
2012-09-11,368.33,0.01%
2012-09-12,369.59,0.34%
2012-09-13,374.86,1.43%
2012-09-14,376.47,0.43%
2012-09-17,374.81,-0.44%
2012-09-18,373.06,-0.47%
2012-09-19,376.8,1.00%
2012-09-20,376.48,-0.08%
2012-09-21,376.26,-0.06%
2012-09-24,374.93,-0.35%
2012-09-25,370.62,-1.15%
2012-09-26,368.13,-0.67%
2012-09-27,371.89,1.02%
2012-09-28,370.26,-0.44%
2012-10-01,370.24,-0.01%
2012-10-02,369.33,-0.25%
2012-10-03,372.33,0.81%
2012-10-04,375.55,0.86%
2012-10-05,376.79,0.33%
2012-10-08,375.74,-0.28%
2012-10-09,369.97,-1.54%
2012-10-10,367.47,-0.68%
2012-10-11,365.75,-0.47%
2012-10-12,365.78,0.01%
2012-10-15,369.64,1.06%
2012-10-16,372.76,0.84%
2012-10-17,375,0.60%
2012-10-18,375.06,0.02%
2012-10-19,368.73,-1.69%
2012-10-22,367.21,-0.41%
2012-10-23,364.22,-0.81%
2012-10-24,362.71,-0.41%
2012-10-25,361.98,-0.20%
2012-10-26,363.05,0.30%
2012-10-29,363.05,0.00%
2012-10-30,363.05,0.00%
2012-10-31,364.23,0.33%
2012-11-01,368.82,1.26%
2012-11-02,368.13,-0.19%
2012-11-05,369.24,0.30%
2012-11-06,371.37,0.58%
2012-11-07,366.8,-1.23%
2012-11-08,360.92,-1.60%
2012-11-09,359.5,-0.39%
2012-11-12,359.55,0.01%
2012-11-13,360.41,0.24%
2012-11-14,354.97,-1.51%
2012-11-15,354.7,-0.08%
2012-11-16,357.16,0.69%
2012-11-19,364.8,2.14%
2012-11-20,366.67,0.51%
2012-11-21,367.93,0.34%
2012-11-23,372.73,1.30%
2012-11-26,371.03,-0.46%
2012-11-27,369.41,-0.44%
2012-11-28,374.12,1.28%
2012-11-29,375.02,0.24%
2012-11-30,375.15,0.03%
2012-12-03,373.16,-0.53%
2012-12-04,371.76,-0.38%
2012-12-05,370.52,-0.33%
2012-12-06,372.66,0.58%
2012-12-07,373.73,0.29%
2012-12-10,371.67,-0.55%
2012-12-11,372.68,0.27%
2012-12-12,373.03,0.09%
2012-12-13,370.69,-0.63%
2012-12-14,369.13,-0.42%
2012-12-17,375.94,1.84%
2012-12-18,380.13,1.11%
2012-12-19,377.29,-0.75%
2012-12-20,378.36,0.28%
2012-12-21,374.54,-1.01%
2012-12-24,375.26,0.19%
2012-12-25,375.26,0.00%
2012-12-26,371.57,-0.98%
2012-12-27,371.97,0.11%
2012-12-28,368.67,-0.89%
2012-12-31,376.06,2.00%
2013-01-02,384.23,2.17%
2013-01-03,385.02,0.21%
2013-01-04,386.34,0.34%
2013-01-07,385.28,-0.27%
2013-01-08,384.29,-0.26%
2013-01-09,384.96,0.17%
2013-01-10,387.07,0.55%
2013-01-11,387.63,0.14%
2013-01-14,388.48,0.22%
2013-01-15,391.15,0.69%
2013-01-16,390.33,-0.21%
2013-01-17,394.52,1.07%
2013-01-18,395.22,0.18%
2013-01-22,396.08,0.22%
2013-01-23,396.41,0.08%
2013-01-24,399.27,0.72%
2013-01-25,403.37,1.03%
2013-01-28,401.53,-0.46%
2013-01-29,400.05,-0.37%
2013-01-30,399.35,-0.17%
2013-01-31,397.27,-0.52%
2013-02-01,399.62,0.59%
2013-02-04,394.8,-1.21%
2013-02-05,399.09,1.09%
2013-02-06,399.84,0.19%
2013-02-07,398.74,-0.28%
2013-02-08,401.87,0.78%
2013-02-11,400.66,-0.30%
2013-02-12,402.16,0.37%
2013-02-13,403.02,0.21%
2013-02-14,403.05,0.01%
2013-02-15,403.53,0.12%
2013-02-19,405.31,0.44%
2013-02-20,398.97,-1.56%
2013-02-21,395.55,-0.86%
2013-02-22,397.84,0.58%
2013-02-25,391.33,-1.64%
2013-02-26,395.16,0.98%
2013-02-27,401.12,1.51%
2013-02-28,401.16,0.01%
2013-03-01,403.55,0.60%
2013-03-04,407.38,0.95%
2013-03-05,411.49,1.01%
2013-03-06,411.16,-0.08%
2013-03-07,411.78,0.15%
2013-03-08,416.31,1.10%
2013-03-11,417.38,0.26%
2013-03-12,415.94,-0.35%
2013-03-13,418.05,0.51%
2013-03-14,418.68,0.15%
2013-03-15,416.93,-0.42%
2013-03-18,413.91,-0.72%
2013-03-19,410.87,-0.73%
2013-03-20,415.6,1.15%
2013-03-21,412.19,-0.82%
2013-03-22,417,1.17%
2013-03-25,416.26,-0.18%
2013-03-26,418.51,0.54%
2013-03-27,418.73,0.05%
2013-03-28,420.27,0.37%
2013-04-01,417.03,-0.77%
2013-04-02,420.59,0.85%
2013-04-03,416.31,-1.02%
2013-04-04,418.71,0.58%
2013-04-05,417.01,-0.41%
2013-04-08,421.5,1.08%
2013-04-09,420.47,-0.24%
2013-04-10,425.28,1.14%
2013-04-11,428.95,0.86%
2013-04-12,431.03,0.48%
2013-04-15,419.97,-2.57%
2013-04-16,425.83,1.40%
2013-04-17,421.73,-0.96%
2013-04-18,416.76,-1.18%
2013-04-19,421.95,1.25%
2013-04-22,423.78,0.43%
2013-04-23,428.08,1.01%
2013-04-24,428.19,0.03%
2013-04-25,431.92,0.87%
2013-04-26,430.13,-0.41%
2013-04-29,431.67,0.36%
2013-04-30,432.6,0.22%
2013-05-01,430.45,-0.50%
2013-05-02,434.56,0.95%
2013-05-03,440.1,1.27%
2013-05-06,441.31,0.27%
2013-05-07,444.73,0.77%
2013-05-08,445.55,0.18%
2013-05-09,446.1,0.12%
2013-05-10,449.74,0.82%
2013-05-13,449.7,-0.01%
2013-05-14,454.22,1.01%
2013-05-15,456.78,0.56%
2013-05-16,451.53,-1.15%
2013-05-17,456.07,1.01%
2013-05-20,454.3,-0.39%
2013-05-21,456.36,0.45%
2013-05-22,452.15,-0.92%
2013-05-23,450.71,-0.32%
2013-05-24,449.86,-0.19%
2013-05-28,453.96,0.91%
2013-05-29,449.47,-0.99%
2013-05-30,448.85,-0.14%
2013-05-31,443.96,-1.09%
2013-06-03,446.35,0.54%
2013-06-04,444.17,-0.49%
2013-06-05,436.92,-1.63%
2013-06-06,441.33,1.01%
2013-06-07,449.3,1.81%
2013-06-10,447.9,-0.31%
2013-06-11,443.63,-0.95%
2013-06-12,438.78,-1.09%
2013-06-13,446.55,1.77%
2013-06-14,445.4,-0.26%
2013-06-17,447.71,0.52%
2013-06-18,452.3,1.03%
2013-06-19,447.31,-1.10%
2013-06-20,435.39,-2.66%
2013-06-21,436.55,0.27%
2013-06-24,432.29,-0.98%
2013-06-25,436.18,0.90%
2013-06-26,441.74,1.27%
2013-06-27,445.74,0.91%
2013-06-28,447.29,0.35%
2013-07-01,450.23,0.66%
2013-07-02,451.11,0.20%
2013-07-03,453.34,0.49%
2013-07-05,458.02,1.03%
2013-07-08,462.09,0.89%
2013-07-09,464.09,0.43%
2013-07-10,464.42,0.07%
2013-07-11,471.1,1.44%
2013-07-12,473.71,0.55%
2013-07-15,472.14,-0.33%
2013-07-16,469.57,-0.54%
2013-07-17,470.1,0.11%
2013-07-18,472.56,0.52%
2013-07-19,472.23,-0.07%
2013-07-22,471.96,-0.06%
2013-07-23,471.14,-0.17%
2013-07-24,469.77,-0.29%
2013-07-25,470.12,0.07%
2013-07-26,471.85,0.37%
2013-07-29,469.27,-0.55%
2013-07-30,468.03,-0.26%
2013-07-31,470.27,0.48%
2013-08-01,477.95,1.63%
2013-08-02,481.3,0.70%
2013-08-05,480.27,-0.21%
2013-08-06,477.94,-0.49%
2013-08-07,473.95,-0.83%
2013-08-08,477.27,0.70%
2013-08-09,475.95,-0.28%
2013-08-12,475.54,-0.09%
2013-08-13,475.35,-0.04%
2013-08-14,470.28,-1.07%
2013-08-15,461.98,-1.76%
2013-08-16,460.29,-0.37%
2013-08-19,458.46,-0.40%
2013-08-20,462.61,0.91%
2013-08-21,458.71,-0.84%
2013-08-22,463.58,1.06%
2013-08-23,463.67,0.02%
2013-08-26,462.64,-0.22%
2013-08-27,455.2,-1.61%
2013-08-28,457.15,0.43%
2013-08-29,459.15,0.44%
2013-08-30,456.18,-0.65%
2013-09-03,459.58,0.75%
2013-09-04,464.22,1.01%
2013-09-05,464.65,0.09%
2013-09-06,463.66,-0.21%
2013-09-09,467.93,0.92%
2013-09-10,472.45,0.97%
2013-09-11,475.7,0.69%
2013-09-12,474.64,-0.22%
2013-09-13,476.14,0.32%
2013-09-16,478,0.39%
2013-09-17,480.77,0.58%
2013-09-18,486.47,1.19%
2013-09-19,486.51,0.01%
2013-09-20,483.29,-0.66%
2013-09-23,479.76,-0.73%
2013-09-24,480.43,0.14%
2013-09-25,477.94,-0.52%
2013-09-26,482.25,0.90%
2013-09-27,482.49,0.05%
2013-09-30,480.3,-0.45%
2013-10-01,484.54,0.88%
2013-10-02,484.22,-0.07%
2013-10-03,479.3,-1.02%
2013-10-04,483.51,0.88%
2013-10-07,476.76,-1.40%
2013-10-08,468.89,-1.65%
2013-10-09,467.16,-0.37%
2013-10-10,477.78,2.27%
2013-10-11,481.53,0.78%
2013-10-14,483.34,0.38%
2013-10-15,479.42,-0.81%
2013-10-16,485.21,1.21%
2013-10-17,488.81,0.74%
2013-10-18,491.81,0.61%
2013-10-21,492.83,0.21%
2013-10-22,496.34,0.71%
2013-10-23,493.39,-0.59%
2013-10-24,498.1,0.95%
2013-10-25,501.55,0.69%
2013-10-28,500.39,-0.23%
2013-10-29,503.61,0.64%
2013-10-30,501.26,-0.47%
2013-10-31,502.39,0.23%
2013-11-01,503.63,0.25%
2013-11-04,505.42,0.36%
2013-11-05,505.46,0.01%
2013-11-06,504.24,-0.24%
2013-11-07,493.81,-2.07%
2013-11-08,501.6,1.58%
2013-11-11,502.41,0.16%
2013-11-12,501.3,-0.22%
2013-11-13,509.27,1.59%
2013-11-14,512.79,0.69%
2013-11-15,514.32,0.30%
2013-11-18,510.62,-0.72%
2013-11-19,508.52,-0.41%
2013-11-20,505.87,-0.52%
2013-11-21,510.47,0.91%
2013-11-22,513.59,0.61%
2013-11-25,513.95,0.07%
2013-11-26,516.7,0.54%
2013-11-27,518.38,0.33%
2013-11-29,519.14,0.15%
2013-12-02,516.54,-0.50%
2013-12-03,512.08,-0.86%
2013-12-04,510.85,-0.24%
2013-12-05,510.79,-0.01%
2013-12-06,515.27,0.88%
2013-12-09,514.62,-0.13%
2013-12-10,515.13,0.10%
2013-12-11,510.01,-0.99%
2013-12-12,507.98,-0.40%
2013-12-13,509.36,0.27%
2013-12-16,512.98,0.71%
2013-12-17,511.3,-0.33%
2013-12-18,519.3,1.56%
2013-12-19,518.45,-0.16%
2013-12-20,520.45,0.39%
2013-12-23,523.05,0.50%
2013-12-24,524.46,0.27%
2013-12-26,527.84,0.64%
2013-12-27,526,-0.35%
2013-12-30,527.97,0.37%
2013-12-31,530.1,0.40%
2014-01-02,527.44,-0.50%
2014-01-03,526.13,-0.25%
2014-01-06,523,-0.59%
2014-01-07,525.93,0.56%
2014-01-08,525.03,-0.17%
2014-01-09,524.4,-0.12%
2014-01-10,526.38,0.38%
2014-01-13,516.14,-1.95%
2014-01-14,520.09,0.77%
2014-01-15,521.32,0.24%
2014-01-16,518.92,-0.46%
2014-01-17,516.43,-0.48%
2014-01-21,515.49,-0.18%
2014-01-22,516.86,0.27%
2014-01-23,513.29,-0.69%
2014-01-24,503.43,-1.92%
2014-01-27,501.45,-0.39%
2014-01-28,505.2,0.75%
2014-01-29,496.67,-1.69%
2014-01-30,504.9,1.66%
2014-01-31,498.48,-1.27%
2014-02-03,485.19,-2.67%
2014-02-04,490.85,1.17%
2014-02-05,491.62,0.16%
2014-02-06,501.79,2.07%
2014-02-07,508.11,1.26%
2014-02-10,507.9,-0.04%
2014-02-11,511.56,0.72%
2014-02-12,511.82,0.05%
2014-02-13,514.03,0.43%
2014-02-14,516.93,0.56%
2014-02-18,517.36,0.08%
2014-02-19,512.67,-0.91%
2014-02-20,515.62,0.58%
2014-02-21,516.5,0.17%
2014-02-24,519.34,0.55%
2014-02-25,522.04,0.52%
2014-02-26,525.11,0.59%
2014-02-27,527.06,0.37%
2014-02-28,528.83,0.34%
2014-03-03,524.17,-0.88%
2014-03-04,530.83,1.27%
2014-03-05,532.46,0.31%
2014-03-06,534.16,0.32%
2014-03-07,533.56,-0.11%
2014-03-10,531.62,-0.36%
2014-03-11,528.62,-0.56%
2014-03-12,528.11,-0.10%
2014-03-13,520.51,-1.44%
2014-03-14,520.66,0.03%
2014-03-17,524.34,0.71%
2014-03-18,526.66,0.44%
2014-03-19,523.29,-0.64%
2014-03-20,524.53,0.24%
2014-03-21,521.16,-0.64%
2014-03-24,515.79,-1.03%
2014-03-25,512.49,-0.64%
2014-03-26,508.44,-0.79%
2014-03-27,506.1,-0.46%
2014-03-28,510.21,0.81%
2014-03-31,513.36,0.62%
2014-04-01,520.53,1.40%
2014-04-02,524.02,0.67%
2014-04-03,521.35,-0.51%
2014-04-04,512.46,-1.71%
2014-04-07,502.68,-1.91%
2014-04-08,507.59,0.98%
2014-04-09,513.06,1.08%
2014-04-10,500.43,-2.46%
2014-04-11,493.55,-1.37%
2014-04-14,497.53,0.81%
2014-04-15,498.14,0.12%
2014-04-16,504.95,1.37%
2014-04-17,505.68,0.14%
2014-04-21,507.02,0.26%
2014-04-22,511.3,0.84%
2014-04-23,509.01,-0.45%
2014-04-24,511.63,0.51%
2014-04-25,503.08,-1.67%
2014-04-28,501.85,-0.24%
2014-04-29,503.88,0.40%
2014-04-30,506.11,0.44%
2014-05-01,507.91,0.36%
2014-05-02,509.42,0.30%
2014-05-05,509.72,0.06%
2014-05-06,502.75,-1.37%
2014-05-07,501.82,-0.18%
2014-05-08,503.05,0.25%
2014-05-09,506.01,0.59%
2014-05-12,512.36,1.25%
2014-05-13,510.59,-0.35%
2014-05-14,505.16,-1.06%
2014-05-15,501.63,-0.70%
2014-05-16,505.11,0.69%
2014-05-19,507.29,0.43%
2014-05-20,502.93,-0.86%
2014-05-21,508.79,1.17%
2014-05-22,511.23,0.48%
2014-05-23,515.53,0.84%
2014-05-27,518.09,0.50%
2014-05-28,517.47,-0.12%
2014-05-29,519.47,0.39%
2014-05-30,519.94,0.09%
2014-06-02,521.58,0.32%
2014-06-03,520.6,-0.19%
2014-06-04,522.89,0.44%
2014-06-05,526.43,0.68%
2014-06-06,529.27,0.54%
2014-06-09,529.71,0.08%
2014-06-10,528.39,-0.25%
2014-06-11,526.64,-0.33%
2014-06-12,519.95,-1.27%
2014-06-13,520.02,0.01%
2014-06-16,521.81,0.34%
2014-06-17,523.36,0.30%
2014-06-18,527.25,0.74%
2014-06-19,526.3,-0.18%
2014-06-20,524.33,-0.37%
2014-06-23,524.86,0.10%
2014-06-24,523.62,-0.24%
2014-06-25,527.93,0.82%
2014-06-26,528.37,0.08%
2014-06-27,529.75,0.26%
2014-06-30,529.43,-0.06%
2014-07-01,535.01,1.05%
2014-07-02,535.84,0.16%
2014-07-03,539.97,0.77%
2014-07-07,536.62,-0.62%
2014-07-08,531.28,-1.00%
2014-07-09,537.77,1.22%
2014-07-10,532.78,-0.93%
2014-07-11,534.54,0.33%
2014-07-14,535.97,0.27%
2014-07-15,534.08,-0.35%
2014-07-16,535.41,0.25%
2014-07-17,530.54,-0.91%
2014-07-18,535.27,0.89%
2014-07-21,532.61,-0.50%
2014-07-22,535.06,0.46%
2014-07-23,534.52,-0.10%
2014-07-24,536.04,0.28%
2014-07-25,529.75,-1.17%
2014-07-28,530.71,0.18%
2014-07-29,529.25,-0.28%
2014-07-30,532.18,0.55%
2014-07-31,522.18,-1.88%
2014-08-01,520.33,-0.35%
2014-08-04,525.59,1.01%
2014-08-05,521.91,-0.70%
2014-08-06,520.56,-0.26%
2014-08-07,518.01,-0.49%
2014-08-08,526.11,1.56%
2014-08-11,528.45,0.44%
2014-08-12,526.87,-0.30%
2014-08-13,528.73,0.35%
2014-08-14,532.78,0.77%
2014-08-15,532.02,-0.14%
2014-08-18,536.6,0.86%
2014-08-19,540.69,0.76%
2014-08-20,543.43,0.51%
2014-08-21,542.94,-0.09%
2014-08-22,543.6,0.12%
2014-08-25,545.09,0.27%
2014-08-26,545.39,0.06%
2014-08-27,545.92,0.10%
2014-08-28,544.78,-0.21%
2014-08-29,544.81,0.01%
2014-09-02,545.77,0.18%
2014-09-03,544.03,-0.32%
2014-09-04,546.16,0.39%
2014-09-05,548.24,0.38%
2014-09-08,545.45,-0.51%
2014-09-09,540.07,-0.99%
2014-09-10,541.88,0.34%
2014-09-11,542.17,0.05%
2014-09-12,540.47,-0.31%
2014-09-15,538.3,-0.40%
2014-09-16,540.73,0.45%
2014-09-17,540.9,0.03%
2014-09-18,543.09,0.40%
2014-09-19,543.57,0.09%
2014-09-22,535.68,-1.45%
2014-09-23,531.42,-0.80%
2014-09-24,536.94,1.04%
2014-09-25,529.23,-1.44%
2014-09-26,534.92,1.08%
2014-09-29,531.77,-0.59%
2014-09-30,528.9,-0.54%
2014-10-01,522.21,-1.26%
2014-10-02,524.21,0.38%
2014-10-03,531.08,1.31%
2014-10-06,528.11,-0.56%
2014-10-07,520.4,-1.46%
2014-10-08,528.53,1.56%
2014-10-09,516.55,-2.27%
2014-10-10,512.05,-0.87%
2014-10-13,501.51,-2.06%
2014-10-14,504.85,0.67%
2014-10-15,500.86,-0.79%
2014-10-16,501.64,0.16%
2014-10-17,507.04,1.08%
2014-10-20,514.11,1.39%
2014-10-21,523.8,1.88%
2014-10-22,519.37,-0.85%
2014-10-23,526.73,1.42%
2014-10-24,526.19,-0.10%
2014-10-27,527.15,0.18%
2014-10-28,532.93,1.10%
2014-10-29,531.19,-0.33%
2014-10-30,534.7,0.66%
2014-10-31,539.95,0.98%
2014-11-03,540.05,0.02%
2014-11-04,533.28,-1.25%
2014-11-05,535.5,0.42%
2014-11-06,540.19,0.88%
2014-11-07,539.15,-0.19%
2014-11-10,538.76,-0.07%
2014-11-11,540.85,0.39%
2014-11-12,543.62,0.51%
2014-11-13,546.93,0.61%
2014-11-14,548.99,0.38%
2014-11-17,548.4,-0.11%
2014-11-18,549.17,0.14%
2014-11-19,551.62,0.45%
2014-11-20,553.94,0.42%
2014-11-21,555.21,0.23%
2014-11-24,560.44,0.94%
2014-11-25,561.75,0.23%
2014-11-26,561.91,0.03%
2014-11-28,568.46,1.17%
2014-12-01,562.29,-1.09%
2014-12-02,564.3,0.36%
2014-12-03,565.37,0.19%
2014-12-04,564.72,-0.11%
2014-12-05,566.16,0.25%
2014-12-08,561.38,-0.84%
2014-12-09,560.56,-0.15%
2014-12-10,552.6,-1.42%
2014-12-11,556.48,0.70%
2014-12-12,553.03,-0.62%
2014-12-15,549.81,-0.58%
2014-12-16,541.12,-1.58%
2014-12-17,551.53,1.92%
2014-12-18,560.29,1.59%
2014-12-19,562.31,0.36%
2014-12-22,567.62,0.94%
2014-12-23,570.96,0.59%
2014-12-24,569.91,-0.18%
2014-12-26,573.11,0.56%
2014-12-29,576.97,0.67%
2014-12-30,574.79,-0.38%
2014-12-31,572.75,-0.35%
2015-01-02,568.61,-0.72%
2015-01-05,557.31,-1.99%
2015-01-06,552.05,-0.94%
2015-01-07,560.5,1.53%
2015-01-08,568.83,1.49%
2015-01-09,562.34,-1.14%
2015-01-12,559.68,-0.47%
2015-01-13,559.02,-0.12%
2015-01-14,552.58,-1.15%
2015-01-15,545.68,-1.25%
2015-01-16,552.84,1.31%
2015-01-20,549.29,-0.64%
2015-01-21,552.69,0.62%
2015-01-22,563.19,1.90%
2015-01-23,562.29,-0.16%
2015-01-26,565.52,0.57%
2015-01-27,561.07,-0.79%
2015-01-28,553.54,-1.34%
2015-01-29,560.84,1.32%
2015-01-30,554.79,-1.08%
2015-02-02,559.73,0.89%
2015-02-03,571.77,2.15%
2015-02-04,575.59,0.67%
2015-02-05,579.05,0.60%
2015-02-06,578.25,-0.14%
2015-02-09,576.21,-0.35%
2015-02-10,583.3,1.23%
2015-02-11,583.45,0.03%
2015-02-12,590.13,1.14%
2015-02-13,593.49,0.57%
2015-02-17,592.46,-0.17%
2015-02-18,591.78,-0.11%
2015-02-19,593.57,0.30%
2015-02-20,598.06,0.76%
2015-02-23,597.7,-0.06%
2015-02-24,600.04,0.39%
2015-02-25,604.78,0.79%
2015-02-26,602.46,-0.38%
2015-02-27,601.7,-0.13%
2015-03-02,608.91,1.20%
2015-03-03,607.43,-0.24%
2015-03-04,603.7,-0.61%
2015-03-05,604.46,0.13%
2015-03-06,596.97,-1.24%
2015-03-09,600.15,0.53%
2015-03-10,590.22,-1.65%
2015-03-11,587.41,-0.48%
2015-03-12,599.25,2.02%
2015-03-13,594.92,-0.72%
2015-03-16,601.42,1.09%
2015-03-17,598.3,-0.52%
2015-03-18,603.56,0.88%
2015-03-19,602.5,-0.18%
2015-03-20,608.95,1.07%
2015-03-23,608.22,-0.12%
2015-03-24,605.15,-0.50%
2015-03-25,595.39,-1.61%
2015-03-26,591.61,-0.63%
2015-03-27,594.66,0.52%
2015-03-30,600.59,1.00%
2015-03-31,597.86,-0.45%
2015-04-01,595.17,-0.45%
2015-04-02,600.52,0.90%
2015-04-06,603.35,0.47%
2015-04-07,600.2,-0.52%
2015-04-08,605.73,0.92%
2015-04-09,606.28,0.09%
2015-04-10,608.22,0.32%
2015-04-13,605.01,-0.53%
2015-04-14,604.56,-0.07%
2015-04-15,604.58,0.00%
2015-04-16,605.86,0.21%
2015-04-17,596.96,-1.47%
2015-04-20,603.32,1.07%
2015-04-21,603.76,0.07%
2015-04-22,604.63,0.14%
2015-04-23,607.44,0.46%
2015-04-24,615.58,1.34%
2015-04-27,610.37,-0.85%
2015-04-28,608.27,-0.34%
2015-04-29,604.24,-0.66%
2015-04-30,597.3,-1.15%
2015-05-01,605.66,1.40%
2015-05-04,606.8,0.19%
2015-05-05,600.56,-1.03%
2015-05-06,598.05,-0.42%
2015-05-07,600.9,0.48%
2015-05-08,607.47,1.09%
2015-05-11,604.9,-0.42%
2015-05-12,603.69,-0.20%
2015-05-13,599.99,-0.61%
2015-05-14,602.57,0.43%
2015-05-15,607.07,0.75%
2015-05-18,609.59,0.42%
2015-05-19,609.45,-0.02%
2015-05-20,608.55,-0.15%
2015-05-21,610.74,0.36%
2015-05-22,609.74,-0.16%
2015-05-26,605.92,-0.63%
2015-05-27,610,0.67%
2015-05-28,608.59,-0.23%
2015-05-29,604.41,-0.69%
2015-06-01,606.3,0.31%
2015-06-02,607.26,0.16%
2015-06-03,611.62,0.72%
2015-06-04,607.45,-0.68%
2015-06-05,605.76,-0.28%
2015-06-08,601.48,-0.71%
2015-06-09,600.9,-0.10%
2015-06-10,607.03,1.02%
2015-06-11,608.58,0.26%
2015-06-12,606.02,-0.42%
2015-06-15,603.22,-0.46%
2015-06-16,606.54,0.55%
2015-06-17,609.37,0.47%
2015-06-18,617,1.25%
2015-06-19,615.52,-0.24%
2015-06-22,618.5,0.48%
2015-06-23,620.82,0.38%
2015-06-24,616.23,-0.74%
2015-06-25,615.93,-0.05%
2015-06-26,618.39,0.40%
2015-06-29,604.2,-2.29%
2015-06-30,607.21,0.50%
2015-07-01,613.5,1.04%
2015-07-02,612.72,-0.13%
2015-07-06,611.24,-0.24%
2015-07-07,616.17,0.81%
2015-07-08,604.69,-1.86%
2015-07-09,607.21,0.42%
2015-07-10,615.98,1.44%
2015-07-13,625.02,1.47%
2015-07-14,625.85,0.13%
2015-07-15,625.07,-0.12%
2015-07-16,629.13,0.65%
2015-07-17,627.93,-0.19%
2015-07-20,628.12,0.03%
2015-07-21,626.25,-0.30%
2015-07-22,628.91,0.42%
2015-07-23,625.19,-0.59%
2015-07-24,625.05,-0.02%
2015-07-27,620.57,-0.72%
2015-07-28,625.73,0.83%
2015-07-29,631.94,0.99%
2015-07-30,634.04,0.33%
2015-07-31,635.81,0.28%
2015-08-03,634.22,-0.25%
2015-08-04,636.24,0.32%
2015-08-05,629.36,-1.08%
2015-08-06,620.95,-1.34%
2015-08-07,620.48,-0.08%
2015-08-10,625.79,0.86%
2015-08-11,619.48,-1.01%
2015-08-12,616.9,-0.42%
2015-08-13,620.45,0.58%
2015-08-14,621.18,0.12%
2015-08-17,627.19,0.97%
2015-08-18,627.8,0.10%
2015-08-19,626.33,-0.23%
2015-08-20,608.8,-2.80%
2015-08-21,588.77,-3.29%
2015-08-24,565.13,-4.02%
2015-08-25,562.89,-0.40%
2015-08-26,584.57,3.85%
2015-08-27,598.32,2.35%
2015-08-28,598.46,0.02%
2015-08-31,594.07,-0.73%
2015-09-01,578.55,-2.61%
2015-09-02,590.69,2.10%
2015-09-03,591.04,0.06%
2015-09-04,584.43,-1.12%
2015-09-08,598,2.32%
2015-09-09,591.33,-1.12%
2015-09-10,592.94,0.27%
2015-09-11,597.33,0.74%
2015-09-14,593.95,-0.57%
2015-09-15,600.37,1.08%
2015-09-16,607.23,1.14%
2015-09-17,608.75,0.25%
2015-09-18,599.47,-1.52%
2015-09-21,603.95,0.75%
2015-09-22,596.33,-1.26%
2015-09-23,594.72,-0.27%
2015-09-24,592.86,-0.31%
2015-09-25,592.92,0.01%
2015-09-28,575.76,-2.89%
2015-09-29,574.08,-0.29%
2015-09-30,589.37,2.66%
2015-10-01,593.66,0.73%
2015-10-02,602.12,1.43%
2015-10-05,610.82,1.44%
2015-10-06,606.54,-0.70%
2015-10-07,608.62,0.34%
2015-10-08,615.75,1.17%
2015-10-09,616.79,0.17%
2015-10-12,619.71,0.47%
2015-10-13,616.31,-0.55%
2015-10-14,610.03,-1.02%
2015-10-15,617.72,1.26%
2015-10-16,621.4,0.60%
2015-10-19,624.21,0.45%
2015-10-20,622.79,-0.23%
2015-10-21,620.4,-0.38%
2015-10-22,629.04,1.39%
2015-10-23,631.66,0.42%
2015-10-26,636.52,0.77%
2015-10-27,633.15,-0.53%
2015-10-28,639.14,0.95%
2015-10-29,640.88,0.27%
2015-10-30,642.34,0.23%
2015-11-02,645.16,0.44%
2015-11-03,647.78,0.41%
2015-11-04,643.58,-0.65%
2015-11-05,645.99,0.37%
2015-11-06,645.84,-0.02%
2015-11-09,637.19,-1.34%
2015-11-10,642.42,0.82%
2015-11-11,639.24,-0.50%
2015-11-12,632.99,-0.98%
2015-11-13,616.2,-2.65%
2015-11-16,623.77,1.23%
2015-11-17,625.1,0.21%
2015-11-18,635.75,1.70%
2015-11-19,636.18,0.07%
2015-11-20,644.03,1.23%
2015-11-23,646.26,0.35%
2015-11-24,644.91,-0.21%
2015-11-25,648.09,0.49%
2015-11-27,645.46,-0.41%
2015-11-30,640.02,-0.84%
2015-12-01,646.5,1.01%
2015-12-02,640.68,-0.90%
2015-12-03,630.96,-1.52%
2015-12-04,643.44,1.98%
2015-12-07,640.48,-0.46%
2015-12-08,638.42,-0.32%
2015-12-09,630.62,-1.22%
2015-12-10,632.16,0.24%
2015-12-11,617.47,-2.32%
2015-12-14,620.3,0.46%
2015-12-15,623.89,0.58%
2015-12-16,634.44,1.69%
2015-12-17,624.12,-1.63%
2015-12-18,615.07,-1.45%
2015-12-21,617.35,0.37%
2015-12-22,621.5,0.67%
2015-12-23,625.03,0.57%
2015-12-24,623.39,-0.26%
2015-12-28,625.03,0.26%
2015-12-29,632.07,1.13%
2015-12-30,627.12,-0.78%
2015-12-31,621.02,-0.97%
2016-01-04,609.89,-1.79%
2016-01-05,608.84,-0.17%
2016-01-06,602.79,-0.99%
2016-01-07,590.66,-2.01%
2016-01-08,584.27,-1.08%
2016-01-11,589.41,0.88%
2016-01-12,595.47,1.03%
2016-01-13,575.37,-3.38%
2016-01-14,579.62,0.74%
2016-01-15,567.5,-2.09%
2016-01-19,569.69,0.39%
2016-01-20,564.3,-0.95%
2016-01-21,572.04,1.37%
2016-01-22,581.79,1.70%
2016-01-25,574.94,-1.18%
2016-01-26,583.4,1.47%
2016-01-27,574.59,-1.51%
2016-01-28,581.62,1.22%
2016-01-29,588.78,1.23%
2016-02-01,591.68,0.49%
2016-02-02,580.39,-1.91%
2016-02-03,578.43,-0.34%
2016-02-04,575.15,-0.57%
2016-02-05,556.82,-3.19%
2016-02-08,545.85,-1.97%
2016-02-09,544.41,-0.26%
2016-02-10,543.99,-0.08%
2016-02-11,543.54,-0.08%
2016-02-12,553.27,1.79%
2016-02-16,566.94,2.47%
2016-02-17,578.91,2.11%
2016-02-18,575.03,-0.67%
2016-02-19,576.92,0.33%
2016-02-22,587.94,1.91%
2016-02-23,584.69,-0.55%
2016-02-24,588.13,0.59%
2016-02-25,593.96,0.99%
2016-02-26,593.25,-0.12%
2016-02-29,590.19,-0.52%
2016-03-01,605.68,2.62%
2016-03-02,604.99,-0.11%
2016-03-03,608.35,0.56%
2016-03-04,608.17,-0.03%
2016-03-07,605.33,-0.47%
2016-03-08,600.28,-0.83%
2016-03-09,601.15,0.14%
2016-03-10,602.17,0.17%
2016-03-11,611.64,1.57%
2016-03-14,614.05,0.39%
2016-03-15,613.97,-0.01%
2016-03-16,618.45,0.73%
2016-03-17,620.14,0.27%
2016-03-18,620.75,0.10%
2016-03-21,620.99,0.04%
2016-03-22,619.5,-0.24%
2016-03-23,615.61,-0.63%
2016-03-24,616.15,0.09%
2016-03-28,619.28,0.51%
2016-03-29,625.13,0.94%
2016-03-30,629.03,0.62%
2016-03-31,628.44,-0.09%
2016-04-01,631.61,0.50%
2016-04-04,626.19,-0.86%
2016-04-05,620.92,-0.84%
2016-04-06,626.78,0.94%
2016-04-07,619.55,-1.15%
2016-04-08,618.59,-0.15%
2016-04-11,616.09,-0.40%
2016-04-12,621.02,0.80%
2016-04-13,629.39,1.35%
2016-04-14,629.47,0.01%
2016-04-15,631.28,0.29%
2016-04-18,637.04,0.91%
2016-04-19,634,-0.48%
2016-04-20,634.24,0.04%
2016-04-21,632.67,-0.25%
2016-04-22,630.87,-0.28%
2016-04-25,631.84,0.15%
2016-04-26,633.27,0.23%
2016-04-27,632.62,-0.10%
2016-04-28,625.58,-1.11%
2016-04-29,628.76,0.51%
2016-05-02,637.53,1.39%
2016-05-03,631.94,-0.88%
2016-05-04,628.95,-0.47%
2016-05-05,625,-0.63%
2016-05-06,629.13,0.66%
2016-05-09,631.13,0.32%
2016-05-10,639.04,1.25%
2016-05-11,626.4,-1.98%
2016-05-12,627.22,0.13%
2016-05-13,620.33,-1.10%
2016-05-16,623.93,0.58%
2016-05-17,616.74,-1.15%
2016-05-18,613.14,-0.58%
2016-05-19,612.58,-0.09%
2016-05-20,616.59,0.65%
2016-05-23,614.16,-0.39%
2016-05-24,622.09,1.29%
2016-05-25,625.12,0.49%
2016-05-26,626.4,0.20%
2016-05-27,629.44,0.49%
2016-05-31,628.78,-0.10%
2016-06-01,627.94,-0.13%
2016-06-02,631.06,0.50%
2016-06-03,627.58,-0.55%
2016-06-06,628.34,0.12%
2016-06-07,629.15,0.13%
2016-06-08,629.69,0.09%
2016-06-09,628.46,-0.20%
2016-06-10,621.97,-1.03%
2016-06-13,618.08,-0.63%
2016-06-14,616.47,-0.26%
2016-06-15,618.1,0.26%
2016-06-16,620.42,0.38%
2016-06-17,619.51,-0.15%
2016-06-20,624.92,0.87%
2016-06-21,623.64,-0.20%
2016-06-22,622.57,-0.17%
2016-06-23,628.46,0.95%
2016-06-24,605.69,-3.62%
2016-06-27,594.49,-1.85%
2016-06-28,605.84,1.91%
2016-06-29,615.77,1.64%
2016-06-30,620.41,0.75%
2016-07-01,625.95,0.89%
2016-07-05,621.38,-0.73%
2016-07-06,626.63,0.84%
2016-07-07,629.11,0.40%
2016-07-08,640.15,1.75%
2016-07-11,643.73,0.56%
2016-07-12,646.68,0.46%
2016-07-13,643.6,-0.48%
2016-07-14,646.22,0.41%
2016-07-15,643.3,-0.45%
2016-07-18,645.36,0.32%
2016-07-19,644.18,-0.18%
2016-07-20,646.72,0.39%
2016-07-21,645.08,-0.25%
2016-07-22,648.13,0.47%
2016-07-25,649,0.13%
2016-07-26,647.93,-0.16%
2016-07-27,645.72,-0.34%
2016-07-28,647.23,0.23%
2016-07-29,647.81,0.09%
2016-08-01,648.63,0.13%
2016-08-02,639.15,-1.46%
2016-08-03,640.77,0.25%
2016-08-04,640.45,-0.05%
2016-08-05,647.31,1.07%
2016-08-08,645.19,-0.33%
2016-08-09,643.05,-0.33%
2016-08-10,644.45,0.22%
2016-08-11,651.06,1.03%
2016-08-12,650.87,-0.03%
2016-08-15,651.7,0.13%
2016-08-16,648.15,-0.54%
2016-08-17,646.83,-0.20%
2016-08-18,646.49,-0.05%
2016-08-19,646.31,-0.03%
2016-08-22,645.75,-0.09%
2016-08-23,648.87,0.48%
2016-08-24,645.98,-0.45%
2016-08-25,643.6,-0.37%
2016-08-26,641.86,-0.27%
2016-08-29,643.83,0.31%
2016-08-30,640.22,-0.56%
2016-08-31,638.63,-0.25%
2016-09-01,639.79,0.18%
2016-09-02,640.71,0.14%
2016-09-06,641.73,0.16%
2016-09-07,641.74,0.00%
2016-09-08,636.75,-0.78%
2016-09-09,621.11,-2.46%
2016-09-12,630.08,1.44%
2016-09-13,620.59,-1.51%
2016-09-14,620.78,0.03%
2016-09-15,625.07,0.69%
2016-09-16,624.07,-0.16%
2016-09-19,623.41,-0.11%
2016-09-20,624.01,0.10%
2016-09-21,629.67,0.91%
2016-09-22,634.53,0.77%
2016-09-23,633.09,-0.23%
2016-09-26,626.03,-1.12%
2016-09-27,632.25,0.99%
2016-09-28,634.17,0.30%
2016-09-29,630.79,-0.53%
2016-09-30,635.96,0.82%
2016-10-03,635.67,-0.05%
2016-10-04,633.62,-0.32%
2016-10-05,636.07,0.39%
2016-10-06,636.4,0.05%
2016-10-07,633.6,-0.44%
2016-10-10,634.18,0.09%
2016-10-11,626.96,-1.14%
2016-10-12,629.41,0.39%
2016-10-13,627.39,-0.32%
2016-10-14,626.39,-0.16%
2016-10-17,621.54,-0.77%
2016-10-18,625.18,0.59%
2016-10-19,628.28,0.50%
2016-10-20,627.36,-0.15%
2016-10-21,632.18,0.77%
2016-10-24,636.72,0.72%
2016-10-25,629.16,-1.19%
2016-10-26,626.47,-0.43%
2016-10-27,621.05,-0.87%
2016-10-28,619.65,-0.23%
2016-10-31,620.52,0.14%
2016-11-01,615.31,-0.84%
2016-11-02,611.77,-0.58%
2016-11-03,610.26,-0.25%
2016-11-04,608.93,-0.22%
2016-11-07,622.97,2.31%
2016-11-08,625.95,0.48%
2016-11-09,627.1,0.18%
2016-11-10,629.18,0.33%
2016-11-11,633.21,0.64%
2016-11-14,632.81,-0.06%
2016-11-15,634.96,0.34%
2016-11-16,638.42,0.54%
2016-11-17,646.19,1.22%
2016-11-18,644.04,-0.33%
2016-11-21,648.1,0.63%
2016-11-22,656.09,1.23%
2016-11-23,656.75,0.10%
2016-11-25,658.55,0.27%
2016-11-28,653.06,-0.83%
2016-11-29,654.25,0.18%
2016-11-30,648.55,-0.87%
2016-12-01,649.11,0.09%
2016-12-02,645.47,-0.56%
2016-12-05,651.77,0.98%
2016-12-06,653.82,0.31%
2016-12-07,665.94,1.85%
2016-12-08,666.35,0.06%
2016-12-09,667.72,0.21%
2016-12-12,662.38,-0.80%
2016-12-13,667.86,0.83%
2016-12-14,663.51,-0.65%
2016-12-15,661.83,-0.25%
2016-12-16,658.82,-0.45%
2016-12-19,660.19,0.21%
2016-12-20,665.37,0.78%
2016-12-21,665.04,-0.05%
2016-12-22,658.33,-1.01%
2016-12-23,656.73,-0.24%
2016-12-27,659.03,0.35%
2016-12-28,654.89,-0.63%
2016-12-29,653.91,-0.15%
2016-12-30,647.82,-0.93%
2017-01-03,651.81,0.62%
2017-01-04,660.48,1.33%
2017-01-05,660.05,-0.07%
2017-01-06,662.91,0.43%
2017-01-09,662.47,-0.07%
2017-01-10,665.11,0.40%
2017-01-11,666.58,0.22%
2017-01-12,666.37,-0.03%
2017-01-13,668.41,0.31%
2017-01-17,669.89,0.22%
2017-01-18,668.6,-0.19%
2017-01-19,666.35,-0.34%
2017-01-20,667.96,0.24%
2017-01-23,668.4,0.07%
2017-01-24,673.85,0.82%
2017-01-25,677.79,0.58%
2017-01-26,679.36,0.23%
2017-01-27,677.34,-0.30%
2017-01-30,676.79,-0.08%
2017-01-31,674.91,-0.28%
2017-02-01,673.74,-0.17%
2017-02-02,673.23,-0.08%
2017-02-03,672.5,-0.11%
2017-02-06,670.47,-0.30%
2017-02-07,669.55,-0.14%
2017-02-08,673.67,0.62%
2017-02-09,678.28,0.68%
2017-02-10,681.97,0.54%
2017-02-13,682.67,0.10%
2017-02-14,686.68,0.59%
2017-02-15,690.14,0.50%
2017-02-16,687.08,-0.44%
2017-02-17,689.08,0.29%
2017-02-21,693.21,0.60%
2017-02-22,693.37,0.02%
2017-02-23,688.5,-0.70%
2017-02-24,691.43,0.43%
2017-02-27,691.68,0.04%
2017-02-28,687.21,-0.65%
2017-03-01,694.13,1.01%
2017-03-02,693.1,-0.15%
2017-03-03,691.63,-0.21%
2017-03-06,689.23,-0.35%
2017-03-07,686.96,-0.33%
2017-03-08,689.11,0.31%
2017-03-09,688.89,-0.03%
2017-03-10,689.82,0.13%
2017-03-13,691.2,0.20%
2017-03-14,691.34,0.02%
2017-03-15,694.85,0.51%
2017-03-16,695.19,0.05%
2017-03-17,695.82,0.09%
2017-03-20,694.1,-0.25%
2017-03-21,685.5,-1.24%
2017-03-22,686.33,0.12%
2017-03-23,687.64,0.19%
2017-03-24,688.82,0.17%
2017-03-27,688.96,0.02%
2017-03-28,694.25,0.77%
2017-03-29,698.17,0.56%
2017-03-30,700.06,0.27%
2017-03-31,700.24,0.03%
2017-04-03,697.05,-0.46%
2017-04-04,696.06,-0.14%
2017-04-05,694.5,-0.22%
2017-04-06,696.97,0.36%
2017-04-07,694.52,-0.35%
2017-04-10,696.99,0.36%
2017-04-11,696.64,-0.05%
2017-04-12,693.85,-0.40%
2017-04-13,689.3,-0.66%
2017-04-17,695.86,0.95%
2017-04-18,696.15,0.04%
2017-04-19,696.82,0.10%
2017-04-20,703.77,1.00%
2017-04-21,702.34,-0.20%
2017-04-24,706.6,0.61%
2017-04-25,712.33,0.81%
2017-04-26,715.89,0.50%
2017-04-27,719.81,0.55%
2017-04-28,716.73,-0.43%
2017-05-01,717.23,0.07%
2017-05-02,718.55,0.18%
2017-05-03,714.31,-0.59%
2017-05-04,713.53,-0.11%
2017-05-05,717.5,0.56%
2017-05-08,719.29,0.25%
2017-05-09,722.76,0.48%
2017-05-10,720.76,-0.28%
2017-05-11,716.46,-0.60%
2017-05-12,715.16,-0.18%
2017-05-15,715.06,-0.01%
2017-05-16,712.73,-0.33%
2017-05-17,701.27,-1.61%
2017-05-18,705.45,0.60%
2017-05-19,709.57,0.58%
2017-05-22,713.44,0.55%
2017-05-23,710.56,-0.40%
2017-05-24,713.07,0.35%
2017-05-25,719.7,0.93%
2017-05-26,721.91,0.31%
2017-05-30,721.98,0.01%
2017-05-31,723.76,0.25%
2017-06-01,730,0.86%
2017-06-02,732.96,0.41%
2017-06-05,730.52,-0.33%
2017-06-06,724.44,-0.83%
2017-06-07,725.93,0.21%
2017-06-08,721.22,-0.65%
2017-06-09,718.11,-0.43%
2017-06-12,717.34,-0.11%
2017-06-13,721.66,0.60%
2017-06-14,721.19,-0.07%
2017-06-15,717.96,-0.45%
2017-06-16,717.76,-0.03%
2017-06-19,723.58,0.81%
2017-06-20,714.52,-1.25%
2017-06-21,715.28,0.11%
2017-06-22,713.99,-0.18%
2017-06-23,713.32,-0.09%
2017-06-26,715.34,0.28%
2017-06-27,710.02,-0.74%
2017-06-28,717.03,0.99%
2017-06-29,710.09,-0.97%
2017-06-30,714.06,0.56%
2017-07-03,712.74,-0.18%
2017-07-05,711.01,-0.24%
2017-07-06,703.68,-1.03%
2017-07-07,709.49,0.83%
2017-07-10,711.06,0.22%
2017-07-11,709.66,-0.20%
2017-07-12,714.97,0.75%
2017-07-13,715.53,0.08%
2017-07-14,717.53,0.28%
2017-07-17,719.36,0.26%
2017-07-18,722.36,0.42%
2017-07-19,726.04,0.51%
2017-07-20,724.14,-0.26%
2017-07-21,724.96,0.11%
2017-07-24,722.24,-0.38%
2017-07-25,727.59,0.74%
2017-07-26,727.46,-0.02%
2017-07-27,732.53,0.70%
2017-07-28,727.11,-0.74%
2017-07-31,726.65,-0.06%
2017-08-01,728.23,0.22%
2017-08-02,726.31,-0.26%
2017-08-03,724.15,-0.30%
2017-08-04,724.33,0.02%
2017-08-07,725.68,0.19%
2017-08-08,725.37,-0.04%
2017-08-09,721.96,-0.47%
2017-08-10,710.99,-1.52%
2017-08-11,714.66,0.52%
2017-08-14,719.57,0.69%
2017-08-15,713.1,-0.90%
2017-08-16,716.31,0.45%
2017-08-17,705.1,-1.56%
2017-08-18,701.68,-0.49%
2017-08-21,702.98,0.19%
2017-08-22,710.33,1.05%
2017-08-23,704.37,-0.84%
2017-08-24,702.58,-0.25%
2017-08-25,704.38,0.26%
2017-08-28,705.05,0.10%
2017-08-29,703.71,-0.19%
2017-08-30,708.61,0.70%
2017-08-31,712.13,0.50%
2017-09-01,715.39,0.46%
2017-09-05,712.46,-0.41%
2017-09-06,716.39,0.55%
2017-09-07,710.29,-0.85%
2017-09-08,707.77,-0.35%
2017-09-11,711.56,0.54%
2017-09-12,714.66,0.44%
2017-09-13,719.79,0.72%
2017-09-14,715.87,-0.54%
2017-09-15,714.22,-0.23%
2017-09-18,711.19,-0.42%
2017-09-19,710.84,-0.05%
2017-09-20,713.34,0.35%
2017-09-21,711.62,-0.24%
2017-09-22,713.19,0.22%
2017-09-25,711.75,-0.20%
2017-09-26,711.33,-0.06%
2017-09-27,715.15,0.54%
2017-09-28,714.83,-0.04%
2017-09-29,717.47,0.37%
2017-10-02,718.76,0.18%
2017-10-03,721.37,0.36%
2017-10-04,725.17,0.53%
2017-10-05,729.24,0.56%
2017-10-06,730.37,0.15%
2017-10-09,727.8,-0.35%
2017-10-10,727.01,-0.11%
2017-10-11,727.53,0.07%
2017-10-12,722.7,-0.66%
2017-10-13,725.85,0.44%
2017-10-16,727.18,0.18%
2017-10-17,727.45,0.04%
2017-10-18,725.6,-0.25%
2017-10-19,725.53,-0.01%
2017-10-20,727.03,0.21%
2017-10-23,722.01,-0.69%
2017-10-24,724.01,0.28%
2017-10-25,721.24,-0.38%
2017-10-26,723.6,0.33%
2017-10-27,735.17,1.60%
2017-10-30,732.3,-0.39%
2017-10-31,731.97,-0.05%
2017-11-01,732.48,0.07%
2017-11-02,726.86,-0.77%
2017-11-03,729.51,0.36%
2017-11-06,734.88,0.74%
2017-11-07,730.82,-0.55%
2017-11-08,731.24,0.06%
2017-11-09,732.45,0.17%
2017-11-10,734.96,0.34%
2017-11-13,737.31,0.32%
2017-11-14,738.04,0.10%
2017-11-15,734.76,-0.44%
2017-11-16,740.68,0.81%
2017-11-17,744.25,0.48%
2017-11-20,745.47,0.16%
2017-11-21,749.96,0.60%
2017-11-22,750.73,0.10%
2017-11-24,752.31,0.21%
2017-11-27,752.9,0.08%
2017-11-28,761.08,1.09%
2017-11-29,764.4,0.44%
2017-11-30,767.82,0.45%
2017-12-01,767.92,0.01%
2017-12-04,776.75,1.15%
2017-12-05,772.1,-0.60%
2017-12-06,766.79,-0.69%
2017-12-07,768.58,0.23%
2017-12-08,771.92,0.43%
2017-12-11,773.85,0.25%
2017-12-12,774.04,0.02%
2017-12-13,774.48,0.06%
2017-12-14,776.6,0.27%
2017-12-15,780.76,0.54%
2017-12-18,786.97,0.80%
2017-12-19,786.3,-0.09%
2017-12-20,784.76,-0.20%
2017-12-21,789.68,0.63%
2017-12-22,788.32,-0.17%
2017-12-26,790.11,0.23%
2017-12-27,788.59,-0.19%
2017-12-28,790.56,0.25%
2017-12-29,785.33,-0.66%
2018-01-02,797.21,1.51%
2018-01-03,801.46,0.53%
2018-01-04,804.02,0.32%
2018-01-05,810.9,0.86%
2018-01-08,811.59,0.09%
2018-01-09,812.55,0.12%
2018-01-10,812.42,-0.02%
2018-01-11,825.61,1.62%
2018-01-12,836.2,1.28%
2018-01-16,830.42,-0.69%
2018-01-17,834,0.43%
2018-01-18,833.59,-0.05%
2018-01-19,840.83,0.87%
2018-01-22,850,1.09%
2018-01-23,857.29,0.86%
2018-01-24,860.76,0.40%
2018-01-25,859.57,-0.14%
2018-01-26,868,0.98%
2018-01-29,865.56,-0.28%
2018-01-30,860.86,-0.54%
2018-01-31,857.88,-0.35%
2018-02-01,848.64,-1.08%
2018-02-02,841.07,-0.89%
2018-02-05,812.31,-3.42%
2018-02-06,832.52,2.49%
2018-02-07,830.23,-0.28%
2018-02-08,796.89,-4.02%
2018-02-09,802.49,0.70%
2018-02-12,813.29,1.35%
2018-02-13,817.46,0.51%
2018-02-14,830.18,1.56%
2018-02-15,837.65,0.90%
2018-02-16,833.96,-0.44%
2018-02-20,831.27,-0.32%
2018-02-21,830.2,-0.13%
2018-02-22,831.05,0.10%
2018-02-23,842.13,1.33%
2018-02-26,849.41,0.86%
2018-02-27,831.4,-2.12%
2018-02-28,827.35,-0.49%
2018-03-01,818.88,-1.02%
2018-03-02,819.61,0.09%
2018-03-05,828.88,1.13%
2018-03-06,834.82,0.72%
2018-03-07,828.68,-0.74%
2018-03-08,831.15,0.30%
2018-03-09,844.2,1.57%
2018-03-12,846.67,0.29%
2018-03-13,840.79,-0.69%
2018-03-14,839.14,-0.20%
2018-03-15,838.59,-0.07%
2018-03-16,838.17,-0.05%
2018-03-19,827.25,-1.30%
2018-03-20,832.34,0.62%
2018-03-21,831.6,-0.09%
2018-03-22,813.95,-2.12%
2018-03-23,798.05,-1.95%
2018-03-26,821.28,2.91%
2018-03-27,805.55,-1.92%
2018-03-28,795.59,-1.24%
2018-03-29,806.97,1.43%
2018-04-02,784.11,-2.83%
2018-04-03,793.72,1.23%
2018-04-04,808.11,1.81%
2018-04-05,819.16,1.37%
2018-04-06,801.62,-2.14%
2018-04-09,799.63,-0.25%
2018-04-10,809.31,1.21%
2018-04-11,806.71,-0.32%
2018-04-12,810.32,0.45%
2018-04-13,805.73,-0.57%
2018-04-16,811.76,0.75%
2018-04-17,826.94,1.87%
2018-04-18,831.02,0.49%
2018-04-19,827.99,-0.36%
2018-04-20,819.52,-1.02%
2018-04-23,821.3,0.22%
2018-04-24,808.32,-1.58%
2018-04-25,811.39,0.38%
2018-04-26,824.27,1.59%
2018-04-27,828.41,0.50%
2018-04-30,825.31,-0.37%
2018-05-01,826.64,0.16%
2018-05-02,820.78,-0.71%
2018-05-03,817.16,-0.44%
2018-05-04,827.84,1.31%
2018-05-07,830.82,0.36%
2018-05-08,827.12,-0.45%
2018-05-09,830.01,0.35%
2018-05-10,832.93,0.35%
2018-05-11,834.81,0.23%
2018-05-14,836.11,0.16%
2018-05-15,831.02,-0.61%
2018-05-16,837.94,0.83%
2018-05-17,835.24,-0.32%
2018-05-18,834.25,-0.12%
2018-05-21,838.85,0.55%
2018-05-22,834.83,-0.48%
2018-05-23,841.19,0.76%
2018-05-24,842.92,0.21%
2018-05-25,844.49,0.19%
2018-05-29,837.77,-0.80%
2018-05-30,844.75,0.83%
2018-05-31,840.76,-0.47%
2018-06-01,846.58,0.69%
2018-06-04,856.18,1.13%
2018-06-05,861.09,0.57%
2018-06-06,869.77,1.01%
2018-06-07,871.3,0.18%
2018-06-08,873.51,0.25%
2018-06-11,876.48,0.34%
2018-06-12,880.9,0.50%
2018-06-13,882.08,0.13%
2018-06-14,891.01,1.01%
2018-06-15,893.11,0.24%
2018-06-18,891.39,-0.19%
2018-06-19,890.09,-0.15%
2018-06-20,894.32,0.48%
2018-06-21,888.02,-0.70%
2018-06-22,886.81,-0.14%
2018-06-25,867.52,-2.18%
2018-06-26,873.46,0.68%
2018-06-27,862.22,-1.29%
2018-06-28,868.77,0.76%
2018-06-29,870.23,0.17%
2018-07-02,871.65,0.16%
2018-07-03,866.45,-0.60%
2018-07-05,871.29,0.56%
2018-07-06,878.01,0.77%
2018-07-09,888.27,1.17%
2018-07-10,890.26,0.22%
2018-07-11,888.23,-0.23%
2018-07-12,894.21,0.67%
2018-07-13,896.45,0.25%
2018-07-16,898.17,0.19%
2018-07-17,899.06,0.10%
2018-07-18,898.35,-0.08%
2018-07-19,896.45,-0.21%
2018-07-20,892.43,-0.45%
2018-07-23,891.51,-0.10%
2018-07-24,889.02,-0.28%
2018-07-25,895.18,0.69%
2018-07-26,890.68,-0.50%
2018-07-27,888.25,-0.27%
2018-07-30,881.28,-0.78%
2018-07-31,885.15,0.44%
2018-08-01,881.23,-0.44%
2018-08-02,886.78,0.63%
2018-08-03,889.73,0.33%
2018-08-06,895.72,0.67%
2018-08-07,899.7,0.44%
2018-08-08,900.79,0.12%
2018-08-09,904.24,0.38%
2018-08-10,896.78,-0.82%
2018-08-13,892.17,-0.51%
2018-08-14,900.68,0.95%
2018-08-15,889.71,-1.22%
2018-08-16,893.72,0.45%
2018-08-17,894.78,0.12%
2018-08-20,900.29,0.62%
2018-08-21,908.3,0.89%
2018-08-22,909.36,0.12%
2018-08-23,907.67,-0.19%
2018-08-24,913.06,0.59%
2018-08-27,919.46,0.70%
2018-08-28,921.11,0.18%
2018-08-29,931.43,1.12%
2018-08-30,925.79,-0.61%
2018-08-31,929.23,0.37%
2018-09-04,931.51,0.25%
2018-09-05,921.26,-1.10%
2018-09-06,918.19,-0.33%
2018-09-07,917.89,-0.03%
2018-09-10,921.12,0.35%
2018-09-11,928.69,0.82%
2018-09-12,930.72,0.22%
2018-09-13,931.39,0.07%
2018-09-14,928.72,-0.29%
2018-09-17,916.92,-1.27%
2018-09-18,928.58,1.27%
2018-09-19,928.87,0.03%
2018-09-20,935.01,0.66%
2018-09-21,932.39,-0.28%
2018-09-24,927.08,-0.57%
2018-09-25,932.54,0.59%
2018-09-26,934.36,0.20%
2018-09-27,939.41,0.54%
2018-09-28,938.23,-0.13%
2018-10-01,936.39,-0.20%
2018-10-02,922.97,-1.43%
2018-10-03,918.97,-0.43%
2018-10-04,904.26,-1.60%
2018-10-05,897.19,-0.78%
2018-10-08,897.55,0.04%
2018-10-09,895.51,-0.23%
2018-10-10,862,-3.74%
2018-10-11,847.38,-1.70%
2018-10-12,865.58,2.15%
2018-10-15,861.52,-0.47%
2018-10-16,880.65,2.22%
2018-10-17,874.58,-0.69%
2018-10-18,856.17,-2.11%
2018-10-19,848.51,-0.89%
2018-10-22,852.55,0.48%
2018-10-23,851.57,-0.11%
2018-10-24,823.39,-3.31%
2018-10-25,851.45,3.41%
2018-10-26,821.21,-3.55%
2018-10-29,808.68,-1.53%
2018-10-30,818.63,1.23%
2018-10-31,831.97,1.63%
2018-11-01,850.53,2.23%
2018-11-02,854.04,0.41%
2018-11-05,852.52,-0.18%
2018-11-06,857.13,0.54%
2018-11-07,883.91,3.12%
2018-11-08,884.23,0.04%
2018-11-09,871.01,-1.50%
2018-11-12,850.89,-2.31%
2018-11-13,850.61,-0.03%
2018-11-14,842.58,-0.94%
2018-11-15,842.66,0.01%
2018-11-16,838.11,-0.54%
2018-11-19,815.36,-2.71%
2018-11-20,797.62,-2.18%
2018-11-21,805.62,1.00%
2018-11-23,802.04,-0.44%
2018-11-26,822.81,2.59%
2018-11-27,824.77,0.24%
2018-11-28,851.37,3.23%
2018-11-29,847.71,-0.43%
2018-11-30,853.59,0.69%
2018-12-03,872.44,2.21%
2018-12-04,838.35,-3.91%
2018-12-06,843.47,0.61%
2018-12-07,817.53,-3.08%
2018-12-10,818.62,0.13%
2018-12-11,818.98,0.04%
2018-12-12,827.61,1.05%
2018-12-13,823.98,-0.44%
2018-12-14,807.72,-1.97%
2018-12-17,784.91,-2.82%
2018-12-18,793.03,1.03%
2018-12-19,775.35,-2.23%
2018-12-20,757.9,-2.25%
2018-12-21,738.36,-2.58%
2018-12-24,723.47,-2.02%
2018-12-26,768.89,6.28%
2018-12-27,770.75,0.24%
2018-12-28,773.06,0.30%
2018-12-31,781.5,1.09%
2019-01-02,788.75,0.93%
2019-01-03,771.54,-2.18%
2019-01-04,798.52,3.50%
2019-01-07,817.35,2.36%
2019-01-08,826.69,1.14%
2019-01-09,830.53,0.46%
2019-01-10,828.59,-0.23%
2019-01-11,828.34,-0.03%
2019-01-14,822.7,-0.68%
2019-01-15,832.03,1.13%
2019-01-16,830.72,-0.16%
2019-01-17,836.35,0.68%
2019-01-18,847.21,1.30%
2019-01-22,832.01,-1.79%
2019-01-23,833.87,0.22%
2019-01-24,838.3,0.53%
2019-01-25,847.09,1.05%
2019-01-28,841.03,-0.72%
2019-01-29,834.14,-0.82%
2019-01-30,852.16,2.16%
2019-01-31,861.45,1.09%
2019-02-01,846.16,-1.77%
2019-02-04,851.55,0.64%
2019-02-05,859.7,0.96%
2019-02-06,855.28,-0.51%
2019-02-07,847.81,-0.87%
2019-02-08,843.51,-0.51%
2019-02-11,845.04,0.18%
2019-02-12,859.06,1.66%
2019-02-13,864.37,0.62%
2019-02-14,860.57,-0.44%
2019-02-15,865.07,0.52%
2019-02-19,869.17,0.47%
2019-02-20,870.36,0.14%
2019-02-21,868.61,-0.20%
2019-02-22,873.67,0.58%
2019-02-25,870.98,-0.31%
2019-02-26,872.28,0.15%
2019-02-27,871.93,-0.04%
2019-02-28,867.03,-0.56%
2019-03-01,874.97,0.92%
2019-03-04,873.56,-0.16%
2019-03-05,875.33,0.20%
2019-03-06,870.42,-0.56%
2019-03-07,858.46,-1.37%
2019-03-08,852.82,-0.66%
2019-03-11,865.85,1.53%
2019-03-12,867.86,0.23%
2019-03-13,871.21,0.39%
2019-03-14,868.5,-0.31%
2019-03-15,874.67,0.71%
2019-03-18,883.85,1.05%
2019-03-19,888.26,0.50%
2019-03-20,891.57,0.37%
2019-03-21,903.38,1.32%
2019-03-22,884.84,-2.05%
2019-03-25,889.79,0.56%
2019-03-26,893.71,0.44%
2019-03-27,891.42,-0.26%
2019-03-28,896.58,0.58%
2019-03-29,901.2,0.52%
2019-04-01,911.77,1.17%
2019-04-02,911.54,-0.03%
2019-04-03,917.99,0.71%
2019-04-04,924.49,0.71%
2019-04-05,930.29,0.63%
2019-04-08,933.91,0.39%
2019-04-09,925.47,-0.90%
2019-04-10,929.98,0.49%
2019-04-11,931.13,0.12%
2019-04-12,936.24,0.55%
2019-04-15,938.16,0.21%
2019-04-16,942.64,0.48%
2019-04-17,944.47,0.19%
2019-04-18,943.97,-0.05%
2019-04-22,941.93,-0.22%
2019-04-23,953.4,1.22%
2019-04-24,953.13,-0.03%
2019-04-25,948.6,-0.48%
2019-04-26,957.39,0.93%
2019-04-29,954.06,-0.35%
2019-04-30,952.14,-0.20%
2019-05-01,941.37,-1.13%
2019-05-02,941.13,-0.03%
2019-05-03,954.28,1.40%
2019-05-06,948.21,-0.64%
2019-05-07,934.39,-1.46%
2019-05-08,933.77,-0.07%
2019-05-09,929.78,-0.43%
2019-05-10,930.2,0.05%
2019-05-13,902.79,-2.95%
2019-05-14,910.67,0.87%
2019-05-15,917.78,0.78%
2019-05-16,926.99,1.00%
2019-05-17,919.56,-0.80%
2019-05-20,913.17,-0.69%
2019-05-21,918.37,0.57%
2019-05-22,910.1,-0.90%
2019-05-23,897.92,-1.34%
2019-05-24,899.17,0.14%
2019-05-28,894.77,-0.49%
2019-05-29,886.86,-0.88%
2019-05-30,891.34,0.51%
2019-05-31,878.54,-1.44%
2019-06-03,868.21,-1.18%
2019-06-04,891.08,2.63%
2019-06-05,894.97,0.44%
2019-06-06,899.4,0.49%
2019-06-07,913.6,1.58%
2019-06-10,923.23,1.05%
2019-06-11,926.32,0.33%
2019-06-12,925.32,-0.11%
2019-06-13,933.63,0.90%
2019-06-14,935.89,0.24%
2019-06-17,936.83,0.10%
2019-06-18,943.84,0.75%
2019-06-19,946.09,0.24%
2019-06-20,952.29,0.66%
2019-06-21,948.84,-0.36%
2019-06-24,943.98,-0.51%
2019-06-25,933.85,-1.07%
2019-06-26,937.7,0.41%
2019-06-27,943.24,0.59%
2019-06-28,945.58,0.25%
2019-07-01,953.84,0.87%
2019-07-02,956.88,0.32%
2019-07-03,964.02,0.75%
2019-07-05,965.13,0.12%
2019-07-08,966.92,0.19%
2019-07-09,970.09,0.33%
2019-07-10,973.86,0.39%
2019-07-11,975.46,0.16%
2019-07-12,985.83,1.06%
2019-07-15,989.17,0.34%
2019-07-16,987.4,-0.18%
2019-07-17,978.51,-0.90%
2019-07-18,976.38,-0.22%
2019-07-19,969.52,-0.70%
2019-07-22,971.08,0.16%
2019-07-23,976.68,0.58%
2019-07-24,981.91,0.54%
2019-07-25,975.69,-0.63%
2019-07-26,977.85,0.22%
2019-07-29,972.17,-0.58%
2019-07-30,965.48,-0.69%
2019-07-31,954.09,-1.18%
2019-08-01,941.7,-1.30%
2019-08-02,933.12,-0.91%
2019-08-05,907.67,-2.73%
2019-08-06,920.96,1.46%
2019-08-07,923.86,0.31%
2019-08-08,942.18,1.98%
2019-08-09,933.03,-0.97%
2019-08-12,919.71,-1.43%
2019-08-13,935.46,1.71%
2019-08-14,906.1,-3.14%
2019-08-15,905.42,-0.08%
2019-08-16,915.32,1.09%
2019-08-19,926.72,1.25%
2019-08-20,926,-0.08%
2019-08-21,942.92,1.83%
2019-08-22,942.34,-0.06%
2019-08-23,916.38,-2.75%
2019-08-26,925.72,1.02%
2019-08-27,921.94,-0.41%
2019-08-28,932.02,1.09%
2019-08-29,945.77,1.48%
2019-08-30,940.47,-0.56%
2019-09-03,936.98,-0.37%
2019-09-04,945.05,0.86%
2019-09-05,963.01,1.90%
2019-09-06,965.06,0.21%
2019-09-09,967.99,0.30%
2019-09-10,964.29,-0.38%
2019-09-11,965.83,0.16%
2019-09-12,970.88,0.52%
2019-09-13,969.05,-0.19%
2019-09-16,956.4,-1.31%
2019-09-17,962.16,0.60%
2019-09-18,961.5,-0.07%
2019-09-19,959.36,-0.22%
2019-09-20,948.16,-1.17%
2019-09-23,950.35,0.23%
2019-09-24,939.04,-1.19%
2019-09-25,948.15,0.97%
2019-09-26,942.86,-0.56%
2019-09-27,939.36,-0.37%
2019-09-30,947.27,0.84%
2019-10-01,939.96,-0.77%
2019-10-02,923.3,-1.77%
2019-10-03,928.25,0.54%
2019-10-04,937.22,0.97%
2019-10-07,933.12,-0.44%
2019-10-08,922.52,-1.14%
2019-10-09,930.77,0.89%
2019-10-10,935.74,0.53%
2019-10-11,946.48,1.15%
2019-10-14,945.88,-0.06%
2019-10-15,954.96,0.96%
2019-10-16,958.85,0.41%
2019-10-17,961.9,0.32%
2019-10-18,958.79,-0.32%
2019-10-21,963.29,0.47%
2019-10-22,956.37,-0.72%
2019-10-23,952.26,-0.43%
2019-10-24,952.78,0.05%
2019-10-25,950.76,-0.21%
2019-10-28,954.33,0.38%
2019-10-29,948.69,-0.59%
2019-10-30,954.41,0.60%
2019-10-31,950.01,-0.46%
2019-11-01,956.17,0.65%
2019-11-04,957.26,0.11%
2019-11-05,958.64,0.14%
2019-11-06,959.19,0.06%
2019-11-07,953.78,-0.56%
2019-11-08,954.04,0.03%
2019-11-11,951.46,-0.27%
2019-11-12,950.7,-0.08%
2019-11-13,947.05,-0.38%
2019-11-14,950.36,0.35%
2019-11-15,951.74,0.15%
2019-11-18,954.93,0.34%
2019-11-19,945.67,-0.97%
2019-11-20,943,-0.28%
2019-11-21,938.08,-0.52%
2019-11-22,944.15,0.65%
2019-11-25,952.54,0.89%
2019-11-26,960.24,0.81%
2019-11-27,968.21,0.83%
2019-11-29,960.79,-0.77%
2019-12-02,953.48,-0.76%
2019-12-03,943.85,-1.01%
2019-12-04,947.67,0.40%
2019-12-05,945.56,-0.22%
2019-12-06,953.2,0.81%
2019-12-09,953.89,0.07%
2019-12-10,951.86,-0.21%
2019-12-11,954.67,0.30%
2019-12-12,963.02,0.87%
2019-12-13,963.4,0.04%
2019-12-16,967.51,0.43%
2019-12-17,972.84,0.55%
2019-12-18,972.81,0.00%
2019-12-19,976.28,0.36%
2019-12-20,977.43,0.12%
2019-12-23,976.16,-0.13%
2019-12-24,977.43,0.13%
2019-12-26,991.42,1.43%
2019-12-27,991.94,0.05%
2019-12-30,984.82,-0.72%
2019-12-31,986.29,0.15%
2020-01-02,999.01,1.29%
2020-01-03,990.5,-0.85%
2020-01-06,994.12,0.37%
2020-01-07,992.87,-0.13%
2020-01-08,994.37,0.15%
2020-01-09,999.92,0.56%
2020-01-10,994.48,-0.54%
2020-01-13,997.67,0.32%
2020-01-14,996.51,-0.12%
2020-01-15,993.95,-0.26%
2020-01-16,"1,002.85",0.90%
2020-01-17,"1,005.68",0.28%
2020-01-21,"1,003.97",-0.17%
2020-01-22,"1,002.92",-0.10%
2020-01-23,"1,004.12",0.12%
2020-01-24,990.75,-1.33%
2020-01-27,975.64,-1.53%
2020-01-28,985.22,0.98%
2020-01-29,984.65,-0.06%
2020-01-30,983.92,-0.07%
2020-01-31,992.01,0.82%
2020-02-03,997.96,0.60%
2020-02-04,"1,015.54",1.76%
2020-02-05,"1,020.57",0.50%
2020-02-06,"1,018.97",-0.16%
2020-02-07,"1,016.00",-0.29%
2020-02-10,"1,028.76",1.26%
2020-02-11,"1,036.64",0.77%
2020-02-12,"1,046.86",0.99%
2020-02-13,"1,044.33",-0.24%
2020-02-14,"1,042.54",-0.17%
2020-02-18,"1,043.39",0.08%
2020-02-19,"1,048.28",0.47%
2020-02-20,"1,048.16",-0.01%
2020-02-21,"1,031.02",-1.64%
2020-02-24,994.64,-3.53%
2020-02-25,968.73,-2.60%
2020-02-26,962.01,-0.69%
2020-02-27,922.88,-4.07%
2020-02-28,915.77,-0.77%
2020-03-02,947.78,3.50%
2020-03-03,925.78,-2.32%
2020-03-04,957.38,3.41%
2020-03-05,921.33,-3.77%
2020-03-06,908.3,-1.41%
2020-03-09,852.13,-6.18%
2020-03-10,897.98,5.38%
2020-03-11,849.84,-5.36%
2020-03-12,766.6,-9.79%
2020-03-13,813.24,6.08%
2020-03-16,714.98,-12.08%
2020-03-17,743.78,4.03%
2020-03-18,707.13,-4.93%
2020-03-19,731.19,3.40%
2020-03-20,711.34,-2.71%
2020-03-23,713.84,0.35%
2020-03-24,775.51,8.64%
2020-03-25,784.01,1.10%
2020-03-26,817.74,4.30%
2020-03-27,790.18,-3.37%
2020-03-30,807.52,2.19%
2020-03-31,793.11,-1.78%
2020-04-01,761.66,-3.97%
2020-04-02,764.32,0.35%
2020-04-03,753.09,-1.47%
2020-04-06,811.31,7.73%
2020-04-07,821.32,1.23%
2020-04-08,844.68,2.84%
2020-04-09,856.78,1.43%
2020-04-13,866.22,1.10%
2020-04-14,902.48,4.19%
2020-04-15,888.32,-1.57%
2020-04-16,905.55,1.94%
2020-04-17,924.09,2.05%
2020-04-20,912.37,-1.27%
2020-04-21,888.09,-2.66%
2020-04-22,906.14,2.03%
2020-04-23,909.04,0.32%
2020-04-24,922.03,1.43%
2020-04-27,933.05,1.20%
2020-04-28,930.6,-0.26%
2020-04-29,952.07,2.31%
2020-04-30,955.81,0.39%
2020-05-01,911.72,-4.61%
2020-05-04,918.01,0.69%
2020-05-05,921.2,0.35%
2020-05-06,924.1,0.31%
2020-05-07,936.51,1.34%
2020-05-08,952.09,1.66%
2020-05-11,953,0.10%
2020-05-12,931.57,-2.25%
2020-05-13,920.32,-1.21%
2020-05-14,932.38,1.31%
2020-05-15,942.3,1.06%
2020-05-18,972.49,3.20%
2020-05-19,971.57,-0.09%
2020-05-20,985.3,1.41%
2020-05-21,983.74,-0.16%
2020-05-22,982.39,-0.14%
2020-05-26,993.3,1.11%
2020-05-27,"1,006.07",1.29%
2020-05-28,995.55,-1.05%
2020-05-29,"1,002.29",0.68%
2020-06-01,"1,011.44",0.91%
2020-06-02,"1,017.85",0.63%
2020-06-03,"1,033.72",1.56%
2020-06-04,"1,028.05",-0.55%
2020-06-05,"1,049.92",2.13%
2020-06-08,"1,065.86",1.52%
2020-06-09,"1,065.43",-0.04%
2020-06-10,"1,061.21",-0.40%
2020-06-11,"1,009.09",-4.91%
2020-06-12,"1,016.50",0.73%
2020-06-15,"1,025.39",0.87%
2020-06-16,"1,045.88",2.00%
2020-06-17,"1,046.66",0.07%
2020-06-18,"1,044.50",-0.21%
2020-06-19,"1,039.83",-0.45%
2020-06-22,"1,051.29",1.10%
2020-06-23,"1,062.23",1.04%
2020-06-24,"1,041.21",-1.98%
2020-06-25,"1,044.40",0.31%
2020-06-26,"1,020.03",-2.33%
2020-06-29,"1,033.56",1.33%
2020-06-30,"1,051.42",1.73%
2020-07-01,"1,069.88",1.76%
2020-07-02,"1,074.07",0.39%
2020-07-06,"1,108.60",3.21%
2020-07-07,"1,089.49",-1.72%
2020-07-08,"1,106.19",1.53%
2020-07-09,"1,114.73",0.77%
2020-07-10,"1,125.92",1.00%
2020-07-13,"1,106.46",-1.73%
2020-07-14,"1,113.07",0.60%
2020-07-15,"1,118.24",0.46%
2020-07-16,"1,115.20",-0.27%
2020-07-17,"1,107.71",-0.67%
2020-07-20,"1,142.47",3.14%
2020-07-21,"1,138.34",-0.36%
2020-07-22,"1,142.07",0.33%
2020-07-23,"1,118.87",-2.03%
2020-07-24,"1,122.55",0.33%
2020-07-27,"1,132.31",0.87%
2020-07-28,"1,118.41",-1.23%
2020-07-29,"1,130.21",1.06%
2020-07-30,"1,131.37",0.10%
2020-07-31,"1,145.81",1.28%
2020-08-03,"1,139.53",-0.55%
2020-08-04,"1,148.91",0.82%
2020-08-05,"1,165.04",1.40%
2020-08-06,"1,170.85",0.50%
2020-08-07,"1,167.41",-0.29%
2020-08-10,"1,175.40",0.68%
2020-08-11,"1,167.93",-0.64%
2020-08-12,"1,187.44",1.67%
2020-08-13,"1,186.76",-0.06%
2020-08-14,"1,185.62",-0.10%
2020-08-17,"1,199.92",1.21%
2020-08-18,"1,217.44",1.46%
2020-08-19,"1,208.71",-0.72%
2020-08-20,"1,210.45",0.14%
2020-08-21,"1,214.27",0.32%
2020-08-24,"1,230.04",1.30%
2020-08-25,"1,236.56",0.53%
2020-08-26,"1,254.67",1.46%
2020-08-27,"1,245.67",-0.72%
2020-08-28,"1,251.82",0.49%
2020-08-31,"1,253.91",0.17%
2020-09-01,"1,267.62",1.09%
2020-09-02,"1,283.28",1.24%
2020-09-03,"1,237.57",-3.56%
2020-09-04,"1,220.14",-1.41%
2020-09-08,"1,194.69",-2.09%
2020-09-09,"1,222.32",2.31%
2020-09-10,"1,200.68",-1.77%
2020-09-11,"1,196.89",-0.32%
2020-09-14,"1,205.24",0.70%
2020-09-15,"1,217.64",1.03%
2020-09-16,"1,205.26",-1.02%
2020-09-17,"1,186.13",-1.59%
2020-09-18,"1,169.00",-1.44%
2020-09-21,"1,156.13",-1.10%
2020-09-22,"1,190.32",2.96%
2020-09-23,"1,163.66",-2.24%
2020-09-24,"1,165.13",0.13%
2020-09-25,"1,183.40",1.57%
2020-09-28,"1,209.21",2.18%
2020-09-29,"1,199.70",-0.79%
2020-09-30,"1,207.69",0.67%
2020-10-01,"1,226.01",1.52%
2020-10-02,"1,213.10",-1.05%
2020-10-05,"1,232.48",1.60%
2020-10-06,"1,206.24",-2.13%
2020-10-07,"1,235.99",2.47%
2020-10-08,"1,241.47",0.44%
2020-10-09,"1,260.08",1.50%
2020-10-12,"1,287.14",2.15%
2020-10-13,"1,287.57",0.03%
2020-10-14,"1,269.19",-1.43%
2020-10-15,"1,270.30",0.09%
2020-10-16,"1,257.80",-0.98%
2020-10-19,"1,238.00",-1.57%
2020-10-20,"1,246.19",0.66%
2020-10-21,"1,238.34",-0.63%
2020-10-22,"1,238.94",0.05%
2020-10-23,"1,249.95",0.89%
2020-10-26,"1,232.00",-1.44%
2020-10-27,"1,239.06",0.57%
2020-10-28,"1,197.42",-3.36%
2020-10-29,"1,208.30",0.91%
2020-10-30,"1,172.03",-3.00%
2020-11-02,"1,175.56",0.30%
2020-11-03,"1,199.38",2.03%
2020-11-04,"1,237.02",3.14%
2020-11-05,"1,262.05",2.02%
2020-11-06,"1,258.63",-0.27%
2020-11-09,"1,238.56",-1.59%
2020-11-10,"1,224.78",-1.11%
2020-11-11,"1,243.18",1.50%
2020-11-12,"1,228.51",-1.18%
2020-11-13,"1,244.78",1.32%
2020-11-16,"1,257.53",1.02%
2020-11-17,"1,253.70",-0.30%
2020-11-18,"1,243.98",-0.78%
2020-11-19,"1,249.68",0.46%
2020-11-20,"1,243.31",-0.51%
2020-11-23,"1,253.36",0.81%
2020-11-24,"1,269.93",1.32%
2020-11-25,"1,277.27",0.58%
2020-11-27,"1,280.15",0.23%
2020-11-30,"1,271.42",-0.68%
2020-12-01,"1,283.97",0.99%
2020-12-02,"1,275.02",-0.70%
2020-12-03,"1,276.47",0.11%
2020-12-04,"1,274.78",-0.13%
2020-12-07,"1,272.18",-0.20%
2020-12-08,"1,271.60",-0.05%
2020-12-09,"1,265.07",-0.51%
2020-12-10,"1,263.45",-0.13%
2020-12-11,"1,259.81",-0.29%
2020-12-14,"1,265.54",0.45%
2020-12-15,"1,278.83",1.05%
2020-12-16,"1,292.53",1.07%
2020-12-17,"1,298.63",0.47%
2020-12-18,"1,289.04",-0.74%
2020-12-21,"1,279.10",-0.77%
2020-12-22,"1,274.47",-0.36%
2020-12-23,"1,275.40",0.07%
2020-12-24,"1,277.28",0.15%
2020-12-28,"1,296.05",1.47%
2020-12-29,"1,298.86",0.22%
2020-12-30,"1,302.76",0.30%
2020-12-31,"1,302.56",-0.02%
2021-01-04,"1,287.85",-1.13%
2021-01-05,"1,298.65",0.84%
2021-01-06,"1,305.21",0.51%
2021-01-07,"1,328.67",1.80%
2021-01-08,"1,352.53",1.80%
2021-01-11,"1,327.00",-1.89%
2021-01-12,"1,344.38",1.31%
2021-01-13,"1,347.14",0.21%
2021-01-14,"1,337.23",-0.74%
2021-01-15,"1,327.14",-0.75%
2021-01-19,"1,334.81",0.58%
2021-01-20,"1,364.99",2.26%
2021-01-21,"1,372.53",0.55%
2021-01-22,"1,368.13",-0.32%
2021-01-25,"1,372.35",0.31%
2021-01-26,"1,373.12",0.06%
2021-01-27,"1,330.20",-3.13%
2021-01-28,"1,335.37",0.39%
2021-01-29,"1,307.64",-2.08%
2021-02-01,"1,343.85",2.77%
2021-02-02,"1,370.76",2.00%
2021-02-03,"1,360.28",-0.76%
2021-02-04,"1,373.38",0.96%
2021-02-05,"1,385.96",0.92%
2021-02-08,"1,391.36",0.39%
2021-02-09,"1,383.37",-0.57%
2021-02-10,"1,370.33",-0.94%
2021-02-11,"1,366.17",-0.30%
2021-02-12,"1,368.53",0.17%
2021-02-16,"1,362.48",-0.44%
2021-02-17,"1,371.36",0.65%
2021-02-18,"1,373.25",0.14%
2021-02-19,"1,361.14",-0.88%
2021-02-22,"1,331.88",-2.15%
2021-02-23,"1,325.41",-0.49%
2021-02-24,"1,335.27",0.74%
2021-02-25,"1,287.06",-3.61%
2021-02-26,"1,294.47",0.58%
2021-03-01,"1,322.61",2.17%
2021-03-02,"1,305.77",-1.27%
2021-03-03,"1,274.68",-2.38%
2021-03-04,"1,248.92",-2.02%
2021-03-05,"1,257.91",0.72%
2021-03-08,"1,255.55",-0.19%
2021-03-09,"1,303.32",3.80%
2021-03-10,"1,308.34",0.39%
2021-03-11,"1,328.75",1.56%
2021-03-12,"1,330.13",0.10%
2021-03-15,"1,345.76",1.18%
2021-03-16,"1,334.07",-0.87%
2021-03-17,"1,352.82",1.41%
2021-03-18,"1,317.66",-2.60%
2021-03-19,"1,328.16",0.80%
2021-03-22,"1,336.81",0.65%
2021-03-23,"1,327.23",-0.72%
2021-03-24,"1,307.10",-1.52%
2021-03-25,"1,314.78",0.59%
2021-03-26,"1,325.34",0.80%
2021-03-29,"1,320.01",-0.40%
2021-03-30,"1,329.93",0.75%
2021-03-31,"1,340.91",0.83%
2021-04-01,"1,354.13",0.99%
2021-04-05,"1,385.00",2.28%
2021-04-06,"1,389.56",0.33%
2021-04-07,"1,388.64",-0.07%
2021-04-08,"1,395.27",0.48%
2021-04-09,"1,411.45",1.16%
2021-04-12,"1,419.30",0.56%
2021-04-13,"1,434.00",1.04%
2021-04-14,"1,417.17",-1.17%
2021-04-15,"1,429.00",0.83%
2021-04-16,"1,440.19",0.78%
2021-04-19,"1,423.77",-1.14%
2021-04-20,"1,406.37",-1.22%
2021-04-21,"1,424.56",1.29%
2021-04-22,"1,408.02",-1.16%
2021-04-23,"1,422.50",1.03%
2021-04-26,"1,431.35",0.62%
2021-04-27,"1,429.92",-0.10%
2021-04-28,"1,429.92",0.00%
2021-04-29,"1,431.56",0.11%
2021-04-30,"1,435.89",0.30%
2021-05-03,"1,426.40",-0.66%
2021-05-04,"1,408.74",-1.24%
2021-05-05,"1,403.43",-0.38%
2021-05-06,"1,407.91",0.32%
2021-05-07,"1,419.11",0.80%
2021-05-10,"1,391.39",-1.95%
2021-05-11,"1,378.57",-0.92%
2021-05-12,"1,333.34",-3.28%
2021-05-13,"1,342.55",0.69%
2021-05-14,"1,366.70",1.80%
2021-05-17,"1,366.27",-0.03%
2021-05-18,"1,355.28",-0.80%
2021-05-19,"1,345.15",-0.75%
2021-05-20,"1,357.97",0.95%
2021-05-21,"1,349.99",-0.59%
2021-05-24,"1,363.71",1.02%
2021-05-25,"1,368.17",0.33%
2021-05-26,"1,380.45",0.90%
2021-05-27,"1,383.22",0.20%
2021-05-28,"1,380.08",-0.23%
2021-06-01,"1,377.60",-0.18%
2021-06-02,"1,372.09",-0.40%
2021-06-03,"1,355.34",-1.22%
2021-06-04,"1,366.39",0.82%
2021-06-07,"1,365.69",-0.05%
2021-06-08,"1,378.83",0.96%
2021-06-09,"1,372.46",-0.46%
2021-06-10,"1,381.89",0.69%
2021-06-11,"1,388.59",0.48%
2021-06-14,"1,390.18",0.11%
2021-06-15,"1,383.59",-0.47%
2021-06-16,"1,385.81",0.16%
2021-06-17,"1,394.17",0.60%
2021-06-18,"1,387.66",-0.47%
2021-06-21,"1,395.05",0.53%
2021-06-22,"1,409.61",1.04%
2021-06-23,"1,418.42",0.62%
2021-06-24,"1,419.67",0.09%
2021-06-25,"1,424.04",0.31%
2021-06-28,"1,427.93",0.27%
2021-06-29,"1,431.18",0.23%
2021-06-30,"1,431.82",0.04%
2021-07-01,"1,438.01",0.43%
2021-07-02,"1,453.51",1.08%
2021-07-06,"1,464.35",0.75%
2021-07-07,"1,464.22",-0.01%
2021-07-08,"1,462.90",-0.09%
2021-07-09,"1,474.52",0.79%
2021-07-12,"1,483.20",0.59%
2021-07-13,"1,465.77",-1.18%
2021-07-14,"1,463.27",-0.17%
2021-07-15,"1,453.89",-0.64%
2021-07-16,"1,435.67",-1.25%
2021-07-19,"1,419.47",-1.13%
2021-07-20,"1,443.90",1.72%
2021-07-21,"1,455.63",0.81%
2021-07-22,"1,464.10",0.58%
2021-07-23,"1,476.62",0.86%
2021-07-26,"1,487.96",0.77%
2021-07-27,"1,470.72",-1.16%
2021-07-28,"1,467.37",-0.23%
2021-07-29,"1,479.77",0.85%
2021-07-30,"1,438.71",-2.77%
2021-08-02,"1,442.73",0.28%
2021-08-03,"1,453.86",0.77%
2021-08-04,"1,441.60",-0.84%
2021-08-05,"1,454.77",0.91%
2021-08-06,"1,444.09",-0.73%
2021-08-09,"1,442.15",-0.13%
2021-08-10,"1,445.76",0.25%
2021-08-11,"1,447.53",0.12%
2021-08-12,"1,448.94",0.10%
2021-08-13,"1,444.70",-0.29%
2021-08-16,"1,439.24",-0.38%
2021-08-17,"1,406.03",-2.31%
2021-08-18,"1,408.08",0.15%
2021-08-19,"1,399.31",-0.62%
2021-08-20,"1,412.34",0.93%
2021-08-23,"1,431.48",1.36%
2021-08-24,"1,442.39",0.76%
2021-08-25,"1,446.91",0.31%
2021-08-26,"1,436.34",-0.73%
2021-08-27,"1,449.28",0.90%
2021-08-30,"1,462.61",0.92%
2021-08-31,"1,468.09",0.37%
2021-09-01,"1,467.67",-0.03%
2021-09-02,"1,466.60",-0.07%
2021-09-03,"1,466.71",0.01%
2021-09-07,"1,472.04",0.36%
2021-09-08,"1,474.34",0.16%
2021-09-09,"1,470.27",-0.28%
2021-09-10,"1,461.86",-0.57%
2021-09-13,"1,463.93",0.14%
2021-09-14,"1,459.13",-0.33%
2021-09-15,"1,468.74",0.66%
2021-09-16,"1,475.27",0.44%
2021-09-17,"1,469.69",-0.38%
2021-09-20,"1,434.90",-2.37%
2021-09-21,"1,436.09",0.08%
2021-09-22,"1,454.97",1.31%
2021-09-23,"1,469.77",1.02%
2021-09-24,"1,474.29",0.31%
2021-09-27,"1,479.96",0.38%
2021-09-28,"1,450.27",-2.01%
2021-09-29,"1,450.93",0.05%
2021-09-30,"1,429.69",-1.46%
2021-10-01,"1,438.51",0.62%
2021-10-04,"1,423.17",-1.07%
2021-10-05,"1,430.49",0.51%
2021-10-06,"1,436.47",0.42%
2021-10-07,"1,458.03",1.50%
2021-10-08,"1,451.37",-0.46%
2021-10-11,"1,444.38",-0.48%
2021-10-12,"1,454.24",0.68%
2021-10-13,"1,462.48",0.57%
2021-10-14,"1,476.89",0.99%
2021-10-15,"1,502.87",1.76%
2021-10-18,"1,520.90",1.20%
2021-10-19,"1,516.53",-0.29%
2021-10-20,"1,514.23",-0.15%
2021-10-21,"1,535.20",1.38%
2021-10-22,"1,525.03",-0.66%
2021-10-25,"1,557.28",2.11%
2021-10-26,"1,560.96",0.24%
2021-10-27,"1,564.73",0.24%
2021-10-28,"1,586.11",1.37%
2021-10-29,"1,585.72",-0.02%
2021-11-01,"1,608.80",1.46%
2021-11-02,"1,598.81",-0.62%
2021-11-03,"1,628.22",1.84%
2021-11-04,"1,652.45",1.49%
2021-11-05,"1,664.89",0.75%
2021-11-08,"1,641.88",-1.38%
2021-11-09,"1,619.71",-1.35%
2021-11-10,"1,608.69",-0.68%
2021-11-11,"1,604.62",-0.25%
2021-11-12,"1,611.82",0.45%
2021-11-15,"1,611.39",-0.03%
2021-11-16,"1,633.55",1.38%
2021-11-17,"1,643.14",0.59%
2021-11-18,"1,667.62",1.49%
2021-11-19,"1,673.27",0.34%
2021-11-22,"1,664.42",-0.53%
2021-11-23,"1,653.96",-0.63%
2021-11-24,"1,656.62",0.16%
2021-11-25,"1,656.62",0.00%
2021-11-26,"1,612.87",-2.64%
2021-11-29,"1,639.09",1.63%
2021-11-30,"1,615.83",-1.42%
2021-12-01,"1,585.73",-1.86%
2021-12-02,"1,604.24",1.17%
2021-12-03,"1,574.74",-1.84%
2021-12-06,"1,592.34",1.12%
2021-12-07,"1,629.91",2.36%
2021-12-08,"1,634.45",0.28%
2021-12-09,"1,606.72",-1.70%
2021-12-10,"1,614.44",0.48%
2021-12-13,"1,575.00",-2.44%
2021-12-14,"1,565.80",-0.58%
2021-12-15,"1,588.05",1.42%
2021-12-16,"1,552.64",-2.23%
2021-12-17,"1,545.06",-0.49%
2021-12-20,"1,519.53",-1.65%
2021-12-21,"1,557.45",2.50%
2021-12-22,"1,584.40",1.73%
2021-12-23,"1,604.10",1.24%
2021-12-27,"1,617.45",0.83%
2021-12-28,"1,619.34",0.12%
2021-12-29,"1,621.56",0.14%
2021-12-30,"1,615.42",-0.38%
2021-12-31,"1,610.76",-0.29%
2022-01-03,"1,655.17",2.76%
2022-01-04,"1,644.07",-0.67%
2022-01-05,"1,600.61",-2.64%
2022-01-06,"1,595.36",-0.33%
2022-01-07,"1,569.02",-1.65%
2022-01-10,"1,559.68",-0.60%
2022-01-11,"1,575.82",1.03%
2022-01-12,"1,585.81",0.63%
2022-01-13,"1,552.86",-2.08%
2022-01-14,"1,545.90",-0.45%
2022-01-18,"1,516.22",-1.92%
2022-01-19,"1,488.84",-1.81%
2022-01-20,"1,459.92",-1.94%
2022-01-21,"1,414.67",-3.10%
2022-01-24,"1,431.83",1.21%
2022-01-25,"1,405.90",-1.81%
2022-01-26,"1,401.35",-0.32%
2022-01-27,"1,369.52",-2.27%
2022-01-28,"1,401.07",2.30%
2022-01-31,"1,454.45",3.81%
2022-02-01,"1,463.56",0.63%
2022-02-02,"1,455.87",-0.53%
2022-02-03,"1,403.89",-3.57%
2022-02-04,"1,456.33",3.74%
2022-02-07,"1,453.17",-0.22%
2022-02-08,"1,474.98",1.50%
2022-02-09,"1,491.38",1.11%
2022-02-10,"1,464.90",-1.78%
2022-02-11,"1,423.52",-2.82%
2022-02-14,"1,431.81",0.58%
2022-02-15,"1,461.56",2.08%
2022-02-16,"1,465.45",0.27%
2022-02-17,"1,427.80",-2.57%
2022-02-18,"1,417.74",-0.70%
2022-02-22,"1,374.62",-3.04%
2022-02-23,"1,327.63",-3.42%
2022-02-24,"1,361.39",2.54%
2022-02-25,"1,387.08",1.89%
2022-02-28,"1,395.46",0.60%
2022-03-01,"1,376.75",-1.34%
2022-03-02,"1,403.51",1.94%
2022-03-03,"1,371.33",-2.29%
2022-03-04,"1,350.60",-1.51%
2022-03-07,"1,285.79",-4.80%
2022-03-08,"1,286.51",0.06%
2022-03-09,"1,324.23",2.93%
2022-03-10,"1,339.59",1.16%
2022-03-11,"1,315.58",-1.79%
2022-03-14,"1,292.55",-1.75%
2022-03-15,"1,336.34",3.39%
2022-03-16,"1,381.12",3.35%
2022-03-17,"1,406.86",1.86%
2022-03-18,"1,437.52",2.18%
2022-03-21,"1,426.62",-0.76%
2022-03-22,"1,461.51",2.45%
2022-03-23,"1,443.52",-1.23%
2022-03-24,"1,454.10",0.73%
2022-03-25,"1,452.85",-0.09%
2022-03-28,"1,491.67",2.67%
2022-03-29,"1,514.67",1.54%
2022-03-30,"1,491.74",-1.51%
2022-03-31,"1,462.69",-1.95%
2022-04-01,"1,465.81",0.21%
2022-04-04,"1,499.93",2.33%
2022-04-05,"1,464.66",-2.35%
2022-04-06,"1,426.11",-2.63%
2022-04-07,"1,431.67",0.39%
2022-04-08,"1,417.79",-0.97%
2022-04-11,"1,390.93",-1.89%
2022-04-12,"1,393.73",0.20%
2022-04-13,"1,428.73",2.51%
2022-04-14,"1,406.28",-1.57%
2022-04-18,"1,411.01",0.34%
2022-04-19,"1,452.09",2.91%
2022-04-20,"1,432.40",-1.36%
2022-04-21,"1,414.75",-1.23%
2022-04-22,"1,381.16",-2.37%
2022-04-25,"1,391.88",0.78%
2022-04-27,"1,321.53",-5.05%
2022-04-29,"1,272.15",-3.74%
2022-05-02,"1,289.46",1.36%
2022-05-03,"1,285.71",-0.29%
2022-05-04,"1,322.39",2.85%
2022-05-05,"1,245.49",-5.82%
2022-05-06,"1,229.22",-1.31%
2022-05-09,"1,176.90",-4.26%
2022-05-10,"1,173.40",-0.30%
2022-05-11,"1,131.55",-3.57%
2022-05-12,"1,140.55",0.80%
2022-05-13,"1,187.30",4.10%
2022-05-16,"1,162.17",-2.12%
2022-05-17,"1,193.30",2.68%
2022-05-18,"1,114.57",-6.60%
2022-05-19,"1,116.01",0.13%
2022-05-20,"1,098.91",-1.53%
2022-05-23,"1,105.91",0.64%
2022-05-24,"1,077.39",-2.58%
2022-05-25,"1,107.37",2.78%
2022-05-26,"1,160.27",4.78%
2022-05-27,"1,200.50",3.47%
2022-05-31,"1,209.68",0.76%
2022-06-01,"1,199.49",-0.84%
2022-06-02,"1,235.79",3.03%
2022-06-03,"1,200.56",-2.85%
2022-06-06,"1,212.90",1.03%
2022-06-07,"1,208.40",-0.37%
2022-06-08,"1,200.18",-0.68%
2022-06-09,"1,176.70",-1.96%
2022-06-10,"1,127.72",-4.16%
2022-06-13,"1,075.20",-4.66%
2022-06-14,"1,072.55",-0.25%
2022-06-15,"1,104.97",3.02%
2022-06-16,"1,052.38",-4.76%
2022-06-17,"1,065.21",1.22%
2022-06-21,"1,095.27",2.82%
2022-06-22,"1,093.76",-0.14%
2022-06-23,"1,111.48",1.62%
2022-06-24,"1,153.04",3.74%
2022-06-27,"1,140.53",-1.08%
2022-06-28,"1,094.58",-4.03%
2022-06-29,"1,094.65",0.01%
2022-06-30,"1,077.78",-1.54%
2022-07-01,"1,098.96",1.97%
2022-07-05,"1,124.00",2.28%
2022-07-06,"1,121.30",-0.24%
2022-07-07,"1,149.16",2.48%
2022-07-08,"1,148.97",-0.02%
2022-07-11,"1,117.23",-2.76%
2022-07-12,"1,109.08",-0.73%
2022-07-13,"1,118.62",0.86%
2022-07-14,"1,117.90",-0.06%
2022-07-15,"1,136.97",1.71%
2022-07-18,"1,139.45",0.22%
2022-07-19,"1,174.62",3.09%
2022-07-20,"1,195.35",1.76%
2022-07-21,"1,222.21",2.25%
2022-07-22,"1,214.18",-0.66%
2022-07-25,"1,203.88",-0.85%
2022-07-26,"1,164.09",-3.31%
2022-07-27,"1,208.91",3.85%
2022-07-28,"1,229.07",1.67%
2022-07-29,"1,281.51",4.27%
2022-08-01,"1,288.07",0.51%
2022-08-02,"1,279.01",-0.70%
2022-08-03,"1,311.19",2.52%
2022-08-04,"1,318.30",0.54%
2022-08-05,"1,296.45",-1.66%
2022-08-08,"1,300.29",0.30%
2022-08-09,"1,280.32",-1.54%
2022-08-10,"1,317.11",2.87%
2022-08-11,"1,308.41",-0.66%
2022-08-12,"1,338.45",2.30%
2022-08-15,"1,346.60",0.61%
2022-08-16,"1,361.28",1.09%
2022-08-17,"1,346.02",-1.12%
2022-08-18,"1,345.50",-0.04%
2022-08-19,"1,317.25",-2.10%
2022-08-22,"1,279.80",-2.84%
2022-08-23,"1,283.91",0.32%
2022-08-24,"1,288.69",0.37%
2022-08-25,"1,305.34",1.29%
2022-08-26,"1,254.71",-3.88%
2022-08-29,"1,247.91",-0.54%
2022-08-30,"1,234.06",-1.11%
2022-08-31,"1,221.06",-1.05%
2022-09-01,"1,231.63",0.87%
2022-09-02,"1,221.30",-0.84%
2022-09-06,"1,217.26",-0.33%
2022-09-07,"1,254.70",3.08%
2022-09-09,"1,289.97",2.81%
2022-09-12,"1,307.33",1.35%
2022-09-13,"1,239.14",-5.22%
2022-09-14,"1,255.20",1.30%
2022-09-15,"1,246.84",-0.67%
2022-09-16,"1,236.40",-0.84%
2022-09-19,"1,253.01",1.34%
2022-09-20,"1,231.86",-1.69%
2022-09-21,"1,202.64",-2.37%
2022-09-22,"1,176.63",-2.16%
2022-09-23,"1,149.64",-2.29%
2022-09-26,"1,147.57",-0.18%
2022-09-27,"1,150.92",0.29%
2022-09-28,"1,183.21",2.81%
2022-09-29,"1,143.25",-3.38%
2022-09-30,"1,122.31",-1.83%
2022-10-03,"1,125.04",0.24%
2022-10-04,"1,165.04",3.56%
2022-10-05,"1,158.71",-0.54%
2022-10-06,"1,150.47",-0.71%
2022-10-07,"1,109.73",-3.54%
2022-10-10,"1,102.95",-0.61%
2022-10-11,"1,093.99",-0.81%
2022-10-12,"1,096.54",0.23%
2022-10-13,"1,107.27",0.98%
2022-10-14,"1,064.35",-3.88%
2022-10-17,"1,109.37",4.23%
2022-10-18,"1,125.10",1.42%
2022-10-19,"1,111.87",-1.18%
2022-10-20,"1,092.49",-1.74%
2022-10-21,"1,124.42",2.92%
2022-10-24,"1,129.80",0.48%
2022-10-25,"1,156.26",2.34%
2022-10-26,"1,144.03",-1.06%
2022-10-27,"1,135.78",-0.72%
2022-10-28,"1,132.37",-0.30%
2022-10-31,"1,124.52",-0.69%
2022-11-01,"1,109.34",-1.35%
2022-11-02,"1,067.26",-3.79%
2022-11-03,"1,057.84",-0.88%
2022-11-04,"1,066.96",0.86%
2022-11-07,"1,060.39",-0.62%
2022-11-08,"1,057.18",-0.30%
2022-11-09,"1,024.24",-3.12%
2022-11-10,"1,103.07",7.70%
2022-11-11,"1,130.23",2.46%
2022-11-14,"1,110.93",-1.71%
2022-11-15,"1,124.69",1.24%
2022-11-16,"1,108.27",-1.46%
2022-11-17,"1,094.22",-1.27%
2022-11-18,"1,094.65",0.04%
2022-11-21,"1,079.21",-1.41%
2022-11-22,"1,091.89",1.17%
2022-11-23,"1,106.37",1.33%
2022-11-25,"1,107.04",0.06%
2022-11-28,"1,100.38",-0.60%
2022-11-29,"1,095.49",-0.44%
2022-11-30,"1,133.65",3.48%
2022-12-01,"1,132.42",-0.11%
2022-12-02,"1,130.29",-0.19%
2022-12-05,"1,096.92",-2.95%
2022-12-06,"1,079.12",-1.62%
2022-12-07,"1,073.98",-0.48%
2022-12-08,"1,085.24",1.05%
2022-12-09,"1,079.62",-0.52%
2022-12-12,"1,083.79",0.39%
2022-12-13,"1,085.93",0.20%
2022-12-14,"1,078.04",-0.73%
2022-12-15,"1,058.81",-1.78%
2022-12-16,"1,040.40",-1.74%
2022-12-19,"1,023.14",-1.66%
2022-12-20,"1,011.57",-1.13%
2022-12-21,"1,027.58",1.58%
2022-12-22,"1,000.97",-2.59%
2022-12-23,"1,008.10",0.71%
2022-12-27,991.55,-1.64%
2022-12-28,983.06,-0.86%
2022-12-29,"1,008.32",2.57%
2022-12-30,"1,005.48",-0.28%
2023-01-03,999.54,-0.59%
2023-01-04,"1,013.67",1.41%
2023-01-05,"1,004.03",-0.95%
2023-01-06,"1,028.10",2.40%
2023-01-09,"1,033.93",0.57%
2023-01-10,"1,046.97",1.26%
2023-01-11,"1,075.02",2.68%
2023-01-12,"1,076.86",0.17%
2023-01-13,"1,087.35",0.97%
2023-01-17,"1,088.11",0.07%
2023-01-18,"1,073.99",-1.30%
2023-01-19,"1,055.81",-1.69%
2023-01-20,"1,081.81",2.46%
2023-01-23,"1,098.79",1.57%
2023-01-24,"1,096.90",-0.17%
2023-01-25,"1,102.83",0.54%
2023-01-26,"1,125.24",2.03%
2023-01-27,"1,150.81",2.27%
2023-01-30,"1,131.09",-1.71%
2023-01-31,"1,156.22",2.22%
2023-02-01,"1,178.10",1.89%
2023-02-02,"1,214.42",3.08%
2023-02-03,"1,176.67",-3.11%
2023-02-06,"1,175.12",-0.13%
2023-02-07,"1,177.70",0.22%
2023-02-08,"1,167.17",-0.89%
2023-02-09,"1,164.75",-0.21%
2023-02-10,"1,150.55",-1.22%
2023-02-13,"1,167.37",1.46%
2023-02-14,"1,181.11",1.18%
2023-02-15,"1,194.85",1.16%
2023-02-16,"1,168.99",-2.16%
2023-02-17,"1,169.45",0.04%
2023-02-21,"1,130.38",-3.34%
2023-02-22,"1,136.21",0.52%
2023-02-23,"1,135.21",-0.09%
2023-02-24,"1,117.47",-1.56%
2023-02-27,"1,130.63",1.18%
2023-02-28,"1,130.01",-0.05%
2023-03-01,"1,115.49",-1.28%
2023-03-02,"1,111.95",-0.32%
2023-03-03,"1,135.50",2.12%
2023-03-06,"1,127.45",-0.71%
2023-03-07,"1,112.05",-1.37%
2023-03-08,"1,109.19",-0.26%
2023-03-09,"1,083.03",-2.36%
2023-03-10,"1,072.43",-0.98%
2023-03-13,"1,074.90",0.23%
2023-03-14,"1,093.24",1.71%
2023-03-15,"1,090.94",-0.21%
2023-03-16,"1,111.48",1.88%
2023-03-17,"1,097.66",-1.24%
2023-03-20,"1,101.95",0.39%
2023-03-21,"1,131.84",2.71%
2023-03-22,"1,106.94",-2.20%
2023-03-23,"1,106.39",-0.05%
2023-03-24,"1,102.47",-0.35%
2023-03-27,"1,104.44",0.18%
2023-03-28,"1,103.20",-0.11%
2023-03-29,"1,124.22",1.91%
2023-03-30,"1,134.30",0.90%
2023-03-31,"1,163.98",2.62%
2023-04-03,"1,153.35",-0.91%
2023-04-04,"1,152.52",-0.07%
2023-04-05,"1,129.03",-2.04%
2023-04-06,"1,129.59",0.05%
2023-04-10,"1,134.39",0.42%
2023-04-11,"1,134.57",0.02%
2023-04-12,"1,117.09",-1.54%
2023-04-13,"1,142.93",2.31%
2023-04-14,"1,144.40",0.13%
2023-04-17,"1,152.15",0.68%
2023-04-18,"1,153.59",0.12%
2023-04-19,"1,153.85",0.02%
2023-04-20,"1,136.78",-1.48%
2023-04-21,"1,150.47",1.20%
2023-04-24,"1,149.64",-0.07%
2023-04-25,"1,126.10",-2.05%
2023-04-26,"1,121.81",-0.38%
2023-04-27,"1,152.85",2.77%
2023-04-28,"1,152.42",-0.04%
2023-05-01,"1,140.15",-1.06%
2023-05-02,"1,141.94",0.16%
2023-05-03,"1,133.79",-0.71%
2023-05-04,"1,125.90",-0.70%
2023-05-05,"1,148.40",2.00%
2023-05-08,"1,151.90",0.30%
2023-05-09,"1,152.10",0.02%
2023-05-10,"1,159.34",0.63%
2023-05-11,"1,165.73",0.55%
2023-05-12,"1,155.36",-0.89%
2023-05-15,"1,156.98",0.14%
2023-05-16,"1,154.05",-0.25%
2023-05-17,"1,177.59",2.04%
2023-05-18,"1,195.75",1.54%
2023-05-19,"1,185.73",-0.84%
2023-05-22,"1,181.37",-0.37%
2023-05-23,"1,171.09",-0.87%
2023-05-24,"1,168.38",-0.23%
2023-05-25,"1,162.34",-0.52%
2023-05-26,"1,190.01",2.38%
2023-05-30,"1,199.02",0.76%
2023-05-31,"1,188.04",-0.92%
2023-06-01,"1,202.50",1.22%
2023-06-02,"1,228.92",2.20%
2023-06-05,"1,233.19",0.35%
2023-06-06,"1,245.44",0.99%
2023-06-07,"1,234.14",-0.91%
2023-06-08,"1,253.45",1.56%
2023-06-09,"1,258.94",0.44%
2023-06-12,"1,280.79",1.74%
2023-06-13,"1,293.65",1.00%
2023-06-14,"1,292.23",-0.11%
2023-06-15,"1,301.04",0.68%
2023-06-16,"1,298.65",-0.18%
2023-06-20,"1,308.39",0.75%
2023-06-21,"1,293.07",-1.17%
2023-06-22,"1,312.91",1.53%
2023-06-23,"1,298.40",-1.11%
2023-06-26,"1,282.20",-1.25%
2023-06-27,"1,308.58",2.06%
2023-06-28,"1,311.84",0.25%
2023-06-29,"1,312.58",0.06%
2023-06-30,"1,330.54",1.37%
2023-07-03,"1,344.84",1.07%
2023-07-05,"1,345.97",0.08%
2023-07-06,"1,323.82",-1.65%
2023-07-07,"1,326.17",0.18%
2023-07-10,"1,327.60",0.11%
2023-07-11,"1,338.99",0.86%
2023-07-12,"1,351.81",0.96%
2023-07-13,"1,366.41",1.08%
2023-07-14,"1,370.10",0.27%
2023-07-17,"1,374.46",0.32%
2023-07-18,"1,378.25",0.28%
2023-07-19,"1,385.45",0.52%
2023-07-20,"1,338.34",-3.40%
2023-07-21,"1,338.83",0.04%
2023-07-24,"1,345.84",0.52%
2023-07-25,"1,342.80",-0.23%
2023-07-26,"1,341.96",-0.06%
2023-07-27,"1,330.34",-0.87%
2023-07-28,"1,354.99",1.85%
2023-07-31,"1,362.52",0.56%
2023-08-01,"1,346.88",-1.15%
2023-08-02,"1,322.05",-1.84%
2023-08-03,"1,326.59",0.34%
2023-08-04,"1,351.90",1.91%
2023-08-07,"1,366.76",1.10%
2023-08-08,"1,354.90",-0.87%
2023-08-09,"1,338.64",-1.20%
2023-08-10,"1,342.32",0.27%
2023-08-11,"1,338.53",-0.28%
2023-08-14,"1,343.80",0.39%
2023-08-15,"1,325.41",-1.37%
2023-08-16,"1,308.55",-1.27%
2023-08-17,"1,287.83",-1.58%
2023-08-18,"1,283.67",-0.32%
2023-08-21,"1,298.40",1.15%
2023-08-22,"1,299.58",0.09%
2023-08-23,"1,310.37",0.83%
2023-08-24,"1,284.07",-2.01%
2023-08-25,"1,298.21",1.10%
2023-08-28,"1,302.98",0.37%
2023-08-29,"1,333.64",2.35%
2023-08-30,"1,338.04",0.33%
2023-08-31,"1,344.81",0.51%
2023-09-01,"1,337.52",-0.54%
2023-09-05,"1,336.36",-0.09%
2023-09-06,"1,323.38",-0.97%
2023-09-07,"1,330.02",0.50%
2023-09-08,"1,330.46",0.03%
2023-09-11,"1,367.31",2.77%
2023-09-12,"1,355.07",-0.90%
2023-09-13,"1,367.22",0.90%
2023-09-14,"1,379.21",0.88%
2023-09-15,"1,353.31",-1.88%
2023-09-18,"1,339.68",-1.01%
2023-09-19,"1,331.01",-0.65%
2023-09-20,"1,316.47",-1.09%
2023-09-21,"1,278.57",-2.88%
2023-09-22,"1,267.40",-0.87%
2023-09-25,"1,275.84",0.67%
2023-09-26,"1,249.98",-2.03%
2023-09-27,"1,245.24",-0.38%
2023-09-28,"1,257.30",0.97%
2023-09-29,"1,264.00",0.53%
2023-10-02,"1,267.60",0.28%
2023-10-03,"1,234.72",-2.59%
2023-10-04,"1,259.10",1.97%
2023-10-05,"1,251.95",-0.57%
2023-10-06,"1,260.72",0.70%
2023-10-09,"1,262.98",0.18%
2023-10-10,"1,276.75",1.09%
2023-10-11,"1,282.90",0.48%
2023-10-12,"1,270.66",-0.95%
2023-10-13,"1,252.16",-1.46%
2023-10-16,"1,272.81",1.65%
2023-10-17,"1,273.59",0.06%
2023-10-18,"1,243.93",-2.33%
2023-10-19,"1,216.55",-2.20%
2023-10-20,"1,196.39",-1.66%
2023-10-23,"1,198.95",0.21%
2023-10-24,"1,211.39",1.04%
2023-10-25,"1,182.29",-2.40%
2023-10-26,"1,163.81",-1.56%
2023-10-27,"1,183.57",1.70%
2023-10-30,"1,198.53",1.26%
2023-10-31,"1,207.03",0.71%
2023-11-01,"1,224.35",1.43%
2023-11-02,"1,253.70",2.40%
2023-11-03,"1,268.86",1.21%
2023-11-06,"1,271.20",0.18%
2023-11-07,"1,286.30",1.19%
2023-11-08,"1,283.04",-0.25%
2023-11-09,"1,259.72",-1.82%
2023-11-10,"1,280.59",1.66%
2023-11-13,"1,284.31",0.29%
2023-11-14,"1,326.91",3.32%
2023-11-15,"1,326.39",-0.04%
2023-11-16,"1,314.32",-0.91%
2023-11-17,"1,323.93",0.73%
2023-11-20,"1,330.78",0.52%
2023-11-21,"1,325.78",-0.38%
2023-11-22,"1,332.36",0.50%
2023-11-24,"1,334.14",0.13%
2023-11-27,"1,336.71",0.19%
2023-11-28,"1,343.90",0.54%
2023-11-29,"1,339.14",-0.35%
2023-11-30,"1,336.91",-0.17%
2023-12-01,"1,353.94",1.27%
2023-12-04,"1,347.65",-0.46%
2023-12-05,"1,351.92",0.32%
2023-12-06,"1,351.44",-0.04%
2023-12-07,"1,363.54",0.90%
2023-12-08,"1,369.43",0.43%
2023-12-11,"1,371.13",0.12%
2023-12-12,"1,376.60",0.40%
2023-12-13,"1,395.22",1.35%
2023-12-14,"1,410.22",1.08%
2023-12-15,"1,416.96",0.48%
2023-12-18,"1,428.18",0.79%
2023-12-19,"1,438.20",0.70%
2023-12-20,"1,413.11",-1.74%
2023-12-21,"1,433.50",1.44%
2023-12-22,"1,424.21",-0.65%
2023-12-26,"1,429.19",0.35%
2023-12-27,"1,432.99",0.27%
2023-12-28,"1,427.14",-0.41%
2023-12-29,"1,418.09",-0.63%
2024-01-02,"1,405.01",-0.92%
2024-01-03,"1,378.56",-1.88%
2024-01-04,"1,365.24",-0.97%
2024-01-05,"1,369.16",0.29%
2024-01-08,"1,393.36",1.77%
2024-01-09,"1,391.47",-0.14%
2024-01-10,"1,405.16",0.98%
2024-01-11,"1,404.75",-0.03%
2024-01-12,"1,390.05",-1.05%
2024-01-16,"1,387.23",-0.20%
2024-01-17,"1,374.59",-0.91%
2024-01-18,"1,383.09",0.62%
2024-01-19,"1,397.23",1.02%
2024-01-22,"1,389.99",-0.52%
2024-01-23,"1,388.01",-0.14%
2024-01-24,"1,384.65",-0.24%
2024-01-25,"1,370.13",-1.05%
2024-01-26,"1,377.67",0.55%
2024-01-29,"1,396.54",1.37%
2024-01-30,"1,393.51",-0.22%
2024-01-31,"1,367.70",-1.85%
2024-02-01,"1,394.73",1.98%
2024-02-02,"1,429.55",2.50%
2024-02-05,"1,410.75",-1.32%
2024-02-06,"1,415.99",0.37%
2024-02-07,"1,431.92",1.13%
2024-02-08,"1,436.11",0.29%
2024-02-09,"1,450.31",0.99%
2024-02-12,"1,446.31",-0.28%
2024-02-13,"1,417.96",-1.96%
2024-02-14,"1,432.44",1.02%
2024-02-15,"1,445.11",0.88%
2024-02-16,"1,439.11",-0.42%
2024-02-20,"1,424.65",-1.00%
2024-02-21,"1,434.95",0.72%
2024-02-22,"1,466.32",2.19%
2024-02-23,"1,461.27",-0.34%
2024-02-26,"1,464.59",0.23%
2024-02-27,"1,467.35",0.19%
2024-02-28,"1,472.04",0.32%
2024-02-29,"1,485.31",0.90%
2024-03-01,"1,491.02",0.38%
2024-03-04,"1,472.03",-1.27%
2024-03-05,"1,452.75",-1.31%
2024-03-06,"1,447.08",-0.39%
2024-03-07,"1,459.66",0.87%
2024-03-08,"1,452.39",-0.50%
2024-03-11,"1,445.24",-0.49%
2024-03-12,"1,459.59",0.99%
2024-03-13,"1,458.03",-0.11%
2024-03-14,"1,451.69",-0.43%
2024-03-15,"1,435.10",-1.14%
2024-03-18,"1,443.98",0.62%
2024-03-19,"1,456.42",0.86%
2024-03-20,"1,477.59",1.45%
2024-03-21,"1,484.43",0.46%
2024-03-22,"1,475.13",-0.63%
2024-03-25,"1,471.97",-0.21%
2024-03-26,"1,471.29",-0.05%
2024-03-27,"1,487.53",1.10%
2024-03-28,"1,485.49",-0.14%
2024-04-01,"1,476.47",-0.61%
2024-04-02,"1,457.63",-1.28%
2024-04-03,"1,460.80",0.22%
2024-04-04,"1,443.88",-1.16%
2024-04-05,"1,457.52",0.94%
2024-04-08,"1,468.41",0.75%
2024-04-09,"1,475.21",0.46%
2024-04-10,"1,457.61",-1.19%
2024-04-11,"1,471.25",0.94%
2024-04-12,"1,447.58",-1.61%
2024-04-15,"1,424.15",-1.62%
2024-04-16,"1,416.78",-0.52%
2024-04-17,"1,408.76",-0.57%
2024-04-18,"1,398.81",-0.71%
2024-04-19,"1,382.14",-1.19%
2024-04-22,"1,391.28",0.66%
2024-04-23,"1,407.74",1.18%
2024-04-24,"1,414.72",0.50%
2024-04-25,"1,411.90",-0.20%
2024-04-26,"1,430.49",1.32%
2024-04-29,"1,459.57",2.03%
2024-04-30,"1,420.81",-2.66%
2024-05-01,"1,420.56",-0.02%
2024-05-02,"1,443.05",1.58%
2024-05-06,"1,468.71",1.78%
2024-05-07,"1,460.52",-0.56%
2024-05-08,"1,454.59",-0.41%
2024-05-09,"1,464.58",0.69%
2024-05-10,"1,455.72",-0.60%
2024-05-13,"1,452.56",-0.22%
2024-05-14,"1,458.93",0.44%
2024-05-15,"1,458.87",0.00%
2024-05-16,"1,447.87",-0.75%
2024-05-17,"1,454.92",0.49%
2024-05-20,"1,444.45",-0.72%
2024-05-21,"1,451.49",0.49%
2024-05-22,"1,439.19",-0.85%
2024-05-23,"1,417.34",-1.52%
2024-05-24,"1,427.98",0.75%
2024-05-28,"1,426.67",-0.09%
2024-05-29,"1,418.70",-0.56%
2024-05-30,"1,421.31",0.18%
2024-05-31,"1,423.51",0.15%
2024-06-03,"1,425.53",0.14%
2024-06-04,"1,427.99",0.17%
2024-06-05,"1,437.51",0.67%
2024-06-06,"1,451.47",0.97%
2024-06-07,"1,445.29",-0.43%
2024-06-10,"1,452.68",0.51%
2024-06-11,"1,449.54",-0.22%
2024-06-12,"1,461.78",0.84%
2024-06-13,"1,458.79",-0.20%
2024-06-14,"1,449.13",-0.66%
2024-06-17,"1,469.92",1.43%
2024-06-18,"1,463.71",-0.42%
2024-06-20,"1,470.36",0.45%
2024-06-21,"1,485.29",1.02%
2024-06-24,"1,474.31",-0.74%
2024-06-25,"1,470.16",-0.28%
2024-06-26,"1,499.31",1.98%
2024-06-27,"1,512.77",0.90%
2024-06-28,"1,492.14",-1.36%
2024-07-01,"1,503.07",0.73%
2024-07-02,"1,530.24",1.81%
2024-07-03,"1,535.11",0.32%
2024-07-05,"1,548.12",0.85%
2024-07-08,"1,548.04",-0.01%
2024-07-09,"1,552.03",0.26%
2024-07-10,"1,562.18",0.65%
2024-07-11,"1,539.15",-1.47%
2024-07-12,"1,553.98",0.96%
2024-07-15,"1,549.21",-0.31%
2024-07-16,"1,572.55",1.51%
2024-07-17,"1,544.32",-1.80%
2024-07-18,"1,524.55",-1.28%
2024-07-19,"1,512.32",-0.80%
2024-07-22,"1,525.50",0.87%
2024-07-23,"1,525.74",0.02%
2024-07-24,"1,466.33",-3.89%
2024-07-25,"1,460.10",-0.42%
2024-07-26,"1,477.22",1.17%
2024-07-29,"1,498.16",1.42%
2024-07-30,"1,489.94",-0.55%
2024-07-31,"1,516.58",1.79%
2024-08-01,"1,482.39",-2.25%
2024-08-02,"1,414.01",-4.61%
2024-08-05,"1,370.56",-3.07%
2024-08-06,"1,384.87",1.04%
2024-08-07,"1,364.91",-1.44%
2024-08-08,"1,394.02",2.13%
2024-08-09,"1,399.68",0.41%
2024-08-12,"1,394.63",-0.36%
2024-08-13,"1,428.42",2.42%
2024-08-14,"1,422.60",-0.41%
2024-08-15,"1,470.63",3.38%
2024-08-16,"1,472.66",0.14%
2024-08-19,"1,489.39",1.14%
2024-08-20,"1,489.12",-0.02%
2024-08-21,"1,506.63",1.18%
2024-08-22,"1,478.44",-1.87%
2024-08-23,"1,503.57",1.70%
2024-08-26,"1,491.43",-0.81%
2024-08-27,"1,484.41",-0.47%
2024-08-28,"1,468.89",-1.05%
2024-08-29,"1,471.84",0.20%
2024-08-30,"1,500.16",1.92%
2024-09-03,"1,479.30",-1.39%
2024-09-04,"1,478.49",-0.05%
2024-09-05,"1,499.33",1.41%
2024-09-06,"1,457.25",-2.81%
2024-09-09,"1,481.00",1.63%
2024-09-10,"1,501.63",1.39%
2024-09-11,"1,521.48",1.32%
2024-09-12,"1,538.95",1.15%
2024-09-13,"1,546.78",0.51%
2024-09-16,"1,541.84",-0.32%
2024-09-17,"1,551.35",0.62%
2024-09-18,"1,548.43",-0.19%
2024-09-19,"1,582.45",2.20%
2024-09-20,"1,582.22",-0.01%
2024-09-23,"1,602.81",1.30%
2024-09-24,"1,615.03",0.76%
2024-09-25,"1,608.97",-0.38%
2024-09-26,"1,611.15",0.14%
2024-09-27,"1,609.92",-0.08%
2024-09-30,"1,605.41",-0.28%
2024-10-01,"1,597.25",-0.51%
2024-10-02,"1,584.84",-0.78%
2024-10-03,"1,564.63",-1.28%
2024-10-04,"1,589.97",1.62%
2024-10-07,"1,559.45",-1.92%
2024-10-08,"1,575.63",1.04%
2024-10-09,"1,587.08",0.73%
2024-10-10,"1,583.00",-0.26%
2024-10-11,"1,576.52",-0.41%
2024-10-14,"1,580.31",0.24%
2024-10-15,"1,583.51",0.20%
2024-10-16,"1,588.58",0.32%
2024-10-17,"1,588.60",0.00%
2024-10-18,"1,595.78",0.45%
2024-10-21,"1,585.54",-0.64%
2024-10-22,"1,581.21",-0.27%
2024-10-23,"1,552.44",-1.82%
2024-10-24,"1,602.74",3.24%
2024-10-25,"1,610.51",0.48%
2024-10-28,"1,612.48",0.12%
2024-10-29,"1,609.26",-0.20%
2024-10-30,"1,609.44",0.01%
2024-10-31,"1,580.24",-1.81%
2024-11-01,"1,618.22",2.40%
2024-11-04,"1,608.37",-0.61%
2024-11-05,"1,637.75",1.83%
2024-11-06,"1,697.06",3.62%
2024-11-07,"1,720.39",1.37%
2024-11-08,"1,741.51",1.23%
2024-11-11,"1,772.07",1.75%
2024-11-12,"1,752.64",-1.10%
2024-11-13,"1,772.70",1.14%
2024-11-14,"1,745.48",-1.54%
2024-11-15,"1,721.70",-1.36%
2024-11-18,"1,736.30",0.85%
2024-11-19,"1,743.67",0.42%
2024-11-20,"1,733.68",-0.57%
2024-11-21,"1,728.46",-0.30%
2024-11-22,"1,748.90",1.18%
2024-11-25,"1,766.25",0.99%
2024-11-26,"1,782.17",0.90%
2024-11-27,"1,769.79",-0.69%
2024-11-29,"1,789.44",1.11%
2024-12-02,"1,808.41",1.06%
2024-12-03,"1,810.82",0.13%
2024-12-04,"1,832.47",1.20%
2024-12-05,"1,849.89",0.95%
2024-12-06,"1,894.19",2.39%
2024-12-09,"1,887.88",-0.33%
2024-12-10,"1,890.55",0.14%
2024-12-11,"1,928.82",2.02%
2024-12-12,"1,912.67",-0.84%
2024-12-13,"1,920.70",0.42%
2024-12-16,"1,954.20",1.74%
2024-12-17,"1,959.72",0.28%
2024-12-18,"1,866.84",-4.74%
2024-12-19,"1,868.28",0.08%
2024-12-20,"1,870.88",0.14%
2024-12-23,"1,878.65",0.42%
2024-12-24,"1,927.87",2.62%
2024-12-26,"1,915.53",-0.64%
2024-12-27,"1,879.21",-1.90%
2024-12-30,"1,849.31",-1.59%
2024-12-31,"1,831.16",-0.98%
2025-01-02,"1,807.98",-1.27%
2025-01-03,"1,851.81",2.42%
2025-01-06,"1,863.12",0.61%
2025-01-07,"1,821.93",-2.21%
2025-01-08,"1,826.35",0.24%
2025-01-10,"1,808.57",-0.97%
2025-01-13,"1,817.17",0.48%
2025-01-14,"1,811.31",-0.32%
2025-01-15,"1,865.92",3.01%
2025-01-16,"1,849.15",-0.90%
2025-01-17,"1,880.80",1.71%
2025-01-21,"1,899.73",1.01%
2025-01-22,"1,898.44",-0.07%
2025-01-23,"1,906.11",0.40%
2025-01-24,"1,895.77",-0.54%
2025-01-27,"1,901.37",0.30%
2025-01-28,"1,907.74",0.34%
2025-01-29,"1,898.26",-0.50%
2025-01-30,"1,909.76",0.61%
2025-01-31,"1,911.57",0.09%
2025-02-03,"1,885.80",-1.35%
2025-02-04,"1,912.85",1.43%
2025-02-05,"1,882.43",-1.59%
2025-02-06,"1,890.87",0.45%
2025-02-07,"1,843.18",-2.52%
2025-02-10,"1,852.31",0.50%
2025-02-11,"1,829.57",-1.23%
2025-02-12,"1,824.11",-0.30%
2025-02-13,"1,853.30",1.60%
2025-02-14,"1,848.32",-0.27%
2025-02-18,"1,838.78",-0.52%
2025-02-19,"1,839.39",0.03%
2025-02-20,"1,819.15",-1.10%
2025-02-21,"1,768.75",-2.77%
2025-02-24,"1,753.29",-0.87%
2025-02-25,"1,738.62",-0.84%
2025-02-26,"1,731.86",-0.39%
2025-02-27,"1,700.95",-1.78%
2025-02-28,"1,731.52",1.80%
2025-03-03,"1,691.57",-2.31%
2025-03-04,"1,663.36",-1.67%
2025-03-05,"1,692.42",1.75%
2025-03-06,"1,642.84",-2.93%
2025-03-07,"1,637.80",-0.31%
2025-03-10,"1,573.91",-3.90%
2025-03-11,"1,569.82",-0.26%
2025-03-12,"1,585.79",1.02%
2025-03-13,"1,544.90",-2.58%
2025-03-14,"1,578.01",2.14%
2025-03-17,"1,571.11",-0.44%
2025-03-18,"1,541.33",-1.90%
2025-03-19,"1,570.60",1.90%
2025-03-20,"1,567.59",-0.19%
2025-03-21,"1,577.46",0.63%
2025-03-24,"1,641.62",4.07%
2025-03-25,"1,657.66",0.98%
2025-03-26,"1,630.06",-1.66%
2025-03-27,"1,631.56",0.09%
2025-03-28,"1,578.24",-3.27%
2025-03-31,"1,575.40",-0.18%
2025-04-01,"1,593.28",1.13%
2025-04-02,"1,625.52",2.02%
2025-04-03,"1,520.70",-6.45%
2025-04-04,"1,452.25",-4.50%
2025-04-07,"1,444.47",-0.54%
2025-04-08,"1,407.83",-2.54%
2025-04-09,"1,567.77",11.36%
2025-04-10,"1,503.22",-4.12%
2025-04-11,"1,519.65",1.09%
2025-04-14,"1,518.12",-0.10%
2025-04-15,"1,506.00",-0.80%
2025-04-16,"1,465.43",-2.69%
2025-04-17,"1,470.50",0.35%
2025-04-21,"1,428.39",-2.86%
2025-04-22,"1,474.58",3.23%
2025-04-23,"1,515.34",2.76%
2025-04-24,"1,549.54",2.26%
2025-04-25,"1,579.84",1.96%
2025-04-28,"1,578.35",-0.09%
2025-04-29,"1,587.63",0.59%
2025-04-30,"1,570.08",-1.11%
2025-05-01,"1,585.69",0.99%
2025-05-02,"1,604.65",1.20%
2025-05-05,"1,583.50",-1.32%
2025-05-06,"1,570.04",-0.85%
2025-05-07,"1,585.98",1.02%
2025-05-08,"1,607.45",1.35%
2025-05-09,"1,617.63",0.63%
2025-05-12,"1,709.11",5.66%
2025-05-13,"1,733.26",1.41%
2025-05-14,"1,739.82",0.38%
2025-05-15,"1,727.91",-0.68%
2025-05-16,"1,742.51",0.84%
2025-05-19,"1,737.85",-0.27%
2025-05-20,"1,727.68",-0.59%
2025-05-21,"1,694.67",-1.91%
2025-05-22,"1,704.21",0.56%
2025-05-23,"1,688.65",-0.91%
2025-05-27,"1,740.01",3.04%
2025-05-28,"1,723.74",-0.94%
2025-05-29,"1,727.33",0.21%
2025-05-30,"1,717.38",-0.58%
2025-06-02,"1,720.03",0.15%
2025-06-03,"1,725.44",0.31%
2025-06-04,"1,721.41",-0.23%
2025-06-05,"1,678.89",-2.47%
2025-06-06,"1,706.39",1.64%
2025-06-09,"1,724.76",1.08%
2025-06-10,"1,745.30",1.19%
2025-06-11,"1,727.51",-1.02%
2025-06-12,"1,720.47",-0.41%
2025-06-13,"1,707.72",-0.74%
2025-06-16,"1,728.25",1.20%
2025-06-17,"1,701.40",-1.55%
2025-06-18,"1,698.39",-0.18%
2025-06-20,"1,695.04",-0.20%
2025-06-23,"1,724.70",1.75%
2025-06-24,"1,737.00",0.71%
2025-06-25,"1,717.45",-1.13%
2025-06-26,"1,737.72",1.18%
2025-06-27,"1,769.09",1.81%
2025-06-30,"1,753.81",-0.86%
2025-07-01,"1,756.91",0.18%
2025-07-02,"1,770.34",0.76%
2025-07-03,"1,783.67",0.75%
2025-07-07,"1,761.18",-1.26%
2025-07-08,"1,749.96",-0.64%
2025-07-09,"1,762.81",0.73%
2025-07-10,"1,780.11",0.98%
2025-07-11,"1,786.05",0.33%
2025-07-14,"1,792.66",0.37%
2025-07-15,"1,773.04",-1.09%
2025-07-16,"1,772.75",-0.02%
2025-07-17,"1,778.20",0.31%
2025-07-18,"1,795.64",0.98%
2025-07-21,"1,806.44",0.60%
2025-07-22,"1,818.58",0.67%
2025-07-23,"1,826.07",0.41%
2025-07-24,"1,803.66",-1.23%
2025-07-25,"1,817.76",0.78%
2025-07-28,"1,830.35",0.69%
2025-07-29,"1,816.96",-0.73%
2025-07-30,"1,806.62",-0.57%
2025-07-31,"1,799.72",-0.38%
2025-08-01,"1,735.16",-3.59%
2025-08-04,"1,746.96",0.68%
2025-08-05,"1,752.11",0.29%
2025-08-06,"1,796.02",2.51%
2025-08-07,"1,797.93",0.11%
2025-08-08,"1,801.32",0.19%
2025-08-11,"1,803.81",0.14%
2025-08-12,"1,819.57",0.87%
2025-08-13,"1,843.02",1.29%
2025-08-14,"1,851.33",0.45%
2025-08-15,"1,846.34",-0.27%
2025-08-18,"1,853.40",0.38%
2025-08-19,"1,846.45",-0.37%
2025-08-20,"1,824.65",-1.18%
2025-08-21,"1,812.21",-0.68%
2025-08-22,"1,869.91",3.18%
2025-08-25,"1,867.41",-0.13%
2025-08-26,"1,875.34",0.42%
2025-08-27,"1,876.32",0.05%
2025-08-28,"1,881.57",0.28%
2025-08-29,"1,860.03",-1.14%
2025-09-02,"1,842.44",-0.95%
2025-09-03,"1,850.34",0.43%
2025-09-04,"1,892.00",2.25%
2025-09-05,"1,889.68",-0.12%
2025-09-08,"1,899.71",0.53%
2025-09-09,"1,901.39",0.09%
2025-09-10,"1,871.36",-1.58%
2025-09-11,"1,903.18",1.70%
2025-09-12,"1,914.00",0.57%
2025-09-15,"1,934.96",1.10%
2025-09-16,"1,950.89",0.82%
2025-09-17,"1,944.88",-0.31%
2025-09-18,"1,935.03",-0.51%
2025-09-19,"1,941.70",0.34%
2025-09-22,"1,933.28",-0.43%
2025-09-23,"1,905.48",-1.44%
2025-09-24,"1,918.77",0.70%
2025-09-25,"1,890.66",-1.47%
2025-09-26,"1,918.05",1.45%
2025-09-29,"1,928.67",0.55%
2025-09-30,"1,917.97",-0.55%
2025-10-01,"1,931.16",0.69%
2025-10-02,"1,917.89",-0.69%
2025-10-03,"1,902.44",-0.81%
2025-10-06,"1,922.32",1.04%
2025-10-07,"1,894.87",-1.43%
2025-10-08,"1,905.57",0.56%
2025-10-09,"1,901.76",-0.20%
2025-10-10,"1,839.12",-3.29%
2025-10-13,"1,881.24",2.29%
2025-10-14,"1,876.40",-0.26%
2025-10-15,"1,878.33",0.10%
2025-10-16,"1,861.89",-0.88%
2025-10-17,"1,873.86",0.64%
2025-10-20,"1,892.68",1.00%
2025-10-21,"1,917.60",1.32%
2025-10-22,"1,898.39",-1.00%
2025-10-23,"1,912.45",0.74%
2025-10-24,"1,910.16",-0.12%
2025-10-27,"1,939.35",1.53%
2025-10-28,"1,945.29",0.31%
2025-10-29,"1,935.59",-0.50%
2025-10-30,"1,886.13",-2.56%
2025-10-31,"1,963.14",4.08%
2025-11-03,"1,996.58",1.70%
2025-11-04,"1,959.55",-1.85%
2025-11-05,"1,981.47",1.12%
2025-11-06,"1,931.97",-2.50%
2025-11-07,"1,932.73",0.04%
2025-11-10,"1,961.46",1.49%
2025-11-11,"1,965.14",0.19%
2025-11-12,"1,944.45",-1.05%
2025-11-13,"1,891.34",-2.73%
2025-11-14,"1,879.78",-0.61%
2025-11-17,"1,864.70",-0.80%
2025-11-18,"1,818.14",-2.50%
2025-11-19,"1,819.00",0.05%
2025-11-20,"1,787.54",-1.73%
2025-11-21,"1,818.61",1.74%
2025-11-24,"1,852.46",1.86%
2025-11-25,"1,888.03",1.92%
2025-11-26,"1,898.19",0.54%
2025-11-28,"1,915.26",0.90%
2025-12-01,"1,915.62",0.02%
2025-12-02,"1,915.45",-0.01%
2025-12-03,"1,931.29",0.83%
2025-12-04,"1,922.03",-0.48%
2025-12-05,"1,930.51",0.44%
2025-12-08,"1,901.04",-1.53%
2025-12-09,"1,904.03",0.16%
2025-12-10,"1,933.00",1.52%
2025-12-11,"1,934.62",0.08%
2025-12-12,"1,936.82",0.11%
2025-12-15,"1,946.16",0.48%
2025-12-16,"1,952.12",0.31%
2025-12-17,"1,928.23",-1.22%
2025-12-18,"1,962.49",1.78%
2025-12-19,"1,956.46",-0.31%
2025-12-22,"1,968.74",0.63%
2025-12-23,"1,972.24",0.18%
2025-12-24,"1,977.73",0.28%
2025-12-26,"1,968.95",-0.44%
2025-12-29,"1,950.23",-0.95%
2025-12-30,"1,943.90",-0.32%
2025-12-31,"1,928.43",-0.80%
2026-01-02,"1,906.48",-1.14%
2026-01-05,"1,943.36",1.93%
2026-01-06,"1,961.67",0.94%
2026-01-07,"1,960.16",-0.08%
2026-01-08,"1,993.84",1.72%
2026-01-09,"2,016.52",1.14%
2026-01-12,"2,017.26",0.04%
2026-01-13,"2,007.03",-0.51%
2026-01-14,"1,971.82",-1.75%
2026-01-15,"1,979.84",0.41%
2026-01-16,"1,976.41",-0.17%
2026-01-20,"1,920.64",-2.82%
2026-01-21,"1,951.31",1.60%
2026-01-22,"1,975.02",1.22%
2026-01-23,"1,989.40",0.73%
2026-01-26,"1,975.29",-0.71%
2026-01-27,"1,988.52",0.67%
2026-01-28,"1,975.14",-0.67%
2026-01-29,"1,962.52",-0.64%
2026-01-30,"1,961.14",-0.07%
2026-02-02,"1,975.23",0.72%
2026-02-03,"1,956.51",-0.95%
2026-02-04,"1,933.87",-1.16%
2026-02-05,"1,883.84",-2.59%
2026-02-06,"1,871.49",-0.66%
2026-02-09,"1,865.04",-0.34%
2026-02-10,"1,873.44",0.45%
2026-02-11,"1,863.05",-0.55%
2026-02-12,"1,833.67",-1.58%
2026-02-13,"1,832.20",-0.08%
2026-02-17,"1,831.86",-0.02%
2026-02-18,"1,850.18",1.00%
2026-02-19,"1,840.45",-0.53%
2026-02-20,"1,863.80",1.27%
2026-02-23,"1,823.70",-2.15%
2026-02-24,"1,852.60",1.58%
2026-02-25,"1,861.50",0.48%
2026-02-26,"1,854.14",-0.40%
2026-02-27,"1,854.79",0.04%
2026-03-02,"1,834.67",-1.08%
2026-03-03,"1,818.86",-0.86%
2026-03-04,"1,859.69",2.24%
2026-03-05,"1,864.52",0.26%
2026-03-06,"1,828.00",-1.96%
2026-03-09,"1,830.10",0.11%
2026-03-10,"1,829.99",-0.01%
2026-03-11,"1,825.06",-0.27%
2026-03-12,"1,784.80",-2.21%
2026-03-13,"1,773.20",-0.65%
2026-03-16,"1,796.89",1.34%
2026-03-17,"1,814.78",1.00%
2026-03-18,"1,772.74",-2.32%
2026-03-19,"1,757.38",-0.87%
2026-03-20,"1,724.69",-1.86%
2026-03-23,"1,767.17",2.46%
2026-03-24,"1,757.55",-0.54%
2026-03-25,"1,778.33",1.18%
2026-03-26,"1,745.05",-1.87%
2026-03-27,"1,691.83",-3.05%
2026-03-30,"1,692.76",0.05%
2026-03-31,"1,748.22",3.28%
2026-04-01,"1,764.30",0.92%
2026-04-06,"1,751.95",-0.70%
2026-04-07,"1,736.03",-0.91%
2026-04-08,"1,785.02",2.82%
2026-04-09,"1,829.00",2.46%
2026-04-10,"1,838.98",0.55%
2026-04-13,"1,854.68",0.85%
2026-04-14,"1,901.85",2.54%
2026-04-15,"1,927.84",1.37%
2026-04-16,"1,923.13",-0.24%
2026-04-17,"1,961.00",1.97%
2026-04-20,"1,948.26",-0.65%
2026-04-21,"1,938.64",-0.49%
2026-04-22,"1,947.19",0.44%
2026-04-23,"1,929.02",-0.93%
2026-04-24,"1,955.27",1.36%
2026-04-27,"1,940.35",-0.76%
2026-04-28,"1,927.21",-0.68%
2026-04-29,"1,929.12",0.10%
2026-04-30,"1,953.03",1.24%
2026-05-01,"1,962.95",0.51%
2026-05-04,"1,958.69",-0.22%
2026-05-05,"1,964.58",0.30%
2026-05-06,"1,991.50",1.37%
2026-05-07,"1,987.42",-0.20%
2026-05-08,"1,997.38",0.50%
2026-05-11,"1,984.61",-0.64%
2026-05-12,"1,963.60",-1.06%
2026-05-13,"1,978.34",0.75%
2026-05-14,"1,972.25",-0.31%
2026-05-15,"1,936.06",-1.83%
2026-05-18,"1,932.16",-0.20%
2026-05-19,"1,906.62",-1.32%
2026-05-20,"1,954.21",2.50%
2026-05-21,"1,969.32",0.77%
2026-05-22,"1,973.32",0.20%
2026-05-26,"1,975.96",0.13%
2026-05-27,"2,013.30",1.89%
2026-05-28,"2,024.18",0.54%
2026-05-29,"2,002.94",-1.05%
2026-06-01,"1,950.45",-2.62%
2026-06-02,"1,936.56",-0.71%
2026-06-03,"1,915.77",-1.07%
2026-06-04,"1,925.74",0.52%
2026-06-05,"1,878.85",-2.43%
2026-06-08,"1,888.13",0.49%
2026-06-09,"1,890.31",0.12%
2026-06-10,"1,848.21",-2.23%
2026-06-11,"1,892.38",2.39%
2026-06-12,"1,892.59",0.01%
2026-06-15,"1,928.80",1.91%
2026-06-16,"1,926.65",-0.11%
2026-06-17,"1,874.78",-2.69%
