date,spx,spx_change_pct
2011-01-07,"1,271.50",-0.18%
2011-01-10,"1,269.80",-0.13%
2011-01-11,"1,274.50",0.37%
2011-01-12,"1,286.00",0.90%
2011-01-13,"1,283.80",-0.17%
2011-01-14,"1,293.20",0.73%
2011-01-18,"1,295.00",0.14%
2011-01-19,"1,281.90",-1.01%
2011-01-20,"1,280.30",-0.12%
2011-01-21,"1,283.30",0.23%
2011-01-24,"1,290.80",0.58%
2011-01-25,"1,291.20",0.03%
2011-01-26,"1,296.60",0.42%
2011-01-27,"1,299.50",0.22%
2011-01-28,"1,276.30",-1.79%
2011-01-31,"1,286.10",0.77%
2011-02-01,"1,307.60",1.67%
2011-02-02,"1,304.00",-0.28%
2011-02-03,"1,307.10",0.24%
2011-02-04,"1,310.90",0.29%
2011-02-07,"1,319.00",0.62%
2011-02-08,"1,324.60",0.42%
2011-02-09,"1,320.90",-0.28%
2011-02-10,"1,321.90",0.08%
2011-02-11,"1,329.20",0.55%
2011-02-14,"1,332.30",0.23%
2011-02-15,"1,328.00",-0.32%
2011-02-16,"1,336.30",0.63%
2011-02-17,"1,340.40",0.31%
2011-02-18,"1,343.00",0.19%
2011-02-22,"1,315.40",-2.06%
2011-02-23,"1,307.40",-0.61%
2011-02-24,"1,306.10",-0.10%
2011-02-25,"1,319.90",1.06%
2011-02-28,"1,327.20",0.55%
2011-03-01,"1,306.30",-1.57%
2011-03-02,"1,308.40",0.16%
2011-03-03,"1,331.00",1.73%
2011-03-04,"1,321.20",-0.74%
2011-03-07,"1,310.10",-0.84%
2011-03-08,"1,321.80",0.89%
2011-03-09,"1,320.00",-0.14%
2011-03-10,"1,295.10",-1.89%
2011-03-11,"1,304.30",0.71%
2011-03-14,"1,296.40",-0.61%
2011-03-15,"1,281.90",-1.12%
2011-03-16,"1,256.90",-1.95%
2011-03-17,"1,273.70",1.34%
2011-03-18,"1,279.20",0.43%
2011-03-21,"1,298.40",1.50%
2011-03-22,"1,293.80",-0.35%
2011-03-23,"1,297.50",0.29%
2011-03-24,"1,309.70",0.94%
2011-03-25,"1,313.80",0.31%
2011-03-28,"1,310.20",-0.27%
2011-03-29,"1,319.40",0.70%
2011-03-30,"1,328.30",0.67%
2011-03-31,"1,325.80",-0.19%
2011-04-01,"1,332.40",0.50%
2011-04-04,"1,332.90",0.04%
2011-04-05,"1,332.60",-0.02%
2011-04-06,"1,335.50",0.22%
2011-04-07,"1,333.50",-0.15%
2011-04-08,"1,328.20",-0.40%
2011-04-11,"1,324.50",-0.28%
2011-04-12,"1,314.20",-0.78%
2011-04-13,"1,314.40",0.02%
2011-04-14,"1,314.50",0.01%
2011-04-15,"1,319.70",0.40%
2011-04-18,"1,305.10",-1.11%
2011-04-19,"1,312.60",0.57%
2011-04-20,"1,330.40",1.36%
2011-04-21,"1,337.40",0.53%
2011-04-25,"1,335.20",-0.16%
2011-04-26,"1,347.20",0.90%
2011-04-27,"1,355.70",0.63%
2011-04-28,"1,360.50",0.35%
2011-04-29,"1,363.60",0.23%
2011-05-02,"1,361.20",-0.18%
2011-05-03,"1,356.60",-0.34%
2011-05-04,"1,347.30",-0.69%
2011-05-05,"1,335.10",-0.91%
2011-05-06,"1,340.20",0.38%
2011-05-09,"1,346.30",0.46%
2011-05-10,"1,357.20",0.81%
2011-05-11,"1,342.10",-1.11%
2011-05-12,"1,348.70",0.49%
2011-05-13,"1,337.80",-0.81%
2011-05-16,"1,329.50",-0.62%
2011-05-17,"1,329.00",-0.04%
2011-05-18,"1,340.70",0.88%
2011-05-19,"1,343.60",0.22%
2011-05-20,"1,333.30",-0.77%
2011-05-23,"1,317.40",-1.19%
2011-05-24,"1,316.30",-0.08%
2011-05-25,"1,320.50",0.32%
2011-05-26,"1,325.70",0.39%
2011-05-27,"1,331.10",0.41%
2011-05-31,"1,345.20",1.06%
2011-06-01,"1,314.50",-2.28%
2011-06-02,"1,312.90",-0.12%
2011-06-03,"1,300.20",-0.97%
2011-06-06,"1,286.20",-1.08%
2011-06-07,"1,284.90",-0.10%
2011-06-08,"1,279.60",-0.41%
2011-06-09,"1,289.00",0.73%
2011-06-10,"1,271.00",-1.40%
2011-06-13,"1,271.80",0.06%
2011-06-14,"1,287.90",1.27%
2011-06-15,"1,265.40",-1.75%
2011-06-16,"1,267.60",0.17%
2011-06-17,"1,271.50",0.31%
2011-06-20,"1,278.40",0.54%
2011-06-21,"1,295.50",1.34%
2011-06-22,"1,287.10",-0.65%
2011-06-23,"1,283.50",-0.28%
2011-06-24,"1,268.50",-1.17%
2011-06-27,"1,280.10",0.91%
2011-06-28,"1,296.70",1.30%
2011-06-29,"1,307.40",0.83%
2011-06-30,"1,320.60",1.01%
2011-07-01,"1,339.70",1.45%
2011-07-05,"1,337.90",-0.13%
2011-07-06,"1,339.20",0.10%
2011-07-07,"1,353.20",1.05%
2011-07-08,"1,343.80",-0.69%
2011-07-11,"1,319.50",-1.81%
2011-07-12,"1,313.60",-0.45%
2011-07-13,"1,317.70",0.31%
2011-07-14,"1,308.90",-0.67%
2011-07-15,"1,316.10",0.55%
2011-07-18,"1,305.40",-0.81%
2011-07-19,"1,326.70",1.63%
2011-07-20,"1,325.80",-0.07%
2011-07-21,"1,343.80",1.36%
2011-07-22,"1,345.00",0.09%
2011-07-25,"1,337.40",-0.57%
2011-07-26,"1,331.90",-0.41%
2011-07-27,"1,304.90",-2.03%
2011-07-28,"1,300.70",-0.32%
2011-07-29,"1,292.30",-0.65%
2011-08-01,"1,286.90",-0.42%
2011-08-02,"1,254.00",-2.56%
2011-08-03,"1,260.30",0.50%
2011-08-04,"1,200.10",-4.78%
2011-08-05,"1,199.40",-0.06%
2011-08-08,"1,119.50",-6.66%
2011-08-09,"1,172.50",4.73%
2011-08-10,"1,120.80",-4.41%
2011-08-11,"1,172.60",4.62%
2011-08-12,"1,178.80",0.53%
2011-08-15,"1,204.50",2.18%
2011-08-16,"1,192.80",-0.97%
2011-08-17,"1,193.90",0.09%
2011-08-18,"1,140.70",-4.46%
2011-08-19,"1,123.50",-1.51%
2011-08-22,"1,123.80",0.03%
2011-08-23,"1,162.30",3.43%
2011-08-24,"1,177.60",1.32%
2011-08-25,"1,159.30",-1.55%
2011-08-26,"1,176.80",1.51%
2011-08-29,"1,210.10",2.83%
2011-08-30,"1,212.90",0.23%
2011-08-31,"1,218.90",0.49%
2011-09-01,"1,204.40",-1.19%
2011-09-02,"1,174.00",-2.52%
2011-09-06,"1,165.20",-0.75%
2011-09-07,"1,198.60",2.87%
2011-09-08,"1,185.90",-1.06%
2011-09-09,"1,154.20",-2.67%
2011-09-12,"1,162.30",0.70%
2011-09-13,"1,172.90",0.91%
2011-09-14,"1,188.70",1.35%
2011-09-15,"1,209.10",1.72%
2011-09-16,"1,216.00",0.57%
2011-09-19,"1,204.10",-0.98%
2011-09-20,"1,202.10",-0.17%
2011-09-21,"1,166.80",-2.94%
2011-09-22,"1,129.60",-3.19%
2011-09-23,"1,136.40",0.60%
2011-09-26,"1,163.00",2.34%
2011-09-27,"1,175.40",1.07%
2011-09-28,"1,151.10",-2.07%
2011-09-29,"1,160.40",0.81%
2011-09-30,"1,131.40",-2.50%
2011-10-03,"1,099.20",-2.85%
2011-10-04,"1,124.00",2.26%
2011-10-05,"1,144.00",1.78%
2011-10-06,"1,165.00",1.84%
2011-10-07,"1,155.50",-0.82%
2011-10-10,"1,194.90",3.41%
2011-10-11,"1,195.50",0.05%
2011-10-12,"1,207.20",0.98%
2011-10-13,"1,203.70",-0.29%
2011-10-14,"1,224.60",1.74%
2011-10-17,"1,200.90",-1.94%
2011-10-18,"1,225.40",2.04%
2011-10-19,"1,209.90",-1.26%
2011-10-20,"1,215.40",0.45%
2011-10-21,"1,238.20",1.88%
2011-10-24,"1,254.20",1.29%
2011-10-25,"1,229.00",-2.01%
2011-10-26,"1,242.00",1.06%
2011-10-27,"1,284.60",3.43%
2011-10-28,"1,285.10",0.04%
2011-10-31,"1,253.30",-2.47%
2011-11-01,"1,218.30",-2.79%
2011-11-02,"1,237.90",1.61%
2011-11-03,"1,261.20",1.88%
2011-11-04,"1,253.20",-0.63%
2011-11-07,"1,261.10",0.63%
2011-11-08,"1,275.90",1.17%
2011-11-09,"1,229.10",-3.67%
2011-11-10,"1,239.70",0.86%
2011-11-11,"1,263.80",1.94%
2011-11-14,"1,251.80",-0.95%
2011-11-15,"1,257.80",0.48%
2011-11-16,"1,236.90",-1.66%
2011-11-17,"1,216.10",-1.68%
2011-11-18,"1,215.70",-0.03%
2011-11-21,"1,193.00",-1.87%
2011-11-22,"1,188.00",-0.42%
2011-11-23,"1,161.80",-2.21%
2011-11-25,"1,158.70",-0.27%
2011-11-28,"1,192.50",2.92%
2011-11-29,"1,195.20",0.23%
2011-11-30,"1,247.00",4.33%
2011-12-01,"1,244.60",-0.19%
2011-12-02,"1,244.30",-0.02%
2011-12-05,"1,257.10",1.03%
2011-12-06,"1,258.50",0.11%
2011-12-07,"1,261.00",0.20%
2011-12-08,"1,234.30",-2.12%
2011-12-09,"1,255.20",1.69%
2011-12-12,"1,236.50",-1.49%
2011-12-13,"1,225.70",-0.87%
2011-12-14,"1,211.80",-1.13%
2011-12-15,"1,215.80",0.33%
2011-12-16,"1,219.70",0.32%
2011-12-19,"1,205.30",-1.18%
2011-12-20,"1,241.30",2.99%
2011-12-21,"1,243.70",0.19%
2011-12-22,"1,254.00",0.83%
2011-12-23,"1,265.30",0.90%
2011-12-27,"1,265.40",0.01%
2011-12-28,"1,249.60",-1.25%
2011-12-29,"1,263.00",1.07%
2011-12-30,"1,257.60",-0.43%
2012-01-03,"1,277.10",1.55%
2012-01-04,"1,277.30",0.02%
2012-01-05,"1,281.10",0.30%
2012-01-06,"1,277.80",-0.26%
2012-01-09,"1,280.70",0.23%
2012-01-10,"1,292.10",0.89%
2012-01-11,"1,292.50",0.03%
2012-01-12,"1,295.50",0.23%
2012-01-13,"1,289.10",-0.49%
2012-01-17,"1,293.70",0.36%
2012-01-18,"1,308.00",1.11%
2012-01-19,"1,314.50",0.50%
2012-01-20,"1,315.40",0.07%
2012-01-23,"1,316.00",0.05%
2012-01-24,"1,314.70",-0.10%
2012-01-25,"1,326.00",0.86%
2012-01-26,"1,318.40",-0.57%
2012-01-27,"1,316.30",-0.16%
2012-01-30,"1,313.00",-0.25%
2012-01-31,"1,312.40",-0.05%
2012-02-01,"1,324.10",0.89%
2012-02-02,"1,325.50",0.11%
2012-02-03,"1,344.90",1.46%
2012-02-06,"1,344.30",-0.04%
2012-02-07,"1,347.00",0.20%
2012-02-08,"1,350.00",0.22%
2012-02-09,"1,352.00",0.15%
2012-02-10,"1,342.60",-0.70%
2012-02-13,"1,351.80",0.69%
2012-02-14,"1,350.50",-0.10%
2012-02-15,"1,343.20",-0.54%
2012-02-16,"1,358.00",1.10%
2012-02-17,"1,361.20",0.24%
2012-02-21,"1,362.20",0.07%
2012-02-22,"1,357.70",-0.33%
2012-02-23,"1,363.50",0.43%
2012-02-24,"1,365.70",0.16%
2012-02-27,"1,367.60",0.14%
2012-02-28,"1,372.20",0.34%
2012-02-29,"1,365.70",-0.47%
2012-03-01,"1,374.10",0.62%
2012-03-02,"1,369.60",-0.33%
2012-03-05,"1,364.30",-0.39%
2012-03-06,"1,343.40",-1.53%
2012-03-07,"1,352.60",0.68%
2012-03-08,"1,365.90",0.98%
2012-03-09,"1,370.90",0.37%
2012-03-12,"1,371.10",0.01%
2012-03-13,"1,396.00",1.82%
2012-03-14,"1,394.30",-0.12%
2012-03-15,"1,402.60",0.60%
2012-03-16,"1,404.20",0.11%
2012-03-19,"1,409.80",0.40%
2012-03-20,"1,405.50",-0.31%
2012-03-21,"1,402.90",-0.18%
2012-03-22,"1,392.80",-0.72%
2012-03-23,"1,397.10",0.31%
2012-03-26,"1,416.50",1.39%
2012-03-27,"1,412.50",-0.28%
2012-03-28,"1,405.50",-0.50%
2012-03-29,"1,403.30",-0.16%
2012-03-30,"1,408.50",0.37%
2012-04-02,"1,419.00",0.75%
2012-04-03,"1,413.40",-0.39%
2012-04-04,"1,399.00",-1.02%
2012-04-05,"1,398.10",-0.06%
2012-04-09,"1,382.20",-1.14%
2012-04-10,"1,358.60",-1.71%
2012-04-11,"1,368.70",0.74%
2012-04-12,"1,387.60",1.38%
2012-04-13,"1,370.30",-1.25%
2012-04-16,"1,369.60",-0.05%
2012-04-17,"1,390.80",1.55%
2012-04-18,"1,385.10",-0.41%
2012-04-19,"1,376.90",-0.59%
2012-04-20,"1,378.50",0.12%
2012-04-23,"1,366.90",-0.84%
2012-04-24,"1,372.00",0.37%
2012-04-25,"1,390.70",1.36%
2012-04-26,"1,400.00",0.67%
2012-04-27,"1,403.40",0.24%
2012-04-30,"1,397.90",-0.39%
2012-05-01,"1,405.80",0.57%
2012-05-02,"1,402.30",-0.25%
2012-05-03,"1,391.60",-0.76%
2012-05-04,"1,369.10",-1.62%
2012-05-07,"1,369.60",0.04%
2012-05-08,"1,363.70",-0.43%
2012-05-09,"1,354.60",-0.67%
2012-05-10,"1,358.00",0.25%
2012-05-11,"1,353.40",-0.34%
2012-05-14,"1,338.30",-1.12%
2012-05-15,"1,330.70",-0.57%
2012-05-16,"1,324.80",-0.44%
2012-05-17,"1,304.90",-1.50%
2012-05-18,"1,295.20",-0.74%
2012-05-21,"1,316.00",1.61%
2012-05-22,"1,316.60",0.05%
2012-05-23,"1,318.90",0.17%
2012-05-24,"1,320.70",0.14%
2012-05-25,"1,317.80",-0.22%
2012-05-29,"1,332.40",1.11%
2012-05-30,"1,313.30",-1.43%
2012-05-31,"1,310.30",-0.23%
2012-06-01,"1,278.00",-2.47%
2012-06-04,"1,278.20",0.02%
2012-06-05,"1,285.50",0.57%
2012-06-06,"1,315.10",2.30%
2012-06-07,"1,315.00",-0.01%
2012-06-08,"1,325.70",0.81%
2012-06-11,"1,308.90",-1.27%
2012-06-12,"1,324.20",1.17%
2012-06-13,"1,314.90",-0.70%
2012-06-14,"1,329.10",1.08%
2012-06-15,"1,342.80",1.03%
2012-06-18,"1,344.80",0.15%
2012-06-19,"1,358.00",0.98%
2012-06-20,"1,355.70",-0.17%
2012-06-21,"1,325.50",-2.23%
2012-06-22,"1,335.00",0.72%
2012-06-25,"1,313.70",-1.60%
2012-06-26,"1,320.00",0.48%
2012-06-27,"1,331.80",0.89%
2012-06-28,"1,329.00",-0.21%
2012-06-29,"1,362.20",2.50%
2012-07-02,"1,365.50",0.24%
2012-07-03,"1,374.00",0.62%
2012-07-05,"1,367.60",-0.47%
2012-07-06,"1,354.70",-0.94%
2012-07-09,"1,352.50",-0.16%
2012-07-10,"1,341.50",-0.81%
2012-07-11,"1,341.50",0.00%
2012-07-12,"1,334.80",-0.50%
2012-07-13,"1,356.80",1.65%
2012-07-16,"1,353.60",-0.24%
2012-07-17,"1,363.70",0.75%
2012-07-18,"1,372.80",0.67%
2012-07-19,"1,376.50",0.27%
2012-07-20,"1,362.70",-1.00%
2012-07-23,"1,350.50",-0.90%
2012-07-24,"1,338.30",-0.90%
2012-07-25,"1,337.90",-0.03%
2012-07-26,"1,360.00",1.65%
2012-07-27,"1,386.00",1.91%
2012-07-30,"1,385.30",-0.05%
2012-07-31,"1,379.30",-0.43%
2012-08-01,"1,375.10",-0.30%
2012-08-02,"1,365.00",-0.73%
2012-08-03,"1,391.00",1.90%
2012-08-06,"1,394.20",0.23%
2012-08-07,"1,401.30",0.51%
2012-08-08,"1,402.20",0.06%
2012-08-09,"1,402.80",0.04%
2012-08-10,"1,405.90",0.22%
2012-08-13,"1,404.10",-0.13%
2012-08-14,"1,403.90",-0.01%
2012-08-15,"1,405.50",0.11%
2012-08-16,"1,415.50",0.71%
2012-08-17,"1,418.20",0.19%
2012-08-20,"1,418.10",-0.01%
2012-08-21,"1,413.20",-0.35%
2012-08-22,"1,413.50",0.02%
2012-08-23,"1,402.10",-0.81%
2012-08-24,"1,411.10",0.64%
2012-08-27,"1,410.40",-0.05%
2012-08-28,"1,409.30",-0.08%
2012-08-29,"1,410.50",0.09%
2012-08-30,"1,399.50",-0.78%
2012-08-31,"1,406.60",0.51%
2012-09-04,"1,404.90",-0.12%
2012-09-05,"1,403.40",-0.11%
2012-09-06,"1,432.10",2.05%
2012-09-07,"1,437.90",0.41%
2012-09-10,"1,429.10",-0.61%
2012-09-11,"1,433.60",0.31%
2012-09-12,"1,436.60",0.21%
2012-09-13,"1,460.00",1.63%
2012-09-14,"1,465.80",0.40%
2012-09-17,"1,461.20",-0.31%
2012-09-18,"1,459.30",-0.13%
2012-09-19,"1,461.00",0.12%
2012-09-20,"1,460.30",-0.05%
2012-09-21,"1,460.20",-0.01%
2012-09-24,"1,456.90",-0.23%
2012-09-25,"1,441.60",-1.05%
2012-09-26,"1,433.30",-0.58%
2012-09-27,"1,447.20",0.97%
2012-09-28,"1,440.70",-0.45%
2012-10-01,"1,444.50",0.26%
2012-10-02,"1,445.80",0.09%
2012-10-03,"1,451.00",0.36%
2012-10-04,"1,461.40",0.72%
2012-10-05,"1,460.90",-0.03%
2012-10-08,"1,455.90",-0.34%
2012-10-09,"1,441.50",-0.99%
2012-10-10,"1,432.60",-0.62%
2012-10-11,"1,432.80",0.01%
2012-10-12,"1,428.60",-0.29%
2012-10-15,"1,440.10",0.80%
2012-10-16,"1,454.90",1.03%
2012-10-17,"1,460.90",0.41%
2012-10-18,"1,457.30",-0.25%
2012-10-19,"1,433.20",-1.65%
2012-10-22,"1,433.80",0.04%
2012-10-23,"1,413.10",-1.44%
2012-10-24,"1,408.80",-0.30%
2012-10-25,"1,413.00",0.30%
2012-10-26,"1,411.90",-0.08%
2012-10-31,"1,412.20",0.02%
2012-11-01,"1,427.60",1.09%
2012-11-02,"1,414.20",-0.94%
2012-11-05,"1,417.30",0.22%
2012-11-06,"1,428.40",0.78%
2012-11-07,"1,394.50",-2.37%
2012-11-08,"1,377.50",-1.22%
2012-11-09,"1,379.80",0.17%
2012-11-12,"1,380.00",0.01%
2012-11-13,"1,374.50",-0.40%
2012-11-14,"1,355.50",-1.38%
2012-11-15,"1,353.30",-0.16%
2012-11-16,"1,359.90",0.49%
2012-11-19,"1,386.90",1.99%
2012-11-20,"1,387.80",0.06%
2012-11-21,"1,391.00",0.23%
2012-11-23,"1,409.20",1.31%
2012-11-26,"1,406.30",-0.21%
2012-11-27,"1,398.90",-0.53%
2012-11-28,"1,409.90",0.79%
2012-11-29,"1,416.00",0.43%
2012-11-30,"1,416.20",0.01%
2012-12-03,"1,409.50",-0.47%
2012-12-04,"1,407.00",-0.18%
2012-12-05,"1,409.30",0.16%
2012-12-06,"1,413.90",0.33%
2012-12-07,"1,418.10",0.30%
2012-12-10,"1,418.50",0.03%
2012-12-11,"1,427.80",0.66%
2012-12-12,"1,428.50",0.05%
2012-12-13,"1,419.50",-0.63%
2012-12-14,"1,413.60",-0.42%
2012-12-17,"1,430.40",1.19%
2012-12-18,"1,446.80",1.15%
2012-12-19,"1,435.80",-0.76%
2012-12-20,"1,443.70",0.55%
2012-12-21,"1,430.20",-0.94%
2012-12-24,"1,426.70",-0.24%
2012-12-26,"1,419.80",-0.48%
2012-12-27,"1,418.10",-0.12%
2012-12-28,"1,402.40",-1.11%
2012-12-31,"1,426.20",1.70%
2013-01-02,"1,462.40",2.54%
2013-01-03,"1,459.40",-0.21%
2013-01-04,"1,466.50",0.49%
2013-01-07,"1,461.90",-0.31%
2013-01-08,"1,457.20",-0.32%
2013-01-09,"1,461.00",0.26%
2013-01-10,"1,472.10",0.76%
2013-01-11,"1,472.00",-0.01%
2013-01-14,"1,470.70",-0.09%
2013-01-15,"1,472.30",0.11%
2013-01-16,"1,472.60",0.02%
2013-01-17,"1,480.90",0.56%
2013-01-18,"1,486.00",0.34%
2013-01-22,"1,492.60",0.44%
2013-01-23,"1,494.80",0.15%
2013-01-24,"1,494.80",0.00%
2013-01-25,"1,503.00",0.55%
2013-01-28,"1,500.20",-0.19%
2013-01-29,"1,507.80",0.51%
2013-01-30,"1,502.00",-0.38%
2013-01-31,"1,498.10",-0.26%
2013-02-01,"1,513.20",1.01%
2013-02-04,"1,495.70",-1.16%
2013-02-05,"1,511.30",1.04%
2013-02-06,"1,512.10",0.05%
2013-02-07,"1,509.40",-0.18%
2013-02-08,"1,517.90",0.56%
2013-02-11,"1,517.00",-0.06%
2013-02-12,"1,519.40",0.16%
2013-02-13,"1,520.30",0.06%
2013-02-14,"1,521.40",0.07%
2013-02-15,"1,519.80",-0.11%
2013-02-19,"1,530.90",0.73%
2013-02-20,"1,512.00",-1.23%
2013-02-21,"1,502.40",-0.63%
2013-02-22,"1,515.60",0.88%
2013-02-25,"1,487.80",-1.83%
2013-02-26,"1,496.90",0.61%
2013-02-27,"1,516.00",1.28%
2013-02-28,"1,514.70",-0.09%
2013-03-01,"1,518.20",0.23%
2013-03-04,"1,525.20",0.46%
2013-03-05,"1,539.80",0.96%
2013-03-06,"1,541.50",0.11%
2013-03-07,"1,544.30",0.18%
2013-03-08,"1,551.20",0.45%
2013-03-11,"1,556.20",0.32%
2013-03-12,"1,552.50",-0.24%
2013-03-13,"1,554.50",0.13%
2013-03-14,"1,563.20",0.56%
2013-03-15,"1,560.70",-0.16%
2013-03-18,"1,552.10",-0.55%
2013-03-19,"1,548.30",-0.24%
2013-03-20,"1,558.70",0.67%
2013-03-21,"1,545.80",-0.83%
2013-03-22,"1,556.90",0.72%
2013-03-25,"1,551.70",-0.33%
2013-03-26,"1,563.80",0.78%
2013-03-27,"1,562.80",-0.06%
2013-03-28,"1,569.20",0.41%
2013-04-01,"1,562.20",-0.45%
2013-04-02,"1,570.20",0.51%
2013-04-03,"1,553.70",-1.05%
2013-04-04,"1,560.00",0.41%
2013-04-05,"1,553.30",-0.43%
2013-04-08,"1,563.10",0.63%
2013-04-09,"1,568.60",0.35%
2013-04-10,"1,587.70",1.22%
2013-04-11,"1,593.40",0.36%
2013-04-12,"1,588.80",-0.29%
2013-04-15,"1,552.40",-2.29%
2013-04-16,"1,574.60",1.43%
2013-04-17,"1,552.00",-1.44%
2013-04-18,"1,541.60",-0.67%
2013-04-19,"1,555.20",0.88%
2013-04-22,"1,562.50",0.47%
2013-04-23,"1,578.80",1.04%
2013-04-24,"1,578.80",0.00%
2013-04-25,"1,585.20",0.41%
2013-04-26,"1,582.20",-0.19%
2013-04-29,"1,593.60",0.72%
2013-04-30,"1,597.60",0.25%
2013-05-01,"1,582.70",-0.93%
2013-05-02,"1,597.60",0.94%
2013-05-03,"1,614.40",1.05%
2013-05-06,"1,617.50",0.19%
2013-05-07,"1,626.00",0.53%
2013-05-08,"1,632.70",0.41%
2013-05-09,"1,626.70",-0.37%
2013-05-10,"1,633.70",0.43%
2013-05-13,"1,633.80",0.01%
2013-05-14,"1,650.30",1.01%
2013-05-15,"1,658.80",0.52%
2013-05-16,"1,650.50",-0.50%
2013-05-17,"1,667.50",1.03%
2013-05-20,"1,666.30",-0.07%
2013-05-21,"1,669.20",0.17%
2013-05-22,"1,655.30",-0.83%
2013-05-23,"1,650.50",-0.29%
2013-05-24,"1,649.60",-0.05%
2013-05-28,"1,660.10",0.64%
2013-05-29,"1,648.40",-0.70%
2013-05-30,"1,654.40",0.36%
2013-05-31,"1,630.70",-1.43%
2013-06-03,"1,640.40",0.59%
2013-06-04,"1,631.40",-0.55%
2013-06-05,"1,608.90",-1.38%
2013-06-06,"1,622.60",0.85%
2013-06-07,"1,643.40",1.28%
2013-06-10,"1,642.80",-0.04%
2013-06-11,"1,626.10",-1.02%
2013-06-12,"1,612.50",-0.84%
2013-06-13,"1,636.40",1.48%
2013-06-14,"1,626.70",-0.59%
2013-06-17,"1,639.00",0.76%
2013-06-18,"1,651.80",0.78%
2013-06-19,"1,628.90",-1.39%
2013-06-20,"1,588.20",-2.50%
2013-06-21,"1,592.40",0.26%
2013-06-24,"1,573.10",-1.21%
2013-06-25,"1,588.00",0.95%
2013-06-26,"1,603.30",0.96%
2013-06-27,"1,613.20",0.62%
2013-06-28,"1,606.30",-0.43%
2013-07-01,"1,615.00",0.54%
2013-07-02,"1,614.10",-0.06%
2013-07-03,"1,615.40",0.08%
2013-07-05,"1,631.90",1.02%
2013-07-08,"1,640.50",0.53%
2013-07-09,"1,652.30",0.72%
2013-07-10,"1,652.60",0.02%
2013-07-11,"1,675.00",1.36%
2013-07-12,"1,680.20",0.31%
2013-07-15,"1,682.50",0.14%
2013-07-16,"1,676.30",-0.37%
2013-07-17,"1,680.90",0.27%
2013-07-18,"1,689.40",0.51%
2013-07-19,"1,692.10",0.16%
2013-07-22,"1,695.50",0.20%
2013-07-23,"1,692.40",-0.18%
2013-07-24,"1,685.90",-0.38%
2013-07-25,"1,690.20",0.26%
2013-07-26,"1,691.70",0.09%
2013-07-29,"1,685.30",-0.38%
2013-07-30,"1,686.00",0.04%
2013-07-31,"1,685.70",-0.02%
2013-08-01,"1,706.90",1.26%
2013-08-02,"1,709.70",0.16%
2013-08-05,"1,707.10",-0.15%
2013-08-06,"1,697.40",-0.57%
2013-08-07,"1,690.90",-0.38%
2013-08-08,"1,697.50",0.39%
2013-08-09,"1,691.40",-0.36%
2013-08-12,"1,689.50",-0.11%
2013-08-13,"1,694.20",0.28%
2013-08-14,"1,685.40",-0.52%
2013-08-15,"1,661.30",-1.43%
2013-08-16,"1,655.80",-0.33%
2013-08-19,"1,646.10",-0.59%
2013-08-20,"1,652.30",0.38%
2013-08-21,"1,642.80",-0.57%
2013-08-22,"1,657.00",0.86%
2013-08-23,"1,663.50",0.39%
2013-08-26,"1,656.80",-0.40%
2013-08-27,"1,630.50",-1.59%
2013-08-28,"1,635.00",0.28%
2013-08-29,"1,638.20",0.20%
2013-08-30,"1,633.00",-0.32%
2013-09-03,"1,639.80",0.42%
2013-09-04,"1,653.10",0.81%
2013-09-05,"1,655.10",0.12%
2013-09-06,"1,655.20",0.01%
2013-09-09,"1,671.70",1.00%
2013-09-10,"1,684.00",0.74%
2013-09-11,"1,689.10",0.30%
2013-09-12,"1,683.40",-0.34%
2013-09-13,"1,688.00",0.27%
2013-09-16,"1,697.60",0.57%
2013-09-17,"1,704.80",0.42%
2013-09-18,"1,725.50",1.21%
2013-09-19,"1,722.30",-0.19%
2013-09-20,"1,709.90",-0.72%
2013-09-23,"1,701.80",-0.47%
2013-09-24,"1,697.40",-0.26%
2013-09-25,"1,692.80",-0.27%
2013-09-26,"1,698.70",0.35%
2013-09-27,"1,691.80",-0.41%
2013-09-30,"1,681.50",-0.61%
2013-10-01,"1,695.00",0.80%
2013-10-02,"1,693.90",-0.06%
2013-10-03,"1,678.70",-0.90%
2013-10-04,"1,690.50",0.70%
2013-10-07,"1,676.10",-0.85%
2013-10-08,"1,655.50",-1.23%
2013-10-09,"1,656.40",0.05%
2013-10-10,"1,692.60",2.19%
2013-10-11,"1,703.20",0.63%
2013-10-14,"1,710.10",0.41%
2013-10-15,"1,698.10",-0.70%
2013-10-16,"1,721.50",1.38%
2013-10-17,"1,733.20",0.68%
2013-10-18,"1,744.50",0.65%
2013-10-21,"1,744.70",0.01%
2013-10-22,"1,754.70",0.57%
2013-10-23,"1,746.40",-0.47%
2013-10-24,"1,752.10",0.33%
2013-10-25,"1,759.80",0.44%
2013-10-28,"1,762.10",0.13%
2013-10-29,"1,772.00",0.56%
2013-10-30,"1,763.30",-0.49%
2013-10-31,"1,756.50",-0.39%
2013-11-01,"1,761.60",0.29%
2013-11-04,"1,767.90",0.36%
2013-11-05,"1,763.00",-0.28%
2013-11-06,"1,770.50",0.43%
2013-11-07,"1,747.20",-1.32%
2013-11-08,"1,770.60",1.34%
2013-11-11,"1,771.90",0.07%
2013-11-12,"1,767.70",-0.24%
2013-11-13,"1,782.00",0.81%
2013-11-14,"1,790.60",0.48%
2013-11-15,"1,798.20",0.42%
2013-11-18,"1,791.50",-0.37%
2013-11-19,"1,787.90",-0.20%
2013-11-20,"1,781.40",-0.36%
2013-11-21,"1,795.80",0.81%
2013-11-22,"1,804.80",0.50%
2013-11-25,"1,802.50",-0.13%
2013-11-26,"1,802.80",0.02%
2013-11-27,"1,807.20",0.24%
2013-11-29,"1,805.80",-0.08%
2013-12-02,"1,800.90",-0.27%
2013-12-03,"1,795.20",-0.32%
2013-12-04,"1,792.80",-0.13%
2013-12-05,"1,785.00",-0.44%
2013-12-06,"1,805.10",1.13%
2013-12-09,"1,808.40",0.18%
2013-12-10,"1,802.60",-0.32%
2013-12-11,"1,782.20",-1.13%
2013-12-12,"1,775.50",-0.38%
2013-12-13,"1,775.30",-0.01%
2013-12-16,"1,786.50",0.63%
2013-12-17,"1,781.00",-0.31%
2013-12-18,"1,810.70",1.67%
2013-12-19,"1,809.60",-0.06%
2013-12-20,"1,818.30",0.48%
2013-12-23,"1,828.00",0.53%
2013-12-24,"1,833.30",0.29%
2013-12-26,"1,842.00",0.47%
2013-12-27,"1,841.40",-0.03%
2013-12-30,"1,841.10",-0.02%
2013-12-31,"1,848.40",0.40%
2014-01-02,"1,832.00",-0.89%
2014-01-03,"1,831.40",-0.03%
2014-01-06,"1,826.80",-0.25%
2014-01-07,"1,837.90",0.61%
2014-01-08,"1,837.50",-0.02%
2014-01-09,"1,838.10",0.03%
2014-01-10,"1,842.40",0.23%
2014-01-13,"1,819.20",-1.26%
2014-01-14,"1,838.90",1.08%
2014-01-15,"1,848.40",0.52%
2014-01-16,"1,845.90",-0.14%
2014-01-17,"1,838.70",-0.39%
2014-01-21,"1,843.80",0.28%
2014-01-22,"1,844.90",0.06%
2014-01-23,"1,828.50",-0.89%
2014-01-24,"1,790.30",-2.09%
2014-01-27,"1,781.60",-0.49%
2014-01-28,"1,792.50",0.61%
2014-01-29,"1,774.20",-1.02%
2014-01-30,"1,794.20",1.13%
2014-01-31,"1,782.60",-0.65%
2014-02-03,"1,741.90",-2.28%
2014-02-04,"1,755.20",0.76%
2014-02-05,"1,751.60",-0.21%
2014-02-06,"1,773.40",1.24%
2014-02-07,"1,797.00",1.33%
2014-02-10,"1,799.80",0.16%
2014-02-11,"1,819.80",1.11%
2014-02-12,"1,819.30",-0.03%
2014-02-13,"1,829.80",0.58%
2014-02-14,"1,838.60",0.48%
2014-02-18,"1,840.80",0.12%
2014-02-19,"1,828.80",-0.65%
2014-02-20,"1,839.80",0.60%
2014-02-21,"1,836.20",-0.20%
2014-02-24,"1,847.60",0.62%
2014-02-25,"1,845.10",-0.14%
2014-02-26,"1,845.20",0.01%
2014-02-27,"1,854.30",0.49%
2014-02-28,"1,859.50",0.28%
2014-03-03,"1,845.70",-0.74%
2014-03-04,"1,873.90",1.53%
2014-03-05,"1,873.80",-0.01%
2014-03-06,"1,877.00",0.17%
2014-03-07,"1,878.00",0.05%
2014-03-10,"1,877.20",-0.04%
2014-03-11,"1,867.60",-0.51%
2014-03-12,"1,868.20",0.03%
2014-03-13,"1,846.30",-1.17%
2014-03-14,"1,841.10",-0.28%
2014-03-17,"1,858.80",0.96%
2014-03-18,"1,872.20",0.72%
2014-03-19,"1,860.80",-0.61%
2014-03-20,"1,872.00",0.60%
2014-03-21,"1,866.50",-0.29%
2014-03-24,"1,857.40",-0.49%
2014-03-25,"1,865.60",0.44%
2014-03-26,"1,852.60",-0.70%
2014-03-27,"1,849.00",-0.19%
2014-03-28,"1,857.60",0.47%
2014-03-31,"1,872.30",0.79%
2014-04-01,"1,885.50",0.71%
2014-04-02,"1,890.90",0.29%
2014-04-03,"1,888.80",-0.11%
2014-04-04,"1,865.10",-1.25%
2014-04-07,"1,845.00",-1.08%
2014-04-08,"1,852.00",0.38%
2014-04-09,"1,872.20",1.09%
2014-04-10,"1,833.10",-2.09%
2014-04-11,"1,815.70",-0.95%
2014-04-14,"1,830.60",0.82%
2014-04-15,"1,843.00",0.68%
2014-04-16,"1,862.30",1.05%
2014-04-17,"1,864.80",0.13%
2014-04-21,"1,871.90",0.38%
2014-04-22,"1,879.50",0.41%
2014-04-23,"1,875.40",-0.22%
2014-04-24,"1,878.60",0.17%
2014-04-25,"1,863.40",-0.81%
2014-04-28,"1,869.40",0.32%
2014-04-29,"1,878.30",0.48%
2014-04-30,"1,884.00",0.30%
2014-05-01,"1,883.70",-0.02%
2014-05-02,"1,881.10",-0.14%
2014-05-05,"1,884.70",0.19%
2014-05-06,"1,867.70",-0.90%
2014-05-07,"1,878.20",0.56%
2014-05-08,"1,875.60",-0.14%
2014-05-09,"1,878.50",0.15%
2014-05-12,"1,896.70",0.97%
2014-05-13,"1,897.50",0.04%
2014-05-14,"1,888.50",-0.47%
2014-05-15,"1,870.80",-0.94%
2014-05-16,"1,877.90",0.38%
2014-05-19,"1,885.10",0.38%
2014-05-20,"1,872.80",-0.65%
2014-05-21,"1,888.00",0.81%
2014-05-22,"1,892.50",0.24%
2014-05-23,"1,900.50",0.42%
2014-05-27,"1,911.90",0.60%
2014-05-28,"1,909.80",-0.11%
2014-05-29,"1,920.00",0.53%
2014-05-30,"1,923.60",0.19%
2014-06-02,"1,925.00",0.07%
2014-06-03,"1,924.20",-0.04%
2014-06-04,"1,927.90",0.19%
2014-06-05,"1,940.50",0.65%
2014-06-06,"1,949.40",0.46%
2014-06-09,"1,951.30",0.10%
2014-06-10,"1,950.80",-0.03%
2014-06-11,"1,943.90",-0.35%
2014-06-12,"1,930.10",-0.71%
2014-06-13,"1,936.20",0.32%
2014-06-16,"1,937.80",0.08%
2014-06-17,"1,942.00",0.22%
2014-06-18,"1,957.00",0.77%
2014-06-19,"1,959.50",0.13%
2014-06-20,"1,962.90",0.17%
2014-06-23,"1,962.60",-0.02%
2014-06-24,"1,950.00",-0.64%
2014-06-25,"1,959.50",0.49%
2014-06-26,"1,957.20",-0.12%
2014-06-27,"1,961.00",0.19%
2014-06-30,"1,960.20",-0.04%
2014-07-01,"1,973.30",0.67%
2014-07-02,"1,974.60",0.07%
2014-07-03,"1,985.40",0.55%
2014-07-07,"1,977.70",-0.39%
2014-07-08,"1,963.70",-0.71%
2014-07-09,"1,972.80",0.46%
2014-07-10,"1,964.70",-0.41%
2014-07-11,"1,967.60",0.15%
2014-07-14,"1,977.10",0.48%
2014-07-15,"1,973.30",-0.19%
2014-07-16,"1,981.60",0.42%
2014-07-17,"1,958.10",-1.19%
2014-07-18,"1,978.20",1.03%
2014-07-21,"1,973.60",-0.23%
2014-07-22,"1,983.50",0.50%
2014-07-23,"1,987.00",0.18%
2014-07-24,"1,988.00",0.05%
2014-07-25,"1,978.30",-0.49%
2014-07-28,"1,978.90",0.03%
2014-07-29,"1,970.00",-0.45%
2014-07-30,"1,970.10",0.01%
2014-07-31,"1,930.70",-2.00%
2014-08-01,"1,925.20",-0.28%
2014-08-04,"1,939.00",0.72%
2014-08-05,"1,920.20",-0.97%
2014-08-06,"1,920.20",0.00%
2014-08-07,"1,909.60",-0.55%
2014-08-08,"1,931.60",1.15%
2014-08-11,"1,936.90",0.27%
2014-08-12,"1,933.80",-0.16%
2014-08-13,"1,946.70",0.67%
2014-08-14,"1,955.20",0.44%
2014-08-15,"1,955.10",-0.01%
2014-08-18,"1,971.70",0.85%
2014-08-19,"1,981.60",0.50%
2014-08-20,"1,986.50",0.25%
2014-08-21,"1,992.40",0.30%
2014-08-22,"1,988.40",-0.20%
2014-08-25,"1,997.90",0.48%
2014-08-26,"2,000.00",0.11%
2014-08-27,"2,000.10",0.00%
2014-08-28,"1,996.70",-0.17%
2014-08-29,"2,003.40",0.34%
2014-09-02,"2,002.30",-0.05%
2014-09-03,"2,000.70",-0.08%
2014-09-04,"1,997.70",-0.15%
2014-09-05,"2,007.70",0.50%
2014-09-08,"2,001.50",-0.31%
2014-09-09,"1,988.40",-0.65%
2014-09-10,"1,995.70",0.37%
2014-09-11,"1,997.50",0.09%
2014-09-12,"1,985.50",-0.60%
2014-09-15,"1,984.10",-0.07%
2014-09-16,"1,999.00",0.75%
2014-09-17,"2,001.60",0.13%
2014-09-18,"2,011.40",0.49%
2014-09-19,"2,010.40",-0.05%
2014-09-22,"1,994.30",-0.80%
2014-09-23,"1,982.80",-0.58%
2014-09-24,"1,998.30",0.78%
2014-09-25,"1,966.00",-1.62%
2014-09-26,"1,982.80",0.85%
2014-09-29,"1,977.80",-0.25%
2014-09-30,"1,972.30",-0.28%
2014-10-01,"1,946.20",-1.32%
2014-10-02,"1,946.20",0.00%
2014-10-03,"1,967.90",1.11%
2014-10-06,"1,964.80",-0.16%
2014-10-07,"1,935.10",-1.51%
2014-10-08,"1,968.90",1.75%
2014-10-09,"1,928.20",-2.07%
2014-10-10,"1,906.10",-1.15%
2014-10-13,"1,874.70",-1.65%
2014-10-14,"1,877.70",0.16%
2014-10-15,"1,862.50",-0.81%
2014-10-16,"1,862.80",0.02%
2014-10-17,"1,886.80",1.29%
2014-10-20,"1,904.00",0.91%
2014-10-21,"1,941.30",1.96%
2014-10-22,"1,927.10",-0.73%
2014-10-23,"1,950.80",1.23%
2014-10-24,"1,964.60",0.71%
2014-10-27,"1,961.60",-0.15%
2014-10-28,"1,985.00",1.19%
2014-10-29,"1,982.30",-0.14%
2014-10-30,"1,994.70",0.63%
2014-10-31,"2,018.00",1.17%
2014-11-03,"2,017.80",-0.01%
2014-11-04,"2,012.10",-0.28%
2014-11-05,"2,023.60",0.57%
2014-11-06,"2,031.20",0.38%
2014-11-07,"2,031.90",0.03%
2014-11-10,"2,038.30",0.31%
2014-11-11,"2,039.70",0.07%
2014-11-12,"2,038.20",-0.07%
2014-11-13,"2,039.30",0.05%
2014-11-14,"2,039.80",0.02%
2014-11-17,"2,041.30",0.07%
2014-11-18,"2,051.80",0.51%
2014-11-19,"2,048.70",-0.15%
2014-11-20,"2,052.80",0.20%
2014-11-21,"2,063.50",0.52%
2014-11-24,"2,069.40",0.29%
2014-11-25,"2,067.00",-0.12%
2014-11-26,"2,072.80",0.28%
2014-11-28,"2,067.60",-0.25%
2014-12-01,"2,053.40",-0.69%
2014-12-02,"2,066.60",0.64%
2014-12-03,"2,074.30",0.37%
2014-12-04,"2,071.90",-0.12%
2014-12-05,"2,075.40",0.17%
2014-12-08,"2,060.30",-0.73%
2014-12-09,"2,059.80",-0.02%
2014-12-10,"2,026.10",-1.64%
2014-12-11,"2,035.30",0.45%
2014-12-12,"2,002.30",-1.62%
2014-12-15,"1,989.60",-0.63%
2014-12-16,"1,972.70",-0.85%
2014-12-17,"2,012.90",2.04%
2014-12-18,"2,061.20",2.40%
2014-12-19,"2,070.70",0.46%
2014-12-22,"2,078.50",0.38%
2014-12-23,"2,082.20",0.18%
2014-12-24,"2,081.90",-0.01%
2014-12-26,"2,088.80",0.33%
2014-12-29,"2,090.60",0.09%
2014-12-30,"2,080.30",-0.49%
2014-12-31,"2,058.90",-1.03%
2015-01-02,"2,058.20",-0.03%
2015-01-05,"2,020.60",-1.83%
2015-01-06,"2,002.60",-0.89%
2015-01-07,"2,025.90",1.16%
2015-01-08,"2,062.10",1.79%
2015-01-09,"2,044.80",-0.84%
2015-01-12,"2,028.30",-0.81%
2015-01-13,"2,023.00",-0.26%
2015-01-14,"2,011.30",-0.58%
2015-01-15,"1,992.70",-0.92%
2015-01-16,"2,019.40",1.34%
2015-01-20,"2,022.50",0.15%
2015-01-21,"2,032.10",0.47%
2015-01-22,"2,063.20",1.53%
2015-01-23,"2,051.80",-0.55%
2015-01-26,"2,057.10",0.26%
2015-01-27,"2,029.50",-1.34%
2015-01-28,"2,002.20",-1.35%
2015-01-29,"2,021.20",0.95%
2015-01-30,"1,995.00",-1.30%
2015-02-02,"2,020.80",1.29%
2015-02-03,"2,050.00",1.44%
2015-02-04,"2,041.50",-0.41%
2015-02-05,"2,062.50",1.03%
2015-02-06,"2,055.50",-0.34%
2015-02-09,"2,046.70",-0.43%
2015-02-10,"2,068.60",1.07%
2015-02-11,"2,068.50",0.00%
2015-02-12,"2,088.50",0.97%
2015-02-13,"2,097.00",0.41%
2015-02-17,"2,100.30",0.16%
2015-02-18,"2,099.70",-0.03%
2015-02-19,"2,097.40",-0.11%
2015-02-20,"2,110.30",0.62%
2015-02-23,"2,109.70",-0.03%
2015-02-24,"2,115.50",0.27%
2015-02-25,"2,113.90",-0.08%
2015-02-26,"2,110.70",-0.15%
2015-02-27,"2,104.50",-0.29%
2015-03-02,"2,117.40",0.61%
2015-03-03,"2,107.80",-0.45%
2015-03-04,"2,098.50",-0.44%
2015-03-05,"2,101.00",0.12%
2015-03-06,"2,071.30",-1.41%
2015-03-09,"2,079.40",0.39%
2015-03-10,"2,044.20",-1.69%
2015-03-11,"2,040.20",-0.20%
2015-03-12,"2,065.90",1.26%
2015-03-13,"2,053.40",-0.61%
2015-03-16,"2,081.20",1.35%
2015-03-17,"2,074.30",-0.33%
2015-03-18,"2,099.50",1.21%
2015-03-19,"2,089.30",-0.49%
2015-03-20,"2,108.10",0.90%
2015-03-23,"2,104.40",-0.18%
2015-03-24,"2,091.50",-0.61%
2015-03-25,"2,061.10",-1.45%
2015-03-26,"2,056.20",-0.24%
2015-03-27,"2,061.00",0.23%
2015-03-30,"2,086.20",1.22%
2015-03-31,"2,067.90",-0.88%
2015-04-01,"2,059.70",-0.40%
2015-04-02,"2,067.00",0.35%
2015-04-06,"2,080.60",0.66%
2015-04-07,"2,076.30",-0.21%
2015-04-08,"2,081.90",0.27%
2015-04-09,"2,091.20",0.45%
2015-04-10,"2,102.10",0.52%
2015-04-13,"2,092.40",-0.46%
2015-04-14,"2,095.80",0.16%
2015-04-15,"2,106.60",0.52%
2015-04-16,"2,105.00",-0.08%
2015-04-17,"2,081.20",-1.13%
2015-04-20,"2,100.40",0.92%
2015-04-21,"2,097.30",-0.15%
2015-04-22,"2,108.00",0.51%
2015-04-23,"2,112.90",0.23%
2015-04-24,"2,117.70",0.23%
2015-04-27,"2,108.90",-0.42%
2015-04-28,"2,114.80",0.28%
2015-04-29,"2,106.80",-0.38%
2015-04-30,"2,085.50",-1.01%
2015-05-01,"2,108.30",1.09%
2015-05-04,"2,114.50",0.29%
2015-05-05,"2,089.50",-1.18%
2015-05-06,"2,080.20",-0.45%
2015-05-07,"2,088.00",0.37%
2015-05-08,"2,116.10",1.35%
2015-05-11,"2,105.30",-0.51%
2015-05-12,"2,099.10",-0.29%
2015-05-13,"2,098.50",-0.03%
2015-05-14,"2,121.10",1.08%
2015-05-15,"2,122.70",0.08%
2015-05-18,"2,129.20",0.31%
2015-05-19,"2,127.80",-0.07%
2015-05-20,"2,125.80",-0.09%
2015-05-21,"2,130.80",0.24%
2015-05-22,"2,126.10",-0.22%
2015-05-26,"2,104.20",-1.03%
2015-05-27,"2,123.50",0.92%
2015-05-28,"2,120.80",-0.13%
2015-05-29,"2,107.40",-0.63%
2015-06-01,"2,111.70",0.20%
2015-06-02,"2,109.60",-0.10%
2015-06-03,"2,114.10",0.21%
2015-06-04,"2,095.80",-0.87%
2015-06-05,"2,092.80",-0.14%
2015-06-08,"2,079.30",-0.65%
2015-06-09,"2,080.20",0.04%
2015-06-10,"2,105.20",1.20%
2015-06-11,"2,108.90",0.18%
2015-06-12,"2,094.10",-0.70%
2015-06-15,"2,084.40",-0.46%
2015-06-16,"2,096.30",0.57%
2015-06-17,"2,100.40",0.20%
2015-06-18,"2,121.20",0.99%
2015-06-19,"2,110.00",-0.53%
2015-06-22,"2,122.80",0.61%
2015-06-23,"2,124.20",0.07%
2015-06-24,"2,108.60",-0.73%
2015-06-25,"2,102.30",-0.30%
2015-06-26,"2,101.50",-0.04%
2015-06-29,"2,057.60",-2.09%
2015-06-30,"2,063.10",0.27%
2015-07-01,"2,077.40",0.69%
2015-07-02,"2,076.80",-0.03%
2015-07-06,"2,068.80",-0.39%
2015-07-07,"2,081.30",0.60%
2015-07-08,"2,046.70",-1.66%
2015-07-09,"2,051.30",0.22%
2015-07-10,"2,076.60",1.23%
2015-07-13,"2,099.60",1.11%
2015-07-14,"2,108.90",0.44%
2015-07-15,"2,107.40",-0.07%
2015-07-16,"2,124.30",0.80%
2015-07-17,"2,126.60",0.11%
2015-07-20,"2,128.30",0.08%
2015-07-21,"2,119.20",-0.43%
2015-07-22,"2,114.20",-0.24%
2015-07-23,"2,102.20",-0.57%
2015-07-24,"2,079.70",-1.07%
2015-07-27,"2,067.60",-0.58%
2015-07-28,"2,093.20",1.24%
2015-07-29,"2,108.60",0.74%
2015-07-30,"2,108.60",0.00%
2015-07-31,"2,103.80",-0.23%
2015-08-03,"2,098.00",-0.28%
2015-08-04,"2,093.30",-0.22%
2015-08-05,"2,099.80",0.31%
2015-08-06,"2,083.60",-0.77%
2015-08-07,"2,077.60",-0.29%
2015-08-10,"2,104.20",1.28%
2015-08-11,"2,084.10",-0.96%
2015-08-12,"2,086.10",0.10%
2015-08-13,"2,083.40",-0.13%
2015-08-14,"2,091.50",0.39%
2015-08-17,"2,102.40",0.52%
2015-08-18,"2,096.90",-0.26%
2015-08-19,"2,079.60",-0.83%
2015-08-20,"2,035.70",-2.11%
2015-08-21,"1,970.90",-3.18%
2015-08-24,"1,893.20",-3.94%
2015-08-25,"1,867.60",-1.35%
2015-08-26,"1,940.50",3.90%
2015-08-27,"1,987.70",2.43%
2015-08-28,"1,988.90",0.06%
2015-08-31,"1,972.20",-0.84%
2015-09-01,"1,913.80",-2.96%
2015-09-02,"1,948.90",1.83%
2015-09-03,"1,951.10",0.11%
2015-09-04,"1,921.20",-1.53%
2015-09-08,"1,969.40",2.51%
2015-09-09,"1,942.00",-1.39%
2015-09-10,"1,952.30",0.53%
2015-09-11,"1,961.00",0.45%
2015-09-14,"1,953.00",-0.41%
2015-09-15,"1,978.10",1.29%
2015-09-16,"1,995.30",0.87%
2015-09-17,"1,990.20",-0.26%
2015-09-18,"1,958.00",-1.62%
2015-09-21,"1,967.00",0.46%
2015-09-22,"1,942.70",-1.24%
2015-09-23,"1,938.80",-0.20%
2015-09-24,"1,932.20",-0.34%
2015-09-25,"1,931.30",-0.05%
2015-09-28,"1,881.80",-2.56%
2015-09-29,"1,884.10",0.12%
2015-09-30,"1,920.00",1.91%
2015-10-01,"1,923.80",0.20%
2015-10-02,"1,951.40",1.43%
2015-10-05,"1,987.00",1.82%
2015-10-06,"1,979.90",-0.36%
2015-10-07,"1,995.80",0.80%
2015-10-08,"2,013.40",0.88%
2015-10-09,"2,014.90",0.07%
2015-10-12,"2,017.50",0.13%
2015-10-13,"2,003.70",-0.68%
2015-10-14,"1,994.20",-0.47%
2015-10-15,"2,023.90",1.49%
2015-10-16,"2,033.10",0.45%
2015-10-19,"2,033.70",0.03%
2015-10-20,"2,030.80",-0.14%
2015-10-21,"2,018.90",-0.59%
2015-10-22,"2,052.50",1.66%
2015-10-23,"2,075.20",1.11%
2015-10-26,"2,071.20",-0.19%
2015-10-27,"2,065.90",-0.26%
2015-10-28,"2,090.30",1.18%
2015-10-29,"2,089.40",-0.04%
2015-10-30,"2,079.40",-0.48%
2015-11-02,"2,104.10",1.19%
2015-11-03,"2,109.80",0.27%
2015-11-04,"2,102.30",-0.36%
2015-11-05,"2,099.90",-0.11%
2015-11-06,"2,099.20",-0.03%
2015-11-09,"2,078.60",-0.98%
2015-11-10,"2,081.70",0.15%
2015-11-11,"2,075.00",-0.32%
2015-11-12,"2,046.00",-1.40%
2015-11-13,"2,023.00",-1.12%
2015-11-16,"2,053.20",1.49%
2015-11-17,"2,050.40",-0.14%
2015-11-18,"2,083.60",1.62%
2015-11-19,"2,081.20",-0.12%
2015-11-20,"2,089.20",0.38%
2015-11-23,"2,086.60",-0.12%
2015-11-24,"2,089.10",0.12%
2015-11-25,"2,088.90",-0.01%
2015-11-27,"2,090.10",0.06%
2015-11-30,"2,080.40",-0.46%
2015-12-01,"2,102.60",1.07%
2015-12-02,"2,079.50",-1.10%
2015-12-03,"2,049.60",-1.44%
2015-12-04,"2,091.70",2.05%
2015-12-07,"2,077.10",-0.70%
2015-12-08,"2,063.60",-0.65%
2015-12-09,"2,047.60",-0.78%
2015-12-10,"2,052.20",0.22%
2015-12-11,"2,012.40",-1.94%
2015-12-14,"2,021.90",0.47%
2015-12-15,"2,043.40",1.06%
2015-12-16,"2,073.10",1.45%
2015-12-17,"2,041.90",-1.50%
2015-12-18,"2,005.50",-1.78%
2015-12-21,"2,021.20",0.78%
2015-12-22,"2,039.00",0.88%
2015-12-23,"2,064.30",1.24%
2015-12-24,"2,061.00",-0.16%
2015-12-28,"2,056.50",-0.22%
2015-12-29,"2,078.40",1.06%
2015-12-30,"2,063.40",-0.72%
2015-12-31,"2,043.90",-0.95%
2016-01-04,"2,012.70",-1.53%
2016-01-05,"2,016.70",0.20%
2016-01-06,"1,990.30",-1.31%
2016-01-07,"1,943.10",-2.37%
2016-01-08,"1,922.00",-1.09%
2016-01-11,"1,923.70",0.09%
2016-01-12,"1,938.70",0.78%
2016-01-13,"1,890.30",-2.50%
2016-01-14,"1,921.80",1.67%
2016-01-15,"1,880.30",-2.16%
2016-01-19,"1,881.30",0.05%
2016-01-20,"1,859.30",-1.17%
2016-01-21,"1,869.00",0.52%
2016-01-22,"1,906.90",2.03%
2016-01-25,"1,877.10",-1.56%
2016-01-26,"1,903.60",1.41%
2016-01-27,"1,883.00",-1.08%
2016-01-28,"1,893.40",0.55%
2016-01-29,"1,940.20",2.47%
2016-02-01,"1,939.40",-0.04%
2016-02-02,"1,903.00",-1.88%
2016-02-03,"1,912.50",0.50%
2016-02-04,"1,915.50",0.16%
2016-02-05,"1,880.00",-1.85%
2016-02-08,"1,853.40",-1.41%
2016-02-09,"1,852.20",-0.06%
2016-02-10,"1,851.90",-0.02%
2016-02-11,"1,829.10",-1.23%
2016-02-12,"1,864.80",1.95%
2016-02-16,"1,895.60",1.65%
2016-02-17,"1,926.80",1.65%
2016-02-18,"1,917.80",-0.47%
2016-02-19,"1,917.80",0.00%
2016-02-22,"1,945.50",1.44%
2016-02-23,"1,921.30",-1.24%
2016-02-24,"1,929.80",0.44%
2016-02-25,"1,951.70",1.13%
2016-02-26,"1,948.00",-0.19%
2016-02-29,"1,932.20",-0.81%
2016-03-01,"1,978.30",2.39%
2016-03-02,"1,986.50",0.41%
2016-03-03,"1,993.40",0.35%
2016-03-04,"2,000.00",0.33%
2016-03-07,"2,001.80",0.09%
2016-03-08,"1,979.30",-1.12%
2016-03-09,"1,989.30",0.51%
2016-03-10,"1,989.60",0.02%
2016-03-11,"2,022.20",1.64%
2016-03-14,"2,019.60",-0.13%
2016-03-15,"2,015.90",-0.18%
2016-03-16,"2,027.20",0.56%
2016-03-17,"2,040.60",0.66%
2016-03-18,"2,049.60",0.44%
2016-03-21,"2,051.60",0.10%
2016-03-22,"2,049.80",-0.09%
2016-03-23,"2,036.70",-0.64%
2016-03-24,"2,035.90",-0.04%
2016-03-28,"2,037.00",0.05%
2016-03-29,"2,055.00",0.88%
2016-03-30,"2,063.90",0.43%
2016-03-31,"2,059.70",-0.20%
2016-04-01,"2,072.80",0.64%
2016-04-04,"2,066.10",-0.32%
2016-04-05,"2,045.20",-1.01%
2016-04-06,"2,066.70",1.05%
2016-04-07,"2,041.90",-1.20%
2016-04-08,"2,047.60",0.28%
2016-04-11,"2,042.00",-0.27%
2016-04-12,"2,061.70",0.96%
2016-04-13,"2,082.40",1.00%
2016-04-14,"2,082.80",0.02%
2016-04-15,"2,080.70",-0.10%
2016-04-18,"2,094.30",0.65%
2016-04-19,"2,100.80",0.31%
2016-04-20,"2,102.40",0.08%
2016-04-21,"2,091.50",-0.52%
2016-04-22,"2,091.60",0.00%
2016-04-25,"2,087.80",-0.18%
2016-04-26,"2,091.70",0.19%
2016-04-27,"2,095.20",0.17%
2016-04-28,"2,075.80",-0.93%
2016-04-29,"2,065.30",-0.51%
2016-05-02,"2,081.40",0.78%
2016-05-03,"2,063.40",-0.86%
2016-05-04,"2,051.10",-0.60%
2016-05-05,"2,050.60",-0.02%
2016-05-06,"2,057.10",0.32%
2016-05-09,"2,058.70",0.08%
2016-05-10,"2,084.40",1.25%
2016-05-11,"2,064.50",-0.95%
2016-05-12,"2,064.10",-0.02%
2016-05-13,"2,046.60",-0.85%
2016-05-16,"2,066.70",0.98%
2016-05-17,"2,047.20",-0.94%
2016-05-18,"2,047.60",0.02%
2016-05-19,"2,040.00",-0.37%
2016-05-20,"2,052.30",0.60%
2016-05-23,"2,048.00",-0.21%
2016-05-24,"2,076.10",1.37%
2016-05-25,"2,090.50",0.69%
2016-05-26,"2,090.10",-0.02%
2016-05-27,"2,099.10",0.43%
2016-05-31,"2,097.00",-0.10%
2016-06-01,"2,099.30",0.11%
2016-06-02,"2,105.30",0.29%
2016-06-03,"2,099.10",-0.29%
2016-06-06,"2,109.40",0.49%
2016-06-07,"2,112.10",0.13%
2016-06-08,"2,119.10",0.33%
2016-06-09,"2,115.50",-0.17%
2016-06-10,"2,096.10",-0.92%
2016-06-13,"2,079.10",-0.81%
2016-06-14,"2,075.30",-0.18%
2016-06-15,"2,071.50",-0.18%
2016-06-16,"2,078.00",0.31%
2016-06-17,"2,071.20",-0.33%
2016-06-20,"2,083.20",0.58%
2016-06-21,"2,088.90",0.27%
2016-06-22,"2,085.40",-0.17%
2016-06-23,"2,113.30",1.34%
2016-06-24,"2,037.40",-3.59%
2016-06-27,"2,000.50",-1.81%
2016-06-28,"2,036.10",1.78%
2016-06-29,"2,070.80",1.70%
2016-06-30,"2,098.90",1.36%
2016-07-01,"2,102.90",0.19%
2016-07-05,"2,088.60",-0.68%
2016-07-06,"2,099.70",0.53%
2016-07-07,"2,097.90",-0.09%
2016-07-08,"2,129.90",1.53%
2016-07-11,"2,137.20",0.34%
2016-07-12,"2,152.10",0.70%
2016-07-13,"2,152.40",0.01%
2016-07-14,"2,163.80",0.53%
2016-07-15,"2,161.70",-0.10%
2016-07-18,"2,166.90",0.24%
2016-07-19,"2,163.80",-0.14%
2016-07-20,"2,173.00",0.43%
2016-07-21,"2,165.20",-0.36%
2016-07-22,"2,175.00",0.45%
2016-07-25,"2,168.50",-0.30%
2016-07-26,"2,169.20",0.03%
2016-07-27,"2,166.60",-0.12%
2016-07-28,"2,170.10",0.16%
2016-07-29,"2,173.60",0.16%
2016-08-01,"2,170.80",-0.13%
2016-08-02,"2,157.00",-0.64%
2016-08-03,"2,163.80",0.32%
2016-08-04,"2,164.20",0.02%
2016-08-05,"2,182.90",0.86%
2016-08-08,"2,180.90",-0.09%
2016-08-09,"2,181.70",0.04%
2016-08-10,"2,175.50",-0.28%
2016-08-11,"2,185.80",0.47%
2016-08-12,"2,184.10",-0.08%
2016-08-15,"2,190.20",0.28%
2016-08-16,"2,178.20",-0.55%
2016-08-17,"2,182.20",0.18%
2016-08-18,"2,187.00",0.22%
2016-08-19,"2,183.90",-0.14%
2016-08-22,"2,182.60",-0.06%
2016-08-23,"2,186.90",0.20%
2016-08-24,"2,175.40",-0.53%
2016-08-25,"2,172.50",-0.13%
2016-08-26,"2,169.00",-0.16%
2016-08-29,"2,180.40",0.53%
2016-08-30,"2,176.10",-0.20%
2016-08-31,"2,170.90",-0.24%
2016-09-01,"2,170.90",0.00%
2016-09-02,"2,180.00",0.42%
2016-09-06,"2,186.50",0.30%
2016-09-07,"2,186.20",-0.01%
2016-09-08,"2,181.30",-0.22%
2016-09-09,"2,127.80",-2.45%
2016-09-12,"2,159.00",1.47%
2016-09-13,"2,127.00",-1.48%
2016-09-14,"2,125.80",-0.06%
2016-09-15,"2,147.30",1.01%
2016-09-16,"2,139.20",-0.38%
2016-09-19,"2,139.10",0.00%
2016-09-20,"2,139.80",0.03%
2016-09-21,"2,163.10",1.09%
2016-09-22,"2,177.20",0.65%
2016-09-23,"2,164.70",-0.57%
2016-09-26,"2,146.10",-0.86%
2016-09-27,"2,159.90",0.64%
2016-09-28,"2,171.40",0.53%
2016-09-29,"2,151.10",-0.93%
2016-09-30,"2,168.30",0.80%
2016-10-03,"2,161.20",-0.33%
2016-10-04,"2,150.50",-0.50%
2016-10-05,"2,159.70",0.43%
2016-10-06,"2,160.80",0.05%
2016-10-07,"2,153.70",-0.33%
2016-10-10,"2,163.70",0.46%
2016-10-11,"2,136.70",-1.25%
2016-10-12,"2,139.20",0.12%
2016-10-13,"2,132.60",-0.31%
2016-10-14,"2,133.00",0.02%
2016-10-17,"2,126.50",-0.30%
2016-10-18,"2,139.60",0.62%
2016-10-19,"2,144.30",0.22%
2016-10-20,"2,141.30",-0.14%
2016-10-21,"2,141.20",0.00%
2016-10-24,"2,151.30",0.47%
2016-10-25,"2,143.20",-0.38%
2016-10-26,"2,139.40",-0.18%
2016-10-27,"2,133.00",-0.30%
2016-10-28,"2,126.40",-0.31%
2016-10-31,"2,126.20",-0.01%
2016-11-01,"2,111.70",-0.68%
2016-11-02,"2,097.90",-0.65%
2016-11-03,"2,088.70",-0.44%
2016-11-04,"2,085.20",-0.17%
2016-11-07,"2,131.50",2.22%
2016-11-08,"2,139.60",0.38%
2016-11-09,"2,163.30",1.11%
2016-11-10,"2,167.50",0.19%
2016-11-11,"2,164.40",-0.14%
2016-11-14,"2,164.20",-0.01%
2016-11-15,"2,180.40",0.75%
2016-11-16,"2,176.90",-0.16%
2016-11-17,"2,187.10",0.47%
2016-11-18,"2,181.90",-0.24%
2016-11-21,"2,198.20",0.75%
2016-11-22,"2,202.90",0.21%
2016-11-23,"2,204.70",0.08%
2016-11-25,"2,213.30",0.39%
2016-11-28,"2,201.70",-0.52%
2016-11-29,"2,204.70",0.14%
2016-11-30,"2,198.80",-0.27%
2016-12-01,"2,191.10",-0.35%
2016-12-02,"2,191.90",0.04%
2016-12-05,"2,204.70",0.58%
2016-12-06,"2,212.20",0.34%
2016-12-07,"2,241.30",1.32%
2016-12-08,"2,246.20",0.22%
2016-12-09,"2,259.50",0.59%
2016-12-12,"2,257.00",-0.11%
2016-12-13,"2,271.70",0.65%
2016-12-14,"2,253.30",-0.81%
2016-12-15,"2,262.00",0.39%
2016-12-16,"2,258.10",-0.17%
2016-12-19,"2,262.50",0.19%
2016-12-20,"2,270.80",0.37%
2016-12-21,"2,265.20",-0.25%
2016-12-22,"2,261.00",-0.19%
2016-12-23,"2,263.80",0.12%
2016-12-27,"2,268.90",0.23%
2016-12-28,"2,249.90",-0.84%
2016-12-29,"2,249.30",-0.03%
2016-12-30,"2,238.80",-0.47%
2017-01-03,"2,257.80",0.85%
2017-01-04,"2,270.80",0.58%
2017-01-05,"2,269.00",-0.08%
2017-01-06,"2,277.00",0.35%
2017-01-09,"2,268.90",-0.36%
2017-01-10,"2,268.90",0.00%
2017-01-11,"2,275.30",0.28%
2017-01-12,"2,270.40",-0.22%
2017-01-13,"2,274.60",0.18%
2017-01-17,"2,267.90",-0.29%
2017-01-18,"2,271.90",0.18%
2017-01-19,"2,263.70",-0.36%
2017-01-20,"2,271.30",0.34%
2017-01-23,"2,265.20",-0.27%
2017-01-24,"2,280.10",0.66%
2017-01-25,"2,298.40",0.80%
2017-01-26,"2,296.70",-0.07%
2017-01-27,"2,294.70",-0.09%
2017-01-30,"2,280.90",-0.60%
2017-01-31,"2,278.90",-0.09%
2017-02-01,"2,279.60",0.03%
2017-02-02,"2,280.80",0.05%
2017-02-03,"2,297.40",0.73%
2017-02-06,"2,292.60",-0.21%
2017-02-07,"2,293.10",0.02%
2017-02-08,"2,294.70",0.07%
2017-02-09,"2,307.90",0.58%
2017-02-10,"2,316.10",0.36%
2017-02-13,"2,328.20",0.52%
2017-02-14,"2,337.60",0.40%
2017-02-15,"2,349.20",0.50%
2017-02-16,"2,347.20",-0.09%
2017-02-17,"2,351.20",0.17%
2017-02-21,"2,365.40",0.60%
2017-02-22,"2,362.80",-0.11%
2017-02-23,"2,363.80",0.04%
2017-02-24,"2,367.30",0.15%
2017-02-27,"2,369.80",0.11%
2017-02-28,"2,363.60",-0.26%
2017-03-01,"2,396.00",1.37%
2017-03-02,"2,381.90",-0.59%
2017-03-03,"2,383.10",0.05%
2017-03-06,"2,375.30",-0.33%
2017-03-07,"2,368.40",-0.29%
2017-03-08,"2,363.00",-0.23%
2017-03-09,"2,364.90",0.08%
2017-03-10,"2,372.60",0.33%
2017-03-13,"2,373.50",0.04%
2017-03-14,"2,365.40",-0.34%
2017-03-15,"2,385.30",0.84%
2017-03-16,"2,381.40",-0.16%
2017-03-17,"2,378.20",-0.13%
2017-03-20,"2,373.50",-0.20%
2017-03-21,"2,344.00",-1.24%
2017-03-22,"2,348.40",0.19%
2017-03-23,"2,346.00",-0.10%
2017-03-24,"2,344.00",-0.09%
2017-03-27,"2,341.60",-0.10%
2017-03-28,"2,358.60",0.73%
2017-03-29,"2,361.10",0.11%
2017-03-30,"2,368.10",0.30%
2017-03-31,"2,362.70",-0.23%
2017-04-03,"2,358.80",-0.17%
2017-04-04,"2,360.20",0.06%
2017-04-05,"2,352.90",-0.31%
2017-04-06,"2,357.50",0.20%
2017-04-07,"2,355.50",-0.08%
2017-04-10,"2,357.20",0.07%
2017-04-11,"2,353.80",-0.14%
2017-04-12,"2,344.90",-0.38%
2017-04-13,"2,328.90",-0.68%
2017-04-17,"2,349.00",0.86%
2017-04-18,"2,342.20",-0.29%
2017-04-19,"2,338.20",-0.17%
2017-04-20,"2,355.80",0.75%
2017-04-21,"2,348.70",-0.30%
2017-04-24,"2,374.20",1.09%
2017-04-25,"2,388.60",0.61%
2017-04-26,"2,387.40",-0.05%
2017-04-27,"2,388.80",0.06%
2017-04-28,"2,384.20",-0.19%
2017-05-01,"2,388.30",0.17%
2017-05-02,"2,391.20",0.12%
2017-05-03,"2,388.10",-0.13%
2017-05-04,"2,389.50",0.06%
2017-05-05,"2,399.30",0.41%
2017-05-08,"2,399.40",0.00%
2017-05-09,"2,396.90",-0.10%
2017-05-10,"2,399.60",0.11%
2017-05-11,"2,394.40",-0.22%
2017-05-12,"2,390.90",-0.15%
2017-05-15,"2,402.30",0.48%
2017-05-16,"2,400.70",-0.07%
2017-05-17,"2,357.00",-1.82%
2017-05-18,"2,365.70",0.37%
2017-05-19,"2,381.70",0.68%
2017-05-22,"2,394.00",0.52%
2017-05-23,"2,398.40",0.18%
2017-05-24,"2,404.40",0.25%
2017-05-25,"2,415.10",0.45%
2017-05-26,"2,415.80",0.03%
2017-05-30,"2,412.90",-0.12%
2017-05-31,"2,411.80",-0.05%
2017-06-01,"2,430.10",0.76%
2017-06-02,"2,439.10",0.37%
2017-06-05,"2,436.10",-0.12%
2017-06-06,"2,429.30",-0.28%
2017-06-07,"2,433.10",0.16%
2017-06-08,"2,433.80",0.03%
2017-06-09,"2,431.80",-0.08%
2017-06-12,"2,429.40",-0.10%
2017-06-13,"2,440.30",0.45%
2017-06-14,"2,437.90",-0.10%
2017-06-15,"2,432.50",-0.22%
2017-06-16,"2,433.20",0.03%
2017-06-19,"2,453.50",0.83%
2017-06-20,"2,437.00",-0.67%
2017-06-21,"2,435.60",-0.06%
2017-06-22,"2,434.50",-0.05%
2017-06-23,"2,438.30",0.16%
2017-06-26,"2,439.10",0.03%
2017-06-27,"2,419.40",-0.81%
2017-06-28,"2,440.70",0.88%
2017-06-29,"2,419.70",-0.86%
2017-06-30,"2,423.40",0.15%
2017-07-03,"2,429.00",0.23%
2017-07-05,"2,432.50",0.14%
2017-07-06,"2,409.80",-0.93%
2017-07-07,"2,425.20",0.64%
2017-07-10,"2,427.40",0.09%
2017-07-11,"2,425.50",-0.08%
2017-07-12,"2,443.20",0.73%
2017-07-13,"2,447.80",0.19%
2017-07-14,"2,459.30",0.47%
2017-07-17,"2,459.10",-0.01%
2017-07-18,"2,460.60",0.06%
2017-07-19,"2,473.80",0.54%
2017-07-20,"2,473.40",-0.02%
2017-07-21,"2,472.50",-0.04%
2017-07-24,"2,469.90",-0.11%
2017-07-25,"2,477.10",0.29%
2017-07-26,"2,477.80",0.03%
2017-07-27,"2,475.40",-0.10%
2017-07-28,"2,472.10",-0.13%
2017-07-31,"2,470.30",-0.07%
2017-08-01,"2,476.30",0.24%
2017-08-02,"2,477.60",0.05%
2017-08-03,"2,472.20",-0.22%
2017-08-04,"2,476.80",0.19%
2017-08-07,"2,480.90",0.17%
2017-08-08,"2,474.90",-0.24%
2017-08-09,"2,474.00",-0.04%
2017-08-10,"2,438.20",-1.45%
2017-08-11,"2,441.30",0.13%
2017-08-14,"2,465.80",1.00%
2017-08-15,"2,464.60",-0.05%
2017-08-16,"2,468.10",0.14%
2017-08-17,"2,430.00",-1.54%
2017-08-18,"2,425.60",-0.18%
2017-08-21,"2,428.40",0.12%
2017-08-22,"2,452.50",0.99%
2017-08-23,"2,444.00",-0.35%
2017-08-24,"2,439.00",-0.20%
2017-08-25,"2,443.10",0.17%
2017-08-28,"2,444.20",0.05%
2017-08-29,"2,446.30",0.09%
2017-08-30,"2,457.60",0.46%
2017-08-31,"2,471.70",0.57%
2017-09-01,"2,476.60",0.20%
2017-09-05,"2,457.80",-0.76%
2017-09-06,"2,465.50",0.31%
2017-09-07,"2,465.10",-0.02%
2017-09-08,"2,461.40",-0.15%
2017-09-11,"2,488.10",1.08%
2017-09-12,"2,496.50",0.34%
2017-09-13,"2,498.40",0.08%
2017-09-14,"2,495.60",-0.11%
2017-09-15,"2,500.20",0.18%
2017-09-18,"2,503.90",0.15%
2017-09-19,"2,506.70",0.11%
2017-09-20,"2,508.20",0.06%
2017-09-21,"2,500.60",-0.30%
2017-09-22,"2,502.20",0.06%
2017-09-25,"2,496.70",-0.22%
2017-09-26,"2,496.80",0.00%
2017-09-27,"2,507.00",0.41%
2017-09-28,"2,510.10",0.12%
2017-09-29,"2,519.40",0.37%
2017-10-02,"2,529.10",0.39%
2017-10-03,"2,534.60",0.22%
2017-10-04,"2,537.70",0.12%
2017-10-05,"2,552.10",0.57%
2017-10-06,"2,549.30",-0.11%
2017-10-09,"2,544.70",-0.18%
2017-10-10,"2,550.60",0.23%
2017-10-11,"2,555.20",0.18%
2017-10-12,"2,550.90",-0.17%
2017-10-13,"2,553.20",0.09%
2017-10-16,"2,557.60",0.17%
2017-10-17,"2,559.40",0.07%
2017-10-18,"2,561.30",0.07%
2017-10-19,"2,562.10",0.03%
2017-10-20,"2,575.20",0.51%
2017-10-23,"2,565.00",-0.40%
2017-10-24,"2,569.10",0.16%
2017-10-25,"2,557.20",-0.46%
2017-10-26,"2,560.40",0.13%
2017-10-27,"2,581.10",0.81%
2017-10-30,"2,572.80",-0.32%
2017-10-31,"2,575.30",0.10%
2017-11-01,"2,579.40",0.16%
2017-11-02,"2,579.80",0.02%
2017-11-03,"2,587.80",0.31%
2017-11-06,"2,591.10",0.13%
2017-11-07,"2,590.60",-0.02%
2017-11-08,"2,594.40",0.15%
2017-11-09,"2,584.60",-0.38%
2017-11-10,"2,582.30",-0.09%
2017-11-13,"2,584.80",0.10%
2017-11-14,"2,578.90",-0.23%
2017-11-15,"2,564.60",-0.55%
2017-11-16,"2,585.60",0.82%
2017-11-17,"2,578.80",-0.26%
2017-11-20,"2,582.10",0.13%
2017-11-21,"2,599.00",0.65%
2017-11-22,"2,597.10",-0.07%
2017-11-24,"2,602.40",0.20%
2017-11-27,"2,601.40",-0.04%
2017-11-28,"2,627.00",0.98%
2017-11-29,"2,626.10",-0.03%
2017-11-30,"2,647.60",0.82%
2017-12-01,"2,642.20",-0.20%
2017-12-04,"2,639.40",-0.11%
2017-12-05,"2,629.60",-0.37%
2017-12-06,"2,629.30",-0.01%
2017-12-07,"2,637.00",0.29%
2017-12-08,"2,651.50",0.55%
2017-12-11,"2,660.00",0.32%
2017-12-12,"2,664.10",0.15%
2017-12-13,"2,662.80",-0.05%
2017-12-14,"2,652.00",-0.41%
2017-12-15,"2,675.80",0.90%
2017-12-18,"2,690.20",0.54%
2017-12-19,"2,681.50",-0.32%
2017-12-20,"2,679.20",-0.09%
2017-12-21,"2,684.60",0.20%
2017-12-22,"2,683.30",-0.05%
2017-12-26,"2,680.50",-0.10%
2017-12-27,"2,682.60",0.08%
2017-12-28,"2,687.50",0.18%
2017-12-29,"2,673.60",-0.52%
2018-01-02,"2,695.80",0.83%
2018-01-03,"2,713.10",0.64%
2018-01-04,"2,724.00",0.40%
2018-01-05,"2,743.20",0.70%
2018-01-08,"2,747.70",0.16%
2018-01-09,"2,751.30",0.13%
2018-01-10,"2,748.20",-0.11%
2018-01-11,"2,767.60",0.71%
2018-01-12,"2,786.20",0.67%
2018-01-16,"2,776.40",-0.35%
2018-01-17,"2,802.60",0.94%
2018-01-18,"2,798.00",-0.16%
2018-01-19,"2,810.30",0.44%
2018-01-22,"2,833.00",0.81%
2018-01-23,"2,839.10",0.22%
2018-01-24,"2,837.50",-0.06%
2018-01-25,"2,839.20",0.06%
2018-01-26,"2,872.90",1.19%
2018-01-29,"2,853.50",-0.68%
2018-01-30,"2,822.40",-1.09%
2018-01-31,"2,823.80",0.05%
2018-02-01,"2,822.00",-0.06%
2018-02-02,"2,762.10",-2.12%
2018-02-05,"2,648.90",-4.10%
2018-02-06,"2,695.10",1.74%
2018-02-07,"2,681.70",-0.50%
2018-02-08,"2,581.00",-3.76%
2018-02-09,"2,619.60",1.50%
2018-02-12,"2,656.00",1.39%
2018-02-13,"2,662.90",0.26%
2018-02-14,"2,698.60",1.34%
2018-02-15,"2,731.20",1.21%
2018-02-16,"2,732.20",0.04%
2018-02-20,"2,716.30",-0.58%
2018-02-21,"2,701.30",-0.55%
2018-02-22,"2,704.00",0.10%
2018-02-23,"2,747.30",1.60%
2018-02-26,"2,779.60",1.18%
2018-02-27,"2,744.30",-1.27%
2018-02-28,"2,713.80",-1.11%
2018-03-01,"2,677.70",-1.33%
2018-03-02,"2,691.20",0.50%
2018-03-05,"2,720.90",1.10%
2018-03-06,"2,728.10",0.26%
2018-03-07,"2,726.80",-0.05%
2018-03-08,"2,739.00",0.45%
2018-03-09,"2,786.60",1.74%
2018-03-12,"2,783.00",-0.13%
2018-03-13,"2,765.30",-0.64%
2018-03-14,"2,749.50",-0.57%
2018-03-15,"2,747.30",-0.08%
2018-03-16,"2,752.00",0.17%
2018-03-19,"2,712.90",-1.42%
2018-03-20,"2,716.90",0.15%
2018-03-21,"2,711.90",-0.18%
2018-03-22,"2,643.70",-2.51%
2018-03-23,"2,588.30",-2.10%
2018-03-26,"2,658.60",2.72%
2018-03-27,"2,612.60",-1.73%
2018-03-28,"2,605.00",-0.29%
2018-03-29,"2,640.90",1.38%
2018-04-02,"2,581.90",-2.23%
2018-04-03,"2,614.40",1.26%
2018-04-04,"2,644.70",1.16%
2018-04-05,"2,662.80",0.68%
2018-04-06,"2,604.50",-2.19%
2018-04-09,"2,613.20",0.33%
2018-04-10,"2,656.90",1.67%
2018-04-11,"2,642.20",-0.55%
2018-04-12,"2,664.00",0.83%
2018-04-13,"2,656.30",-0.29%
2018-04-16,"2,677.80",0.81%
2018-04-17,"2,706.40",1.07%
2018-04-18,"2,708.60",0.08%
2018-04-19,"2,693.10",-0.57%
2018-04-20,"2,670.10",-0.85%
2018-04-23,"2,670.30",0.01%
2018-04-24,"2,634.60",-1.34%
2018-04-25,"2,639.40",0.18%
2018-04-26,"2,666.90",1.04%
2018-04-27,"2,669.90",0.11%
2018-04-30,"2,648.10",-0.82%
2018-05-01,"2,654.80",0.25%
2018-05-02,"2,635.70",-0.72%
2018-05-03,"2,629.70",-0.23%
2018-05-04,"2,663.40",1.28%
2018-05-07,"2,672.60",0.35%
2018-05-08,"2,671.90",-0.03%
2018-05-09,"2,697.80",0.97%
2018-05-10,"2,723.10",0.94%
2018-05-11,"2,727.70",0.17%
2018-05-14,"2,730.10",0.09%
2018-05-15,"2,711.40",-0.68%
2018-05-16,"2,722.50",0.41%
2018-05-17,"2,720.10",-0.09%
2018-05-18,"2,713.00",-0.26%
2018-05-21,"2,733.00",0.74%
2018-05-22,"2,724.40",-0.31%
2018-05-23,"2,733.30",0.33%
2018-05-24,"2,727.80",-0.20%
2018-05-25,"2,721.30",-0.24%
2018-05-29,"2,689.90",-1.15%
2018-05-30,"2,724.00",1.27%
2018-05-31,"2,705.30",-0.69%
2018-06-01,"2,734.60",1.08%
2018-06-04,"2,746.90",0.45%
2018-06-05,"2,748.80",0.07%
2018-06-06,"2,772.30",0.85%
2018-06-07,"2,770.40",-0.07%
2018-06-08,"2,779.00",0.31%
2018-06-11,"2,782.00",0.11%
2018-06-12,"2,786.80",0.17%
2018-06-13,"2,775.60",-0.40%
2018-06-14,"2,782.50",0.25%
2018-06-15,"2,779.70",-0.10%
2018-06-18,"2,773.80",-0.21%
2018-06-19,"2,762.60",-0.40%
2018-06-20,"2,767.30",0.17%
2018-06-21,"2,749.80",-0.63%
2018-06-22,"2,754.90",0.19%
2018-06-25,"2,717.10",-1.37%
2018-06-26,"2,723.10",0.22%
2018-06-27,"2,699.60",-0.86%
2018-06-28,"2,716.30",0.62%
2018-06-29,"2,718.40",0.08%
2018-07-02,"2,726.70",0.31%
2018-07-03,"2,713.20",-0.50%
2018-07-05,"2,736.60",0.86%
2018-07-06,"2,759.80",0.85%
2018-07-09,"2,784.20",0.88%
2018-07-10,"2,793.80",0.34%
2018-07-11,"2,774.00",-0.71%
2018-07-12,"2,798.30",0.88%
2018-07-13,"2,801.30",0.11%
2018-07-16,"2,798.40",-0.10%
2018-07-17,"2,809.60",0.40%
2018-07-18,"2,815.60",0.21%
2018-07-19,"2,804.50",-0.39%
2018-07-20,"2,801.80",-0.10%
2018-07-23,"2,807.00",0.19%
2018-07-24,"2,820.40",0.48%
2018-07-25,"2,846.10",0.91%
2018-07-26,"2,837.40",-0.31%
2018-07-27,"2,818.80",-0.66%
2018-07-30,"2,802.60",-0.57%
2018-07-31,"2,816.30",0.49%
2018-08-01,"2,813.40",-0.10%
2018-08-02,"2,827.20",0.49%
2018-08-03,"2,840.30",0.46%
2018-08-06,"2,850.40",0.36%
2018-08-07,"2,858.40",0.28%
2018-08-08,"2,857.70",-0.02%
2018-08-09,"2,853.60",-0.14%
2018-08-10,"2,833.30",-0.71%
2018-08-13,"2,821.90",-0.40%
2018-08-14,"2,840.00",0.64%
2018-08-15,"2,818.40",-0.76%
2018-08-16,"2,840.70",0.79%
2018-08-17,"2,850.10",0.33%
2018-08-20,"2,857.10",0.25%
2018-08-21,"2,863.00",0.21%
2018-08-22,"2,861.80",-0.04%
2018-08-23,"2,857.00",-0.17%
2018-08-24,"2,874.70",0.62%
2018-08-27,"2,896.70",0.77%
2018-08-28,"2,897.50",0.03%
2018-08-29,"2,914.00",0.57%
2018-08-30,"2,901.10",-0.44%
2018-08-31,"2,901.50",0.01%
2018-09-04,"2,896.70",-0.17%
2018-09-05,"2,888.60",-0.28%
2018-09-06,"2,878.10",-0.36%
2018-09-07,"2,871.70",-0.22%
2018-09-10,"2,877.10",0.19%
2018-09-11,"2,887.90",0.38%
2018-09-12,"2,888.90",0.03%
2018-09-13,"2,904.20",0.53%
2018-09-14,"2,905.00",0.03%
2018-09-17,"2,888.80",-0.56%
2018-09-18,"2,904.30",0.54%
2018-09-19,"2,907.90",0.12%
2018-09-20,"2,930.80",0.79%
2018-09-21,"2,929.70",-0.04%
2018-09-24,"2,919.40",-0.35%
2018-09-25,"2,915.60",-0.13%
2018-09-26,"2,906.00",-0.33%
2018-09-27,"2,914.00",0.28%
2018-09-28,"2,914.00",0.00%
2018-10-01,"2,924.60",0.36%
2018-10-02,"2,923.40",-0.04%
2018-10-03,"2,925.50",0.07%
2018-10-04,"2,901.60",-0.82%
2018-10-05,"2,885.60",-0.55%
2018-10-08,"2,884.40",-0.04%
2018-10-09,"2,880.30",-0.14%
2018-10-10,"2,785.70",-3.28%
2018-10-11,"2,728.40",-2.06%
2018-10-12,"2,767.10",1.42%
2018-10-15,"2,750.80",-0.59%
2018-10-16,"2,809.90",2.15%
2018-10-17,"2,809.20",-0.02%
2018-10-18,"2,768.80",-1.44%
2018-10-19,"2,767.80",-0.04%
2018-10-22,"2,755.90",-0.43%
2018-10-23,"2,740.70",-0.55%
2018-10-24,"2,656.10",-3.09%
2018-10-25,"2,705.60",1.86%
2018-10-26,"2,658.70",-1.73%
2018-10-29,"2,641.20",-0.66%
2018-10-30,"2,682.60",1.57%
2018-10-31,"2,711.70",1.08%
2018-11-01,"2,740.40",1.06%
2018-11-02,"2,723.10",-0.63%
2018-11-05,"2,738.30",0.56%
2018-11-06,"2,755.40",0.62%
2018-11-07,"2,813.90",2.12%
2018-11-08,"2,806.80",-0.25%
2018-11-09,"2,781.00",-0.92%
2018-11-12,"2,726.20",-1.97%
2018-11-13,"2,722.20",-0.15%
2018-11-14,"2,701.60",-0.76%
2018-11-15,"2,730.20",1.06%
2018-11-16,"2,736.30",0.22%
2018-11-19,"2,690.70",-1.67%
2018-11-20,"2,641.90",-1.81%
2018-11-21,"2,649.90",0.30%
2018-11-23,"2,632.60",-0.65%
2018-11-26,"2,673.40",1.55%
2018-11-27,"2,682.20",0.33%
2018-11-28,"2,743.80",2.30%
2018-11-29,"2,737.80",-0.22%
2018-11-30,"2,760.20",0.82%
2018-12-03,"2,790.40",1.09%
2018-12-04,"2,700.10",-3.24%
2018-12-06,"2,695.90",-0.16%
2018-12-07,"2,633.10",-2.33%
2018-12-10,"2,637.70",0.17%
2018-12-11,"2,636.80",-0.03%
2018-12-12,"2,651.10",0.54%
2018-12-13,"2,650.50",-0.02%
2018-12-14,"2,599.90",-1.91%
2018-12-17,"2,545.90",-2.08%
2018-12-18,"2,546.20",0.01%
2018-12-19,"2,507.00",-1.54%
2018-12-20,"2,467.40",-1.58%
2018-12-21,"2,416.60",-2.06%
2018-12-24,"2,351.10",-2.71%
2018-12-26,"2,467.70",4.96%
2018-12-27,"2,488.80",0.86%
2018-12-28,"2,485.70",-0.12%
2018-12-31,"2,506.80",0.85%
2019-01-02,"2,510.00",0.13%
2019-01-03,"2,447.90",-2.47%
2019-01-04,"2,531.90",3.43%
2019-01-07,"2,549.70",0.70%
2019-01-08,"2,574.40",0.97%
2019-01-09,"2,585.00",0.41%
2019-01-10,"2,596.60",0.45%
2019-01-11,"2,596.30",-0.01%
2019-01-14,"2,582.60",-0.53%
2019-01-15,"2,610.30",1.07%
2019-01-16,"2,616.10",0.22%
2019-01-17,"2,636.00",0.76%
2019-01-18,"2,670.70",1.32%
2019-01-22,"2,632.90",-1.42%
2019-01-23,"2,638.70",0.22%
2019-01-24,"2,642.30",0.14%
2019-01-25,"2,664.80",0.85%
2019-01-28,"2,643.80",-0.79%
2019-01-29,"2,640.00",-0.14%
2019-01-30,"2,681.10",1.56%
2019-01-31,"2,704.10",0.86%
2019-02-01,"2,706.50",0.09%
2019-02-04,"2,724.90",0.68%
2019-02-05,"2,737.70",0.47%
2019-02-06,"2,731.60",-0.22%
2019-02-07,"2,706.10",-0.93%
2019-02-08,"2,707.90",0.07%
2019-02-11,"2,709.80",0.07%
2019-02-12,"2,744.70",1.29%
2019-02-13,"2,753.00",0.30%
2019-02-14,"2,745.70",-0.27%
2019-02-15,"2,775.60",1.09%
2019-02-19,"2,779.80",0.15%
2019-02-20,"2,784.70",0.18%
2019-02-21,"2,774.90",-0.35%
2019-02-22,"2,792.70",0.64%
2019-02-25,"2,796.10",0.12%
2019-02-26,"2,793.90",-0.08%
2019-02-27,"2,792.40",-0.05%
2019-02-28,"2,784.50",-0.28%
2019-03-01,"2,803.70",0.69%
2019-03-04,"2,792.80",-0.39%
2019-03-05,"2,789.70",-0.11%
2019-03-06,"2,771.40",-0.66%
2019-03-07,"2,748.90",-0.81%
2019-03-08,"2,743.10",-0.21%
2019-03-11,"2,783.30",1.47%
2019-03-12,"2,791.50",0.29%
2019-03-13,"2,810.90",0.69%
2019-03-14,"2,808.50",-0.09%
2019-03-15,"2,822.50",0.50%
2019-03-18,"2,832.90",0.37%
2019-03-19,"2,832.60",-0.01%
2019-03-20,"2,824.20",-0.30%
2019-03-21,"2,854.90",1.09%
2019-03-22,"2,800.70",-1.90%
2019-03-25,"2,798.40",-0.08%
2019-03-26,"2,818.50",0.72%
2019-03-27,"2,805.40",-0.46%
2019-03-28,"2,815.40",0.36%
2019-03-29,"2,834.40",0.67%
2019-04-01,"2,867.20",1.16%
2019-04-02,"2,867.20",0.00%
2019-04-03,"2,873.40",0.22%
2019-04-04,"2,879.40",0.21%
2019-04-05,"2,892.70",0.46%
2019-04-08,"2,895.80",0.11%
2019-04-09,"2,878.20",-0.61%
2019-04-10,"2,888.20",0.35%
2019-04-11,"2,888.30",0.00%
2019-04-12,"2,907.40",0.66%
2019-04-15,"2,905.60",-0.06%
2019-04-16,"2,907.10",0.05%
2019-04-17,"2,900.40",-0.23%
2019-04-18,"2,905.00",0.16%
2019-04-22,"2,908.00",0.10%
2019-04-23,"2,933.70",0.88%
2019-04-24,"2,927.20",-0.22%
2019-04-25,"2,926.20",-0.03%
2019-04-26,"2,939.90",0.47%
2019-04-29,"2,943.00",0.11%
2019-04-30,"2,945.80",0.10%
2019-05-01,"2,923.70",-0.75%
2019-05-02,"2,917.50",-0.21%
2019-05-03,"2,945.60",0.96%
2019-05-06,"2,932.50",-0.44%
2019-05-07,"2,884.10",-1.65%
2019-05-08,"2,879.40",-0.16%
2019-05-09,"2,870.70",-0.30%
2019-05-10,"2,881.40",0.37%
2019-05-13,"2,811.90",-2.41%
2019-05-14,"2,834.40",0.80%
2019-05-15,"2,851.00",0.59%
2019-05-16,"2,876.30",0.89%
2019-05-17,"2,859.50",-0.58%
2019-05-20,"2,840.20",-0.67%
2019-05-21,"2,864.40",0.85%
2019-05-22,"2,856.30",-0.28%
2019-05-23,"2,822.20",-1.19%
2019-05-24,"2,826.10",0.14%
2019-05-28,"2,802.40",-0.84%
2019-05-29,"2,783.00",-0.69%
2019-05-30,"2,788.90",0.21%
2019-05-31,"2,752.10",-1.32%
2019-06-03,"2,744.40",-0.28%
2019-06-04,"2,803.30",2.15%
2019-06-05,"2,826.20",0.82%
2019-06-06,"2,843.50",0.61%
2019-06-07,"2,873.30",1.05%
2019-06-10,"2,886.70",0.47%
2019-06-11,"2,885.70",-0.03%
2019-06-12,"2,879.80",-0.20%
2019-06-13,"2,891.60",0.41%
2019-06-14,"2,887.00",-0.16%
2019-06-17,"2,889.70",0.09%
2019-06-18,"2,917.80",0.97%
2019-06-19,"2,926.50",0.30%
2019-06-20,"2,954.20",0.95%
2019-06-21,"2,950.50",-0.13%
2019-06-24,"2,945.30",-0.18%
2019-06-25,"2,917.40",-0.95%
2019-06-26,"2,913.80",-0.12%
2019-06-27,"2,924.90",0.38%
2019-06-28,"2,941.80",0.58%
2019-07-01,"2,964.30",0.76%
2019-07-02,"2,973.00",0.29%
2019-07-03,"2,995.80",0.77%
2019-07-05,"2,990.40",-0.18%
2019-07-08,"2,975.90",-0.48%
2019-07-09,"2,979.60",0.12%
2019-07-10,"2,993.10",0.45%
2019-07-11,"2,999.90",0.23%
2019-07-12,"3,013.80",0.46%
2019-07-15,"3,014.30",0.02%
2019-07-16,"3,004.00",-0.34%
2019-07-17,"2,984.40",-0.65%
2019-07-18,"2,995.10",0.36%
2019-07-19,"2,976.60",-0.62%
2019-07-22,"2,985.00",0.28%
2019-07-23,"3,005.50",0.69%
2019-07-24,"3,019.60",0.47%
2019-07-25,"3,003.70",-0.53%
2019-07-26,"3,025.90",0.74%
2019-07-29,"3,021.00",-0.16%
2019-07-30,"3,013.20",-0.26%
2019-07-31,"2,980.40",-1.09%
2019-08-01,"2,953.60",-0.90%
2019-08-02,"2,932.10",-0.73%
2019-08-05,"2,844.70",-2.98%
2019-08-06,"2,881.80",1.30%
2019-08-07,"2,884.00",0.08%
2019-08-08,"2,938.10",1.88%
2019-08-09,"2,918.70",-0.66%
2019-08-12,"2,883.80",-1.20%
2019-08-13,"2,926.30",1.47%
2019-08-14,"2,840.60",-2.93%
2019-08-15,"2,847.60",0.25%
2019-08-16,"2,888.70",1.44%
2019-08-19,"2,923.70",1.21%
2019-08-20,"2,900.50",-0.79%
2019-08-21,"2,924.40",0.82%
2019-08-22,"2,922.90",-0.05%
2019-08-23,"2,847.10",-2.59%
2019-08-26,"2,878.40",1.10%
2019-08-27,"2,869.20",-0.32%
2019-08-28,"2,887.90",0.65%
2019-08-29,"2,924.60",1.27%
2019-08-30,"2,926.50",0.06%
2019-09-03,"2,906.30",-0.69%
2019-09-04,"2,937.80",1.08%
2019-09-05,"2,976.00",1.30%
2019-09-06,"2,978.70",0.09%
2019-09-09,"2,978.40",-0.01%
2019-09-10,"2,979.40",0.03%
2019-09-11,"3,000.90",0.72%
2019-09-12,"3,009.60",0.29%
2019-09-13,"3,007.40",-0.07%
2019-09-16,"2,998.00",-0.31%
2019-09-17,"3,005.70",0.26%
2019-09-18,"3,006.70",0.03%
2019-09-19,"3,006.80",0.00%
2019-09-20,"2,992.10",-0.49%
2019-09-23,"2,991.80",-0.01%
2019-09-24,"2,966.60",-0.84%
2019-09-25,"2,984.90",0.62%
2019-09-26,"2,977.60",-0.24%
2019-09-27,"2,961.80",-0.53%
2019-09-30,"2,976.70",0.50%
2019-10-01,"2,940.20",-1.23%
2019-10-02,"2,887.60",-1.79%
2019-10-03,"2,910.60",0.80%
2019-10-04,"2,952.00",1.42%
2019-10-07,"2,938.80",-0.45%
2019-10-08,"2,893.10",-1.56%
2019-10-09,"2,919.40",0.91%
2019-10-10,"2,938.10",0.64%
2019-10-11,"2,970.30",1.10%
2019-10-14,"2,966.20",-0.14%
2019-10-15,"2,995.70",0.99%
2019-10-16,"2,989.70",-0.20%
2019-10-17,"2,997.90",0.27%
2019-10-18,"2,986.20",-0.39%
2019-10-21,"3,006.70",0.69%
2019-10-22,"2,996.00",-0.36%
2019-10-23,"3,004.50",0.28%
2019-10-24,"3,010.30",0.19%
2019-10-25,"3,022.60",0.41%
2019-10-28,"3,039.40",0.56%
2019-10-29,"3,036.90",-0.08%
2019-10-30,"3,046.80",0.33%
2019-10-31,"3,037.60",-0.30%
2019-11-01,"3,066.90",0.96%
2019-11-04,"3,078.30",0.37%
2019-11-05,"3,074.60",-0.12%
2019-11-06,"3,076.80",0.07%
2019-11-07,"3,085.20",0.27%
2019-11-08,"3,093.10",0.26%
2019-11-11,"3,087.00",-0.20%
2019-11-12,"3,091.80",0.16%
2019-11-13,"3,094.00",0.07%
2019-11-14,"3,096.60",0.08%
2019-11-15,"3,120.50",0.77%
2019-11-18,"3,122.00",0.05%
2019-11-19,"3,120.20",-0.06%
2019-11-20,"3,108.50",-0.37%
2019-11-21,"3,103.50",-0.16%
2019-11-22,"3,110.30",0.22%
2019-11-25,"3,133.60",0.75%
2019-11-26,"3,140.50",0.22%
2019-11-27,"3,153.60",0.42%
2019-11-29,"3,141.00",-0.40%
2019-12-02,"3,113.90",-0.86%
2019-12-03,"3,093.20",-0.66%
2019-12-04,"3,112.80",0.63%
2019-12-05,"3,117.40",0.15%
2019-12-06,"3,145.90",0.91%
2019-12-09,"3,136.00",-0.31%
2019-12-10,"3,132.50",-0.11%
2019-12-11,"3,141.60",0.29%
2019-12-12,"3,168.60",0.86%
2019-12-13,"3,168.80",0.01%
2019-12-16,"3,191.40",0.71%
2019-12-17,"3,192.50",0.03%
2019-12-18,"3,191.10",-0.04%
2019-12-19,"3,205.40",0.45%
2019-12-20,"3,221.20",0.49%
2019-12-23,"3,224.00",0.09%
2019-12-24,"3,223.40",-0.02%
2019-12-26,"3,239.90",0.51%
2019-12-27,"3,240.00",0.00%
2019-12-30,"3,221.30",-0.58%
2019-12-31,"3,230.80",0.29%
2020-01-02,"3,257.80",0.84%
2020-01-03,"3,234.80",-0.71%
2020-01-06,"3,246.30",0.36%
2020-01-07,"3,237.20",-0.28%
2020-01-08,"3,253.10",0.49%
2020-01-09,"3,274.70",0.66%
2020-01-10,"3,265.30",-0.29%
2020-01-13,"3,288.10",0.70%
2020-01-14,"3,283.20",-0.15%
2020-01-15,"3,289.30",0.19%
2020-01-16,"3,316.80",0.84%
2020-01-17,"3,329.60",0.39%
2020-01-21,"3,320.80",-0.26%
2020-01-22,"3,321.80",0.03%
2020-01-23,"3,325.50",0.11%
2020-01-24,"3,295.50",-0.90%
2020-01-27,"3,243.60",-1.57%
2020-01-28,"3,276.20",1.01%
2020-01-29,"3,273.40",-0.09%
2020-01-30,"3,283.70",0.31%
2020-01-31,"3,225.50",-1.77%
2020-02-03,"3,248.90",0.73%
2020-02-04,"3,297.60",1.50%
2020-02-05,"3,334.70",1.13%
2020-02-06,"3,345.80",0.33%
2020-02-07,"3,327.70",-0.54%
2020-02-10,"3,352.10",0.73%
2020-02-11,"3,357.80",0.17%
2020-02-12,"3,379.40",0.64%
2020-02-13,"3,373.90",-0.16%
2020-02-14,"3,380.20",0.19%
2020-02-18,"3,370.30",-0.29%
2020-02-19,"3,386.20",0.47%
2020-02-20,"3,373.20",-0.38%
2020-02-21,"3,337.80",-1.05%
2020-02-24,"3,225.90",-3.35%
2020-02-25,"3,128.20",-3.03%
2020-02-26,"3,116.40",-0.38%
2020-02-27,"2,978.80",-4.42%
2020-02-28,"2,954.20",-0.83%
2020-03-02,"3,090.20",4.60%
2020-03-03,"3,003.40",-2.81%
2020-03-04,"3,130.10",4.22%
2020-03-05,"3,023.90",-3.39%
2020-03-06,"2,972.40",-1.70%
2020-03-09,"2,746.60",-7.60%
2020-03-10,"2,882.20",4.94%
2020-03-11,"2,741.40",-4.89%
2020-03-12,"2,480.60",-9.51%
2020-03-13,"2,711.00",9.29%
2020-03-16,"2,386.10",-11.98%
2020-03-17,"2,529.20",6.00%
2020-03-18,"2,398.10",-5.18%
2020-03-19,"2,409.40",0.47%
2020-03-20,"2,304.90",-4.34%
2020-03-23,"2,237.40",-2.93%
2020-03-24,"2,447.30",9.38%
2020-03-25,"2,475.60",1.16%
2020-03-26,"2,630.10",6.24%
2020-03-27,"2,541.50",-3.37%
2020-03-30,"2,626.70",3.35%
2020-03-31,"2,584.60",-1.60%
2020-04-01,"2,470.50",-4.41%
2020-04-02,"2,526.90",2.28%
2020-04-03,"2,488.70",-1.51%
2020-04-06,"2,663.70",7.03%
2020-04-07,"2,659.40",-0.16%
2020-04-08,"2,750.00",3.41%
2020-04-09,"2,789.80",1.45%
2020-04-13,"2,761.60",-1.01%
2020-04-14,"2,846.10",3.06%
2020-04-15,"2,783.40",-2.20%
2020-04-16,"2,799.60",0.58%
2020-04-17,"2,874.60",2.68%
2020-04-20,"2,823.20",-1.79%
2020-04-21,"2,736.60",-3.07%
2020-04-22,"2,799.30",2.29%
2020-04-23,"2,797.80",-0.05%
2020-04-24,"2,836.70",1.39%
2020-04-27,"2,878.50",1.47%
2020-04-28,"2,863.40",-0.52%
2020-04-29,"2,939.50",2.66%
2020-04-30,"2,912.40",-0.92%
2020-05-01,"2,830.70",-2.81%
2020-05-04,"2,842.70",0.42%
2020-05-05,"2,868.40",0.90%
2020-05-06,"2,848.40",-0.70%
2020-05-07,"2,881.20",1.15%
2020-05-08,"2,929.80",1.69%
2020-05-11,"2,930.30",0.02%
2020-05-12,"2,870.10",-2.05%
2020-05-13,"2,820.00",-1.75%
2020-05-14,"2,852.50",1.15%
2020-05-15,"2,863.70",0.39%
2020-05-18,"2,953.90",3.15%
2020-05-19,"2,922.90",-1.05%
2020-05-20,"2,971.60",1.67%
2020-05-21,"2,948.50",-0.78%
2020-05-22,"2,955.40",0.23%
2020-05-26,"2,991.80",1.23%
2020-05-27,"3,036.10",1.48%
2020-05-28,"3,029.70",-0.21%
2020-05-29,"3,044.30",0.48%
2020-06-01,"3,055.70",0.37%
2020-06-02,"3,080.80",0.82%
2020-06-03,"3,122.90",1.37%
2020-06-04,"3,112.30",-0.34%
2020-06-05,"3,193.90",2.62%
2020-06-08,"3,232.40",1.21%
2020-06-09,"3,207.20",-0.78%
2020-06-10,"3,190.10",-0.53%
2020-06-11,"3,002.10",-5.89%
2020-06-12,"3,041.30",1.31%
2020-06-15,"3,066.60",0.83%
2020-06-16,"3,124.70",1.89%
2020-06-17,"3,113.50",-0.36%
2020-06-18,"3,115.30",0.06%
2020-06-19,"3,097.70",-0.56%
2020-06-22,"3,117.90",0.65%
2020-06-23,"3,131.30",0.43%
2020-06-24,"3,050.30",-2.59%
2020-06-25,"3,083.80",1.10%
2020-06-26,"3,009.10",-2.42%
2020-06-29,"3,053.20",1.47%
2020-06-30,"3,100.30",1.54%
2020-07-01,"3,115.90",0.50%
2020-07-02,"3,130.00",0.45%
2020-07-06,"3,179.70",1.59%
2020-07-07,"3,145.30",-1.08%
2020-07-08,"3,169.90",0.78%
2020-07-09,"3,152.10",-0.56%
2020-07-10,"3,185.00",1.04%
2020-07-13,"3,155.20",-0.94%
2020-07-14,"3,197.50",1.34%
2020-07-15,"3,226.60",0.91%
2020-07-16,"3,215.60",-0.34%
2020-07-17,"3,224.70",0.28%
2020-07-20,"3,251.80",0.84%
2020-07-21,"3,257.30",0.17%
2020-07-22,"3,276.00",0.57%
2020-07-23,"3,235.70",-1.23%
2020-07-24,"3,215.60",-0.62%
2020-07-27,"3,239.40",0.74%
2020-07-28,"3,218.40",-0.65%
2020-07-29,"3,258.40",1.24%
2020-07-30,"3,246.20",-0.37%
2020-07-31,"3,271.10",0.77%
2020-08-03,"3,294.60",0.72%
2020-08-04,"3,306.50",0.36%
2020-08-05,"3,327.80",0.64%
2020-08-06,"3,349.20",0.64%
2020-08-07,"3,351.30",0.06%
2020-08-10,"3,360.50",0.27%
2020-08-11,"3,333.70",-0.80%
2020-08-12,"3,380.30",1.40%
2020-08-13,"3,373.40",-0.20%
2020-08-14,"3,372.80",-0.02%
2020-08-17,"3,382.00",0.27%
2020-08-18,"3,389.80",0.23%
2020-08-19,"3,374.80",-0.44%
2020-08-20,"3,385.50",0.32%
2020-08-21,"3,397.20",0.35%
2020-08-24,"3,431.30",1.00%
2020-08-25,"3,443.60",0.36%
2020-08-26,"3,478.70",1.02%
2020-08-27,"3,484.60",0.17%
2020-08-28,"3,508.00",0.67%
2020-08-31,"3,500.30",-0.22%
2020-09-01,"3,526.70",0.75%
2020-09-02,"3,580.80",1.53%
2020-09-03,"3,455.10",-3.51%
2020-09-04,"3,427.00",-0.81%
2020-09-08,"3,331.80",-2.78%
2020-09-09,"3,399.00",2.02%
2020-09-10,"3,339.20",-1.76%
2020-09-11,"3,341.00",0.05%
2020-09-14,"3,383.50",1.27%
2020-09-15,"3,401.20",0.52%
2020-09-16,"3,385.50",-0.46%
2020-09-17,"3,357.00",-0.84%
2020-09-18,"3,319.50",-1.12%
2020-09-21,"3,281.10",-1.16%
2020-09-22,"3,315.60",1.05%
2020-09-23,"3,236.90",-2.37%
2020-09-24,"3,246.60",0.30%
2020-09-25,"3,298.50",1.60%
2020-09-28,"3,351.60",1.61%
2020-09-29,"3,335.50",-0.48%
2020-09-30,"3,363.00",0.82%
2020-10-01,"3,380.80",0.53%
2020-10-02,"3,348.40",-0.96%
2020-10-05,"3,408.60",1.80%
2020-10-06,"3,360.90",-1.40%
2020-10-07,"3,419.40",1.74%
2020-10-08,"3,446.80",0.80%
2020-10-09,"3,477.10",0.88%
2020-10-12,"3,534.20",1.64%
2020-10-13,"3,511.90",-0.63%
2020-10-14,"3,488.70",-0.66%
2020-10-15,"3,483.30",-0.15%
2020-10-16,"3,483.80",0.01%
2020-10-19,"3,426.90",-1.63%
2020-10-20,"3,443.10",0.47%
2020-10-21,"3,435.60",-0.22%
2020-10-22,"3,453.50",0.52%
2020-10-23,"3,465.40",0.34%
2020-10-26,"3,401.00",-1.86%
2020-10-27,"3,390.70",-0.30%
2020-10-28,"3,271.00",-3.53%
2020-10-29,"3,310.10",1.20%
2020-10-30,"3,270.00",-1.21%
2020-11-02,"3,310.20",1.23%
2020-11-03,"3,369.20",1.78%
2020-11-04,"3,443.40",2.20%
2020-11-05,"3,510.40",1.95%
2020-11-06,"3,509.40",-0.03%
2020-11-09,"3,550.50",1.17%
2020-11-10,"3,545.50",-0.14%
2020-11-11,"3,572.70",0.77%
2020-11-12,"3,537.00",-1.00%
2020-11-13,"3,585.20",1.36%
2020-11-16,"3,626.90",1.16%
2020-11-17,"3,609.50",-0.48%
2020-11-18,"3,567.80",-1.16%
2020-11-19,"3,581.90",0.40%
2020-11-20,"3,557.50",-0.68%
2020-11-23,"3,577.60",0.57%
2020-11-24,"3,635.40",1.62%
2020-11-25,"3,629.70",-0.16%
2020-11-27,"3,638.30",0.24%
2020-11-30,"3,621.60",-0.46%
2020-12-01,"3,662.40",1.13%
2020-12-02,"3,669.00",0.18%
2020-12-03,"3,666.70",-0.06%
2020-12-04,"3,699.10",0.88%
2020-12-07,"3,692.00",-0.19%
2020-12-08,"3,702.20",0.28%
2020-12-09,"3,672.80",-0.79%
2020-12-10,"3,668.10",-0.13%
2020-12-11,"3,663.50",-0.13%
2020-12-14,"3,647.50",-0.44%
2020-12-15,"3,694.60",1.29%
2020-12-16,"3,701.20",0.18%
2020-12-17,"3,722.50",0.58%
2020-12-18,"3,709.40",-0.35%
2020-12-21,"3,694.90",-0.39%
2020-12-22,"3,687.30",-0.21%
2020-12-23,"3,690.00",0.07%
2020-12-24,"3,703.10",0.36%
2020-12-28,"3,735.40",0.87%
2020-12-29,"3,727.00",-0.22%
2020-12-30,"3,732.00",0.13%
2020-12-31,"3,756.10",0.65%
2021-01-04,"3,700.70",-1.47%
2021-01-05,"3,726.90",0.71%
2021-01-06,"3,748.10",0.57%
2021-01-07,"3,803.80",1.49%
2021-01-08,"3,824.70",0.55%
2021-01-11,"3,799.60",-0.66%
2021-01-12,"3,801.20",0.04%
2021-01-13,"3,809.80",0.23%
2021-01-14,"3,795.50",-0.38%
2021-01-15,"3,768.20",-0.72%
2021-01-19,"3,798.90",0.81%
2021-01-20,"3,851.80",1.39%
2021-01-21,"3,853.10",0.03%
2021-01-22,"3,841.50",-0.30%
2021-01-25,"3,855.40",0.36%
2021-01-26,"3,849.60",-0.15%
2021-01-27,"3,750.80",-2.57%
2021-01-28,"3,787.40",0.98%
2021-01-29,"3,714.20",-1.93%
2021-02-01,"3,773.90",1.61%
2021-02-02,"3,826.30",1.39%
2021-02-03,"3,830.20",0.10%
2021-02-04,"3,871.70",1.08%
2021-02-05,"3,886.80",0.39%
2021-02-08,"3,915.60",0.74%
2021-02-09,"3,911.20",-0.11%
2021-02-10,"3,909.90",-0.03%
2021-02-11,"3,916.40",0.17%
2021-02-12,"3,934.80",0.47%
2021-02-16,"3,932.60",-0.06%
2021-02-17,"3,931.30",-0.03%
2021-02-18,"3,914.00",-0.44%
2021-02-19,"3,906.70",-0.19%
2021-02-22,"3,876.50",-0.77%
2021-02-23,"3,881.40",0.13%
2021-02-24,"3,925.40",1.13%
2021-02-25,"3,829.30",-2.45%
2021-02-26,"3,811.20",-0.47%
2021-03-01,"3,901.80",2.38%
2021-03-02,"3,870.30",-0.81%
2021-03-03,"3,819.70",-1.31%
2021-03-04,"3,768.50",-1.34%
2021-03-05,"3,841.90",1.95%
2021-03-08,"3,821.30",-0.54%
2021-03-09,"3,875.40",1.42%
2021-03-10,"3,898.80",0.60%
2021-03-11,"3,939.30",1.04%
2021-03-12,"3,943.30",0.10%
2021-03-15,"3,968.90",0.65%
2021-03-16,"3,962.70",-0.16%
2021-03-17,"3,974.10",0.29%
2021-03-18,"3,915.50",-1.47%
2021-03-19,"3,913.10",-0.06%
2021-03-22,"3,940.60",0.70%
2021-03-23,"3,910.50",-0.76%
2021-03-24,"3,889.10",-0.55%
2021-03-25,"3,909.50",0.52%
2021-03-26,"3,974.50",1.66%
2021-03-29,"3,971.10",-0.09%
2021-03-30,"3,958.60",-0.31%
2021-03-31,"3,972.90",0.36%
2021-04-01,"4,019.90",1.18%
2021-04-05,"4,077.90",1.44%
2021-04-06,"4,073.90",-0.10%
2021-04-07,"4,079.90",0.15%
2021-04-08,"4,097.20",0.42%
2021-04-09,"4,128.80",0.77%
2021-04-12,"4,128.00",-0.02%
2021-04-13,"4,141.60",0.33%
2021-04-14,"4,124.70",-0.41%
2021-04-15,"4,170.40",1.11%
2021-04-16,"4,185.50",0.36%
2021-04-19,"4,163.30",-0.53%
2021-04-20,"4,134.90",-0.68%
2021-04-21,"4,173.40",0.93%
2021-04-22,"4,135.00",-0.92%
2021-04-23,"4,180.20",1.09%
2021-04-26,"4,187.60",0.18%
2021-04-27,"4,186.70",-0.02%
2021-04-28,"4,183.20",-0.08%
2021-04-29,"4,211.50",0.68%
2021-04-30,"4,181.20",-0.72%
2021-05-03,"4,192.70",0.28%
2021-05-04,"4,164.70",-0.67%
2021-05-05,"4,167.60",0.07%
2021-05-06,"4,201.60",0.82%
2021-05-07,"4,232.60",0.74%
2021-05-10,"4,188.40",-1.04%
2021-05-11,"4,152.10",-0.87%
2021-05-12,"4,063.00",-2.15%
2021-05-13,"4,112.50",1.22%
2021-05-14,"4,173.90",1.49%
2021-05-17,"4,163.30",-0.25%
2021-05-18,"4,127.80",-0.85%
2021-05-19,"4,115.70",-0.29%
2021-05-20,"4,159.10",1.05%
2021-05-21,"4,155.90",-0.08%
2021-05-24,"4,197.10",0.99%
2021-05-25,"4,188.10",-0.21%
2021-05-26,"4,196.00",0.19%
2021-05-27,"4,200.90",0.12%
2021-05-28,"4,204.10",0.08%
2021-06-01,"4,202.00",-0.05%
2021-06-02,"4,208.10",0.15%
2021-06-03,"4,192.90",-0.36%
2021-06-04,"4,229.90",0.88%
2021-06-07,"4,226.50",-0.08%
2021-06-08,"4,227.30",0.02%
2021-06-09,"4,219.60",-0.18%
2021-06-10,"4,239.20",0.46%
2021-06-11,"4,247.40",0.19%
2021-06-14,"4,255.10",0.18%
2021-06-15,"4,246.60",-0.20%
2021-06-16,"4,223.70",-0.54%
2021-06-17,"4,221.90",-0.04%
2021-06-18,"4,166.40",-1.31%
2021-06-21,"4,224.80",1.40%
2021-06-22,"4,246.40",0.51%
2021-06-23,"4,241.80",-0.11%
2021-06-24,"4,266.50",0.58%
2021-06-25,"4,280.70",0.33%
2021-06-28,"4,290.60",0.23%
2021-06-29,"4,291.80",0.03%
2021-06-30,"4,297.50",0.13%
2021-07-01,"4,319.90",0.52%
2021-07-02,"4,352.30",0.75%
2021-07-06,"4,343.50",-0.20%
2021-07-07,"4,358.10",0.34%
2021-07-08,"4,320.80",-0.86%
2021-07-09,"4,369.60",1.13%
2021-07-12,"4,384.60",0.34%
2021-07-13,"4,369.20",-0.35%
2021-07-14,"4,374.30",0.12%
2021-07-15,"4,360.00",-0.33%
2021-07-16,"4,327.20",-0.75%
2021-07-19,"4,258.50",-1.59%
2021-07-20,"4,323.10",1.52%
2021-07-21,"4,358.70",0.82%
2021-07-22,"4,367.50",0.20%
2021-07-23,"4,411.80",1.01%
2021-07-26,"4,422.30",0.24%
2021-07-27,"4,401.50",-0.47%
2021-07-28,"4,400.60",-0.02%
2021-07-29,"4,419.10",0.42%
2021-07-30,"4,395.30",-0.54%
2021-08-02,"4,387.20",-0.18%
2021-08-03,"4,423.10",0.82%
2021-08-04,"4,402.70",-0.46%
2021-08-05,"4,429.10",0.60%
2021-08-06,"4,436.50",0.17%
2021-08-09,"4,432.40",-0.09%
2021-08-10,"4,436.80",0.10%
2021-08-11,"4,447.70",0.25%
2021-08-12,"4,460.80",0.29%
2021-08-13,"4,468.00",0.16%
2021-08-16,"4,479.70",0.26%
2021-08-17,"4,448.10",-0.71%
2021-08-18,"4,400.30",-1.07%
2021-08-19,"4,405.80",0.12%
2021-08-20,"4,441.70",0.81%
2021-08-23,"4,479.50",0.85%
2021-08-24,"4,486.20",0.15%
2021-08-25,"4,496.20",0.22%
2021-08-26,"4,470.00",-0.58%
2021-08-27,"4,509.40",0.88%
2021-08-30,"4,528.80",0.43%
2021-08-31,"4,522.70",-0.13%
2021-09-01,"4,524.10",0.03%
2021-09-02,"4,536.90",0.28%
2021-09-03,"4,535.40",-0.03%
2021-09-07,"4,520.00",-0.34%
2021-09-08,"4,514.10",-0.13%
2021-09-09,"4,493.30",-0.46%
2021-09-10,"4,458.60",-0.77%
2021-09-13,"4,468.70",0.23%
2021-09-14,"4,443.10",-0.57%
2021-09-15,"4,480.70",0.85%
2021-09-16,"4,473.80",-0.15%
2021-09-17,"4,433.00",-0.91%
2021-09-20,"4,357.70",-1.70%
2021-09-21,"4,354.20",-0.08%
2021-09-22,"4,395.60",0.95%
2021-09-23,"4,449.00",1.21%
2021-09-24,"4,455.50",0.15%
2021-09-27,"4,443.10",-0.28%
2021-09-28,"4,352.60",-2.04%
2021-09-29,"4,359.50",0.16%
2021-09-30,"4,307.50",-1.19%
2021-10-01,"4,357.00",1.15%
2021-10-04,"4,300.50",-1.30%
2021-10-05,"4,345.70",1.05%
2021-10-06,"4,363.60",0.41%
2021-10-07,"4,399.80",0.83%
2021-10-08,"4,391.30",-0.19%
2021-10-11,"4,361.20",-0.69%
2021-10-12,"4,350.60",-0.24%
2021-10-13,"4,363.80",0.30%
2021-10-14,"4,438.30",1.71%
2021-10-15,"4,471.40",0.75%
2021-10-18,"4,486.50",0.34%
2021-10-19,"4,519.60",0.74%
2021-10-20,"4,536.20",0.37%
2021-10-21,"4,549.80",0.30%
2021-10-22,"4,544.90",-0.11%
2021-10-25,"4,566.50",0.48%
2021-10-26,"4,574.80",0.18%
2021-10-27,"4,551.70",-0.50%
2021-10-28,"4,596.40",0.98%
2021-10-29,"4,605.40",0.20%
2021-11-01,"4,613.70",0.18%
2021-11-02,"4,630.60",0.37%
2021-11-03,"4,660.60",0.65%
2021-11-04,"4,680.10",0.42%
2021-11-05,"4,697.50",0.37%
2021-11-08,"4,701.70",0.09%
2021-11-09,"4,685.20",-0.35%
2021-11-10,"4,646.70",-0.82%
2021-11-11,"4,649.30",0.06%
2021-11-12,"4,682.90",0.72%
2021-11-15,"4,682.80",0.00%
2021-11-16,"4,700.90",0.39%
2021-11-17,"4,688.70",-0.26%
2021-11-18,"4,704.50",0.34%
2021-11-19,"4,698.00",-0.14%
2021-11-22,"4,682.90",-0.32%
2021-11-23,"4,690.70",0.17%
2021-11-24,"4,701.50",0.23%
2021-11-26,"4,594.60",-2.27%
2021-11-29,"4,655.30",1.32%
2021-11-30,"4,567.00",-1.90%
2021-12-01,"4,513.00",-1.18%
2021-12-02,"4,577.10",1.42%
2021-12-03,"4,538.40",-0.85%
2021-12-06,"4,591.70",1.17%
2021-12-07,"4,686.80",2.07%
2021-12-08,"4,701.20",0.31%
2021-12-09,"4,667.40",-0.72%
2021-12-10,"4,712.00",0.96%
2021-12-13,"4,669.00",-0.91%
2021-12-14,"4,634.10",-0.75%
2021-12-15,"4,709.90",1.64%
2021-12-16,"4,668.70",-0.87%
2021-12-17,"4,620.60",-1.03%
2021-12-20,"4,568.00",-1.14%
2021-12-21,"4,649.20",1.78%
2021-12-22,"4,696.60",1.02%
2021-12-23,"4,725.80",0.62%
2021-12-27,"4,791.20",1.38%
2021-12-28,"4,786.40",-0.10%
2021-12-29,"4,793.10",0.14%
2021-12-30,"4,778.70",-0.30%
2021-12-31,"4,766.20",-0.26%
2022-01-03,"4,796.60",0.64%
2022-01-04,"4,793.50",-0.06%
2022-01-05,"4,700.60",-1.94%
2022-01-06,"4,696.10",-0.10%
2022-01-07,"4,677.00",-0.41%
2022-01-10,"4,670.30",-0.14%
2022-01-11,"4,713.10",0.92%
2022-01-12,"4,726.40",0.28%
2022-01-13,"4,659.00",-1.43%
2022-01-14,"4,662.90",0.08%
2022-01-18,"4,577.10",-1.84%
2022-01-19,"4,532.80",-0.97%
2022-01-20,"4,482.70",-1.11%
2022-01-21,"4,397.90",-1.89%
2022-01-24,"4,410.10",0.28%
2022-01-25,"4,356.40",-1.22%
2022-01-26,"4,349.90",-0.15%
2022-01-27,"4,326.50",-0.54%
2022-01-28,"4,431.90",2.44%
2022-01-31,"4,515.60",1.89%
2022-02-01,"4,546.50",0.68%
2022-02-02,"4,589.40",0.94%
2022-02-03,"4,477.40",-2.44%
2022-02-04,"4,500.50",0.52%
2022-02-07,"4,483.90",-0.37%
2022-02-08,"4,521.50",0.84%
2022-02-09,"4,587.20",1.45%
2022-02-10,"4,504.10",-1.81%
2022-02-11,"4,418.64",-1.90%
2022-02-14,"4,401.67",-0.38%
2022-02-15,"4,471.07",1.58%
2022-02-16,"4,475.01",0.09%
2022-02-17,"4,380.26",-2.12%
2022-02-18,"4,348.87",-0.72%
2022-02-22,"4,304.76",-1.01%
2022-02-23,"4,225.50",-1.84%
2022-02-24,"4,288.70",1.50%
2022-02-25,"4,384.65",2.24%
2022-02-28,"4,373.94",-0.24%
2022-03-01,"4,306.26",-1.55%
2022-03-02,"4,386.54",1.86%
2022-03-03,"4,363.49",-0.53%
2022-03-04,"4,328.87",-0.79%
2022-03-07,"4,201.09",-2.95%
2022-03-08,"4,170.70",-0.72%
2022-03-09,"4,277.88",2.57%
2022-03-10,"4,259.52",-0.43%
2022-03-11,"4,204.31",-1.30%
2022-03-14,"4,173.11",-0.74%
2022-03-15,"4,262.45",2.14%
2022-03-16,"4,357.86",2.24%
2022-03-17,"4,411.67",1.23%
2022-03-18,"4,463.12",1.17%
2022-03-21,"4,461.18",-0.04%
2022-03-22,"4,511.61",1.13%
2022-03-23,"4,456.24",-1.23%
2022-03-24,"4,520.16",1.43%
2022-03-25,"4,543.06",0.51%
2022-03-28,"4,575.52",0.71%
2022-03-29,"4,631.60",1.23%
2022-03-30,"4,602.45",-0.63%
2022-03-31,"4,530.41",-1.57%
2022-04-01,"4,545.86",0.34%
2022-04-04,"4,582.64",0.81%
2022-04-05,"4,525.12",-1.26%
2022-04-06,"4,481.15",-0.97%
2022-04-07,"4,500.21",0.43%
2022-04-08,"4,488.28",-0.27%
2022-04-11,"4,412.53",-1.69%
2022-04-12,"4,397.45",-0.34%
2022-04-13,"4,446.59",1.12%
2022-04-14,"4,392.59",-1.21%
2022-04-18,"4,391.69",-0.02%
2022-04-19,"4,462.21",1.61%
2022-04-20,"4,459.45",-0.06%
2022-04-21,"4,393.66",-1.48%
2022-04-22,"4,271.78",-2.77%
2022-04-25,"4,296.12",0.57%
2022-04-26,"4,175.20",-2.81%
2022-04-27,"4,183.96",0.21%
2022-04-28,"4,287.50",2.47%
2022-04-29,"4,131.93",-3.63%
2022-05-02,"4,155.38",0.57%
2022-05-03,"4,175.48",0.48%
2022-05-04,"4,300.17",2.99%
2022-05-05,"4,146.87",-3.56%
2022-05-06,"4,123.34",-0.57%
2022-05-09,"3,991.24",-3.20%
2022-05-10,"4,001.05",0.25%
2022-05-11,"3,935.18",-1.65%
2022-05-12,"3,930.08",-0.13%
2022-05-13,"4,023.89",2.39%
2022-05-16,"4,008.01",-0.39%
2022-05-17,"4,088.85",2.02%
2022-05-18,"3,923.68",-4.04%
2022-05-19,"3,900.79",-0.58%
2022-05-20,"3,901.36",0.01%
2022-05-23,"3,973.75",1.86%
2022-05-24,"3,941.48",-0.81%
2022-05-25,"3,978.73",0.95%
2022-05-26,"4,057.84",1.99%
2022-05-27,"4,158.24",2.47%
2022-05-31,"4,132.15",-0.63%
2022-06-01,"4,101.23",-0.75%
2022-06-02,"4,176.82",1.84%
2022-06-03,"4,108.54",-1.63%
2022-06-06,"4,121.43",0.31%
2022-06-07,"4,160.68",0.95%
2022-06-08,"4,115.77",-1.08%
2022-06-09,"4,017.82",-2.38%
2022-06-10,"3,900.86",-2.91%
2022-06-13,"3,749.63",-3.88%
2022-06-14,"3,735.48",-0.38%
2022-06-15,"3,789.99",1.46%
2022-06-16,"3,666.77",-3.25%
2022-06-17,"3,674.84",0.22%
2022-06-21,"3,764.79",2.45%
2022-06-22,"3,759.89",-0.13%
2022-06-23,"3,795.73",0.95%
2022-06-24,"3,911.74",3.06%
2022-06-27,"3,900.11",-0.30%
2022-06-28,"3,821.55",-2.01%
2022-06-29,"3,818.83",-0.07%
2022-06-30,"3,785.38",-0.88%
2022-07-01,"3,825.33",1.06%
2022-07-05,"3,831.39",0.16%
2022-07-06,"3,845.08",0.36%
2022-07-07,"3,902.62",1.50%
2022-07-08,"3,899.38",-0.08%
2022-07-11,"3,854.43",-1.15%
2022-07-12,"3,818.80",-0.92%
2022-07-13,"3,801.78",-0.45%
2022-07-14,"3,790.38",-0.30%
2022-07-15,"3,863.16",1.92%
2022-07-18,"3,830.85",-0.84%
2022-07-19,"3,936.69",2.76%
2022-07-20,"3,959.90",0.59%
2022-07-21,"3,998.95",0.99%
2022-07-22,"3,961.63",-0.93%
2022-07-25,"3,966.84",0.13%
2022-07-26,"3,921.05",-1.15%
2022-07-27,"4,023.61",2.62%
2022-07-28,"4,072.43",1.21%
2022-07-29,"4,130.29",1.42%
2022-08-01,"4,118.63",-0.28%
2022-08-02,"4,091.19",-0.67%
2022-08-03,"4,155.17",1.56%
2022-08-04,"4,151.94",-0.08%
2022-08-05,"4,145.19",-0.16%
2022-08-08,"4,140.06",-0.12%
2022-08-09,"4,122.47",-0.42%
2022-08-10,"4,210.24",2.13%
2022-08-11,"4,207.27",-0.07%
2022-08-12,"4,280.15",1.73%
2022-08-15,"4,297.14",0.40%
2022-08-16,"4,305.20",0.19%
2022-08-17,"4,274.04",-0.72%
2022-08-18,"4,283.74",0.23%
2022-08-19,"4,228.48",-1.29%
2022-08-22,"4,137.99",-2.14%
2022-08-23,"4,128.73",-0.22%
2022-08-24,"4,140.77",0.29%
2022-08-25,"4,199.12",1.41%
2022-08-26,"4,057.66",-3.37%
2022-08-29,"4,030.61",-0.67%
2022-08-30,"3,986.16",-1.10%
2022-08-31,"3,955.00",-0.78%
2022-09-01,"3,966.85",0.30%
2022-09-02,"3,924.26",-1.07%
2022-09-06,"3,908.19",-0.41%
2022-09-07,"3,979.87",1.83%
2022-09-08,"4,006.18",0.66%
2022-09-09,"4,067.36",1.53%
2022-09-12,"4,110.41",1.06%
2022-09-13,"3,932.69",-4.32%
2022-09-14,"3,946.01",0.34%
2022-09-15,"3,901.35",-1.13%
2022-09-16,"3,873.33",-0.72%
2022-09-19,"3,899.89",0.69%
2022-09-20,"3,855.93",-1.13%
2022-09-21,"3,789.93",-1.71%
2022-09-22,"3,757.99",-0.84%
2022-09-23,"3,693.23",-1.72%
2022-09-26,"3,655.04",-1.03%
2022-09-27,"3,647.29",-0.21%
2022-09-28,"3,719.04",1.97%
2022-09-29,"3,640.47",-2.11%
2022-09-30,"3,585.62",-1.51%
2022-10-03,"3,678.43",2.59%
2022-10-04,"3,790.93",3.06%
2022-10-05,"3,783.28",-0.20%
2022-10-06,"3,744.52",-1.02%
2022-10-07,"3,639.66",-2.80%
2022-10-10,"3,612.39",-0.75%
2022-10-11,"3,588.84",-0.65%
2022-10-12,"3,577.03",-0.33%
2022-10-13,"3,669.91",2.60%
2022-10-14,"3,583.07",-2.37%
2022-10-17,"3,677.95",2.65%
2022-10-18,"3,719.98",1.14%
2022-10-19,"3,695.16",-0.67%
2022-10-20,"3,665.78",-0.80%
2022-10-21,"3,752.75",2.37%
2022-10-24,"3,797.34",1.19%
2022-10-25,"3,859.11",1.63%
2022-10-26,"3,830.60",-0.74%
2022-10-27,"3,807.30",-0.61%
2022-10-28,"3,901.06",2.46%
2022-10-31,"3,871.98",-0.75%
2022-11-01,"3,856.10",-0.41%
2022-11-02,"3,759.69",-2.50%
2022-11-03,"3,719.89",-1.06%
2022-11-04,"3,770.55",1.36%
2022-11-07,"3,806.80",0.96%
2022-11-08,"3,828.11",0.56%
2022-11-09,"3,748.57",-2.08%
2022-11-10,"3,956.37",5.54%
2022-11-11,"3,992.93",0.92%
2022-11-14,"3,957.25",-0.89%
2022-11-15,"3,991.73",0.87%
2022-11-16,"3,958.79",-0.83%
2022-11-17,"3,946.56",-0.31%
2022-11-18,"3,965.34",0.48%
2022-11-21,"3,949.94",-0.39%
2022-11-22,"4,003.58",1.36%
2022-11-23,"4,027.26",0.59%
2022-11-25,"4,026.12",-0.03%
2022-11-28,"3,963.94",-1.54%
2022-11-29,"3,957.63",-0.16%
2022-11-30,"4,080.11",3.09%
2022-12-01,"4,076.57",-0.09%
2022-12-02,"4,071.70",-0.12%
2022-12-05,"3,998.84",-1.79%
2022-12-06,"3,941.26",-1.44%
2022-12-07,"3,933.92",-0.19%
2022-12-08,"3,963.51",0.75%
2022-12-09,"3,934.38",-0.73%
2022-12-12,"3,990.56",1.43%
2022-12-13,"4,019.65",0.73%
2022-12-14,"3,995.32",-0.61%
2022-12-15,"3,895.75",-2.49%
2022-12-16,"3,852.36",-1.11%
2022-12-19,"3,817.66",-0.90%
2022-12-20,"3,821.62",0.10%
2022-12-21,"3,878.44",1.49%
2022-12-22,"3,822.39",-1.45%
2022-12-23,"3,844.82",0.59%
2022-12-27,"3,829.25",-0.40%
2022-12-28,"3,783.22",-1.20%
2022-12-29,"3,849.28",1.75%
2022-12-30,"3,839.50",-0.25%
2023-01-03,"3,824.14",-0.40%
2023-01-04,"3,852.97",0.75%
2023-01-05,"3,808.10",-1.16%
2023-01-06,"3,895.08",2.28%
2023-01-09,"3,892.09",-0.08%
2023-01-10,"3,919.25",0.70%
2023-01-11,"3,969.61",1.28%
2023-01-12,"3,983.17",0.34%
2023-01-13,"3,999.09",0.40%
2023-01-17,"3,990.97",-0.20%
2023-01-18,"3,928.86",-1.56%
2023-01-19,"3,898.85",-0.76%
2023-01-20,"3,972.61",1.89%
2023-01-23,"4,019.81",1.19%
2023-01-24,"4,016.95",-0.07%
2023-01-25,"4,016.22",-0.02%
2023-01-26,"4,060.43",1.10%
2023-01-27,"4,070.56",0.25%
2023-01-30,"4,017.77",-1.30%
2023-01-31,"4,076.60",1.46%
2023-02-01,"4,119.21",1.05%
2023-02-02,"4,179.76",1.47%
2023-02-03,"4,136.48",-1.04%
2023-02-06,"4,111.08",-0.61%
2023-02-07,"4,164.00",1.29%
2023-02-08,"4,117.86",-1.11%
2023-02-09,"4,081.50",-0.88%
2023-02-10,"4,090.46",0.22%
2023-02-13,"4,137.29",1.14%
2023-02-14,"4,136.13",-0.03%
2023-02-15,"4,147.60",0.28%
2023-02-16,"4,090.41",-1.38%
2023-02-17,"4,079.09",-0.28%
2023-02-21,"3,997.34",-2.00%
2023-02-22,"3,991.05",-0.16%
2023-02-23,"4,012.32",0.53%
2023-02-24,"3,970.04",-1.05%
2023-02-27,"3,982.24",0.31%
2023-02-28,"3,970.15",-0.30%
2023-03-01,"3,951.39",-0.47%
2023-03-02,"3,981.35",0.76%
2023-03-03,"4,045.64",1.61%
2023-03-06,"4,048.42",0.07%
2023-03-07,"3,986.37",-1.53%
2023-03-08,"3,992.01",0.14%
2023-03-09,"3,918.32",-1.85%
2023-03-10,"3,861.59",-1.45%
2023-03-13,"3,855.76",-0.15%
2023-03-14,"3,919.29",1.65%
2023-03-15,"3,891.93",-0.70%
2023-03-16,"3,960.28",1.76%
2023-03-17,"3,916.64",-1.10%
2023-03-20,"3,951.57",0.89%
2023-03-21,"4,002.87",1.30%
2023-03-22,"3,936.97",-1.65%
2023-03-23,"3,948.72",0.30%
2023-03-24,"3,970.99",0.56%
2023-03-27,"3,977.53",0.16%
2023-03-28,"3,971.27",-0.16%
2023-03-29,"4,027.81",1.42%
2023-03-30,"4,050.83",0.57%
2023-03-31,"4,109.31",1.44%
2023-04-03,"4,124.51",0.37%
2023-04-04,"4,100.60",-0.58%
2023-04-05,"4,090.38",-0.25%
2023-04-06,"4,105.02",0.36%
2023-04-10,"4,109.11",0.10%
2023-04-11,"4,108.94",0.00%
2023-04-12,"4,091.95",-0.41%
2023-04-13,"4,146.22",1.33%
2023-04-14,"4,137.64",-0.21%
2023-04-17,"4,151.32",0.33%
2023-04-18,"4,154.87",0.09%
2023-04-19,"4,154.52",-0.01%
2023-04-20,"4,129.79",-0.60%
2023-04-21,"4,133.52",0.09%
2023-04-24,"4,137.04",0.09%
2023-04-25,"4,071.63",-1.58%
2023-04-26,"4,055.99",-0.38%
2023-04-27,"4,135.35",1.96%
2023-04-28,"4,169.48",0.83%
2023-05-01,"4,167.87",-0.04%
2023-05-02,"4,119.58",-1.16%
2023-05-03,"4,090.75",-0.70%
2023-05-04,"4,061.22",-0.72%
2023-05-05,"4,136.25",1.85%
2023-05-08,"4,138.12",0.05%
2023-05-09,"4,119.17",-0.46%
2023-05-10,"4,137.64",0.45%
2023-05-11,"4,130.62",-0.17%
2023-05-12,"4,124.08",-0.16%
2023-05-15,"4,136.28",0.30%
2023-05-16,"4,109.90",-0.64%
2023-05-17,"4,158.77",1.19%
2023-05-18,"4,198.05",0.94%
2023-05-19,"4,191.98",-0.14%
2023-05-22,"4,192.63",0.02%
2023-05-23,"4,145.58",-1.12%
2023-05-24,"4,115.24",-0.73%
2023-05-25,"4,151.28",0.88%
2023-05-26,"4,205.45",1.30%
2023-05-30,"4,205.52",0.00%
2023-05-31,"4,179.83",-0.61%
2023-06-01,"4,221.02",0.99%
2023-06-02,"4,282.37",1.45%
2023-06-05,"4,273.79",-0.20%
2023-06-06,"4,283.85",0.24%
2023-06-07,"4,267.52",-0.38%
2023-06-08,"4,293.93",0.62%
2023-06-09,"4,298.86",0.11%
2023-06-12,"4,338.93",0.93%
2023-06-13,"4,369.01",0.69%
2023-06-14,"4,372.59",0.08%
2023-06-15,"4,425.84",1.22%
2023-06-16,"4,409.59",-0.37%
2023-06-20,"4,388.71",-0.47%
2023-06-21,"4,365.69",-0.52%
2023-06-22,"4,381.89",0.37%
2023-06-23,"4,348.33",-0.77%
2023-06-26,"4,328.82",-0.45%
2023-06-27,"4,378.41",1.15%
2023-06-28,"4,376.86",-0.04%
2023-06-29,"4,396.44",0.45%
2023-06-30,"4,450.38",1.23%
2023-07-03,"4,455.59",0.12%
2023-07-05,"4,446.82",-0.20%
2023-07-06,"4,411.59",-0.79%
2023-07-07,"4,398.95",-0.29%
2023-07-10,"4,409.53",0.24%
2023-07-11,"4,439.26",0.67%
2023-07-12,"4,472.16",0.74%
2023-07-13,"4,510.04",0.85%
2023-07-14,"4,505.42",-0.10%
2023-07-17,"4,522.79",0.39%
2023-07-18,"4,554.98",0.71%
2023-07-19,"4,565.72",0.24%
2023-07-20,"4,534.87",-0.68%
2023-07-21,"4,536.34",0.03%
2023-07-24,"4,554.64",0.40%
2023-07-25,"4,567.46",0.28%
2023-07-26,"4,566.75",-0.02%
2023-07-27,"4,537.41",-0.64%
2023-07-28,"4,582.23",0.99%
2023-07-31,"4,588.96",0.15%
2023-08-01,"4,576.73",-0.27%
2023-08-02,"4,513.39",-1.38%
2023-08-03,"4,501.89",-0.25%
2023-08-04,"4,478.03",-0.53%
2023-08-07,"4,518.44",0.90%
2023-08-08,"4,499.38",-0.42%
2023-08-09,"4,467.71",-0.70%
2023-08-10,"4,468.83",0.03%
2023-08-11,"4,464.05",-0.11%
2023-08-14,"4,489.72",0.58%
2023-08-15,"4,437.86",-1.16%
2023-08-16,"4,404.33",-0.76%
2023-08-17,"4,370.36",-0.77%
2023-08-18,"4,369.71",-0.01%
2023-08-21,"4,399.77",0.69%
2023-08-22,"4,387.55",-0.28%
2023-08-23,"4,436.01",1.10%
2023-08-24,"4,376.31",-1.35%
2023-08-25,"4,405.71",0.67%
2023-08-28,"4,433.31",0.63%
2023-08-29,"4,497.63",1.45%
2023-08-30,"4,514.87",0.38%
2023-08-31,"4,507.66",-0.16%
2023-09-01,"4,515.77",0.18%
2023-09-05,"4,496.83",-0.42%
2023-09-06,"4,465.48",-0.70%
2023-09-07,"4,451.14",-0.32%
2023-09-08,"4,457.49",0.14%
2023-09-11,"4,487.46",0.67%
2023-09-12,"4,461.90",-0.57%
2023-09-13,"4,467.44",0.12%
2023-09-14,"4,505.10",0.84%
2023-09-15,"4,450.32",-1.22%
2023-09-18,"4,453.53",0.07%
2023-09-19,"4,443.95",-0.22%
2023-09-20,"4,402.20",-0.94%
2023-09-21,"4,330.00",-1.64%
2023-09-22,"4,320.06",-0.23%
2023-09-25,"4,337.44",0.40%
2023-09-26,"4,273.53",-1.47%
2023-09-27,"4,274.51",0.02%
2023-09-28,"4,299.70",0.59%
2023-09-29,"4,288.05",-0.27%
2023-10-02,"4,288.39",0.01%
2023-10-03,"4,229.45",-1.37%
2023-10-04,"4,263.75",0.81%
2023-10-05,"4,258.19",-0.13%
2023-10-06,"4,308.50",1.18%
2023-10-09,"4,335.66",0.63%
2023-10-10,"4,358.24",0.52%
2023-10-11,"4,376.95",0.43%
2023-10-12,"4,349.61",-0.62%
2023-10-13,"4,327.78",-0.50%
2023-10-16,"4,373.63",1.06%
2023-10-17,"4,373.20",-0.01%
2023-10-18,"4,314.60",-1.34%
2023-10-19,"4,278.00",-0.85%
2023-10-20,"4,224.16",-1.26%
2023-10-23,"4,217.04",-0.17%
2023-10-24,"4,247.68",0.73%
2023-10-25,"4,186.77",-1.43%
2023-10-26,"4,137.23",-1.18%
2023-10-27,"4,117.37",-0.48%
2023-10-30,"4,166.82",1.20%
2023-10-31,"4,193.80",0.65%
2023-11-01,"4,237.86",1.05%
2023-11-02,"4,317.78",1.89%
2023-11-03,"4,358.34",0.94%
2023-11-06,"4,365.98",0.18%
2023-11-07,"4,378.38",0.28%
2023-11-08,"4,382.78",0.10%
2023-11-09,"4,347.35",-0.81%
2023-11-10,"4,415.24",1.56%
2023-11-13,"4,411.55",-0.08%
2023-11-14,"4,495.70",1.91%
2023-11-15,"4,502.88",0.16%
2023-11-16,"4,508.24",0.12%
2023-11-17,"4,514.02",0.13%
2023-11-20,"4,547.38",0.74%
2023-11-21,"4,538.19",-0.20%
2023-11-22,"4,556.62",0.41%
2023-11-24,"4,559.34",0.06%
2023-11-27,"4,550.43",-0.20%
2023-11-28,"4,554.89",0.10%
2023-11-29,"4,550.58",-0.09%
2023-11-30,"4,567.80",0.38%
2023-12-01,"4,594.63",0.59%
2023-12-04,"4,569.78",-0.54%
2023-12-05,"4,567.18",-0.06%
2023-12-06,"4,549.34",-0.39%
2023-12-07,"4,585.59",0.80%
2023-12-08,"4,604.37",0.41%
2023-12-11,"4,622.44",0.39%
2023-12-12,"4,643.70",0.46%
2023-12-13,"4,707.09",1.37%
2023-12-14,"4,719.55",0.26%
2023-12-15,"4,719.19",-0.01%
2023-12-18,"4,740.56",0.45%
2023-12-19,"4,768.37",0.59%
2023-12-20,"4,698.35",-1.47%
2023-12-21,"4,746.75",1.03%
2023-12-22,"4,754.63",0.17%
2023-12-26,"4,774.75",0.42%
2023-12-27,"4,781.58",0.14%
2023-12-28,"4,783.35",0.04%
2023-12-29,"4,769.83",-0.28%
2024-01-02,"4,742.83",-0.57%
2024-01-03,"4,704.81",-0.80%
2024-01-04,"4,688.68",-0.34%
2024-01-05,"4,697.24",0.18%
2024-01-08,"4,763.54",1.41%
2024-01-09,"4,756.50",-0.15%
2024-01-10,"4,783.45",0.57%
2024-01-11,"4,780.24",-0.07%
2024-01-12,"4,783.83",0.08%
2024-01-16,"4,765.98",-0.37%
2024-01-17,"4,739.21",-0.56%
2024-01-18,"4,780.94",0.88%
2024-01-19,"4,839.81",1.23%
2024-01-22,"4,850.43",0.22%
2024-01-23,"4,864.60",0.29%
2024-01-24,"4,868.55",0.08%
2024-01-25,"4,894.16",0.53%
2024-01-26,"4,890.97",-0.07%
2024-01-29,"4,927.93",0.76%
2024-01-30,"4,924.97",-0.06%
2024-01-31,"4,845.65",-1.61%
2024-02-01,"4,906.19",1.25%
2024-02-02,"4,958.61",1.07%
2024-02-05,"4,942.81",-0.32%
2024-02-06,"4,954.23",0.23%
2024-02-07,"4,995.06",0.82%
2024-02-08,"4,997.91",0.06%
2024-02-09,"5,026.61",0.57%
2024-02-12,"5,021.84",-0.09%
2024-02-13,"4,953.17",-1.37%
2024-02-14,"5,000.62",0.96%
2024-02-15,"5,029.73",0.58%
2024-02-16,"5,005.57",-0.48%
2024-02-20,"4,975.51",-0.60%
2024-02-21,"4,981.80",0.13%
2024-02-22,"5,087.03",2.11%
2024-02-23,"5,088.80",0.03%
2024-02-26,"5,069.53",-0.38%
2024-02-27,"5,078.18",0.17%
2024-02-28,"5,069.76",-0.17%
2024-02-29,"5,096.27",0.52%
2024-03-01,"5,137.08",0.80%
2024-03-04,"5,130.95",-0.12%
2024-03-05,"5,078.65",-1.02%
2024-03-06,"5,104.76",0.51%
2024-03-07,"5,157.36",1.03%
2024-03-08,"5,123.69",-0.65%
2024-03-11,"5,117.94",-0.11%
2024-03-12,"5,175.27",1.12%
2024-03-13,"5,165.31",-0.19%
2024-03-14,"5,150.48",-0.29%
2024-03-15,"5,117.09",-0.65%
2024-03-18,"5,149.42",0.63%
2024-03-19,"5,178.51",0.56%
2024-03-20,"5,224.62",0.89%
2024-03-21,"5,241.53",0.32%
2024-03-22,"5,234.18",-0.14%
2024-03-25,"5,218.19",-0.31%
2024-03-26,"5,203.58",-0.28%
2024-03-27,"5,248.49",0.86%
2024-03-28,"5,254.35",0.11%
2024-04-01,"5,243.77",-0.20%
2024-04-02,"5,205.81",-0.72%
2024-04-03,"5,211.49",0.11%
2024-04-04,"5,147.21",-1.23%
2024-04-05,"5,204.34",1.11%
2024-04-08,"5,202.39",-0.04%
2024-04-09,"5,209.91",0.14%
2024-04-10,"5,160.64",-0.95%
2024-04-11,"5,199.06",0.74%
2024-04-12,"5,123.41",-1.46%
2024-04-15,"5,061.82",-1.20%
2024-04-16,"5,051.41",-0.21%
2024-04-17,"5,022.21",-0.58%
2024-04-18,"5,011.12",-0.22%
2024-04-19,"4,967.23",-0.88%
2024-04-22,"5,010.60",0.87%
2024-04-23,"5,070.55",1.20%
2024-04-24,"5,071.63",0.02%
2024-04-25,"5,048.42",-0.46%
2024-04-26,"5,099.96",1.02%
2024-04-29,"5,116.17",0.32%
2024-04-30,"5,035.69",-1.57%
2024-05-01,"5,018.39",-0.34%
2024-05-02,"5,064.20",0.91%
2024-05-03,"5,127.79",1.26%
2024-05-06,"5,180.74",1.03%
2024-05-07,"5,187.70",0.13%
2024-05-08,"5,187.67",0.00%
2024-05-09,"5,214.08",0.51%
2024-05-10,"5,222.68",0.16%
2024-05-13,"5,221.42",-0.02%
2024-05-14,"5,246.68",0.48%
2024-05-15,"5,308.15",1.17%
2024-05-16,"5,297.10",-0.21%
2024-05-17,"5,303.27",0.12%
2024-05-20,"5,308.13",0.09%
2024-05-21,"5,321.41",0.25%
2024-05-22,"5,307.01",-0.27%
2024-05-23,"5,267.84",-0.74%
2024-05-24,"5,304.72",0.70%
2024-05-28,"5,306.04",0.02%
2024-05-29,"5,266.95",-0.74%
2024-05-30,"5,235.48",-0.60%
2024-05-31,"5,277.51",0.80%
2024-06-03,"5,283.40",0.11%
2024-06-04,"5,291.34",0.15%
2024-06-05,"5,354.03",1.18%
2024-06-06,"5,352.96",-0.02%
2024-06-07,"5,346.99",-0.11%
2024-06-10,"5,360.79",0.26%
2024-06-11,"5,375.32",0.27%
2024-06-12,"5,421.03",0.85%
2024-06-13,"5,433.74",0.23%
2024-06-14,"5,431.60",-0.04%
2024-06-17,"5,473.23",0.77%
2024-06-18,"5,487.03",0.25%
2024-06-20,"5,473.17",-0.25%
2024-06-21,"5,464.62",-0.16%
2024-06-24,"5,447.87",-0.31%
2024-06-25,"5,469.30",0.39%
2024-06-26,"5,477.90",0.16%
2024-06-27,"5,482.87",0.09%
2024-06-28,"5,460.48",-0.41%
2024-07-01,"5,475.09",0.27%
2024-07-02,"5,509.01",0.62%
2024-07-03,"5,537.02",0.51%
2024-07-05,"5,567.19",0.54%
2024-07-08,"5,572.85",0.10%
2024-07-09,"5,576.98",0.07%
2024-07-10,"5,633.91",1.02%
2024-07-11,"5,584.54",-0.88%
2024-07-12,"5,615.35",0.55%
2024-07-15,"5,631.22",0.28%
2024-07-16,"5,667.20",0.64%
2024-07-17,"5,588.27",-1.39%
2024-07-18,"5,544.59",-0.78%
2024-07-19,"5,505.00",-0.71%
2024-07-22,"5,564.41",1.08%
2024-07-23,"5,555.74",-0.16%
2024-07-24,"5,427.13",-2.31%
2024-07-25,"5,399.22",-0.51%
2024-07-26,"5,459.10",1.11%
2024-07-29,"5,463.54",0.08%
2024-07-30,"5,436.44",-0.50%
2024-07-31,"5,522.30",1.58%
2024-08-01,"5,446.68",-1.37%
2024-08-02,"5,346.56",-1.84%
2024-08-05,"5,186.33",-3.00%
2024-08-06,"5,240.03",1.04%
2024-08-07,"5,199.50",-0.77%
2024-08-08,"5,319.31",2.30%
2024-08-09,"5,344.16",0.47%
2024-08-12,"5,344.39",0.00%
2024-08-13,"5,434.43",1.68%
2024-08-14,"5,455.21",0.38%
2024-08-15,"5,543.22",1.61%
2024-08-16,"5,554.25",0.20%
2024-08-19,"5,608.25",0.97%
2024-08-20,"5,597.12",-0.20%
2024-08-21,"5,620.85",0.42%
2024-08-22,"5,570.64",-0.89%
2024-08-23,"5,634.61",1.15%
2024-08-26,"5,616.84",-0.32%
2024-08-27,"5,625.80",0.16%
2024-08-28,"5,592.18",-0.60%
2024-08-29,"5,591.96",0.00%
2024-08-30,"5,648.40",1.01%
2024-09-03,"5,528.93",-2.12%
2024-09-04,"5,520.07",-0.16%
2024-09-05,"5,503.41",-0.30%
2024-09-06,"5,408.42",-1.73%
2024-09-09,"5,471.05",1.16%
2024-09-10,"5,495.52",0.45%
2024-09-11,"5,554.13",1.07%
2024-09-12,"5,595.76",0.75%
2024-09-13,"5,626.02",0.54%
2024-09-16,"5,633.09",0.13%
2024-09-17,"5,634.58",0.03%
2024-09-18,"5,618.26",-0.29%
2024-09-19,"5,713.64",1.70%
2024-09-20,"5,702.55",-0.19%
2024-09-23,"5,718.57",0.28%
2024-09-24,"5,732.93",0.25%
2024-09-25,"5,722.26",-0.19%
2024-09-26,"5,745.37",0.40%
2024-09-27,"5,738.17",-0.13%
2024-09-30,"5,762.48",0.42%
2024-10-01,"5,708.75",-0.93%
2024-10-02,"5,709.54",0.01%
2024-10-03,"5,699.94",-0.17%
2024-10-04,"5,751.07",0.90%
2024-10-07,"5,695.94",-0.96%
2024-10-08,"5,751.13",0.97%
2024-10-09,"5,792.04",0.71%
2024-10-10,"5,780.05",-0.21%
2024-10-11,"5,815.03",0.61%
2024-10-14,"5,859.85",0.77%
2024-10-15,"5,815.26",-0.76%
2024-10-16,"5,842.47",0.47%
2024-10-17,"5,841.47",-0.02%
2024-10-18,"5,864.67",0.40%
2024-10-21,"5,853.98",-0.18%
2024-10-22,"5,851.20",-0.05%
2024-10-23,"5,797.42",-0.92%
2024-10-24,"5,809.86",0.21%
2024-10-25,"5,808.12",-0.03%
2024-10-28,"5,823.52",0.27%
2024-10-29,"5,832.92",0.16%
2024-10-30,"5,813.67",-0.33%
2024-10-31,"5,705.45",-1.86%
2024-11-01,"5,728.80",0.41%
2024-11-04,"5,712.69",-0.28%
2024-11-05,"5,782.76",1.23%
2024-11-06,"5,929.04",2.53%
2024-11-07,"5,973.10",0.74%
2024-11-08,"5,995.54",0.38%
2024-11-11,"6,001.35",0.10%
2024-11-12,"5,983.99",-0.29%
2024-11-13,"5,985.38",0.02%
2024-11-14,"5,949.17",-0.60%
2024-11-15,"5,870.62",-1.32%
2024-11-18,"5,893.62",0.39%
2024-11-19,"5,916.98",0.40%
2024-11-20,"5,917.11",0.00%
2024-11-21,"5,948.71",0.53%
2024-11-22,"5,969.34",0.35%
2024-11-25,"5,987.37",0.30%
2024-11-26,"6,021.63",0.57%
2024-11-27,"5,998.74",-0.38%
2024-11-29,"6,032.38",0.56%
2024-12-02,"6,047.15",0.24%
2024-12-03,"6,049.88",0.05%
2024-12-04,"6,086.49",0.61%
2024-12-05,"6,075.11",-0.19%
2024-12-06,"6,090.27",0.25%
2024-12-09,"6,052.85",-0.61%
2024-12-10,"6,034.91",-0.30%
2024-12-11,"6,084.19",0.82%
2024-12-12,"6,051.25",-0.54%
2024-12-13,"6,051.09",0.00%
2024-12-16,"6,074.08",0.38%
2024-12-17,"6,050.61",-0.39%
2024-12-18,"5,872.16",-2.95%
2024-12-19,"5,867.08",-0.09%
2024-12-20,"5,930.85",1.09%
2024-12-23,"5,974.07",0.73%
2024-12-24,"6,040.04",1.10%
2024-12-26,"6,037.59",-0.04%
2024-12-27,"5,970.84",-1.11%
2024-12-30,"5,906.94",-1.07%
2024-12-31,"5,881.63",-0.43%
2025-01-02,"5,868.55",-0.22%
2025-01-03,"5,942.47",1.26%
2025-01-06,"5,975.38",0.55%
2025-01-07,"5,909.03",-1.11%
2025-01-08,"5,918.25",0.16%
2025-01-10,"5,827.04",-1.54%
2025-01-13,"5,836.22",0.16%
2025-01-14,"5,842.91",0.11%
2025-01-15,"5,949.91",1.83%
2025-01-16,"5,937.34",-0.21%
2025-01-17,"5,996.66",1.00%
2025-01-21,"6,049.24",0.88%
2025-01-22,"6,086.37",0.61%
2025-01-23,"6,118.71",0.53%
2025-01-24,"6,101.24",-0.29%
2025-01-27,"6,012.28",-1.46%
2025-01-28,"6,067.70",0.92%
2025-01-29,"6,039.31",-0.47%
2025-01-30,"6,071.17",0.53%
2025-01-31,"6,040.53",-0.50%
2025-02-03,"5,994.57",-0.76%
2025-02-04,"6,037.88",0.72%
2025-02-05,"6,061.48",0.39%
2025-02-06,"6,083.57",0.36%
2025-02-07,"6,025.99",-0.95%
2025-02-10,"6,066.44",0.67%
2025-02-11,"6,068.50",0.03%
2025-02-12,"6,051.97",-0.27%
2025-02-13,"6,115.07",1.04%
2025-02-14,"6,114.63",-0.01%
2025-02-18,"6,129.58",0.24%
2025-02-19,"6,144.15",0.24%
2025-02-20,"6,117.52",-0.43%
2025-02-21,"6,013.13",-1.71%
2025-02-24,"5,983.25",-0.50%
2025-02-25,"5,955.25",-0.47%
2025-02-26,"5,956.06",0.01%
2025-02-27,"5,861.57",-1.59%
2025-02-28,"5,954.50",1.59%
2025-03-03,"5,849.72",-1.76%
2025-03-04,"5,778.15",-1.22%
2025-03-05,"5,842.63",1.12%
2025-03-06,"5,738.52",-1.78%
2025-03-07,"5,770.20",0.55%
2025-03-10,"5,614.56",-2.70%
2025-03-11,"5,572.07",-0.76%
2025-03-12,"5,599.30",0.49%
2025-03-13,"5,521.52",-1.39%
2025-03-14,"5,638.94",2.13%
2025-03-17,"5,675.12",0.64%
2025-03-18,"5,614.66",-1.07%
2025-03-19,"5,675.29",1.08%
2025-03-20,"5,662.89",-0.22%
2025-03-21,"5,667.56",0.08%
2025-03-24,"5,767.57",1.76%
2025-03-25,"5,776.65",0.16%
2025-03-26,"5,712.20",-1.12%
2025-03-27,"5,693.31",-0.33%
2025-03-28,"5,580.94",-1.97%
2025-03-31,"5,611.85",0.55%
2025-04-01,"5,633.07",0.38%
2025-04-02,"5,670.97",0.67%
2025-04-03,"5,396.52",-4.84%
2025-04-04,"5,074.08",-5.97%
2025-04-07,"5,062.25",-0.23%
2025-04-08,"4,982.77",-1.57%
2025-04-09,"5,456.90",9.52%
2025-04-10,"5,268.05",-3.46%
2025-04-11,"5,363.36",1.81%
2025-04-14,"5,405.97",0.79%
2025-04-15,"5,396.63",-0.17%
2025-04-16,"5,275.70",-2.24%
2025-04-17,"5,282.70",0.13%
2025-04-21,"5,158.20",-2.36%
2025-04-22,"5,287.76",2.51%
2025-04-23,"5,375.86",1.67%
2025-04-24,"5,484.77",2.03%
2025-04-25,"5,525.21",0.74%
2025-04-28,"5,528.75",0.06%
2025-04-29,"5,560.83",0.58%
2025-04-30,"5,569.06",0.15%
2025-05-01,"5,604.14",0.63%
2025-05-02,"5,686.67",1.47%
2025-05-05,"5,650.38",-0.64%
2025-05-06,"5,606.91",-0.77%
2025-05-07,"5,631.28",0.43%
2025-05-08,"5,663.94",0.58%
2025-05-09,"5,659.91",-0.07%
2025-05-12,"5,844.19",3.26%
2025-05-13,"5,886.55",0.72%
2025-05-14,"5,892.58",0.10%
2025-05-15,"5,916.93",0.41%
2025-05-16,"5,958.38",0.70%
2025-05-19,"5,963.60",0.09%
2025-05-20,"5,940.46",-0.39%
2025-05-21,"5,844.61",-1.61%
2025-05-22,"5,842.01",-0.04%
2025-05-23,"5,802.82",-0.67%
2025-05-27,"5,921.54",2.05%
2025-05-28,"5,888.55",-0.56%
2025-05-29,"5,912.17",0.40%
2025-05-30,"5,911.69",-0.01%
2025-06-02,"5,935.94",0.41%
2025-06-03,"5,970.37",0.58%
2025-06-04,"5,970.81",0.01%
2025-06-05,"5,939.30",-0.53%
2025-06-06,"6,000.36",1.03%
2025-06-09,"6,005.88",0.09%
2025-06-10,"6,038.81",0.55%
2025-06-11,"6,022.24",-0.27%
2025-06-12,"6,045.26",0.38%
2025-06-13,"5,976.97",-1.13%
2025-06-16,"6,033.11",0.94%
2025-06-17,"5,982.72",-0.84%
2025-06-18,"5,980.87",-0.03%
2025-06-20,"5,967.84",-0.22%
2025-06-23,"6,025.17",0.96%
2025-06-24,"6,092.18",1.11%
2025-06-25,"6,092.16",0.00%
2025-06-26,"6,141.02",0.80%
2025-06-27,"6,173.07",0.52%
2025-06-30,"6,204.95",0.52%
2025-07-01,"6,198.01",-0.11%
2025-07-02,"6,227.42",0.47%
2025-07-03,"6,279.35",0.83%
2025-07-07,"6,229.98",-0.79%
2025-07-08,"6,225.52",-0.07%
2025-07-09,"6,263.26",0.61%
2025-07-10,"6,280.46",0.27%
2025-07-11,"6,259.75",-0.33%
2025-07-14,"6,268.56",0.14%
2025-07-15,"6,243.76",-0.40%
2025-07-16,"6,263.70",0.32%
2025-07-17,"6,297.36",0.54%
2025-07-18,"6,296.79",-0.01%
2025-07-21,"6,305.60",0.14%
2025-07-22,"6,309.62",0.06%
2025-07-23,"6,358.91",0.78%
2025-07-24,"6,363.35",0.07%
2025-07-25,"6,388.64",0.40%
2025-07-28,"6,389.77",0.02%
2025-07-29,"6,370.86",-0.30%
2025-07-30,"6,362.90",-0.12%
2025-07-31,"6,339.39",-0.37%
2025-08-01,"6,238.01",-1.60%
2025-08-04,"6,329.94",1.47%
2025-08-05,"6,299.19",-0.49%
2025-08-06,"6,345.06",0.73%
2025-08-07,"6,340.00",-0.08%
2025-08-08,"6,389.45",0.78%
2025-08-11,"6,373.45",-0.25%
2025-08-12,"6,445.76",1.13%
2025-08-13,"6,466.58",0.32%
2025-08-14,"6,468.54",0.03%
2025-08-15,"6,449.80",-0.29%
2025-08-18,"6,449.15",-0.01%
2025-08-19,"6,411.37",-0.59%
2025-08-20,"6,395.78",-0.24%
2025-08-21,"6,370.17",-0.40%
2025-08-22,"6,466.91",1.52%
2025-08-25,"6,439.32",-0.43%
2025-08-26,"6,465.94",0.41%
2025-08-27,"6,481.40",0.24%
2025-08-28,"6,501.86",0.32%
2025-08-29,"6,460.26",-0.64%
2025-09-02,"6,415.54",-0.69%
2025-09-03,"6,448.26",0.51%
2025-09-04,"6,502.08",0.83%
2025-09-05,"6,481.50",-0.32%
2025-09-08,"6,495.15",0.21%
2025-09-09,"6,512.61",0.27%
2025-09-10,"6,532.04",0.30%
2025-09-11,"6,587.47",0.85%
2025-09-12,"6,584.29",-0.05%
2025-09-15,"6,615.28",0.47%
2025-09-16,"6,606.76",-0.13%
2025-09-17,"6,600.35",-0.10%
2025-09-18,"6,631.96",0.48%
2025-09-19,"6,664.36",0.49%
2025-09-22,"6,693.75",0.44%
2025-09-23,"6,656.92",-0.55%
2025-09-24,"6,637.97",-0.28%
2025-09-25,"6,604.72",-0.50%
2025-09-26,"6,643.70",0.59%
2025-09-29,"6,661.21",0.26%
2025-09-30,"6,688.46",0.41%
2025-10-01,"6,711.20",0.34%
2025-10-02,"6,715.35",0.06%
2025-10-03,"6,715.79",0.01%
2025-10-06,"6,740.28",0.36%
2025-10-07,"6,714.59",-0.38%
2025-10-08,"6,753.72",0.58%
2025-10-09,"6,735.11",-0.28%
2025-10-10,"6,552.51",-2.71%
2025-10-13,"6,654.72",1.56%
2025-10-14,"6,644.31",-0.16%
2025-10-15,"6,671.06",0.40%
2025-10-16,"6,629.07",-0.63%
2025-10-17,"6,664.01",0.53%
2025-10-20,"6,735.13",1.07%
2025-10-21,"6,735.35",0.00%
2025-10-22,"6,699.40",-0.53%
2025-10-23,"6,738.44",0.58%
2025-10-24,"6,791.69",0.79%
2025-10-27,"6,875.16",1.23%
2025-10-28,"6,890.89",0.23%
2025-10-29,"6,890.59",0.00%
2025-10-30,"6,822.34",-0.99%
2025-10-31,"6,840.20",0.26%
2025-11-03,"6,851.97",0.17%
2025-11-04,"6,771.55",-1.17%
2025-11-05,"6,796.29",0.37%
2025-11-06,"6,720.32",-1.12%
2025-11-07,"6,728.80",0.13%
2025-11-10,"6,832.43",1.54%
2025-11-11,"6,846.61",0.21%
2025-11-12,"6,850.92",0.06%
2025-11-13,"6,737.49",-1.66%
2025-11-14,"6,734.11",-0.05%
2025-11-17,"6,672.41",-0.92%
2025-11-18,"6,617.32",-0.83%
2025-11-19,"6,642.16",0.38%
2025-11-20,"6,538.76",-1.56%
2025-11-21,"6,602.99",0.98%
2025-11-24,"6,705.12",1.55%
2025-11-25,"6,765.88",0.91%
2025-11-26,"6,812.61",0.69%
2025-11-28,"6,849.09",0.54%
2025-12-01,"6,812.63",-0.53%
2025-12-02,"6,829.37",0.25%
2025-12-03,"6,849.72",0.30%
2025-12-04,"6,857.12",0.11%
2025-12-05,"6,870.40",0.19%
2025-12-08,"6,846.51",-0.35%
2025-12-09,"6,840.51",-0.09%
2025-12-10,"6,886.68",0.67%
2025-12-11,"6,901.00",0.21%
2025-12-12,"6,827.41",-1.07%
2025-12-15,"6,816.51",-0.16%
2025-12-16,"6,800.26",-0.24%
2025-12-17,"6,721.43",-1.16%
2025-12-18,"6,774.76",0.79%
2025-12-19,"6,834.50",0.88%
2025-12-22,"6,878.49",0.64%
2025-12-23,"6,909.79",0.46%
2025-12-24,"6,932.05",0.32%
2025-12-26,"6,929.94",-0.03%
2025-12-29,"6,905.74",-0.35%
2025-12-30,"6,896.24",-0.14%
2025-12-31,"6,845.50",-0.74%
2026-01-02,"6,858.47",0.19%
2026-01-05,"6,902.05",0.64%
2026-01-06,"6,944.82",0.62%
2026-01-07,"6,920.93",-0.34%
2026-01-08,"6,921.46",0.01%
2026-01-09,"6,966.28",0.65%
2026-01-12,"6,977.27",0.16%
2026-01-13,"6,963.74",-0.19%
2026-01-14,"6,926.60",-0.53%
2026-01-15,"6,944.47",0.26%
2026-01-16,"6,940.01",-0.06%
2026-01-20,"6,796.86",-2.06%
2026-01-21,"6,875.62",1.16%
2026-01-22,"6,913.35",0.55%
2026-01-23,"6,915.61",0.03%
2026-01-26,"6,950.23",0.50%
2026-01-27,"6,978.60",0.41%
2026-01-28,"6,978.03",-0.01%
2026-01-29,"6,969.01",-0.13%
2026-01-30,"6,939.03",-0.43%
2026-02-02,"6,976.44",0.54%
2026-02-03,"6,917.81",-0.84%
2026-02-04,"6,882.72",-0.51%
2026-02-05,"6,798.40",-1.23%
2026-02-06,"6,932.30",1.97%
2026-02-09,"6,964.82",0.47%
2026-02-10,"6,941.81",-0.33%
2026-02-11,"6,941.47",0.00%
2026-02-12,"6,832.76",-1.57%
2026-02-13,"6,836.17",0.05%
2026-02-17,"6,843.22",0.10%
2026-02-18,"6,881.31",0.56%
2026-02-19,"6,861.89",-0.28%
2026-02-20,"6,909.51",0.69%
2026-02-23,"6,837.75",-1.04%
2026-02-24,"6,890.07",0.77%
2026-02-25,"6,946.13",0.81%
2026-02-26,"6,908.86",-0.54%
2026-02-27,"6,878.88",-0.43%
2026-03-02,"6,881.62",0.04%
2026-03-03,"6,816.63",-0.94%
2026-03-04,"6,869.50",0.78%
2026-03-05,"6,830.71",-0.56%
2026-03-06,"6,740.02",-1.33%
2026-03-09,"6,795.99",0.83%
2026-03-10,"6,781.48",-0.21%
2026-03-11,"6,775.80",-0.08%
2026-03-12,"6,672.62",-1.52%
2026-03-13,"6,632.19",-0.61%
2026-03-16,"6,699.38",1.01%
2026-03-17,"6,716.09",0.25%
2026-03-18,"6,624.70",-1.36%
2026-03-19,"6,606.49",-0.27%
2026-03-20,"6,506.48",-1.51%
2026-03-23,"6,581.00",1.15%
2026-03-24,"6,556.37",-0.37%
2026-03-25,"6,591.90",0.54%
2026-03-26,"6,477.16",-1.74%
2026-03-27,"6,368.85",-1.67%
2026-03-30,"6,343.72",-0.39%
2026-03-31,"6,528.52",2.91%
2026-04-01,"6,575.32",0.72%
2026-04-02,"6,582.69",0.11%
2026-04-06,"6,611.83",0.44%
2026-04-07,"6,616.85",0.08%
2026-04-08,"6,782.81",2.51%
2026-04-09,"6,824.66",0.62%
2026-04-10,"6,816.89",-0.11%
2026-04-13,"6,886.24",1.02%
2026-04-14,"6,967.38",1.18%
2026-04-15,"7,022.95",0.80%
2026-04-16,"7,041.28",0.26%
2026-04-17,"7,126.06",1.20%
2026-04-20,"7,109.14",-0.24%
2026-04-21,"7,064.01",-0.63%
2026-04-22,"7,137.90",1.05%
2026-04-23,"7,108.40",-0.41%
2026-04-24,"7,165.08",0.80%
2026-04-27,"7,173.91",0.12%
2026-04-28,"7,138.80",-0.49%
2026-04-29,"7,135.95",-0.04%
2026-04-30,"7,209.01",1.02%
2026-05-01,"7,230.12",0.29%
2026-05-04,"7,200.75",-0.41%
2026-05-05,"7,259.22",0.81%
2026-05-06,"7,365.12",1.46%
2026-05-07,"7,337.11",-0.38%
2026-05-08,"7,398.93",0.84%
2026-05-11,"7,412.84",0.19%
2026-05-12,"7,400.96",-0.16%
2026-05-13,"7,444.25",0.58%
2026-05-14,"7,501.24",0.77%
2026-05-15,"7,408.50",-1.24%
2026-05-18,"7,403.05",-0.07%
2026-05-19,"7,353.61",-0.67%
2026-05-20,"7,432.97",1.08%
2026-05-21,"7,445.72",0.17%
2026-05-22,"7,473.47",0.37%
2026-05-26,"7,519.12",0.61%
2026-05-27,"7,520.36",0.02%
2026-05-28,"7,563.63",0.58%
2026-05-29,"7,580.06",0.22%
2026-06-01,"7,599.96",0.26%
2026-06-02,"7,609.78",0.13%
2026-06-03,"7,553.68",-0.74%
2026-06-04,"7,584.31",0.41%
2026-06-05,"7,383.74",-2.64%
2026-06-08,"7,405.73",0.30%
2026-06-09,"7,386.65",-0.26%
2026-06-10,"7,266.99",-1.62%
2026-06-11,"7,394.30",1.75%
2026-06-12,"7,431.46",0.50%
2026-06-15,"7,554.29",1.65%
2026-06-16,"7,511.35",-0.57%
2026-06-17,"7,420.10",-1.21%
