Tag,Label,Description
AccountsPayable,Accounts Payable (Deprecated 2009-01-31),"Carrying value as of the balance sheet date of liabilities incurred (and for which invoices have typically been received) and payable to vendors for goods and services received that are used in an entity's business. For classified balance sheets, used to reflect the current portion of the liabilities (due within one year or within the normal operating cycle if longer); for unclassified balance sheets, used to reflect the total liabilities (regardless of due date)."
AccountsPayableCurrent,"Accounts Payable, Current",Carrying value as of the balance sheet date of liabilities incurred (and for which invoices have typically been received) and payable to vendors for goods and services received that are used in an entity's business. Used to reflect the current portion of the liabilities (due within one year or within the normal operating cycle if longer).
AccountsReceivableNetCurrent,"Accounts Receivable, after Allowance for Credit Loss, Current","Amount, after allowance for credit loss, of right to consideration from customer for product sold and service rendered in normal course of business, classified as current."
AccruedLiabilities,Accrued Liabilities (Deprecated 2009-01-31),"Carrying value as of the balance sheet date of obligations incurred and payable, pertaining to costs that are statutory in nature, are incurred on contractual obligations, or accumulate over time and for which invoices have not yet been received or will not be rendered. Examples include taxes, interest, rent and utilities. For classified balance sheets, used to reflect the current portion of the liabilities (due within one year or within the normal operating cycle if longer); for unclassified balance sheets, used to reflect the total liabilities (regardless of due date)."
AccruedLiabilitiesCurrent,"Accrued Liabilities, Current","Carrying value as of the balance sheet date of obligations incurred and payable, pertaining to costs that are statutory in nature, are incurred on contractual obligations, or accumulate over time and for which invoices have not yet been received or will not be rendered. Examples include taxes, interest, rent and utilities. Used to reflect the current portion of the liabilities (due within one year or within the normal operating cycle if longer)."
AccruedLiabilitiesForUnredeeemedGiftCards,"Gift Card Liability, Current",Carrying value as of the balance sheet date of the liability for outstanding gift cards. Retail customers purchase gift cards or gift certificates that can be redeemed at a later date for merchandise or services; those unredeemed represent a liability of the entity because the revenue is being deferred.
AccumulatedDepreciationDepletionAndAmortizationPropertyPlantAndEquipment,"Accumulated Depreciation, Depletion and Amortization, Property, Plant, and Equipment","Amount of accumulated depreciation, depletion and amortization for physical assets used in the normal conduct of business to produce goods and services."
AccumulatedOtherComprehensiveIncomeLossAvailableForSaleSecuritiesAdjustmentNetOfTax,"AOCI, Debt Securities, Available-for-sale, Adjustment, after Tax","Amount, after tax, of accumulated unrealized gain (loss) on investment in debt security measured at fair value with change in fair value recognized in other comprehensive income (available-for-sale)."
AccumulatedOtherComprehensiveIncomeLossForeignCurrencyTranslationAdjustmentNetOfTax,"Accumulated Other Comprehensive Income (Loss), Foreign Currency Translation Adjustment, Net of Tax","Accumulated adjustment, net of tax, that results from the process of translating subsidiary financial statements and foreign equity investments into the reporting currency from the functional currency of the reporting entity, net of reclassification of realized foreign currency translation gains or losses."
AccumulatedOtherComprehensiveIncomeLossNetOfTax,"Accumulated Other Comprehensive Income (Loss), Net of Tax","Accumulated change in equity from transactions and other events and circumstances from non-owner sources, net of tax effect, at period end. Excludes Net Income (Loss), and accumulated changes in equity from transactions resulting from investments by owners and distributions to owners. Includes foreign currency translation items, certain pension adjustments, unrealized gains and losses on certain investments in debt and equity securities, other than temporary impairment (OTTI) losses related to factors other than credit losses on available-for-sale and held-to-maturity debt securities that an entity does not intend to sell and it is not more likely than not that the entity will be required to sell before recovery of the amortized cost basis, as well as changes in the fair value of derivatives related to the effective portion of a designated cash flow hedge."
AcquiredFiniteLivedIntangibleAssetWeightedAverageUsefulLife,"Acquired Finite-lived Intangible Asset, Weighted Average Useful Life (Deprecated 2012-01-31)","The calculated weighted-average amortization period of a major class of finite-lived intangible assets acquired during the current period either individually or as part of a group of assets (in either an asset acquisition or business combination). A major class is composed of intangible assets that can be grouped together because they are similar, either by their nature or by their use in the operations of a company."
AdditionalPaidInCapital,Additional Paid in Capital,"Excess of issue price over par or stated value of the entity's capital stock and amounts received from other transactions involving the entity's stock or stockholders. Includes adjustments to additional paid in capital. Some examples of such adjustments include recording the issuance of debt with a beneficial conversion feature and certain tax consequences of equity instruments awarded to employees. Use this element for the aggregate amount of additional paid-in capital associated with common and preferred stock. For additional paid-in capital associated with only common stock, use the element additional paid in capital, common stock. For additional paid-in capital associated with only preferred stock, use the element additional paid in capital, preferred stock."
AdjustmentsNoncashItemsToReconcileNetIncomeLossToCashProvidedByUsedInOperatingActivitiesOther,"Adjustments, Noncash Items, to Reconcile Net Income (Loss) to Cash Provided by (Used in) Operating Activities, Other (Deprecated 2011-01-31)","Transactions that do not result in cash inflows or outflows in the period in which they occur, but affect net income and thus are removed when calculating net cash flow from operating activities using the indirect cash flow method. This element is used when there is not a more specific and appropriate element."
AdjustmentsToAdditionalPaidInCapitalTaxEffectFromShareBasedCompensation,"Adjustments to Additional Paid in Capital, Income Tax Benefit from Share-based Compensation","Amount of increase in additional paid in capital (APIC) resulting from a tax benefit associated with share-based compensation plan other than an employee stock ownership plan (ESOP). Includes, but is not limited to, excess tax benefit."
AdvertisingExpense,Advertising Expense,"Amount charged to advertising expense for the period, which are expenses incurred with the objective of increasing revenue for a specified brand, product or product line."
AllocatedShareBasedCompensationExpense,"Share-based Payment Arrangement, Expense",Amount of expense for award under share-based payment arrangement. Excludes amount capitalized.
AllowanceForDoubtfulAccountsReceivable,"Accounts Receivable, Allowance for Credit Loss",Amount of allowance for credit loss on accounts receivable.
AllowanceForDoubtfulAccountsReceivableCurrent,"Accounts Receivable, Allowance for Credit Loss, Current","Amount of allowance for credit loss on accounts receivable, classified as current."
AllowanceForDoubtfulAccountsReceivableWriteOffs,"Accounts Receivable, Allowance for Credit Loss, Writeoff",Amount of direct write-downs of accounts receivable charged against the allowance.
AmortizationOfAcquiredIntangibleAssets,Amortization of Acquired Intangible Assets (Deprecated 2013-01-31),"The aggregate expense charged against earnings to allocate the cost of acquired intangible assets. As a noncash expense, this element is added back to net income when calculating cash provided by (used in) operations using the indirect method."
AmortizationOfIntangibleAssets,Amortization of Intangible Assets,"The aggregate expense charged against earnings to allocate the cost of intangible assets (nonphysical assets not used in production) in a systematic and rational manner to the periods expected to benefit from such assets. As a noncash expense, this element is added back to net income when calculating cash provided by or used in operations using the indirect method."
AmortizationOfLeasedAsset,Amortization of Leased Asset,"The expense charged against earnings for the periodic recognition of capitalized leases. This element may apply to energy companies that lease mineral producing properties and to other enterprises that capitalize property, plant, or equipment obtained through capital leases."
AntidilutiveSecuritiesExcludedFromComputationOfEarningsPerShareAmount,"Antidilutive Securities Excluded from Computation of Earnings Per Share, Amount",Securities (including those issuable pursuant to contingent stock agreements) that could potentially dilute basic earnings per share (EPS) or earnings per unit (EPU) in the future that were not included in the computation of diluted EPS or EPU because to do so would increase EPS or EPU amounts or decrease loss per share or unit amounts for the period presented.
Assets,Assets,Sum of the carrying amounts as of the balance sheet date of all assets that are recognized. Assets are probable future economic benefits obtained or controlled by an entity as a result of past transactions or events.
AssetsCurrent,"Assets, Current","Sum of the carrying amounts as of the balance sheet date of all assets that are expected to be realized in cash, sold, or consumed within one year (or the normal operating cycle, if longer). Assets are probable future economic benefits obtained or controlled by an entity as a result of past transactions or events."
AvailableForSaleDebtSecuritiesAmortizedCostBasis,"Debt Securities, Available-for-sale, Amortized Cost",Amortized cost of investment in debt security measured at fair value with change in fair value recognized in other comprehensive income (available-for-sale).
AvailableForSaleSecuritiesDebtMaturitiesAfterFiveThroughTenYearsAmortizedCost,"Debt Securities, Available-for-Sale, Amortized Cost, Maturity, Allocated and Single Maturity Date, after Year 5 Through 10","Amortized cost of investment in debt security measured at fair value with change in fair value recognized in other comprehensive income (available-for-sale), with single maturity date and allocated without single maturity date, maturing in sixth through tenth fiscal year following current fiscal year. Excludes interim and annual periods when interim periods are reported from current statement of financial position date (rolling approach)."
AvailableForSaleSecuritiesDebtMaturitiesAfterFiveThroughTenYearsFairValue,"Debt Securities, Available-for-Sale, Fair Value, Maturity, Allocated and Single Maturity Date, after Year 5 Through 10","Fair value of investment in debt security measured at fair value with change in fair value recognized in other comprehensive income (available-for-sale), with single maturity date and allocated without single maturity date, maturing in sixth through tenth fiscal year following current fiscal year. Excludes interim and annual periods when interim periods are reported from current statement of financial position date (rolling approach)."
AvailableForSaleSecuritiesDebtMaturitiesAfterOneThroughFiveYearsAmortizedCost,"Debt Securities, Available-for-Sale, Amortized Cost, Maturity, Allocated and Single Maturity Date, after Year One Through Five","Amortized cost of investment in debt security measured at fair value with change in fair value recognized in other comprehensive income (available-for-sale), with single maturity date and allocated without single maturity date, maturing in second through fifth fiscal year following current fiscal year. Excludes interim and annual periods when interim periods are reported from current statement of financial position date (rolling approach)."
AvailableForSaleSecuritiesDebtMaturitiesAfterOneThroughFiveYearsFairValue,"Debt Securities, Available-for-Sale, Fair Value, Maturity, Allocated and Single Maturity Date, after Year One Through Five","Fair value of investment in debt security measured at fair value with change in fair value recognized in other comprehensive income (available-for-sale), with single maturity date and allocated without single maturity date, maturing in second through fifth fiscal year following current fiscal year. Excludes interim and annual periods when interim periods are reported from current statement of financial position date (rolling approach)."
AvailableForSaleSecuritiesDebtMaturitiesAfterTenYearsAmortizedCost,"Debt Securities, Available-for-Sale, Amortized Cost, Maturity, Allocated and Single Maturity Date, after Year 10","Amortized cost of investment in debt security measured at fair value with change in fair value recognized in other comprehensive income (available-for-sale), with single maturity date and allocated without single maturity date, maturing after tenth fiscal year following current fiscal year. Excludes interim and annual periods when interim periods are reported from current statement of financial position date (rolling approach)."
AvailableForSaleSecuritiesDebtMaturitiesAfterTenYearsFairValue,"Debt Securities, Available-for-Sale, Fair Value, Maturity, Allocated and Single Maturity Date, after Year 10","Fair value of investment in debt security measured at fair value with change in fair value recognized in other comprehensive income (available-for-sale), with single maturity date and allocated without single maturity date, maturing after tenth fiscal year following current fiscal year. Excludes interim and annual periods when interim periods are reported from current statement of financial position date (rolling approach)."
AvailableForSaleSecuritiesDebtMaturitiesSingleMaturityDate,"Debt Securities, Available-for-sale, Maturity, Allocated and Single Maturity Date, Fair Value","Fair value of investment in debt security measured at fair value with change in fair value recognized in other comprehensive income (available-for-sale), with single maturity date and allocated without single maturity date."
AvailableForSaleSecuritiesDebtMaturitiesSingleMaturityDateAmortizedCostBasis,"Debt Securities, Available-for-sale, Maturity, Allocated and Single Maturity Date, Amortized Cost","Amortized cost of investment in debt security measured at fair value with change in fair value recognized in other comprehensive income (available-for-sale), with single maturity date and allocated without single maturity date."
AvailableForSaleSecuritiesDebtMaturitiesWithinOneYearAmortizedCost,"Debt Securities, Available-for-Sale, Amortized Cost, Maturity, Allocated and Single Maturity Date, Year One","Amortized cost of investment in debt security measured at fair value with change in fair value recognized in other comprehensive income (available-for-sale), with single maturity date and allocated without single maturity date, maturing in next fiscal year following current fiscal year. Excludes interim and annual periods when interim periods are reported from current statement of financial position date (rolling approach)."
AvailableForSaleSecuritiesDebtMaturitiesWithinOneYearFairValue,"Debt Securities, Available-for-Sale, Fair Value, Maturity, Allocated and Single Maturity Date, Year One","Fair value of investment in debt security measured at fair value with change in fair value recognized in other comprehensive income (available-for-sale), with single maturity date and allocated without single maturity date, maturing in next fiscal year following current fiscal year. Excludes interim and annual periods when interim periods are reported from current statement of financial position date (rolling approach)."
AvailableForSaleSecuritiesDebtSecurities,"Debt Securities, Available-for-sale",Amount of investment in debt security measured at fair value with change in fair value recognized in other comprehensive income (available-for-sale).
AvailableForSaleSecuritiesGrossRealizedGains,"Available-for-sale Securities, Gross Realized Gains",This item represents the gross profit realized on the sale of debt or equity securities categorized neither as held-to-maturity nor trading securities.
AvailableForSaleSecuritiesGrossRealizedLosses,"Available-for-sale Securities, Gross Realized Losses",This item represents the gross loss realized on the sale of debt or equity securities categorized neither as held-to-maturity nor trading securities.
BusinessAcquisitionCostOfAcquiredEntityCashPaid,"Business Acquisition, Cost of Acquired Entity, Cash Paid (Deprecated 2013-01-31)",Amount of cash paid to acquire the entity.
BusinessAcquisitionCostOfAcquiredEntityEquityInterestsIssuedAndIssuable,"Business Acquisition, Cost of Acquired Entity, Equity Interests Issued and Issuable (Deprecated 2013-01-31)","The acquisition-date fair value of the equity interests of the acquirer, including the number of instruments or interests issued or issuable in consideration for the business combination."
BusinessAcquisitionCostOfAcquiredEntityOtherNoncashConsideration,"Business Acquisition, Cost of Acquired Entity, Other Noncash Consideration (Deprecated 2013-01-31)","Fair value of noncash consideration given by the acquirer to acquire the entity. Does not include cash paid, the fair value of debt and securities issued and liabilities incurred to acquire the entity."
BusinessAcquisitionCostOfAcquiredEntityPurchasePrice,"Business Acquisition, Cost of Acquired Entity, Purchase Price (Deprecated 2013-01-31)","The total cost of the acquired entity including the cash paid to shareholders of acquired entities, fair value of debt and equity securities issued to shareholders of acquired entities, the fair value of the liabilities assumed, and direct costs of the acquisition."
BusinessAcquisitionPurchasePriceAllocationAmortizableIntangibleAssets,"Business Acquisition, Purchase Price Allocation, Amortizable Intangible Assets (Deprecated 2013-01-31)",The amount of acquisition cost of a business combination allocated to an identifiable intangible asset that will be amortized.
BusinessAcquisitionPurchasePriceAllocationAssetsAcquiredLiabilitiesAssumedNet,"Business Acquisition, Purchase Price Allocation, Assets Acquired (Liabilities Assumed), Net (Deprecated 2013-01-31)","The total purchase price of the acquired entity. This includes cash paid to equity interest holders of the acquired entity, fair value of debt and equity securities issued to equity holders of the acquired entity, and transaction costs paid to third parties to consummate the acquisition."
BusinessAcquisitionPurchasePriceAllocationCurrentLiabilitiesAccountsPayable,"Business Acquisition, Purchase Price Allocation, Current Liabilities, Accounts Payable (Deprecated 2013-01-31)",The amount of acquisition cost of a business combination allocated to accounts payable of the acquired entity.
BusinessAcquisitionPurchasePriceAllocationGoodwillAmount,"Business Acquisition, Purchase Price Allocation, Goodwill Amount (Deprecated 2013-01-31)","Amount of goodwill arising from a business combination, which is the excess of the cost of the acquired entity over the amounts assigned to assets acquired and liabilities assumed."
BusinessAcquisitionPurchasePriceAllocationNoncurrentLiabilitiesLongTermDebt,"Business Acquisition, Purchase Price Allocation, Noncurrent Liabilities, Long-term Debt (Deprecated 2013-01-31)",The amount of acquisition cost of a business combination allocated to the noncurrent portion of the long-term debt assumed from the acquired entity.
BusinessAcquisitionPurchasePriceAllocationOtherNoncurrentAssets,"Business Acquisition, Purchase Price Allocation, Other Noncurrent Assets (Deprecated 2013-01-31)",Amount of acquisition cost of a business combination allocated to other noncurrent assets not separately disclosed.
BusinessAcquisitionPurchasePriceAllocationOtherNoncurrentLiabilities,"Business Acquisition, Purchase Price Allocation, Other Noncurrent Liabilities (Deprecated 2013-01-31)",Amount of acquisition cost of a business combination allocated to other noncurrent liabilities not separately disclosed.
BusinessAcquisitionPurchasePriceAllocationPropertyPlantAndEquipment,"Business Acquisition, Purchase Price Allocation, Property, Plant and Equipment (Deprecated 2013-01-31)","The amount of acquisition cost of a business combination allocated to property, plant and equipment to be used in ongoing operations."
BusinessAcquisitionsProFormaNetIncomeLoss,"Business Acquisition, Pro Forma Net Income (Loss)",The pro forma net Income or Loss for the period as if the business combination or combinations had been completed at the beginning of a period.
BusinessAcquisitionsProFormaRevenue,"Business Acquisition, Pro Forma Revenue",The pro forma revenue for a period as if the business combination or combinations had been completed at the beginning of the period.
BusinessCombinationConsiderationTransferred1,"Business Combination, Consideration Transferred","Amount of consideration transferred, consisting of acquisition-date fair value of assets transferred by the acquirer, liabilities incurred by the acquirer, and equity interest issued by the acquirer."
BusinessCombinationConsiderationTransferredLiabilitiesIncurred,"Business Combination, Consideration Transferred, Liabilities Incurred",Amount of liabilities incurred by the acquirer as part of consideration transferred in a business combination.
BusinessCombinationConsiderationTransferredOther1,"Business Combination, Consideration Transferred, Other","Amount of tangible or intangible assets, including a business or subsidiary of the acquirer transferred by the entity to the former owners of the acquiree. Excludes cash."
BusinessCombinationProFormaInformationEarningsOrLossOfAcquireeSinceAcquisitionDateActual,"Business Combination, Pro Forma Information, Earnings or Loss of Acquiree since Acquisition Date, Actual",This element represents the amount of earnings or loss of the acquiree since the acquisition date included in the consolidated income statement for the reporting period.
BusinessCombinationProFormaInformationRevenueOfAcquireeSinceAcquisitionDateActual,"Business Combination, Pro Forma Information, Revenue of Acquiree since Acquisition Date, Actual",This element represents the amount of revenue of the acquiree since the acquisition date included in the consolidated income statement for the reporting period.
BusinessCombinationRecognizedIdentifiableAssetsAcquiredAndLiabilitiesAssumedDeferredTaxAssetsNoncurrent,"Business Combination, Recognized Identifiable Assets Acquired and Liabilities Assumed, Deferred Tax Assets Noncurrent","Amount, after allocation of valuation allowance, of deferred tax asset attributable to deductible temporary differences and carryforwards acquired at the acquisition date, classified as noncurrent."
BusinessCombinationRecognizedIdentifiableAssetsAcquiredAndLiabilitiesAssumedDeferredTaxLiabilitiesNoncurrent,"Business Combination, Recognized Identifiable Assets Acquired and Liabilities Assumed, Deferred Tax Liabilities Noncurrent",Amount of deferred tax liability attributable to taxable temporary difference assumed at the acquisition date that are classified as noncurrent.
BusinessCombinationRecognizedIdentifiableAssetsAcquiredAndLiabilitiesAssumedIntangibles,"Business Combination, Recognized Identifiable Assets Acquired and Liabilities Assumed, Finite-Lived Intangibles",The amount of identifiable intangible assets recognized as of the acquisition date.
BusinessCombinationRecognizedIdentifiableAssetsAcquiredAndLiabilitiesAssumedNet,"Business Combination, Recognized Identifiable Assets Acquired and Liabilities Assumed, Net",Amount recognized as of the acquisition date for the identifiable assets acquired in excess of (less than) the aggregate liabilities assumed.
BusinessCombinationRecognizedIdentifiableAssetsAcquiredAndLiabilitiesAssumedNoncurrentLiabilitiesOther,"Business Combination, Recognized Identifiable Assets Acquired and Liabilities Assumed, Noncurrent Liabilities, Other","Amount of other liabilities due after one year or the normal operating cycle, if longer, assumed at the acquisition date."
BusinessCombinationRecognizedIdentifiableAssetsAcquiredAndLiabilitiesAssumedOtherNoncurrentAssets,"Business Combination, Recognized Identifiable Assets Acquired and Liabilities Assumed, Other Noncurrent Assets","Amount of other assets expected to be realized or consumed after one year or the normal operating cycle, if longer, acquired at the acquisition date."
BusinessCombinationRecognizedIdentifiableAssetsAcquiredAndLiabilitiesAssumedPropertyPlantAndEquipment,"Business Combination, Recognized Identifiable Assets Acquired and Liabilities Assumed, Property, Plant, and Equipment","The amount of property, plant, and equipment recognized as of the acquisition date."
CapitalizedComputerSoftwareAdditions,"Capitalized Computer Software, Additions",Additions made to capitalized computer software costs during the period.
CapitalizedComputerSoftwareAmortization,"Capitalized Computer Software, Amortization (Deprecated 2016-01-31)","For each income statement presented, the amount charged to expense for amortization of capitalized computer software costs."
CapitalizedComputerSoftwareAmortization1,"Capitalized Computer Software, Amortization",Amount of expense for amortization of capitalized computer software costs.
CapitalizedComputerSoftwareGross,"Capitalized Computer Software, Gross","Amount before accumulated amortization of capitalized costs for computer software, including but not limited to, acquired and internally developed computer software."
CapitalizedComputerSoftwarePeriodIncreaseDecrease,"Capitalized Computer Software, Period Increase (Decrease)",Amount of increase (decrease) in capitalized computer software costs.
CapitalLeasedAssetsGross,"Capital Leased Assets, Gross",Amount before accumulated depreciation of leased physical assets used in the normal conduct of business to produce goods and services.
CapitalLeaseObligations,Capital Lease Obligations,"Amount equal to the present value (the principal) at the beginning of the lease term of minimum lease payments during the lease term (excluding that portion of the payments representing executory costs such as insurance, maintenance, and taxes to be paid by the lessor, together with any profit thereon) net of payments or other amounts applied to the principal through the balance sheet date."
CapitalLeaseObligationsCurrent,"Capital Lease Obligations, Current","Amount of capital lease obligation due within one year or the normal operating cycle, if longer."
CapitalLeaseObligationsIncurred,Lease Obligation Incurred,Amount of increase in lease obligation from new lease.
CapitalLeaseObligationsNoncurrent,"Capital Lease Obligations, Noncurrent","Amount equal to the present value (the principal) at the beginning of the lease term of minimum lease payments during the lease term (excluding that portion of the payments representing executory costs such as insurance, maintenance, and taxes to be paid by the lessor, together with any profit thereon) net of payments or other amounts applied to the principal, through the balance sheet date and due to be paid more than one year (or one operating cycle, if longer) after the balance sheet date."
CapitalLeasesFutureMinimumPaymentsDue,"Capital Leases, Future Minimum Payments Due",Amount of minimum lease payments for capital leases.
CapitalLeasesFutureMinimumPaymentsDueCurrent,"Capital Leases, Future Minimum Payments Due, Next Twelve Months","Amount of minimum lease payments for capital leases due in the next fiscal year following the latest fiscal year. Excludes interim and annual periods when interim periods are reported on a rolling approach, from latest balance sheet date."
CapitalLeasesFutureMinimumPaymentsDueInFiveYears,"Capital Leases, Future Minimum Payments Due in Five Years","Amount of minimum lease payments for capital leases due in the fifth fiscal year following the latest fiscal year. Excludes interim and annual periods when interim periods are reported on a rolling approach, from latest balance sheet date."
CapitalLeasesFutureMinimumPaymentsDueInFourYears,"Capital Leases, Future Minimum Payments Due in Four Years","Amount of minimum lease payments for capital leases due in the fourth fiscal year following the latest fiscal year. Excludes interim and annual periods when interim periods are reported on a rolling approach, from latest balance sheet date."
CapitalLeasesFutureMinimumPaymentsDueInThreeYears,"Capital Leases, Future Minimum Payments Due in Three Years","Amount of minimum lease payments for capital leases due in the third fiscal year following the latest fiscal year. Excludes interim and annual periods when interim periods are reported on a rolling approach, from latest balance sheet date."
CapitalLeasesFutureMinimumPaymentsDueInTwoYears,"Capital Leases, Future Minimum Payments Due in Two Years","Amount of minimum lease payments for capital leases due in the second fiscal year following the latest fiscal year. Excludes interim and annual periods when interim periods are reported on a rolling approach, from latest balance sheet date."
CapitalLeasesFutureMinimumPaymentsDueThereafter,"Capital Leases, Future Minimum Payments Due Thereafter","Amount of minimum lease payments for capital leases due after the fifth fiscal year following the latest fiscal year. Excludes interim and annual periods when interim periods are reported on a rolling approach, from latest balance sheet date."
CapitalLeasesFutureMinimumPaymentsInterestIncludedInPayments,"Capital Leases, Future Minimum Payments, Interest Included in Payments",Amount necessary to reduce net minimum lease payments to present value for capital leases.
CapitalLeasesFutureMinimumPaymentsNetMinimumPayments1,"Capital Leases, Future Minimum Payments, Net Minimum Payments","Amount of minimum lease payments for capital leases net of executory costs, which include amounts paid by the lessee to the lessor for insurance, maintenance and taxes."
CapitalLeasesFutureMinimumPaymentsPresentValueOfNetMinimumPayments,"Capital Leases, Future Minimum Payments, Present Value of Net Minimum Payments","Present value of minimum lease payments for capital leases net of executory costs, including amounts paid by the lessee to the lessor for insurance, maintenance and taxes."
CapitalLeasesFutureMinimumPaymentsRemainderOfFiscalYear,"Capital Leases, Future Minimum Payments, Remainder of Fiscal Year","Amount of minimum lease payments for capital leases due in the remainder of the fiscal year following the latest fiscal year. Excludes interim and annual periods when interim periods are reported on a rolling approach, from latest balance sheet date."
CapitalLeasesIncomeStatementAmortizationExpense,"Capital Leases, Income Statement, Amortization Expense",The charge for the use of long-lived depreciable capital leased assets for the period.
CapitalLeasesLesseeBalanceSheetAssetsByMajorClassAccumulatedDeprecation,"Capital Leases, Lessee Balance Sheet, Assets by Major Class, Accumulated Depreciation",The total charge for the use of long-lived depreciable assets subject to a lease meeting the criteria for capitalization.
CashAndCashEquivalentsAtCarryingValue,"Cash and Cash Equivalents, at Carrying Value","Amount of currency on hand as well as demand deposits with banks or financial institutions. Includes other kinds of accounts that have the general characteristics of demand deposits. Also includes short-term, highly liquid investments that are both readily convertible to known amounts of cash and so near their maturity that they present insignificant risk of changes in value because of changes in interest rates. Excludes cash and cash equivalents within disposal group and discontinued operation."
CashAndCashEquivalentsPeriodIncreaseDecrease,"Cash and Cash Equivalents, Period Increase (Decrease)","Amount of increase (decrease) in cash and cash equivalents. Cash and cash equivalents are the amount of currency on hand as well as demand deposits with banks or financial institutions. Includes other kinds of accounts that have the general characteristics of demand deposits. Also includes short-term, highly liquid investments that are both readily convertible to known amounts of cash and so near their maturity that they present insignificant risk of changes in value because of changes in interest rates. Includes effect from exchange rate changes."
CashCashEquivalentsAndShortTermInvestments,"Cash, Cash Equivalents, and Short-term Investments","Cash includes currency on hand as well as demand deposits with banks or financial institutions. It also includes other kinds of accounts that have the general characteristics of demand deposits in that the customer may deposit additional funds at any time and effectively may withdraw funds at any time without prior notice or penalty. Cash equivalents, excluding items classified as marketable securities, include short-term, highly liquid Investments that are both readily convertible to known amounts of cash, and so near their maturity that they present minimal risk of changes in value because of changes in interest rates. Generally, only investments with original maturities of three months or less qualify under that definition. Original maturity means original maturity to the entity holding the investment. For example, both a three-month US Treasury bill and a three-year Treasury note purchased three months from maturity qualify as cash equivalents. However, a Treasury note purchased three years ago does not become a cash equivalent when its remaining maturity is three months. Short-term investments, exclusive of cash equivalents, generally consist of marketable securities intended to be sold within one year (or the normal operating cycle if longer) and may include trading securities, available-for-sale securities, or held-to-maturity securities (if maturing within one year), as applicable."
CashCashEquivalentsRestrictedCashAndRestrictedCashEquivalents,"Cash, Cash Equivalents, Restricted Cash and Restricted Cash Equivalents","Amount of cash and cash equivalents, and cash and cash equivalents restricted to withdrawal or usage. Excludes amount for disposal group and discontinued operations. Cash includes, but is not limited to, currency on hand, demand deposits with banks or financial institutions, and other accounts with general characteristics of demand deposits. Cash equivalents include, but are not limited to, short-term, highly liquid investments that are both readily convertible to known amounts of cash and so near their maturity that they present insignificant risk of changes in value because of changes in interest rates."
CashCashEquivalentsRestrictedCashAndRestrictedCashEquivalentsPeriodIncreaseDecreaseIncludingExchangeRateEffect,"Cash, Cash Equivalents, Restricted Cash and Restricted Cash Equivalents, Period Increase (Decrease), Including Exchange Rate Effect","Amount of increase (decrease) in cash, cash equivalents, and cash and cash equivalents restricted to withdrawal or usage; including effect from exchange rate change. Cash includes, but is not limited to, currency on hand, demand deposits with banks or financial institutions, and other accounts with general characteristics of demand deposits. Cash equivalents include, but are not limited to, short-term, highly liquid investments that are both readily convertible to known amounts of cash and so near their maturity that they present insignificant risk of changes in value because of changes in interest rates."
CommitmentsAndContingencies,Commitments and Contingencies,"Represents the caption on the face of the balance sheet to indicate that the entity has entered into (1) purchase or supply arrangements that will require expending a portion of its resources to meet the terms thereof, and (2) is exposed to potential losses or, less frequently, gains, arising from (a) possible claims against a company's resources due to future performance under contract terms, and (b) possible losses or likely gains from uncertainties that will ultimately be resolved when one or more future events that are deemed likely to occur do occur or fail to occur."
CommitmentsFairValueDisclosure,"Commitments, Fair Value Disclosure","Fair value portion of arrangements with third parties, including, but not limited to, operating lease arrangement and arrangement in which the entity has agreed to expend funds to procure goods or services, or has agreed to commit resources to supply goods or services."
CommonStockCapitalSharesReservedForFutureIssuance,"Common Stock, Capital Shares Reserved for Future Issuance",Aggregate number of common shares reserved for future issuance.
CommonStockParOrStatedValuePerShare,"Common Stock, Par or Stated Value Per Share",Face amount or stated value per share of common stock.
CommonStockSharesAuthorized,"Common Stock, Shares Authorized",The maximum number of common shares permitted to be issued by an entity's charter and bylaws.
CommonStockSharesIssued,"Common Stock, Shares, Issued","Total number of common shares of an entity that have been sold or granted to shareholders (includes common shares that were issued, repurchased and remain in the treasury). These shares represent capital invested by the firm's shareholders and owners, and may be all or only a portion of the number of shares authorized. Shares issued include shares outstanding and shares held in the treasury."
CommonStockSharesOutstanding,"Common Stock, Shares, Outstanding",Number of shares of common stock outstanding. Common stock represent the ownership interest in a corporation.
CommonStockValue,"Common Stock, Value, Issued","Aggregate par or stated value of issued nonredeemable common stock (or common stock redeemable solely at the option of the issuer). This item includes treasury stock repurchased by the entity. Note: elements for number of nonredeemable common shares, par value and other disclosure concepts are in another section within stockholders' equity."
ComprehensiveIncomeNetOfTax,"Comprehensive Income (Loss), Net of Tax, Attributable to Parent","Amount after tax of increase (decrease) in equity from transactions and other events and circumstances from net income and other comprehensive income, attributable to parent entity. Excludes changes in equity resulting from investments by owners and distributions to owners."
ConstructionLoanNoncurrent,"Long-term Construction Loan, Noncurrent","This element represents the noncurrent portion of a long-term real estate loan to finance building costs. The funds are disbursed as needed or in accordance with a prearranged plan; generally, a portion of the funds is disbursed at inception and the remainder as construction progresses. The money is repaid on completion of the project (generally one to seven years), usually from the proceeds of a mortgage loan. The rate is normally higher than the prime rate, and there is usually an origination fee. The effective yield on these loans tends to be high, and the lender has a security interest in the real property."
ContractualObligation,Contractual Obligation,"Amount of contractual obligation, including but not limited to, long-term debt, capital lease obligations, operating lease obligations, purchase obligations, and other commitments."
ContractualObligationDueAfterFifthYear,"Contractual Obligation, to be Paid, after Year Five",Amount of contractual obligation to be paid after fifth fiscal year following current fiscal year. Excludes interim and annual periods when interim periods are reported from current statement of financial position date (rolling approach).
ContractualObligationDueInFifthYear,"Contractual Obligation, to be Paid, Year Five",Amount of contractual obligation to be paid in fifth fiscal year following current fiscal year. Excludes interim and annual periods when interim periods are reported from current statement of financial position date (rolling approach).
ContractualObligationDueInFourthYear,"Contractual Obligation, to be Paid, Year Four",Amount of contractual obligation to be paid in fourth fiscal year following current fiscal year. Excludes interim and annual periods when interim periods are reported from current statement of financial position date (rolling approach).
ContractualObligationDueInNextTwelveMonths,"Contractual Obligation, to be Paid, Year One",Amount of contractual obligation to be paid in next fiscal year following current fiscal year. Excludes interim and annual periods when interim periods are reported from current statement of financial position date (rolling approach).
ContractualObligationDueInSecondYear,"Contractual Obligation, to be Paid, Year Two",Amount of contractual obligation to be paid in second fiscal year following current fiscal year. Excludes interim and annual periods when interim periods are reported from current statement of financial position date (rolling approach).
ContractualObligationDueInThirdYear,"Contractual Obligation, to be Paid, Year Three",Amount of contractual obligation to be paid in third fiscal year following current fiscal year. Excludes interim and annual periods when interim periods are reported from current statement of financial position date (rolling approach).
ContractualObligationFutureMinimumPaymentsDueRemainderOfFiscalYear,"Contractual Obligation, to be Paid, Remainder of Fiscal Year",Amount of contractual obligation to be paid in remainder of current fiscal year.
ContractWithCustomerLiability,"Contract with Customer, Liability",Amount of obligation to transfer good or service to customer for which consideration has been received or is receivable.
ContractWithCustomerLiabilityCurrent,"Contract with Customer, Liability, Current","Amount of obligation to transfer good or service to customer for which consideration has been received or is receivable, classified as current."
ContractWithCustomerLiabilityNoncurrent,"Contract with Customer, Liability, Noncurrent","Amount of obligation to transfer good or service to customer for which consideration has been received or is receivable, classified as noncurrent."
ContractWithCustomerLiabilityRevenueRecognized,"Contract with Customer, Liability, Revenue Recognized",Amount of revenue recognized that was previously included in balance of obligation to transfer good or service to customer for which consideration from customer has been received or is due.
ContractWithCustomerRefundLiability,"Contract with Customer, Refund Liability","Amount of liability for consideration received or receivable from customer which is not included in transaction price, when consideration is expected to be refunded to customer."
ContractWithCustomerRightToRecoverProduct,"Contract with Customer, Right to Recover Product",Amount of right to recover product from customer on settling refund liability.
CostOfGoodsAndServicesSold,Cost of Goods and Services Sold,The aggregate costs related to goods produced and sold and services rendered by an entity during the reporting period. This excludes costs incurred during the reporting period related to financial services rendered and other revenue generating activities.
CostsAndExpenses,Costs and Expenses,Total costs of sales and operating expenses for the period.
CumulativeEffectOfInitialAdoptionOfNewAccountingPrinciple,Cumulative Effect of Initial Adoption of New Accounting Principle (Deprecated 2011-01-31),"Cumulative effect of initial adoption of new accounting principle on beginning retained earnings, net of tax. This element can be used, generally, for the adjustment to retained earnings of a new accounting principle."
CumulativeEffectOfNewAccountingPrincipleInPeriodOfAdoption,Cumulative Effect of New Accounting Principle in Period of Adoption (Deprecated 2020-01-31),"Amount after tax of increase (decrease) to equity or (increase) decrease to net assets, resulting from the cumulative effect adjustment of a new accounting principle applied in the period of adoption."
CurrentFederalTaxExpenseBenefit,Current Federal Tax Expense (Benefit),Amount of current federal tax expense (benefit) pertaining to income (loss) from continuing operations.
CurrentForeignTaxExpenseBenefit,Current Foreign Tax Expense (Benefit),Amount of current foreign income tax expense (benefit) pertaining to income (loss) from continuing operations.
CurrentIncomeTaxExpenseBenefit,Current Income Tax Expense (Benefit),Amount of current income tax expense (benefit) pertaining to taxable income (loss) from continuing operations.
CurrentStateAndLocalTaxExpenseBenefit,Current State and Local Tax Expense (Benefit),Amount of current state and local tax expense (benefit) pertaining to income (loss) from continuing operations.
DebtInstrumentBasisSpreadOnVariableRate1,"Debt Instrument, Basis Spread on Variable Rate",Percentage points added to the reference rate to compute the variable rate on the debt instrument.
DebtInstrumentCarryingAmount,"Long-term Debt, Gross","Amount, before unamortized (discount) premium and debt issuance costs, of long-term debt. Includes, but is not limited to, notes payable, bonds payable, commercial loans, mortgage loans, convertible debt, subordinated debt and other types of debt."
DebtInstrumentUnamortizedDiscount,"Debt Instrument, Unamortized Discount","Amount, after accumulated amortization, of debt discount."
DebtInstrumentUnamortizedDiscountPremiumAndDebtIssuanceCostsNet,"Debt Instrument, Unamortized Discount (Premium) and Debt Issuance Costs, Net",Amount of unamortized debt discount (premium) and debt issuance costs.
DebtSecuritiesAvailableForSaleRealizedGain,"Debt Securities, Available-for-sale, Realized Gain",Amount of realized gain on investment in debt security measured at fair value with change in fair value recognized in other comprehensive income (available-for-sale).
DebtSecuritiesAvailableForSaleRealizedLoss,"Debt Securities, Available-for-sale, Realized Loss",Amount of realized loss on investment in debt security measured at fair value with change in fair value recognized in other comprehensive income (available-for-sale).
DeferredFederalIncomeTaxExpenseBenefit,Deferred Federal Income Tax Expense (Benefit),Amount of deferred federal income tax expense (benefit) pertaining to income (loss) from continuing operations.
DeferredForeignIncomeTaxExpenseBenefit,Deferred Foreign Income Tax Expense (Benefit),Amount of deferred foreign income tax expense (benefit) pertaining to income (loss) from continuing operations.
DeferredIncomeTaxExpenseBenefit,Deferred Income Tax Expense (Benefit),Amount of deferred income tax expense (benefit) pertaining to income (loss) from continuing operations.
DeferredIncomeTaxLiabilitiesNet,"Deferred Income Tax Liabilities, Net","Amount, after deferred tax asset, of deferred tax liability attributable to taxable differences with jurisdictional netting."
DeferredRevenue,Deferred Revenue,Amount of deferred income and obligation to transfer product and service to customer for which consideration has been received or is receivable.
DeferredRevenueCurrent,"Deferred Revenue, Current","Amount of deferred income and obligation to transfer product and service to customer for which consideration has been received or is receivable, classified as current."
DeferredRevenueNoncurrent,"Deferred Revenue, Noncurrent","Amount of deferred income and obligation to transfer product and service to customer for which consideration has been received or is receivable, classified as noncurrent."
DeferredRevenueRevenueRecognized1,"Deferred Revenue, Revenue Recognized",Amount of revenue recognized that was previously reported as deferred or unearned revenue.
DeferredStateAndLocalIncomeTaxExpenseBenefit,Deferred State and Local Income Tax Expense (Benefit),Amount of deferred state and local tax expense (benefit) pertaining to income (loss) from continuing operations.
DeferredTaxAssetsDeferredIncome,"Deferred Tax Assets, Deferred Income",Amount before allocation of valuation allowances of deferred tax asset attributable to deductible temporary differences from deferred income.
DeferredTaxAssetsGross,"Deferred Tax Assets, Gross",Amount before allocation of valuation allowances of deferred tax asset attributable to deductible temporary differences and carryforwards.
DeferredTaxAssetsGrossCurrent,"Deferred Tax Assets, Gross, Current",Amount before allocation of valuation allowances of deferred tax asset attributable to deductible temporary differences and carryforwards classified as current.
DeferredTaxAssetsInvestments,"Deferred Tax Assets, Investments",Amount before allocation of valuation allowances of deferred tax asset attributable to deductible temporary differences from investments (excludes investments in subsidiaries and equity method investments).
DeferredTaxAssetsLiabilitiesNet,"Deferred Tax Assets, Net","Amount, after allocation of valuation allowances and deferred tax liability, of deferred tax asset attributable to deductible differences and carryforwards, without jurisdictional netting."
DeferredTaxAssetsNet,"Deferred Tax Assets, Net of Valuation Allowance",Amount after allocation of valuation allowances of deferred tax asset attributable to deductible temporary differences and carryforwards.
DeferredTaxAssetsNetCurrent,"Deferred Tax Assets, Net of Valuation Allowance, Current",Amount after allocation of valuation allowances of deferred tax asset attributable to deductible temporary differences and carryforwards classified as current.
DeferredTaxAssetsNetNoncurrent,"Deferred Tax Assets, Net of Valuation Allowance, Noncurrent",Amount after allocation of valuation allowances of deferred tax asset attributable to deductible temporary differences and carryforwards classified as noncurrent.
DeferredTaxAssetsOperatingLossCarryforwards,"Deferred Tax Assets, Operating Loss Carryforwards",Amount before allocation of valuation allowances of deferred tax asset attributable to deductible operating loss carryforwards.
DeferredTaxAssetsOperatingLossCarryforwardsDomestic,"Deferred Tax Assets, Operating Loss Carryforwards, Domestic",Amount before allocation of valuation allowances of deferred tax asset attributable to deductible domestic operating loss carryforwards. Excludes state and local operating loss carryforwards.
DeferredTaxAssetsOperatingLossCarryforwardsForeign,"Deferred Tax Assets, Operating Loss Carryforwards, Foreign",Amount before allocation of valuation allowances of deferred tax asset attributable to deductible foreign operating loss carryforwards.
DeferredTaxAssetsOther,"Deferred Tax Assets, Other","Amount, before allocation of valuation allowance, of deferred tax asset attributable to deductible temporary differences, classified as other."
DeferredTaxAssetsPropertyPlantAndEquipment,"Deferred Tax Assets, Property, Plant and Equipment","Amount before allocation of valuation allowances of deferred tax asset attributable to deductible temporary differences from property, plant, and equipment."
DeferredTaxAssetsTaxCreditCarryforwards,"Deferred Tax Assets, Tax Credit Carryforwards","Amount, before allocation of a valuation allowances, of deferred tax assets attributable to deductible tax credit carryforwards including, but not limited to, research, foreign, general business, alternative minimum tax, and other deductible tax credit carryforwards."
DeferredTaxAssetsTaxDeferredExpense,"Deferred Tax Assets, Tax Deferred Expense","Amount, before allocation of valuation allowances, of deferred tax asset attributable to deductible differences from reserves and accruals, compensation and benefit costs, and other provisions, reserves, and allowances."
DeferredTaxAssetsTaxDeferredExpenseCompensationAndBenefitsShareBasedCompensationCost,"Deferred Tax Assets, Tax Deferred Expense, Compensation and Benefits, Share-based Compensation Cost",Amount before allocation of valuation allowances of deferred tax asset attributable to deductible temporary differences from share-based compensation.
DeferredTaxAssetsTaxDeferredExpenseReservesAndAccruals,"Deferred Tax Assets, Tax Deferred Expense, Reserves and Accruals",Amount before allocation of valuation allowances of deferred tax asset attributable to deductible temporary differences from reserves and accruals.
DeferredTaxAssetsValuationAllowance,"Deferred Tax Assets, Valuation Allowance",Amount of deferred tax assets for which it is more likely than not that a tax benefit will not be realized.
DeferredTaxLiabilities,"Deferred Tax Liabilities, Net","Amount, after deferred tax asset, of deferred tax liability attributable to taxable differences without jurisdictional netting."
DeferredTaxLiabilitiesCurrent,"Deferred Tax Liabilities, Net, Current","Amount, after deferred tax asset, of deferred tax liability attributable to taxable differences, with jurisdictional netting and classified as current."
DeferredTaxLiabilitiesDeferredExpense,"Deferred Tax Liabilities, Deferred Expense",Amount of deferred tax liability attributable to taxable temporary differences from capitalized costs.
DeferredTaxLiabilitiesGoodwillAndIntangibleAssetsIntangibleAssets,"Deferred Tax Liabilities, Intangible Assets",Amount of deferred tax liability attributable to taxable temporary differences from intangible assets other than goodwill.
DeferredTaxLiabilitiesNoncurrent,"Deferred Tax Liabilities, Net, Noncurrent","Amount, after deferred tax asset, of deferred tax liability attributable to taxable differences, with jurisdictional netting and classified as noncurrent."
DeferredTaxLiabilitiesOther,"Deferred Tax Liabilities, Other",Amount of deferred tax liability attributable to taxable temporary differences classified as other.
DeferredTaxLiabilitiesPropertyPlantAndEquipment,"Deferred Tax Liabilities, Property, Plant and Equipment","Amount of deferred tax liability attributable to taxable temporary differences from property, plant, and equipment."
Depreciation,Depreciation,The amount of expense recognized in the current period that reflects the allocation of the cost of tangible assets over the assets' useful lives. Includes production and non-production related depreciation.
DepreciationAndAmortization,"Depreciation, Depletion and Amortization, Nonproduction","The current period expense charged against earnings on long-lived, physical assets not used in production, and which are not intended for resale, to allocate or recognize the cost of such assets over their useful lives; or to record the reduction in book value of an intangible asset over the benefit period of such asset; or to reflect consumption during the period of an asset that is not used in production."
DepreciationDepletionAndAmortization,"Depreciation, Depletion and Amortization","The aggregate expense recognized in the current period that allocates the cost of tangible assets, intangible assets, or depleting assets to periods that benefit from use of the assets."
EarningsPerShareBasic,"Earnings Per Share, Basic",The amount of net income (loss) for the period per each share of common stock or unit outstanding during the reporting period.
EarningsPerShareDiluted,"Earnings Per Share, Diluted",The amount of net income (loss) for the period available to each share of common stock or common unit outstanding during the reporting period and to each share or unit that would have been outstanding assuming the issuance of common shares or units for all dilutive potential common shares or units outstanding during the reporting period.
EffectiveIncomeTaxRateContinuingOperations,"Effective Income Tax Rate Reconciliation, Percent",Percentage of current income tax expense (benefit) and deferred income tax expense (benefit) pertaining to continuing operations.
EffectiveIncomeTaxRateReconciliationAtFederalStatutoryIncomeTaxRate,"Effective Income Tax Rate Reconciliation, at Federal Statutory Income Tax Rate, Percent",Percentage of domestic federal statutory tax rate applicable to pretax income (loss).
EffectiveIncomeTaxRateReconciliationChangeInDeferredTaxAssetsValuationAllowance,"Effective Income Tax Rate Reconciliation, Change in Deferred Tax Assets Valuation Allowance, Percent",Percentage of the difference between reported income tax expense (benefit) and expected income tax expense (benefit) computed by applying the domestic federal statutory income tax rates to pretax income (loss) from continuing operations attributable to changes in the valuation allowance for deferred tax assets.
EffectiveIncomeTaxRateReconciliationDeductionsQualifiedProductionActivities,"Effective Income Tax Rate Reconciliation, Deduction, Qualified Production Activity, Percent",Percentage of the difference between reported income tax expense (benefit) and expected income tax expense (benefit) computed by applying the domestic federal statutory income tax rates to pretax income (loss) from continuing operations attributable to deduction for qualified production activity.
EffectiveIncomeTaxRateReconciliationForeignIncomeTaxRateDifferential,"Effective Income Tax Rate Reconciliation, Foreign Income Tax Rate Differential, Percent",Percentage of the difference between reported income tax expense (benefit) and expected income tax expense (benefit) computed by applying the domestic federal statutory income tax rates to pretax income (loss) from continuing operations applicable to statutory income tax expense (benefit) outside of the country of domicile.
EffectiveIncomeTaxRateReconciliationNondeductibleExpenseShareBasedCompensationCost,"Effective Income Tax Rate Reconciliation, Nondeductible Expense, Share-based Payment Arrangement, Percent","Percentage of difference between reported income tax expense (benefit) and expected income tax expense (benefit) computed by applying domestic federal statutory income tax rate to pretax income (loss) from continuing operation, attributable to nondeductible expense for share-based payment arrangement."
EffectiveIncomeTaxRateReconciliationOtherAdjustments,"Effective Income Tax Rate Reconciliation, Other Adjustments, Percent",Percentage of the difference between reported income tax expense (benefit) and expected income tax expense (benefit) computed by applying the domestic federal statutory income tax rates to pretax income (loss) from continuing operations attributable to other adjustments.
EffectiveIncomeTaxRateReconciliationShareBasedCompensationExcessTaxBenefitAmount,"Effective Income Tax Rate Reconciliation, Tax Expense (Benefit), Share-based Payment Arrangement, Amount","Amount of difference between reported income tax expense (benefit) and expected income tax expense (benefit) computed by applying domestic federal statutory income tax rate to pretax income (loss) from continuing operation, attributable to expense for award under share-based payment arrangement. Excludes expense determined to be nondeductible upon grant or after for award under share-based payment arrangement."
EffectiveIncomeTaxRateReconciliationStateAndLocalIncomeTaxes,"Effective Income Tax Rate Reconciliation, State and Local Income Taxes, Percent","Percentage of the difference between reported income tax expense (benefit) and expected income tax expense (benefit) computed by applying the domestic federal statutory income tax rates to pretax income (loss) from continuing operations applicable to state and local income tax expense (benefit), net of federal tax expense (benefit)."
EffectiveIncomeTaxRateReconciliationTaxCredits,"Effective Income Tax Rate Reconciliation, Tax Credit, Percent","Percentage of the difference between reported income tax expense (benefit) and expected income tax expense (benefit) computed by applying the domestic federal statutory income tax rates to pretax income (loss) from continuing operations attributable to tax credits. Including, but not limited to, research credit, foreign tax credit, investment tax credit, and other tax credits."
EffectiveIncomeTaxRateReconciliationTaxCutsAndJobsActOf2017Amount,"Effective Income Tax Rate Reconciliation, Tax Cuts and Jobs Act, Amount","Amount of reported income tax expense (benefit) in excess of (less than) expected income tax expense (benefit) computed by applying domestic federal statutory income tax rate to pretax income (loss) from continuing operations, attributable to Tax Cuts and Jobs Act."
EffectiveIncomeTaxRateReconciliationTaxCutsAndJobsActOf2017TransitionTaxOnAccumulatedForeignEarningsAmount,"Effective Income Tax Rate Reconciliation, Tax Cuts and Jobs Act, Transition Tax on Accumulated Foreign Earnings, Amount","Amount of reported income tax expense (benefit) in excess of (less than) expected income tax expense (benefit) computed by applying domestic federal statutory income tax rate to pretax income (loss) from continuing operations, attributable to increase (decrease) from transition tax on accumulated earnings of controlled foreign corporation deemed repatriated pursuant to Tax Cuts and Jobs Act."
EffectOfExchangeRateOnCashAndCashEquivalents,Effect of Exchange Rate on Cash and Cash Equivalents,Amount of increase (decrease) from the effect of exchange rate changes on cash and cash equivalent balances held in foreign currencies.
EmployeeRelatedLiabilitiesCurrentAndNoncurrent,Employee-related Liabilities,"Total of the carrying values as of the balance sheet date of obligations incurred through that date and payable for obligations related to services received from employees, such as accrued salaries and bonuses, payroll taxes and fringe benefits."
EmployeeServiceShareBasedCompensationAllocationOfRecognizedPeriodCostsCapitalizedAmount,"Share-based Payment Arrangement, Amount Capitalized",Amount of cost capitalized for award under share-based payment arrangement.
EmployeeServiceShareBasedCompensationNonvestedAwardsTotalCompensationCostNotYetRecognized,"Share-based Payment Arrangement, Nonvested Award, Cost Not yet Recognized, Amount",Amount of cost not yet recognized for nonvested award under share-based payment arrangement.
EmployeeServiceShareBasedCompensationNonvestedAwardsTotalCompensationCostNotYetRecognizedPeriodForRecognition,"Employee Service Share-based Compensation, Nonvested Awards, Total Compensation Cost Not yet Recognized, Period for Recognition (Deprecated 2012-01-31)","The weighted average period over which unrecognized compensation is expected to be recognized for equity-based compensation plans, using a decimal to express in number of years."
EmployeeServiceShareBasedCompensationNonvestedAwardsTotalCompensationCostNotYetRecognizedStockOptions,"Share-based Payment Arrangement, Nonvested Award, Option, Cost Not yet Recognized, Amount",Amount of cost to be recognized for option under share-based payment arrangement.
EmployeeServiceShareBasedCompensationTaxBenefitFromCompensationExpense,"Share-based Payment Arrangement, Expense, Tax Benefit",Amount of tax benefit for recognition of expense of award under share-based payment arrangement.
EmployeeServiceShareBasedCompensationUnrecognizedCompensationCostsOnNonvestedAwards,"Employee Service Share-based Compensation, Unrecognized Compensation Costs on Nonvested Awards (Deprecated 2011-01-31)","As of the latest balance sheet date presented, the total compensation cost related to outstanding, nonvested equity-based compensation awards not yet recognized (will be charged against earnings as services are performed or other vesting criteria are met)."
EquityMethodInvestmentOwnershipPercentage,"Equity Method Investment, Ownership Percentage",The percentage of ownership of common stock or equity participation in the investee accounted for under the equity method of accounting.
EquityMethodInvestmentRealizedGainLossOnDisposal,"Equity Method Investment, Realized Gain (Loss) on Disposal",Amount of gain (loss) on sale or disposal of an equity method investment.
EquityMethodInvestmentSoldCarryingAmount,"Equity Method Investment, Amount Sold",Amount of the entity's equity method investment which has been sold.
EquityMethodInvestmentSummarizedFinancialInformationCurrentAssets,"Equity Method Investment, Summarized Financial Information, Current Assets (Deprecated 2020-01-31)",The amount of current assets reported by an equity method investment of the entity.
EquityMethodInvestmentSummarizedFinancialInformationCurrentLiabilities,"Equity Method Investment, Summarized Financial Information, Current Liabilities (Deprecated 2020-01-31)",The amount of current liabilities reported by an equity method investment of the entity.
EquityMethodInvestmentSummarizedFinancialInformationGrossProfitLoss,"Equity Method Investment, Summarized Financial Information, Gross Profit (Loss) (Deprecated 2020-01-31)",The amount of gross profit (loss) reported by an equity method investment of the entity.
EquityMethodInvestmentSummarizedFinancialInformationIncomeLossFromContinuingOperationsBeforeExtraordinaryItems,"Equity Method Investment, Summarized Financial Information, Income (Loss) from Continuing Operations (Deprecated 2020-01-31)",Amount of income (loss) from continuing operations reported by an equity method investee.
EquityMethodInvestmentSummarizedFinancialInformationNetIncomeLoss,"Equity Method Investment, Summarized Financial Information, Net Income (Loss) (Deprecated 2020-01-31)",The amount of net income (loss) reported by an equity method investment of the entity.
EquityMethodInvestmentSummarizedFinancialInformationNoncurrentAssets,"Equity Method Investment, Summarized Financial Information, Noncurrent Assets (Deprecated 2020-01-31)",The amount of noncurrent assets reported by an equity method investment of the entity.
EquityMethodInvestmentSummarizedFinancialInformationNoncurrentLiabilities,"Equity Method Investment, Summarized Financial Information, Noncurrent Liabilities (Deprecated 2020-01-31)",The amount of noncurrent liabilities reported by an equity method investment of the entity.
EquityMethodInvestmentSummarizedFinancialInformationRedeemablePreferredStock,"Equity Method Investment, Summarized Financial Information, Redeemable Preferred Stock (Deprecated 2020-01-31)",The amount of redeemable preferred stock reported by an equity method investment of the entity.
EquityMethodInvestmentSummarizedFinancialInformationRevenue,"Equity Method Investment, Summarized Financial Information, Revenue (Deprecated 2020-01-31)",Amount of revenue from sale of product and rendering of service reported by equity method investee.
EquityMethodInvestments,Equity Method Investments,"This item represents the carrying amount on the entity's balance sheet of its investment in common stock of an equity method investee. This is not an indicator of the fair value of the investment, rather it is the initial cost adjusted for the entity's share of earnings and losses of the investee, adjusted for any distributions (dividends) and other than temporary impairment (OTTI) losses recognized."
EquitySecuritiesFvNiGainLoss,"Equity Securities, FV-NI, Gain (Loss)",Amount of unrealized and realized gain (loss) on investment in equity security measured at fair value with change in fair value recognized in net income (FV-NI).
EquitySecuritiesFvNiUnrealizedGainLoss,"Equity Securities, FV-NI, Unrealized Gain (Loss)",Amount of unrealized gain (loss) on investment in equity security measured at fair value with change in fair value recognized in net income (FV-NI).
EquitySecuritiesWithoutReadilyDeterminableFairValueAmount,"Equity Securities without Readily Determinable Fair Value, Amount",Amount of investment in equity security without readily determinable fair value.
EquitySecuritiesWithoutReadilyDeterminableFairValueUpwardPriceAdjustmentAnnualAmount,"Equity Securities without Readily Determinable Fair Value, Upward Price Adjustment, Annual Amount",Amount of gain from upward price adjustment on investment in equity security without readily determinable fair value.
ExcessTaxBenefitFromShareBasedCompensationFinancingActivities,"Excess Tax Benefit from Share-based Compensation, Financing Activities",Amount of cash inflow from realized tax benefit related to deductible compensation cost reported on the entity's tax return for equity instruments in excess of the compensation cost for those instruments recognized for financial reporting purposes.
ExcessTaxBenefitFromShareBasedCompensationOperatingActivities,"Excess Tax Benefit from Share-based Compensation, Operating Activities",Amount of cash outflow for realized tax benefit related to deductible compensation cost reported on the entity's tax return for equity instruments in excess of the compensation cost for those instruments recognized for financial reporting purposes.
FairValueAdjustmentOfWarrants,Fair Value Adjustment of Warrants,Amount of expense (income) related to adjustment to fair value of warrant liability.
FinanceLeaseInterestExpense,"Finance Lease, Interest Expense",Amount of interest expense on finance lease liability.
FinanceLeaseInterestPaymentOnLiability,"Finance Lease, Interest Payment on Liability",Amount of interest paid on finance lease liability.
FinanceLeaseLiability,"Finance Lease, Liability",Present value of lessee's discounted obligation for lease payments from finance lease.
FinanceLeaseLiabilityCurrent,"Finance Lease, Liability, Current","Present value of lessee's discounted obligation for lease payments from finance lease, classified as current."
FinanceLeaseLiabilityNoncurrent,"Finance Lease, Liability, Noncurrent","Present value of lessee's discounted obligation for lease payments from finance lease, classified as noncurrent."
FinanceLeaseLiabilityPaymentsDue,"Finance Lease, Liability, Payment, Due",Amount of lessee's undiscounted obligation for lease payments for finance lease.
FinanceLeaseLiabilityPaymentsDueAfterYearFive,"Finance Lease, Liability, to be Paid, after Year Five",Amount of lessee's undiscounted obligation for lease payment for finance lease to be paid after fifth fiscal year following current fiscal year. Excludes interim and annual periods when interim periods are reported from current statement of financial position date (rolling approach).
FinanceLeaseLiabilityPaymentsDueNextTwelveMonths,"Finance Lease, Liability, to be Paid, Year One",Amount of lessee's undiscounted obligation for lease payment for finance lease to be paid in next fiscal year following current fiscal year. Excludes interim and annual periods when interim periods are reported from current statement of financial position date (rolling approach).
FinanceLeaseLiabilityPaymentsDueYearFive,"Finance Lease, Liability, to be Paid, Year Five",Amount of lessee's undiscounted obligation for lease payment for finance lease to be paid in fifth fiscal year following current fiscal year. Excludes interim and annual periods when interim periods are reported from current statement of financial position date (rolling approach).
FinanceLeaseLiabilityPaymentsDueYearFour,"Finance Lease, Liability, to be Paid, Year Four",Amount of lessee's undiscounted obligation for lease payment for finance lease to be paid in fourth fiscal year following current fiscal year. Excludes interim and annual periods when interim periods are reported from current statement of financial position date (rolling approach).
FinanceLeaseLiabilityPaymentsDueYearThree,"Finance Lease, Liability, to be Paid, Year Three",Amount of lessee's undiscounted obligation for lease payment for finance lease to be paid in third fiscal year following current fiscal year. Excludes interim and annual periods when interim periods are reported from current statement of financial position date (rolling approach).
FinanceLeaseLiabilityPaymentsDueYearTwo,"Finance Lease, Liability, to be Paid, Year Two",Amount of lessee's undiscounted obligation for lease payment for finance lease to be paid in second fiscal year following current fiscal year. Excludes interim and annual periods when interim periods are reported from current statement of financial position date (rolling approach).
FinanceLeaseLiabilityPaymentsRemainderOfFiscalYear,"Finance Lease, Liability, to be Paid, Remainder of Fiscal Year",Amount of lessee's undiscounted obligation for lease payment for finance lease to be paid in remainder of current fiscal year.
FinanceLeaseLiabilityUndiscountedExcessAmount,"Finance Lease, Liability, Undiscounted Excess Amount",Amount of lessee's undiscounted obligation for lease payments in excess of discounted obligation for lease payments for finance lease.
FinanceLeasePrincipalPayments,"Finance Lease, Principal Payments",Amount of cash outflow for principal payment on finance lease.
FinanceLeaseRightOfUseAsset,"Finance Lease, Right-of-Use Asset, after Accumulated Amortization","Amount, after accumulated amortization, of right-of-use asset from finance lease."
FinanceLeaseRightOfUseAssetAccumulatedAmortization,"Finance Lease, Right-of-Use Asset, Accumulated Amortization",Amount of accumulated amortization of right-of-use asset from finance lease.
FinanceLeaseRightOfUseAssetAmortization,"Finance Lease, Right-of-Use Asset, Amortization",Amount of amortization expense attributable to right-of-use asset from finance lease.
FinanceLeaseRightOfUseAssetBeforeAccumulatedAmortization,"Finance Lease, Right-of-Use Asset, before Accumulated Amortization","Amount, before accumulated amortization, of right-of-use asset from finance lease."
FinanceLeaseWeightedAverageDiscountRatePercent,"Finance Lease, Weighted Average Discount Rate, Percent",Weighted average discount rate for finance lease calculated at point in time.
FiniteLivedIntangibleAssetsAccumulatedAmortization,"Finite-Lived Intangible Assets, Accumulated Amortization","Accumulated amount of amortization of assets, excluding financial assets and goodwill, lacking physical substance with a finite life."
FiniteLivedIntangibleAssetsAmortizationExpenseAfterYearFive,"Finite-Lived Intangible Asset, Expected Amortization, after Year Five","Amount of amortization for asset, excluding financial asset and goodwill, lacking physical substance with finite life expected to be recognized after fifth fiscal year following current fiscal year. Excludes interim and annual periods when interim periods are reported from current statement of financial position date (rolling approach)."
FiniteLivedIntangibleAssetsAmortizationExpenseNextTwelveMonths,"Finite-Lived Intangible Asset, Expected Amortization, Year One","Amount of amortization for assets, excluding financial assets and goodwill, lacking physical substance with finite life expected to be recognized in next fiscal year following current fiscal year. Excludes interim and annual periods when interim periods are reported from current statement of financial position date (rolling approach)."
FiniteLivedIntangibleAssetsAmortizationExpenseYearFive,"Finite-Lived Intangible Asset, Expected Amortization, Year Five","Amount of amortization for assets, excluding financial assets and goodwill, lacking physical substance with finite life expected to be recognized in fifth fiscal year following current fiscal year. Excludes interim and annual periods when interim periods are reported from current statement of financial position date (rolling approach)."
FiniteLivedIntangibleAssetsAmortizationExpenseYearFour,"Finite-Lived Intangible Asset, Expected Amortization, Year Four","Amount of amortization for assets, excluding financial assets and goodwill, lacking physical substance with finite life expected to be recognized in fourth fiscal year following current fiscal year. Excludes interim and annual periods when interim periods are reported from current statement of financial position date (rolling approach)."
FiniteLivedIntangibleAssetsAmortizationExpenseYearThree,"Finite-Lived Intangible Asset, Expected Amortization, Year Three","Amount of amortization for assets, excluding financial assets and goodwill, lacking physical substance with finite life expected to be recognized in third fiscal year following current fiscal year. Excludes interim and annual periods when interim periods are reported from current statement of financial position date (rolling approach)."
FiniteLivedIntangibleAssetsAmortizationExpenseYearTwo,"Finite-Lived Intangible Asset, Expected Amortization, Year Two","Amount of amortization for assets, excluding financial assets and goodwill, lacking physical substance with finite life expected to be recognized in second fiscal year following current fiscal year. Excludes interim and annual periods when interim periods are reported from current statement of financial position date (rolling approach)."
FiniteLivedIntangibleAssetsFutureAmortizationExpense,"Finite-Lived Intangible Assets, Future Amortization Expense (Deprecated 2012-01-31)",The aggregate estimated amortization expense for succeeding fiscal years for intangible assets subject to amortization.
FiniteLivedIntangibleAssetsGross,"Finite-Lived Intangible Assets, Gross","Amount before amortization of assets, excluding financial assets and goodwill, lacking physical substance with a finite life."
FiniteLivedIntangibleAssetsNet,"Finite-Lived Intangible Assets, Net","Amount after amortization of assets, excluding financial assets and goodwill, lacking physical substance with a finite life."
FiniteLivedIntangibleAssetsUsefulLifeMaximum,"Finite-Lived Intangible Assets, Useful Life, Maximum (Deprecated 2012-01-31)",The maximum useful life of a major finite-lived intangible asset class. A major class is composed of intangible assets that can be grouped together because they are similar either by their nature or by their use in the operations of a company.
FiniteLivedIntangibleAssetsUsefulLifeMinimum,"Finite-Lived Intangible Assets, Useful Life, Minimum (Deprecated 2012-01-31)",The minimum useful life of a major finite-lived intangible asset class. A major class is composed of intangible assets that can be grouped together because they are similar either by their nature or by their use in the operations of a company.
FiniteLivedIntangibleAssetsWeightedAverageUsefulLife,"Finite-Lived Intangible Assets, Weighted-Average Useful Life (Deprecated 2012-01-31)",The calculated weighted-average useful life of all finite-lived intangible assets.
ForeignCurrencyTransactionGainLossBeforeTax,"Foreign Currency Transaction Gain (Loss), before Tax",Amount before tax of foreign currency transaction realized and unrealized gain (loss) recognized in the income statement.
ForeignCurrencyTransactionGainLossRealized,"Foreign Currency Transaction Gain (Loss), Realized",Amount before tax of foreign currency transaction realized gain (loss) recognized in the income statement.
FutureAmortizationExpenseYearFive,"Future Amortization Expense, Year Five (Deprecated 2012-01-31)",The amount of amortization expense expected to be recognized during year five of the five succeeding fiscal years.
FutureAmortizationExpenseYearFour,"Future Amortization Expense, Year Four (Deprecated 2012-01-31)",The amount of amortization expense expected to be recognized during year four of the five succeeding fiscal years.
FutureAmortizationExpenseYearOne,"Future Amortization Expense, Year One (Deprecated 2012-01-31)",The amount of amortization expense expected to be recognized during year one of the five succeeding fiscal years.
FutureAmortizationExpenseYearThree,"Future Amortization Expense, Year Three (Deprecated 2012-01-31)",The amount of amortization expense expected to be recognized during year three of the five succeeding fiscal years.
FutureAmortizationExpenseYearTwo,"Future Amortization Expense, Year Two (Deprecated 2012-01-31)",The amount of amortization expense expected to be recognized during year two of the five succeeding fiscal years.
GainLossOnDispositionOfAssets,"Gain (Loss) on Disposition of Property Plant Equipment, Excluding Oil and Gas Property and Timber Property","Amount of gain (loss) on sale or disposal of property, plant and equipment assets, excluding oil and gas property and timber property."
GainLossOnSaleOfInvestments,Gain (Loss) on Sale of Investments,"The net realized gain (loss) on investments sold during the period, not including gains (losses) on securities separately or otherwise categorized as trading, available-for-sale, or held-to-maturity, which, for cash flow reporting, is a component of proceeds from investing activities."
GeneralAndAdministrativeExpense,General and Administrative Expense,"The aggregate total of expenses of managing and administering the affairs of an entity, including affiliates of the reporting entity, which are not directly or indirectly associated with the manufacture, sale or creation of a product or product line."
Goodwill,Goodwill,Amount after accumulated impairment loss of an asset representing future economic benefits arising from other assets acquired in a business combination that are not individually identified and separately recognized.
GoodwillAcquiredDuringPeriod,"Goodwill, Acquired During Period",Amount of increase in asset representing future economic benefits arising from other assets acquired in a business combination that are not individually identified and separately recognized resulting from a business combination.
GoodwillAndIntangibleAssetImpairment,Goodwill and Intangible Asset Impairment,"Total loss recognized during the period from the impairment of goodwill plus the loss recognized in the period resulting from the impairment of the carrying amount of intangible assets, other than goodwill."
GoodwillImpairmentLoss,"Goodwill, Impairment Loss",Amount of loss from the write-down of an asset representing the future economic benefits arising from other assets acquired in a business combination that are not individually identified and separately recognized.
GoodwillOtherChanges,"Goodwill, Other Changes (Deprecated 2016-01-31)",Amount of other (increase) decrease of an asset representing the future economic benefits arising from other assets acquired in a business combination that are not individually identified and separately recognized.
GoodwillOtherIncreaseDecrease,"Goodwill, Other Increase (Decrease)","Amount of increase (decrease), classified as other, of an asset representing the future economic benefits from other assets acquired in a business combination that are not individually identified and separately recognized."
GoodwillTranslationAndPurchaseAccountingAdjustments,"Goodwill, Translation and Purchase Accounting Adjustments",Amount of increase (decrease) from foreign currency translation adjustments and purchase accounting adjustments of an asset representing future economic benefits arising from other assets acquired in a business combination that are not individually identified and separately recognized.
GrossProfit,Gross Profit,Aggregate revenue less cost of goods and services sold or operating expenses directly attributable to the revenue generation activity.
IncomeLossFromContinuingOperationsBeforeIncomeTaxesDomestic,"Income (Loss) from Continuing Operations before Income Taxes, Domestic",The portion of earnings or loss from continuing operations before income taxes that is attributable to domestic operations.
IncomeLossFromContinuingOperationsBeforeIncomeTaxesForeign,"Income (Loss) from Continuing Operations before Income Taxes, Foreign","The portion of earnings or loss from continuing operations before income taxes that is attributable to foreign operations, which is defined as Income or Loss generated from operations located outside the entity's country of domicile."
IncomeLossFromContinuingOperationsBeforeIncomeTaxesMinorityInterestAndIncomeLossFromEquityMethodInvestments,"Income (Loss) from Continuing Operations before Equity Method Investments, Income Taxes, Noncontrolling Interest","Amount of income (loss) from continuing operations before deduction of income tax expense (benefit) and income (loss) attributable to noncontrolling interest, and addition of income (loss) from equity method investments."
IncomeLossFromEquityMethodInvestments,Income (Loss) from Equity Method Investments,Amount of income (loss) for proportionate share of equity method investee's income (loss).
IncomeTaxExaminationEstimateOfPossibleLoss,"Income Tax Examination, Estimate of Possible Loss",Estimated amount of loss resulting from an adverse tax position.
IncomeTaxExaminationLiabilityRecorded,"Income Tax Examination, Liability Recorded (Deprecated 2013-01-31)","The estimated loss resulting from the income tax examination that has been accrued as of the balance sheet date, including interest and penalties."
IncomeTaxExaminationPenaltiesAndInterestAccrued,"Income Tax Examination, Penalties and Interest Accrued",The amount of estimated penalties and interest accrued as of the balance sheet date arising from income tax examinations.
IncomeTaxExaminationPenaltiesAndInterestExpense,"Income Tax Examination, Penalties and Interest Expense",The sum of the amounts of estimated penalties and interest recognized in the period arising from income tax examinations.
IncomeTaxExaminationRangeOfPossibleLosses,"Income Tax Examination, Range of Possible Losses (Deprecated 2013-01-31)",The estimated range of reasonably possible losses resulting from an adverse position taken by a taxing authority.
IncomeTaxExpenseBenefit,Income Tax Expense (Benefit),Amount of current income tax expense (benefit) and deferred income tax expense (benefit) pertaining to continuing operations.
IncomeTaxesPaid,Income Taxes Paid,"The amount of cash paid during the current period to foreign, federal, state, and local authorities as taxes on income."
IncomeTaxesPaidNet,"Income Taxes Paid, Net","The amount of cash paid during the current period to foreign, federal, state, and local authorities as taxes on income, net of any cash received during the current period as refunds for the overpayment of taxes."
IncomeTaxReconciliationDeductionsQualifiedProductionActivities,"Effective Income Tax Rate Reconciliation, Deduction, Qualified Production Activity, Amount",Amount of the difference between reported income tax expense (benefit) and the expected income tax expense (benefit) computed by applying the domestic federal statutory income tax rates to pretax income (loss) from continuing operations attributable to deduction for qualified production activity.
IncomeTaxReconciliationForeignIncomeTaxRateDifferential,"Effective Income Tax Rate Reconciliation, Foreign Income Tax Rate Differential, Amount",Amount of the difference between reported income tax expense (benefit) and expected income tax expense (benefit) computed by applying the domestic federal statutory income tax rates to pretax income (loss) from continuing operations attributable to foreign income tax expense (benefit).
IncomeTaxReconciliationIncomeTaxExpenseBenefitAtFederalStatutoryIncomeTaxRate,"Effective Income Tax Rate Reconciliation at Federal Statutory Income Tax Rate, Amount",The amount of income tax expense or benefit for the period computed by applying the domestic federal statutory tax rates to pretax income from continuing operations.
IncomeTaxReconciliationNondeductibleExpenseShareBasedCompensationCost,"Effective Income Tax Rate Reconciliation, Nondeductible Expense, Share-based Payment Arrangement, Amount","Amount of reported income tax expense (benefit) in excess of (less than) expected income tax expense (benefit) computed by applying domestic federal statutory income tax rate to pretax income (loss) from continuing operation, attributable to nondeductible expense for award under share-based payment arrangement. Includes, but is not limited to, expense determined to be nondeductible upon grant or after for award under share-based payment arrangement."
IncomeTaxReconciliationOtherAdjustments,"Effective Income Tax Rate Reconciliation, Other Adjustments, Amount",Amount of the difference between reported income tax expense (benefit) and expected income tax expense (benefit) computed by applying the domestic federal statutory income tax rates to pretax income (loss) from continuing operations attributable to other adjustments.
IncomeTaxReconciliationStateAndLocalIncomeTaxes,"Effective Income Tax Rate Reconciliation, State and Local Income Taxes, Amount",Amount of the difference between reported income tax expense (benefit) and expected income tax expense (benefit) computed by applying the domestic federal statutory income tax rates to pretax income (loss) from continuing operations attributable to state and local income tax expense (benefit).
IncomeTaxReconciliationTaxCredits,"Effective Income Tax Rate Reconciliation, Tax Credit, Amount","Amount of the difference between reported income tax expense (benefit) and expected income tax expense (benefit) computed by applying the domestic federal statutory income tax rates to pretax income (loss) from continuing operations attributable to tax credits. Including, but not limited to, research credit, foreign tax credit, investment tax credit, and other tax credits."
IncreaseDecreaseInAccountsPayable,Increase (Decrease) in Accounts Payable,The increase (decrease) during the reporting period in the aggregate amount of liabilities incurred (and for which invoices have typically been received) and payable to vendors for goods and services received that are used in an entity's business.
IncreaseDecreaseInAccountsReceivable,Increase (Decrease) in Accounts Receivable,The increase (decrease) during the reporting period in amount due within one year (or one business cycle) from customers for the credit sale of goods and services.
IncreaseDecreaseInAccountsReceivableAndOtherOperatingAssets,Increase (Decrease) in Accounts Receivable and Other Operating Assets,"Amount of increase (decrease) in receivables, and operating assets classified as other."
IncreaseDecreaseInAccruedLiabilities,Increase (Decrease) in Accrued Liabilities,The increase (decrease) during the reporting period in the aggregate amount of expenses incurred but not yet paid.
IncreaseDecreaseInAccruedLiabilitiesAndOtherOperatingLiabilities,Increase (Decrease) in Accrued Liabilities and Other Operating Liabilities,"Amount of increase (decrease) in accrued expenses, and obligations classified as other."
IncreaseDecreaseInContractWithCustomerLiability,"Increase (Decrease) in Contract with Customer, Liability",Amount of increase (decrease) in obligation to transfer good or service to customer for which consideration has been received or is receivable.
IncreaseDecreaseInDeferredRevenue,Increase (Decrease) in Deferred Revenue,Amount of increase (decrease) in deferred income and obligation to transfer product and service to customer for which consideration has been received or is receivable.
IncreaseDecreaseInInventories,Increase (Decrease) in Inventories,"The increase (decrease) during the reporting period in the aggregate value of all inventory held by the reporting entity, associated with underlying transactions that are classified as operating activities."
IncrementalCommonSharesAttributableToShareBasedPaymentArrangements,Incremental Common Shares Attributable to Dilutive Effect of Share-based Payment Arrangements,Additional shares included in the calculation of diluted EPS as a result of the potentially dilutive effect of share based payment arrangements using the treasury stock method.
IndefiniteLivedIntangibleAssetsExcludingGoodwill,Indefinite-lived Intangible Assets (Excluding Goodwill),"Amount of assets, excluding financial assets and goodwill, lacking physical substance and having a projected indefinite period of benefit."
IntangibleAssetsGrossExcludingGoodwill,"Intangible Assets, Gross (Excluding Goodwill)","Amount before accumulated amortization of intangible assets, excluding goodwill."
IntangibleAssetsNetExcludingGoodwill,"Intangible Assets, Net (Excluding Goodwill)","Sum of the carrying amounts of all intangible assets, excluding goodwill, as of the balance sheet date, net of accumulated amortization and impairment charges."
InterestExpense,Interest Expense,Amount of the cost of borrowed funds accounted for as interest expense.
InterestPaid,"Interest Paid, Including Capitalized Interest, Operating and Investing Activities","Amount of cash paid for interest, including, but not limited to, capitalized interest and payment to settle zero-coupon bond attributable to accreted interest of debt discount and debt instrument with insignificant coupon interest rate in relation to effective interest rate of borrowing attributable to accreted interest of debt discount; classified as operating and investing activities."
InventoryNet,"Inventory, Net","Amount after valuation and LIFO reserves of inventory expected to be sold, or consumed within one year or operating cycle, if longer."
InventoryValuationReserves,Inventory Valuation Reserves,Amount of valuation reserve for inventory.
InvestmentIncomeInterest,"Investment Income, Interest",Amount before accretion (amortization) of purchase discount (premium) of interest income on nonoperating securities.
LeaseAndRentalExpense,"Operating Leases, Rent Expense","Amount of rent expense incurred for leased assets, including but not limited to, furniture and equipment, that is not directly or indirectly associated with the manufacture, sale or creation of a product or product line."
LeaseCost,"Lease, Cost",Amount of lease cost recognized by lessee for lease contract.
LesseeOperatingLeaseLiabilityPaymentsDue,"Lessee, Operating Lease, Liability, to be Paid",Amount of lessee's undiscounted obligation for lease payment for operating lease.
LesseeOperatingLeaseLiabilityPaymentsDueAfterYearFive,"Lessee, Operating Lease, Liability, to be Paid, after Year Five",Amount of lessee's undiscounted obligation for lease payment for operating lease due after fifth fiscal year following current fiscal year. Excludes interim and annual periods when interim periods are reported from current statement of financial position date (rolling approach).
LesseeOperatingLeaseLiabilityPaymentsDueNextTwelveMonths,"Lessee, Operating Lease, Liability, to be Paid, Year One",Amount of lessee's undiscounted obligation for lease payment for operating lease to be paid in next fiscal year following current fiscal year. Excludes interim and annual periods when interim periods are reported from current statement of financial position date (rolling approach).
LesseeOperatingLeaseLiabilityPaymentsDueYearFive,"Lessee, Operating Lease, Liability, to be Paid, Year Five",Amount of lessee's undiscounted obligation for lease payment for operating lease to be paid in fifth fiscal year following current fiscal year. Excludes interim and annual periods when interim periods are reported from current statement of financial position date (rolling approach).
LesseeOperatingLeaseLiabilityPaymentsDueYearFour,"Lessee, Operating Lease, Liability, to be Paid, Year Four",Amount of lessee's undiscounted obligation for lease payment for operating lease to be paid in fourth fiscal year following current fiscal year. Excludes interim and annual periods when interim periods are reported from current statement of financial position date (rolling approach).
LesseeOperatingLeaseLiabilityPaymentsDueYearThree,"Lessee, Operating Lease, Liability, to be Paid, Year Three",Amount of lessee's undiscounted obligation for lease payment for operating lease to be paid in third fiscal year following current fiscal year. Excludes interim and annual periods when interim periods are reported from current statement of financial position date (rolling approach).
LesseeOperatingLeaseLiabilityPaymentsDueYearTwo,"Lessee, Operating Lease, Liability, to be Paid, Year Two",Amount of lessee's undiscounted obligation for lease payment for operating lease to be paid in second fiscal year following current fiscal year. Excludes interim and annual periods when interim periods are reported from current statement of financial position date (rolling approach).
LesseeOperatingLeaseLiabilityPaymentsRemainderOfFiscalYear,"Lessee, Operating Lease, Liability, to be Paid, Remainder of Fiscal Year",Amount of lessee's undiscounted obligation for lease payment for operating lease having initial or remaining lease term in excess of one year to be paid in remainder of current fiscal year.
LesseeOperatingLeaseLiabilityUndiscountedExcessAmount,"Lessee, Operating Lease, Liability, Undiscounted Excess Amount",Amount of lessee's undiscounted obligation for lease payments in excess of discounted obligation for lease payments for operating lease.
LiabilitiesAndStockholdersEquity,Liabilities and Equity,"Amount of liabilities and equity items, including the portion of equity attributable to noncontrolling interests, if any."
LiabilitiesCurrent,"Liabilities, Current","Total obligations incurred as part of normal operations that are expected to be paid during the following twelve months or within one business cycle, if longer."
LiabilitiesNoncurrent,"Liabilities, Noncurrent","Amount of obligation due after one year or beyond the normal operating cycle, if longer."
LineOfCreditFacilityFairValueOfAmountOutstanding,"Line of Credit Facility, Fair Value of Amount Outstanding",Fair value of the amount outstanding under the credit facility.
LineOfCreditFacilityMaximumBorrowingCapacity,"Line of Credit Facility, Maximum Borrowing Capacity",Maximum borrowing capacity under the credit facility without consideration of any current restrictions on the amount that could be borrowed or the amounts currently outstanding under the facility.
LongTermDebt,Long-term Debt,"Amount, after unamortized (discount) premium and debt issuance costs, of long-term debt. Includes, but not limited to, notes payable, bonds payable, debentures, mortgage loans and commercial paper. Excludes capital lease obligations."
LongTermDebtCurrent,"Long-term Debt, Current Maturities","Amount, after unamortized (discount) premium and debt issuance costs, of long-term debt, classified as current. Includes, but not limited to, notes payable, bonds payable, debentures, mortgage loans and commercial paper. Excludes capital lease obligations."
LongTermDebtFairValue,"Long-term Debt, Fair Value","The fair value amount of long-term debt whether such amount is presented as a separate caption or as a parenthetical disclosure. Additionally, this element may be used in connection with the fair value disclosures required in the footnote disclosures to the financial statements. The element may be used in both the balance sheet and disclosure in the same submission."
LongTermDebtMaturitiesRepaymentsOfPrincipalAfterYearFive,"Long-Term Debt, Maturity, after Year Five","Amount of long-term debt payable, sinking fund requirement, and other securities issued that are redeemable by holder at fixed or determinable price and date, maturing after fifth fiscal year following current fiscal year. Excludes interim and annual periods when interim periods are reported from current statement of financial position date (rolling approach)."
LongTermDebtMaturitiesRepaymentsOfPrincipalInNextTwelveMonths,"Long-Term Debt, Maturity, Year One","Amount of long-term debt payable, sinking fund requirement, and other securities issued that are redeemable by holder at fixed or determinable price and date, maturing in next fiscal year following current fiscal year. Excludes interim and annual periods when interim periods are reported from current statement of financial position date (rolling approach)."
LongTermDebtMaturitiesRepaymentsOfPrincipalInYearFive,"Long-Term Debt, Maturity, Year Five","Amount of long-term debt payable, sinking fund requirement, and other securities issued that are redeemable by holder at fixed or determinable price and date, maturing in fifth fiscal year following current fiscal year. Excludes interim and annual periods when interim periods are reported from current statement of financial position date (rolling approach)."
LongTermDebtMaturitiesRepaymentsOfPrincipalInYearFour,"Long-Term Debt, Maturity, Year Four","Amount of long-term debt payable, sinking fund requirement, and other securities issued that are redeemable by holder at fixed or determinable price and date, maturing in fourth fiscal year following current fiscal year. Excludes interim and annual periods when interim periods are reported from current statement of financial position date (rolling approach)."
LongTermDebtMaturitiesRepaymentsOfPrincipalInYearThree,"Long-Term Debt, Maturity, Year Three","Amount of long-term debt payable, sinking fund requirement, and other securities issued that are redeemable by holder at fixed or determinable price and date, maturing in third fiscal year following current fiscal year. Excludes interim and annual periods when interim periods are reported from current statement of financial position date (rolling approach)."
LongTermDebtMaturitiesRepaymentsOfPrincipalInYearTwo,"Long-Term Debt, Maturity, Year Two","Amount of long-term debt payable, sinking fund requirement, and other securities issued that are redeemable by holder at fixed or determinable price and date, maturing in second fiscal year following current fiscal year. Excludes interim and annual periods when interim periods are reported from current statement of financial position date (rolling approach)."
LongTermDebtNoncurrent,"Long-term Debt, Excluding Current Maturities","Amount after unamortized (discount) premium and debt issuance costs of long-term debt classified as noncurrent and excluding amounts to be repaid within one year or the normal operating cycle, if longer. Includes, but not limited to, notes payable, bonds payable, debentures, mortgage loans and commercial paper. Excludes capital lease obligations."
LongtermDebtWeightedAverageInterestRate,"Long-term Debt, Weighted Average Interest Rate, at Point in Time",Weighted average interest rate of long-term debt outstanding calculated at point in time.
LossContingencyDamagesSoughtValue,"Loss Contingency, Damages Sought, Value",The value (monetary amount) of the award the plaintiff seeks in the legal matter.
LossContingencyPatentsAllegedlyInfringedNumber,"Loss Contingency, Patents Allegedly Infringed, Number",Number of another entity's patents that the entity has allegedly infringed.
MarketableSecuritiesCurrent,"Marketable Securities, Current","Amount of investment in marketable security, classified as current."
MarketableSecuritiesRealizedGainLoss,"Marketable Securities, Realized Gain (Loss)","Amount of realized gain (loss) on investment in marketable security, including other-than-temporary impairment (OTTI)."
MarketableSecuritiesUnrealizedGainLoss,"Marketable Securities, Unrealized Gain (Loss)",Amount of unrealized gain (loss) on investment in marketable security.
MarketingAndAdvertisingExpense,Marketing and Advertising Expense,"The total expense recognized in the period for promotion, public relations, and brand or product advertising."
MarketingExpense,Marketing Expense,"Expenditures for planning and executing the conception, pricing, promotion, and distribution of ideas, goods, and services. Costs of public relations and corporate promotions are typically considered to be marketing costs."
NetCashProvidedByUsedInFinancingActivities,Net Cash Provided by (Used in) Financing Activities,"Amount of cash inflow (outflow) from financing activities, including discontinued operations. Financing activity cash flows include obtaining resources from owners and providing them with a return on, and a return of, their investment; borrowing money and repaying amounts borrowed, or settling the obligation; and obtaining and paying for other resources obtained from creditors on long-term credit."
NetCashProvidedByUsedInInvestingActivities,Net Cash Provided by (Used in) Investing Activities,"Amount of cash inflow (outflow) from investing activities, including discontinued operations. Investing activity cash flows include making and collecting loans and acquiring and disposing of debt or equity instruments and property, plant, and equipment and other productive assets."
NetCashProvidedByUsedInOperatingActivities,Net Cash Provided by (Used in) Operating Activities,"Amount of cash inflow (outflow) from operating activities, including discontinued operations. Operating activity cash flows include transactions, adjustments, and changes in value not defined as investing or financing activities."
NetIncomeLoss,Net Income (Loss) Attributable to Parent,"The portion of profit or loss for the period, net of income taxes, which is attributable to the parent."
NewAccountingPronouncementOrChangeInAccountingPrincipleEffectOfChangeOnNetRevenue,"New Accounting Pronouncement or Change in Accounting Principle, Effect of Change on Net Revenue (Deprecated 2016-01-31)",Amount of the effect of a change in accounting principle on net revenue.
NonoperatingIncomeExpense,Nonoperating Income (Expense),"The aggregate amount of income or expense from ancillary business-related activities (that is to say, excluding major activities considered part of the normal operations of the business)."
NumberOfOperatingSegments,Number of Operating Segments,"Number of operating segments. An operating segment is a component of an enterprise: (a) that engages in business activities from which it may earn revenues and incur expenses (including revenues and expenses relating to transactions with other components of the same enterprise), (b) whose operating results are regularly reviewed by the enterprise's chief operating decision maker to make decisions about resources to be allocated to the segment and assess its performance, and (c) for which discrete financial information is available. An operating segment may engage in business activities for which it has yet to earn revenues, for example, start-up operations may be operating segments before earning revenues."
OperatingExpenses,Operating Expenses,"Generally recurring costs associated with normal operations except for the portion of these expenses which can be clearly related to production and included in cost of sales or services. Includes selling, general and administrative expense."
OperatingIncomeLoss,Operating Income (Loss),The net result for the period of deducting operating expenses from operating revenues.
OperatingLeaseCost,"Operating Lease, Cost","Amount of single lease cost, calculated by allocation of remaining cost of lease over remaining lease term. Includes, but is not limited to, single lease cost, after impairment of right-of-use asset, calculated by amortization of remaining right-of-use asset and accretion of lease liability."
OperatingLeaseLiability,"Operating Lease, Liability",Present value of lessee's discounted obligation for lease payments from operating lease.
OperatingLeaseLiabilityCurrent,"Operating Lease, Liability, Current","Present value of lessee's discounted obligation for lease payments from operating lease, classified as current."
OperatingLeaseLiabilityNoncurrent,"Operating Lease, Liability, Noncurrent","Present value of lessee's discounted obligation for lease payments from operating lease, classified as noncurrent."
OperatingLeasePayments,"Operating Lease, Payments","Amount of cash outflow from operating lease, excluding payments to bring another asset to condition and location necessary for its intended use."
OperatingLeaseRightOfUseAsset,"Operating Lease, Right-of-Use Asset",Amount of lessee's right to use underlying asset under operating lease.
OperatingLeasesFutureMinimumPaymentsDue,"Operating Leases, Future Minimum Payments Due",Amount of required minimum rental payments for leases having an initial or remaining non-cancelable letter-terms in excess of one year.
OperatingLeasesFutureMinimumPaymentsDueCurrent,"Operating Leases, Future Minimum Payments Due, Next Twelve Months","Amount of required minimum rental payments for operating leases having an initial or remaining non-cancelable lease term in excess of one year due in the next fiscal year following the latest fiscal year. Excludes interim and annual periods when interim periods are reported on a rolling approach, from latest balance sheet date."
OperatingLeasesFutureMinimumPaymentsDueInFiveYears,"Operating Leases, Future Minimum Payments, Due in Five Years","Amount of required minimum rental payments for operating leases having an initial or remaining non-cancelable lease term in excess of one year due in the fifth fiscal year following the latest fiscal year. Excludes interim and annual periods when interim periods are reported on a rolling approach, from latest balance sheet date."
OperatingLeasesFutureMinimumPaymentsDueInFourYears,"Operating Leases, Future Minimum Payments, Due in Four Years","Amount of required minimum rental payments for operating leases having an initial or remaining non-cancelable lease term in excess of one year due in the fourth fiscal year following the latest fiscal year. Excludes interim and annual periods when interim periods are reported on a rolling approach, from latest balance sheet date."
OperatingLeasesFutureMinimumPaymentsDueInThreeYears,"Operating Leases, Future Minimum Payments, Due in Three Years","Amount of required minimum rental payments for operating leases having an initial or remaining non-cancelable lease term in excess of one year due in the third fiscal year following the latest fiscal year. Excludes interim and annual periods when interim periods are reported on a rolling approach, from latest balance sheet date."
OperatingLeasesFutureMinimumPaymentsDueInTwoYears,"Operating Leases, Future Minimum Payments, Due in Two Years","Amount of required minimum rental payments for operating leases having an initial or remaining non-cancelable lease term in excess of one year due in the second fiscal year following the latest fiscal year. Excludes interim and annual periods when interim periods are reported on a rolling approach, from latest balance sheet date."
OperatingLeasesFutureMinimumPaymentsDueThereafter,"Operating Leases, Future Minimum Payments, Due Thereafter","Amount of required minimum rental payments for operating leases having an initial or remaining non-cancelable lease term in excess of one year due after the fifth fiscal year following the latest fiscal year. Excludes interim and annual periods when interim periods are reported on a rolling approach, from latest balance sheet date."
OperatingLeasesFutureMinimumPaymentsRemainderOfFiscalYear,"Operating Leases, Future Minimum Payments, Remainder of Fiscal Year","Amount of required minimum rental payments for operating leases having an initial or remaining non-cancelable lease term in excess of one year due in the remainder of the fiscal year following the latest fiscal year. Excludes interim and annual periods when interim periods are reported on a rolling approach, from latest balance sheet date."
OperatingLeaseWeightedAverageDiscountRatePercent,"Operating Lease, Weighted Average Discount Rate, Percent",Weighted average discount rate for operating lease calculated at point in time.
OperatingLossCarryforwards,Operating Loss Carryforwards,"Amount of operating loss carryforward, before tax effects, available to reduce future taxable income under enacted tax laws."
OtherAdjustmentsForNoncashItemsIncludedInIncomeLossFromContinuingOperations,Other Adjustments for Noncash Items Included in Income (Loss) from Continuing Operations (Deprecated 2009-01-31),"Transactions that result in no cash inflows or outflows in the period in which they occur, but affect net income and thus are removed when calculating net cash flow from operating activities using the indirect method. This element is used when there is not a more specific and appropriate element."
OtherAssetsNoncurrent,"Other Assets, Noncurrent",Amount of noncurrent assets classified as other.
OtherCommitment,Other Commitment,"Minimum amount of other commitment not otherwise specified in the taxonomy. Excludes commitments explicitly modeled in the taxonomy, including but not limited to, long-term and short-term purchase commitments, recorded and unrecorded purchase obligations, supply commitments, registration payment arrangements, leases, debt, product warranties, guarantees, environmental remediation obligations, and pensions."
OtherCommitmentDueAfterFifthYear,"Other Commitment, to be Paid, after Year Five",Amount of commitment classified as other to be paid after fifth fiscal year following current fiscal year. Excludes interim and annual periods when interim periods are reported from current statement of financial position date (rolling approach).
OtherCommitmentDueInFifthYear,"Other Commitment, to be Paid, Year Five",Amount of commitment classified as other to be paid in fifth fiscal year following current fiscal year. Excludes interim and annual periods when interim periods are reported from current statement of financial position date (rolling approach).
OtherCommitmentDueInFourthYear,"Other Commitment, to be Paid, Year Four",Amount of commitment classified as other to be paid in fourth fiscal year following current fiscal year. Excludes interim and annual periods when interim periods are reported from current statement of financial position date (rolling approach).
OtherCommitmentDueInNextTwelveMonths,"Other Commitment, to be Paid, Year One",Amount of commitment classified as other to be paid in next fiscal year following current fiscal year. Excludes interim and annual periods when interim periods are reported from current statement of financial position date (rolling approach).
OtherCommitmentDueInSecondYear,"Other Commitment, to be Paid, Year Two",Amount of commitment classified as other to be paid in second fiscal year following current fiscal year. Excludes interim and annual periods when interim periods are reported from current statement of financial position date (rolling approach).
OtherCommitmentDueInThirdYear,"Other Commitment, to be Paid, Year Three",Amount of commitment classified as other to be paid in third fiscal year following current fiscal year. Excludes interim and annual periods when interim periods are reported from current statement of financial position date (rolling approach).
OtherCommitmentsFutureMinimumPaymentsRemainderOfFiscalYear,"Other Commitment, to be Paid, Remainder of Fiscal Year",Amount of commitment classified as other to be paid in remainder of current fiscal year.
OtherComprehensiveIncomeAvailableForSaleSecuritiesAdjustmentNetOfTaxPeriodIncreaseDecrease,"Other Comprehensive Income (Loss), Available-for-sale Securities Adjustment, Net of Tax (Deprecated 2012-01-31)","Gross appreciation or the gross loss in value of the total unsold securities. While for technical reasons this element has no balance attribute, the default assumption is a credit balance consistent with its label."
OtherComprehensiveIncomeAvailableForSaleSecuritiesTax,"Other Comprehensive Income (Loss), Available-for-sale Securities, Tax (Deprecated 2012-01-31)","Tax effect of the gross appreciation or the gross loss, net of reclassification adjustment, in the value of the total unsold available-for-sale securities at the end of an accounting period."
OtherComprehensiveIncomeForeignCurrencyTransactionAndTranslationGainLossArisingDuringPeriodNetOfTax,"Other Comprehensive Income (Loss), Foreign Currency Transaction and Translation Gain (Loss) Arising During Period, Net of Tax","Amount after tax, before reclassification adjustments of gain (loss) on foreign currency translation adjustments, foreign currency transactions designated and effective as economic hedges of a net investment in a foreign entity and intra-entity foreign currency transactions that are of a long-term-investment nature."
OtherComprehensiveIncomeForeignCurrencyTranslationAdjustmentTax,"Other Comprehensive Income (Loss), Foreign Currency Translation Adjustment, Tax (Deprecated 2012-01-31)","Tax effect of the adjustment that results from the process of translating subsidiary financial statements and foreign equity investments into functional currency of the reporting entity. While for technical reasons this element has no balance attribute, the default assumption is a credit balance consistent with its label."
OtherComprehensiveIncomeForeignCurrencyTranslationGainLossArisingDuringPeriodTax,"OCI, Foreign Currency Transaction and Translation Gain (Loss), Arising During Period, Tax","Amount of tax expense (benefit), before reclassification adjustments of gain (loss) on foreign currency translation adjustments, foreign currency transactions designated and effective as economic hedges of a net investment in a foreign entity and intra-entity foreign currency transactions that are of a long-term-investment nature."
OtherComprehensiveIncomeLossAvailableForSaleSecuritiesAdjustmentNetOfTax,"OCI, Debt Securities, Available-for-Sale, Gain (Loss), after Adjustment and Tax","Amount, after tax and adjustment, of unrealized gain (loss) on investment in debt security measured at fair value with change in fair value recognized in other comprehensive income (available-for-sale) and unrealized gain (loss) on investment in debt security measured at amortized cost (held-to-maturity) from transfer to available-for-sale."
OtherComprehensiveIncomeLossAvailableForSaleSecuritiesTax,"OCI, Debt Securities, Available-for-Sale, Gain (Loss), after Adjustment, Tax","Amount, after adjustment, of tax expense (benefit) for unrealized gain (loss) on investment in debt security measured at fair value with change in fair value recognized in other comprehensive income (available-for-sale) and tax expense (benefit) for unrealized gain (loss) on investment in debt security measured at amortized cost (held-to-maturity) from transfer to available-for-sale."
OtherComprehensiveIncomeLossForeignCurrencyTransactionAndTranslationAdjustmentNetOfTax,"Other Comprehensive Income (Loss), Foreign Currency Transaction and Translation Adjustment, Net of Tax","Amount after tax and reclassification adjustments of gain (loss) on foreign currency translation adjustments, foreign currency transactions designated and effective as economic hedges of a net investment in a foreign entity and intra-entity foreign currency transactions that are of a long-term-investment nature."
OtherComprehensiveIncomeLossForeignCurrencyTransactionAndTranslationReclassificationAdjustmentFromAOCIRealizedUponSaleOrLiquidationNetOfTax,"Other Comprehensive Income (Loss), Foreign Currency Transaction and Translation Reclassification Adjustment from AOCI, Realized upon Sale or Liquidation, Net of Tax",Amount after tax of reclassification adjustment from accumulated other comprehensive income for translation gain (loss) realized upon the sale or liquidation of an investment in a foreign entity and foreign currency hedges that are designated and qualified as hedging instruments for hedges of the foreign currency exposure of a net investment in a foreign operation.
OtherComprehensiveIncomeLossForeignCurrencyTransactionAndTranslationReclassificationAdjustmentFromAOCIRealizedUponSaleOrLiquidationTax,"Other Comprehensive Income (Loss), Foreign Currency Transaction and Translation Reclassification Adjustment from AOCI, Realized upon Sale or Liquidation, Tax",Amount of tax expense (benefit) of reclassification adjustment from accumulated other comprehensive income for translation gain (loss) realized upon the sale or liquidation of an investment in a foreign entity and foreign currency hedges that are designated and qualified as hedging instruments for hedges of the foreign currency exposure of a net investment in a foreign operation.
OtherComprehensiveIncomeLossForeignCurrencyTranslationAdjustmentTax,"Other Comprehensive Income (Loss), Foreign Currency Translation Adjustment, Tax","Amount of tax expense (benefit), after reclassification adjustments of gain (loss) on foreign currency translation adjustments, foreign currency transactions designated and effective as economic hedges of a net investment in a foreign entity and intra-entity foreign currency transactions that are of a long-term-investment nature."
OtherComprehensiveIncomeLossNetOfTax,"Other Comprehensive Income (Loss), Net of Tax",Amount after tax and reclassification adjustments of other comprehensive income (loss).
OtherComprehensiveIncomeLossNetOfTaxPeriodIncreaseDecrease,"Other Comprehensive Income (Loss), Net of Tax (Deprecated 2012-01-31)","This element represents Other Comprehensive Income or Loss, Net of Tax, for the period. Includes deferred gains or losses on qualifying hedges, unrealized holding gains or losses on available-for-sale securities, minimum pension liability, and cumulative translation adjustment. While for technical reasons this element has no balance attribute, the default assumption is a credit balance consistent with its label."
OtherComprehensiveIncomeLossReclassificationAdjustmentForSaleOfSecuritiesIncludedInNetIncomeNetOfTax,"Other Comprehensive Income (Loss), Reclassification Adjustment for Sale of Securities Included in Net Income, Net of Tax (Deprecated 2013-01-31)",Net of tax amount of the income statement impact of the reclassification adjustment for unrealized gain (loss) realized upon the sale of available-for-sale securities.
OtherComprehensiveIncomeLossReclassificationAdjustmentForSaleOfSecuritiesIncludedInNetIncomeTax,"Other Comprehensive Income (Loss), Reclassification Adjustment for Sale of Securities Included in Net Income, Tax (Deprecated 2013-01-31)",Tax effect of the income statement impact of the reclassification adjustment for unrealized gain (loss) realized upon the sale of available-for-sale securities.
OtherComprehensiveIncomeLossReclassificationAdjustmentFromAOCIForSaleOfSecuritiesNetOfTax,"Other Comprehensive Income (Loss), Reclassification Adjustment from AOCI for Sale of Securities, Net of Tax",Amount after tax of reclassification adjustment from accumulated other comprehensive income for unrealized gain (loss) realized upon the sale of available-for-sale securities.
OtherComprehensiveIncomeLossReclassificationAdjustmentFromAOCIForSaleOfSecuritiesTax,"Other Comprehensive Income (Loss), Reclassification Adjustment from AOCI for Sale of Securities, Tax",Amount of tax expense (benefit) of reclassification adjustment from accumulated other comprehensive income for unrealized gain (loss) realized upon the sale of available-for-sale securities.
OtherComprehensiveIncomeOtherNetOfTax,"Other Comprehensive Income, Other, Net of Tax","Amount of increase (decrease) in other comprehensive income, after tax, from changes classified as other."
OtherComprehensiveIncomeReclassificationAdjustmentForSaleOfSecuritiesIncludedInNetIncomeNetOfTax,"Other Comprehensive Income (Loss), Reclassification Adjustment for Sale of Securities Included in Net Income, Net of Tax (Deprecated 2012-01-31)","Reclassification adjustment for unrealized gains or losses realized upon the sale of securities, after tax."
OtherComprehensiveIncomeReclassificationAdjustmentForSaleOfSecuritiesIncludedInNetIncomeTax,"Other Comprehensive Income (Loss), Reclassification Adjustment for Sale of Securities Included in Net Income, Tax (Deprecated 2012-01-31)",Tax effect on the reclassification adjustment for gains or losses realized upon the sale of securities during the period.
OtherComprehensiveIncomeUnrealizedGainLossOnDerivativesArisingDuringPeriodNetOfTax,"Other Comprehensive Income (Loss), Unrealized Gain (Loss) on Derivatives Arising During Period, Net of Tax",Amount after tax of increase (decrease) in accumulated gain (loss) from derivative instruments designated and qualifying as the effective portion of cash flow hedges and an entity's share of an equity investee's increase (decrease) in deferred hedging gain (loss).
OtherComprehensiveIncomeUnrealizedHoldingGainLossOnSecuritiesArisingDuringPeriodNetOfTax,"OCI, Debt Securities, Available-for-Sale, Unrealized Holding Gain (Loss), before Adjustment, after Tax","Amount, after tax and before adjustment, of unrealized holding gain (loss) on investment in debt security measured at fair value with change in fair value recognized in other comprehensive income (available-for-sale). Excludes unrealized gain (loss) on investment in debt security measured at amortized cost (held-to-maturity) from transfer to available-for-sale."
OtherComprehensiveIncomeUnrealizedHoldingGainLossOnSecuritiesArisingDuringPeriodTax,"OCI, Debt Securities, Available-for-Sale, Unrealized Holding Gain (Loss), before Adjustment, Tax","Amount, before adjustment, of tax expense (benefit) for unrealized holding gain (loss) on investment in debt security measured at fair value with change in fair value recognized in other comprehensive income (available-for-sale). Excludes tax expense (benefit) for unrealized gain (loss) on investment in debt security measured at amortized cost (held-to-maturity) from transfer to available-for-sale."
OtherCostAndExpenseOperating,"Other Cost and Expense, Operating",The total amount of other operating cost and expense items that are associated with the entity's normal revenue producing operation.
OtherLiabilitiesAndDeferredRevenueNoncurrent,"Other Liabilities and Deferred Revenue, Noncurrent","Aggregate carrying amount, as of the balance sheet date, of noncurrent obligations and noncurrent portion of deferred revenue not separately disclosed in the balance sheet. Noncurrent liabilities are expected to be paid after one year (or the normal operating cycle, if longer). Deferred revenue is a liability related to a revenue producing activity for which revenue has not yet been recognized, and is not expected to be recognized in the next twelve months."
OtherLiabilitiesNoncurrent,"Other Liabilities, Noncurrent","Amount of liabilities classified as other, due after one year or the normal operating cycle, if longer."
OtherLongTermDebt,Other Long-term Debt,Amount of long-term debt classified as other.
OtherNoncashIncomeExpense,Other Noncash Income (Expense),"Amount of income (expense) included in net income that results in no cash inflow (outflow), classified as other."
OtherNoncurrentLiabilities,Other Noncurrent Liabilities (Deprecated 2011-01-31),"Obligations not otherwise itemized or previously categorized that are due beyond one year (or operating cycle, if longer) from the balance sheet date."
OtherNonoperatingIncomeExpense,Other Nonoperating Income (Expense),"Amount of income (expense) related to nonoperating activities, classified as other."
OtherOperatingActivitiesCashFlowStatement,"Other Operating Activities, Cash Flow Statement","Other cash or noncash adjustments to reconcile net income to cash provided by (used in) operating activities that are not separately disclosed in the statement of cash flows (for example, cash received or cash paid during the current period for miscellaneous operating activities, net change during the reporting period in other assets or other liabilities)."
OtherOperatingIncome,Other Operating Income,"The total amount of other operating income, the components of which are not separately disclosed on the income statement, from items that are associated with the entity's normal revenue producing operation."
OtherOperatingIncomeExpenseNet,"Other Operating Income (Expense), Net","The net amount of other operating income and expenses, the components of which are not separately disclosed on the income statement, from items that are associated with the entity's normal revenue producing operations."
OtherRestrictedAssetsCurrent,"Other Restricted Assets, Current","Amount of current assets that are pledged or subject to withdrawal restrictions, classified as other."
OtherTaxExpenseBenefit,Other Tax Expense (Benefit),Amount of other income tax expense (benefit).
PaymentsForProceedsFromProductiveAssets,Payments for (Proceeds from) Productive Assets,"The net cash outflow or inflow from purchases, sales and disposals of property, plant and equipment and other productive assets, including intangibles."
PaymentsForRepurchaseOfCommonStock,Payments for Repurchase of Common Stock,The cash outflow to reacquire common stock during the period.
PaymentsToAcquireBusinessesAndInterestInAffiliates,Payments to Acquire Businesses and Interest in Affiliates,"The cash outflow associated with the acquisition of a controlling interest in another entity or an entity that is related to it but not strictly controlled (for example, an unconsolidated subsidiary, affiliate, joint venture or equity method investment)."
PaymentsToAcquireBusinessesNetOfCashAcquired,"Payments to Acquire Businesses, Net of Cash Acquired","The cash outflow associated with the acquisition of a business, net of the cash acquired from the purchase."
PaymentsToAcquireInvestments,Payments to Acquire Investments,"The cash outflow associated with the purchase of all investments (debt, security, other) during the period."
PaymentsToAcquireMarketableSecurities,Payments to Acquire Marketable Securities,Amount of cash outflow for purchase of marketable security.
PaymentsToAcquireProductiveAssets,Payments to Acquire Productive Assets,"The cash outflow for purchases of and capital improvements on property, plant and equipment (capital expenditures), software, and other intangible assets."
PaymentsToAcquirePropertyPlantAndEquipment,"Payments to Acquire Property, Plant, and Equipment","The cash outflow associated with the acquisition of long-lived, physical assets that are used in the normal conduct of business to produce goods and services and not intended for resale; includes cash outflows to pay for construction of self-constructed assets."
PreferredStockParOrStatedValuePerShare,"Preferred Stock, Par or Stated Value Per Share",Face amount or stated value per share of preferred stock nonredeemable or redeemable solely at the option of the issuer.
PreferredStockSharesAuthorized,"Preferred Stock, Shares Authorized",The maximum number of nonredeemable preferred shares (or preferred stock redeemable solely at the option of the issuer) permitted to be issued by an entity's charter and bylaws.
PreferredStockSharesIssued,"Preferred Stock, Shares Issued","Total number of nonredeemable preferred shares (or preferred stock redeemable solely at the option of the issuer) issued to shareholders (includes related preferred shares that were issued, repurchased, and remain in the treasury). May be all or portion of the number of preferred shares authorized. Excludes preferred shares that are classified as debt."
PreferredStockSharesOutstanding,"Preferred Stock, Shares Outstanding",Aggregate share number for all nonredeemable preferred stock (or preferred stock redeemable solely at the option of the issuer) held by stockholders. Does not include preferred shares that have been repurchased.
PreferredStockValue,"Preferred Stock, Value, Issued","Aggregate par or stated value of issued nonredeemable preferred stock (or preferred stock redeemable solely at the option of the issuer). This item includes treasury stock repurchased by the entity. Note: elements for number of nonredeemable preferred shares, par value and other disclosure concepts are in another section within stockholders' equity."
ProceedsFromIssuanceOfLongTermDebt,Proceeds from Issuance of Long-term Debt,"The cash inflow from a debt initially having maturity due after one year or beyond the operating cycle, if longer."
ProceedsFromRepaymentsOfLongTermDebtAndCapitalSecurities,Proceeds from (Repayments of) Long-term Debt and Capital Securities,"Amount of cash inflow (outflow) from long-term debt, including capital lease obligations and mandatory redeemable capital securities."
ProceedsFromSaleAndMaturityOfMarketableSecurities,Proceeds from Sale and Maturity of Marketable Securities,The cash inflow associated with the aggregate amount received by the entity through sale or maturity of marketable securities (held-to-maturity or available-for-sale) during the period.
ProceedsFromSaleMaturityAndCollectionsOfInvestments,"Proceeds from Sale, Maturity and Collection of Investments","The cash inflow associated with the sale, maturity and collection of all investments such as debt, security and so forth during the period."
ProceedsFromShortTermDebt,Proceeds from Short-term Debt,"The cash inflow from a borrowing having initial term of repayment within one year or the normal operating cycle, if longer."
PropertyPlantAndEquipmentAdditions,"Property, Plant and Equipment, Additions","Amount of acquisition of long-lived, physical assets used in the normal conduct of business and not intended for resale. Examples include, but are not limited to, land, buildings, machinery and equipment, office equipment, furniture and fixtures, and computer equipment."
PropertyPlantAndEquipmentAndFinanceLeaseRightOfUseAssetAccumulatedDepreciationAndAmortization,"Property, Plant, and Equipment and Finance Lease Right-of-Use Asset, Accumulated Depreciation and Amortization","Amount of accumulated depreciation and amortization from plant, property, and equipment and right-of-use asset from finance lease."
PropertyPlantAndEquipmentAndFinanceLeaseRightOfUseAssetAfterAccumulatedDepreciationAndAmortization,"Property, Plant, and Equipment and Finance Lease Right-of-Use Asset, after Accumulated Depreciation and Amortization","Amount, after accumulated depreciation and amortization, of property, plant, and equipment and finance lease right-of-use asset."
PropertyPlantAndEquipmentAndFinanceLeaseRightOfUseAssetBeforeAccumulatedDepreciationAndAmortization,"Property, Plant, and Equipment and Finance Lease Right-of-Use Asset, before Accumulated Depreciation and Amortization","Amount, before accumulated depreciation and amortization, of property, plant, and equipment and finance lease right-of-use asset."
PropertyPlantAndEquipmentGross,"Property, Plant and Equipment, Gross","Amount before accumulated depreciation, depletion and amortization of physical assets used in the normal conduct of business and not intended for resale. Examples include, but are not limited to, land, buildings, machinery and equipment, office equipment, and furniture and fixtures."
PropertyPlantAndEquipmentNet,"Property, Plant and Equipment, Net","Amount after accumulated depreciation, depletion and amortization of physical assets used in the normal conduct of business to produce goods and services and not intended for resale. Examples include, but are not limited to, land, buildings, machinery and equipment, office equipment, and furniture and fixtures."
ProvisionForDoubtfulAccounts,"Accounts Receivable, Credit Loss Expense (Reversal)",Amount of expense (reversal of expense) for expected credit loss on accounts receivable.
RecognitionOfDeferredRevenue,Recognition of Deferred Revenue,"The amount of previously reported deferred or unearned revenue that was recognized as revenue during the period. For cash flows, this element primarily pertains to amortization of deferred credits on long-term arrangements. As a noncash item, it is deducted from net income when calculating cash provided by or used in operations using the indirect method."
RepaymentsOfDebt,Repayments of Debt,The cash outflow during the period from the repayment of aggregate short-term and long-term debt. Excludes payment of capital lease obligations.
RepaymentsOfLongTermCapitalLeaseObligations,Repayments of Long-term Capital Lease Obligations,"The cash outflow for the obligation for a lease meeting the criteria for capitalization (with maturities exceeding one year or beyond the operating cycle of the entity, if longer)."
RepaymentsOfLongTermDebt,Repayments of Long-term Debt,"The cash outflow for debt initially having maturity due after one year or beyond the normal operating cycle, if longer."
RepaymentsOfLongTermDebtAndCapitalSecurities,"Repayment of Long-term Debt, Long-term Lease Obligation, and Capital Security","Amount of cash outflow for debt, mandatory redeemable security, and principal payment for finance lease obligation."
RepaymentsOfShortTermDebt,Repayments of Short-term Debt,"The cash outflow for a borrowing having initial term of repayment within one year or the normal operating cycle, if longer."
RestrictedCashAndCashEquivalents,Restricted Cash and Cash Equivalents,"Amount of cash and cash equivalents restricted as to withdrawal or usage. Cash includes, but is not limited to, currency on hand, demand deposits with banks or financial institutions, and other accounts with general characteristics of demand deposits. Cash equivalents include, but are not limited to, short-term, highly liquid investments that are both readily convertible to known amounts of cash and so near their maturity that they present insignificant risk of changes in value because of changes in interest rates."
RestrictedCashCurrent,"Restricted Cash, Current","Amount of cash restricted as to withdrawal or usage, classified as current. Cash includes, but is not limited to, currency on hand, demand deposits with banks or financial institutions, and other accounts with general characteristics of demand deposits."
RestrictedCashNoncurrent,"Restricted Cash, Noncurrent","Amount of cash restricted as to withdrawal or usage, classified as noncurrent. Cash includes, but is not limited to, currency on hand, demand deposits with banks or financial institutions, and other accounts with general characteristics of demand deposits."
RetainedEarningsAccumulatedDeficit,Retained Earnings (Accumulated Deficit),The cumulative amount of the reporting entity's undistributed earnings or deficit.
RevenueFromContractWithCustomerExcludingAssessedTax,"Revenue from Contract with Customer, Excluding Assessed Tax","Amount, excluding tax collected from customer, of revenue from satisfaction of performance obligation by transferring promised good or service to customer. Tax collected from customer is tax assessed by governmental authority that is both imposed on and concurrent with specific revenue-producing transaction, including, but not limited to, sales, use, value added and excise."
RevenueRecognitionSalesReturnsReserveForSalesReturns,"Revenue Recognition, Sales Returns, Reserve for Sales Returns",Amount of estimated sales returns.
RevenueRemainingPerformanceObligation,"Revenue, Remaining Performance Obligation, Amount",Amount of transaction price allocated to performance obligation that has not been recognized as revenue.
RightOfUseAssetObtainedInExchangeForFinanceLeaseLiability,Right-of-Use Asset Obtained in Exchange for Finance Lease Liability,Amount of increase in right-of-use asset obtained in exchange for finance lease liability.
RightOfUseAssetObtainedInExchangeForOperatingLeaseLiability,Right-of-Use Asset Obtained in Exchange for Operating Lease Liability,Amount of increase in right-of-use asset obtained in exchange for operating lease liability.
SalesReturnsAndAllowancesGoods,"Sales Returns and Allowances, Goods (Deprecated 2018-01-31)","Total deduction from sales during the period arising from goods returned by customers (other than under warranty provisions) and price reductions (allowance, price protection agreements) given by the entity. Returns and allowances are a deduction from gross revenue in arriving at net revenue."
SalesRevenueGoodsNet,"Sales Revenue, Goods, Net (Deprecated 2018-01-31)","Aggregate revenue during the period from the sale of goods in the normal course of business, after deducting returns, allowances and discounts."
SalesRevenueNet,"Revenue, Net (Deprecated 2018-01-31)","Total revenue from sale of goods and services rendered during the reporting period, in the normal course of business, reduced by sales returns and allowances, and sales discounts."
SalesRevenueServicesNet,"Sales Revenue, Services, Net (Deprecated 2018-01-31)","Aggregate revenue during the period from services rendered in the normal course of business, after deducting allowances and discounts."
SecurityOwnedAndPledgedAsCollateralFairValue,"Security Owned and Pledged as Collateral, Fair Value",Fair value of financial instrument held by the entity for its own account (proprietary securities) for trading or investment purposes that are carried at fair value and pledged to counterparties as collateral for financing transactions.
SegmentReportingSegmentOperatingProfitLoss,"Segment Reporting, Segment Operating Profit (Loss) (Deprecated 2011-01-31)",The total amount of profit or loss for reportable segments.
ShareBasedCompensation,"Share-based Payment Arrangement, Noncash Expense",Amount of noncash expense for share-based payment arrangement.
ShareBasedCompensationArrangementByShareBasedPaymentAwardEquityInstrumentsOtherThanOptionsGrantsInPeriod,"Share-based Compensation Arrangement by Share-based Payment Award, Equity Instruments Other than Options, Grants in Period","The number of grants made during the period on other than stock (or unit) option plans (for example, phantom stock or unit plan, stock or unit appreciation rights plan, performance target plan)."
ShareBasedCompensationArrangementByShareBasedPaymentAwardEquityInstrumentsOtherThanOptionsGrantsInPeriodWeightedAverageGrantDateFairValue,"Share-based Compensation Arrangement by Share-based Payment Award, Equity Instruments Other than Options, Grants in Period, Weighted Average Grant Date Fair Value","The weighted average fair value at grant date for nonvested equity-based awards issued during the period on other than stock (or unit) option plans (for example, phantom stock or unit plan, stock or unit appreciation rights plan, performance target plan)."
ShareBasedCompensationArrangementByShareBasedPaymentAwardEquityInstrumentsOtherThanOptionsNonvestedNumber,"Share-based Compensation Arrangement by Share-based Payment Award, Equity Instruments Other than Options, Nonvested, Number","The number of non-vested equity-based payment instruments, excluding stock (or unit) options, that validly exist and are outstanding as of the balance sheet date."
ShareBasedCompensationArrangementByShareBasedPaymentAwardEquityInstrumentsOtherThanOptionsVestedInPeriod,"Share-based Compensation Arrangement by Share-based Payment Award, Equity Instruments Other than Options, Vested in Period","The number of equity-based payment instruments, excluding stock (or unit) options, that vested during the reporting period."
ShareBasedCompensationArrangementByShareBasedPaymentAwardEquityInstrumentsOtherThanOptionsVestedInPeriodTotalFairValue,"Share-based Compensation Arrangement by Share-based Payment Award, Equity Instruments Other than Options, Vested in Period, Fair Value","Fair value of share-based awards for which the grantee gained the right by satisfying service and performance requirements, to receive or retain shares or units, other instruments, or cash."
ShareBasedCompensationArrangementByShareBasedPaymentAwardOptionsOutstandingNumber,"Share-based Compensation Arrangement by Share-based Payment Award, Options, Outstanding, Number","Number of options outstanding, including both vested and non-vested options."
StockholdersEquity,Stockholders' Equity Attributable to Parent,"Total of all stockholders' equity (deficit) items, net of receivables from officers, directors, owners, and affiliates of the entity which are attributable to the parent. The amount of the economic entity's stockholders' equity attributable to the parent excludes the amount of stockholders' equity which is allocable to that ownership interest in subsidiary equity which is not attributable to the parent (noncontrolling interest, minority interest). This excludes temporary equity and is sometimes called permanent equity."
StockIssuedDuringPeriodSharesEmployeeBenefitPlan,"Stock Issued During Period, Shares, Employee Benefit Plan","Number of shares issued during the period to an employee benefit plan, such as a defined contribution or defined benefit plan."
StockIssuedDuringPeriodValueAcquisitions,"Stock Issued During Period, Value, Acquisitions",Value of stock issued pursuant to acquisitions during the period.
StockIssuedDuringPeriodValueEmployeeBenefitPlan,"Stock Issued During Period, Value, Employee Benefit Plan","Value of shares issued during the period to an employee benefit plan, such as a defined contribution or defined benefit plan."
StockIssuedDuringPeriodValueShareBasedCompensation,"Shares Issued, Value, Share-based Payment Arrangement, after Forfeiture","Value, after forfeiture, of shares issued under share-based payment arrangement. Excludes employee stock ownership plan (ESOP)."
StockIssuedDuringPeriodValueStockOptionsExercised,"Stock Issued During Period, Value, Stock Options Exercised",Value of stock issued as a result of the exercise of stock options.
StockRepurchasedDuringPeriodShares,"Stock Repurchased During Period, Shares",Number of shares that have been repurchased during the period and have not been retired and are not held in treasury. Some state laws may govern the circumstances under which an entity may acquire its own stock and prescribe the accounting treatment therefore. This element is used when state law does not recognize treasury stock.
StockRepurchasedDuringPeriodValue,"Stock Repurchased During Period, Value",Equity impact of the value of stock that has been repurchased during the period and has not been retired and is not held in treasury. Some state laws may mandate the circumstances under which an entity may acquire its own stock and prescribe the accounting treatment therefore. This element is used when state law does not recognize treasury stock.
StockRepurchaseProgramAuthorizedAmount1,"Stock Repurchase Program, Authorized Amount",Amount of stock repurchase plan authorized.
StockRepurchaseProgramNumberOfSharesAuthorizedToBeRepurchased,"Stock Repurchase Program, Number of Shares Authorized to be Repurchased",The number of shares authorized to be repurchased by an entity's Board of Directors under a stock repurchase plan.
StockRepurchaseProgramRemainingAuthorizedRepurchaseAmount1,"Stock Repurchase Program, Remaining Authorized Repurchase Amount",Amount remaining of a stock repurchase plan authorized.
TaxCreditCarryforwardAmount,"Tax Credit Carryforward, Amount","The amount of the tax credit carryforward, before tax effects, available to reduce future taxable income under enacted tax laws."
TaxCreditCarryforwardDeferredTaxAsset,"Tax Credit Carryforward, Deferred Tax Asset (Deprecated 2015-01-31)","Amount of deferred tax asset, before valuation allowance, attributable to deductible other tax carryforwards."
TranslationAdjustmentFunctionalToReportingCurrencyIncreaseDecreaseGrossOfTax,"Translation Adjustment Functional to Reporting Currency, Increase (Decrease), Gross of Tax","Amount of cumulative translation gain (loss), before tax, from translating foreign currency financial statements into the reporting currency."
TreasuryStockValue,"Treasury Stock, Value","The amount allocated to treasury stock. Treasury stock is common and preferred shares of an entity that were issued, repurchased by the entity, and are held in its treasury."
UndistributedEarningsOfForeignSubsidiaries,Undistributed Earnings of Foreign Subsidiaries,Amount of undistributed earnings of foreign subsidiaries intended to be permanently reinvested outside the country of domicile.
UnrecognizedTaxBenefits,Unrecognized Tax Benefits,Amount of unrecognized tax benefits.
UnrecognizedTaxBenefitsDecreasesResultingFromPriorPeriodTaxPositions,"Unrecognized Tax Benefits, Decrease Resulting from Prior Period Tax Positions",Amount of decrease in unrecognized tax benefits resulting from tax positions taken in prior period tax returns.
UnrecognizedTaxBenefitsDecreasesResultingFromSettlementsWithTaxingAuthorities,"Unrecognized Tax Benefits, Decrease Resulting from Settlements with Taxing Authorities",Amount of decrease in unrecognized tax benefits resulting from settlements with taxing authorities.
UnrecognizedTaxBenefitsIncomeTaxPenaltiesAndInterestAccrued,"Unrecognized Tax Benefits, Income Tax Penalties and Interest Accrued",Amount accrued for interest on an underpayment of income taxes and penalties related to a tax position claimed or expected to be claimed in the tax return.
UnrecognizedTaxBenefitsIncomeTaxPenaltiesAndInterestExpense,"Unrecognized Tax Benefits, Income Tax Penalties and Interest Expense",Amount of expense for interest on an underpayment of income taxes and penalties related to a tax position claimed or expected to be claimed in the tax return.
UnrecognizedTaxBenefitsIncreasesResultingFromCurrentPeriodTaxPositions,"Unrecognized Tax Benefits, Increase Resulting from Current Period Tax Positions",Amount of increase in unrecognized tax benefits resulting from tax positions that have been or will be taken in current period tax return.
UnrecognizedTaxBenefitsIncreasesResultingFromPriorPeriodTaxPositions,"Unrecognized Tax Benefits, Increase Resulting from Prior Period Tax Positions",Amount of increase in unrecognized tax benefits resulting from tax positions taken in prior period tax returns.
UnrecognizedTaxBenefitsReductionsResultingFromLapseOfApplicableStatuteOfLimitations,"Unrecognized Tax Benefits, Reduction Resulting from Lapse of Applicable Statute of Limitations",Amount of decrease in unrecognized tax benefits resulting from lapses of applicable statutes of limitations.
UnrecognizedTaxBenefitsResultingInNetOperatingLossCarryforward,Unrecognized Tax Benefits Resulting in Net Operating Loss Carryforward (Deprecated 2014-01-31),Amount of an unrecognized tax benefit that is directly related to a position taken in a tax year that results in a net operating loss carryforward. This amount is presented as a reduction of the related deferred tax asset in the balance sheet if that deferred tax asset is not used. This amount is presented separately from the deferred tax asset for a net operating loss carryforward if this unrelated tax benefit is associated with a different tax position.
UnrecognizedTaxBenefitsThatWouldImpactEffectiveTaxRate,Unrecognized Tax Benefits that Would Impact Effective Tax Rate,"The total amount of unrecognized tax benefits that, if recognized, would affect the effective tax rate."
UnrecordedUnconditionalPurchaseObligationBalanceOnFifthAnniversary,"Unrecorded Unconditional Purchase Obligation, to be Paid, Year Five",Amount of fixed and determinable portion of unrecorded unconditional purchase obligation to be paid in fifth fiscal year following current fiscal year. Excludes interim and annual periods when interim periods are reported from current statement of financial position date (rolling approach).
UnrecordedUnconditionalPurchaseObligationBalanceOnFirstAnniversary,"Unrecorded Unconditional Purchase Obligation, to be Paid, Year One",Amount of fixed and determinable portion of unrecorded unconditional purchase obligation to be paid in next fiscal year following current fiscal year. Excludes interim and annual periods when interim periods are reported from current statement of financial position date (rolling approach).
UnrecordedUnconditionalPurchaseObligationBalanceOnFourthAnniversary,"Unrecorded Unconditional Purchase Obligation, to be Paid, Year Four",Amount of fixed and determinable portion of unrecorded unconditional purchase obligation to be paid in fourth fiscal year following current fiscal year. Excludes interim and annual periods when interim periods are reported from current statement of financial position date (rolling approach).
UnrecordedUnconditionalPurchaseObligationBalanceOnSecondAnniversary,"Unrecorded Unconditional Purchase Obligation, to be Paid, Year Two",Amount of fixed and determinable portion of unrecorded unconditional purchase obligation to be paid in second fiscal year following current fiscal year. Excludes interim and annual periods when interim periods are reported from current statement of financial position date (rolling approach).
UnrecordedUnconditionalPurchaseObligationBalanceOnThirdAnniversary,"Unrecorded Unconditional Purchase Obligation, to be Paid, Year Three",Amount of fixed and determinable portion of unrecorded unconditional purchase obligation to be paid in third fiscal year following current fiscal year. Excludes interim and annual periods when interim periods are reported from current statement of financial position date (rolling approach).
UnrecordedUnconditionalPurchaseObligationBalanceSheetAmount,Unrecorded Unconditional Purchase Obligation,"Amount of the unrecorded obligation to transfer funds in the future for fixed or minimum amounts or quantities of goods or services at fixed or minimum prices (for example, as in take-or-pay contracts or throughput contracts)."
UnrecordedUnconditionalPurchaseObligationDueAfterFiveYears,"Unrecorded Unconditional Purchase Obligation, to be Paid, after Year Five",Amount of fixed and determinable portion of unrecorded unconditional purchase obligation to be paid after fifth fiscal year following current fiscal year. Excludes interim and annual periods when interim periods are reported from current statement of financial position date (rolling approach).
UnrecordedUnconditionalPurchaseObligationDueInRemainderOfFiscalYear,"Unrecorded Unconditional Purchase Obligation, to be Paid, Remainder of Fiscal Year",Amount of fixed and determinable portion of unrecorded unconditional purchase obligation to be paid in remainder of current fiscal year.
ValuationAllowanceDeferredTaxAssetChangeInAmount,"Valuation Allowance, Deferred Tax Asset, Increase (Decrease), Amount",Amount of increase (decrease) in the valuation allowance for a specified deferred tax asset.
VariableLeaseCost,"Variable Lease, Cost","Amount of variable lease cost, excluded from lease liability, recognized when obligation for payment is incurred for finance and operating leases."
WeightedAverageNumberOfDilutedSharesOutstanding,"Weighted Average Number of Shares Outstanding, Diluted","The average number of shares or units issued and outstanding that are used in calculating diluted EPS or earnings per unit (EPU), determined based on the timing of issuance of shares or units in the period."
WeightedAverageNumberOfSharesOutstandingBasic,"Weighted Average Number of Shares Outstanding, Basic","Number of [basic] shares or units, after adjustment for contingently issuable shares or units and other shares or units not deemed outstanding, determined by relating the portion of time within a reporting period that common shares or units have been outstanding to the total time in that period."
DeferredTaxLiabilitiesInvestments,"Deferred Tax Liabilities, Investments",Amount of deferred tax liability attributable to taxable temporary differences from investments (excludes investments in subsidiaries and equity method investments).
EmployeeRelatedLiabilitiesCurrent,"Employee-related Liabilities, Current","Total of the carrying values as of the balance sheet date of obligations incurred through that date and payable for obligations related to services received from employees, such as accrued salaries and bonuses, payroll taxes and fringe benefits. Used to reflect the current portion of the liabilities (due within one year or within the normal operating cycle if longer)."
IncomeTaxReconciliationChangeInDeferredTaxAssetsValuationAllowance,"Effective Income Tax Rate Reconciliation, Change in Deferred Tax Assets Valuation Allowance, Amount",Amount of the difference between reported income tax expense (benefit) and expected income tax expense (benefit) computed by applying the domestic federal statutory income tax rates to pretax income (loss) from continuing operations attributable to increase (decrease) in the valuation allowance for deferred tax assets.
EffectOfExchangeRateOnCashCashEquivalentsRestrictedCashAndRestrictedCashEquivalents,"Effect of Exchange Rate on Cash, Cash Equivalents, Restricted Cash and Restricted Cash Equivalents","Amount of increase (decrease) from effect of exchange rate changes on cash and cash equivalents, and cash and cash equivalents restricted to withdrawal or usage; held in foreign currencies. Excludes amounts for disposal group and discontinued operations. Cash includes, but is not limited to, currency on hand, demand deposits with banks or financial institutions, and other accounts with general characteristics of demand deposits. Cash equivalents include, but are not limited to, short-term, highly liquid investments that are both readily convertible to known amounts of cash and so near their maturity that they present insignificant risk of changes in value because of changes in interest rates."
EffectOfExchangeRateOnCashCashEquivalentsRestrictedCashAndRestrictedCashEquivalentsIncludingDisposalGroupAndDiscontinuedOperations,"Effect of Exchange Rate on Cash, Cash Equivalents, Restricted Cash and Restricted Cash Equivalents, Including Disposal Group and Discontinued Operations","Amount of increase (decrease) from effect of exchange rate changes on cash and cash equivalents, and cash and cash equivalents restricted to withdrawal or usage; held in foreign currencies; including, but not limited to, disposal group and discontinued operations. Cash includes, but is not limited to, currency on hand, demand deposits with banks or financial institutions, and other accounts with general characteristics of demand deposits. Cash equivalents include, but are not limited to, short-term, highly liquid investments that are both readily convertible to known amounts of cash and so near their maturity that they present insignificant risk of changes in value because of changes in interest rates."
ShortTermBorrowings,Short-term Debt,"Reflects the total carrying amount as of the balance sheet date of debt having initial terms less than one year or the normal operating cycle, if longer."
StockholdersEquityNoteStockSplitConversionRatio1,"Stockholders' Equity Note, Stock Split, Conversion Ratio","Ratio applied to the conversion of stock split, for example but not limited to, one share converted to two or two shares converted to one."
TreasuryStockCommonValue,"Treasury Stock, Common, Value",Amount allocated to previously issued common shares repurchased by the issuing entity and held in treasury.
AssetImpairmentCharges,Asset Impairment Charges,"Amount of write-down of assets recognized in the income statement. Includes, but is not limited to, losses from tangible assets, intangible assets and goodwill."
DeferredTaxAssetsInProcessResearchAndDevelopment,"Deferred Tax Assets, in Process Research and Development",Amount before allocation of valuation allowances of deferred tax asset attributable to deductible temporary differences from in-process research and development costs expensed in connection with a business combination.
EffectiveIncomeTaxRateReconciliationFdiiAmount,N/A,No description available.
GainLossOnContractTermination,Gain (Loss) on Contract Termination,"Gain (loss) related to the termination of a contract between the parties. The termination may be due to many causes including early termination of a lease by a lessee, a breach of contract by one party, or a failure to perform."
IncreaseDecreaseInSelfInsuranceReserve,Increase (Decrease) in Self Insurance Reserve,"The increase (decrease) during the period in the carrying amount of accrued known and estimated losses incurred for which no insurance coverage exists, and for which a claim has been made or is probable of being asserted, typically arising from workmen's' compensation-type of incidents and personal injury to nonemployees from accidents on the entity's property."
SelfInsuranceReserve,Self Insurance Reserve,"Carrying amount (including both current and noncurrent portions) of accrued known and estimated losses incurred as of the balance sheet date for which no insurance coverage exists, and for which a claim has been made or is probable of being asserted, typically arising from workmen's compensation-type of incidents and personal injury to nonemployees from accidents on the entity's property."
SeveranceCosts1,Severance Costs,"Amount of expenses for special or contractual termination benefits provided to current employees involuntarily terminated under a benefit arrangement associated exit or disposal activities pursuant to an authorized plan. Excludes expenses related to one-time termination benefits, a discontinued operation or an asset retirement obligation."
TreasuryStockValueAcquiredCostMethod,"Treasury Stock, Value, Acquired, Cost Method",Equity impact of the cost of common and preferred stock that were repurchased during the period. Recorded using the cost method.
IncomeTaxReconciliationTaxCreditsResearch,"Effective Income Tax Rate Reconciliation, Tax Credit, Research, Amount",Amount of the difference between reported income tax expense (benefit) and expected income tax expense (benefit) computed by applying the domestic federal statutory income tax rates to pretax income (loss) from continuing operations attributable to research tax credit.
LossOnContractTermination,Loss on Contract Termination,The loss recognized on termination of a contract.
PrepaidExpenseAndOtherAssetsCurrent,"Prepaid Expense and Other Assets, Current","Amount of asset related to consideration paid in advance for costs that provide economic benefits in future periods, and amount of other assets that are expected to be realized or consumed within one year or the normal operating cycle, if longer."
IncomeTaxReconciliationPriorYearIncomeTaxes,"Effective Income Tax Rate Reconciliation, Prior Year Income Taxes, Amount",Amount of the difference between reported income tax expense (benefit) and expected income tax expense (benefit) computed by applying the domestic federal statutory income tax rates to pretax income (loss) from continuing operations attributable to revisions of previously reported income tax expense (benefit).
IncreaseDecreaseInOtherNoncurrentAssets,Increase (Decrease) in Other Noncurrent Assets,Amount of increase (decrease) in noncurrent assets classified as other.
SegmentExpenditureAdditionToLongLivedAssets,N/A,No description available.
InterestExpenseNonoperating,N/A,No description available.
CapitalExpendituresIncurredButNotYetPaid,Capital Expenditures Incurred but Not yet Paid,Future cash outflow to pay for purchases of fixed assets that have occurred.
DebtSecuritiesAvailableForSaleRealizedGainLoss,"Debt Securities, Available-for-sale, Realized Gain (Loss)",Amount of realized gain (loss) on investment in debt security measured at fair value with change in fair value recognized in other comprehensive income (available-for-sale).
PaymentsToAcquireAvailableForSaleSecuritiesDebt,"Payments to Acquire Debt Securities, Available-for-sale",Amount of cash outflow to acquire investment in debt security measured at fair value with change in fair value recognized in other comprehensive income (available-for-sale).
DebtSecuritiesAvailableForSaleUnrealizedGainLoss,"Debt Securities, Available-for-sale, Unrealized Gain (Loss)",Amount of unrealized gain (loss) on investment in debt security measured at fair value with change in fair value recognized in other comprehensive income (available-for-sale).
DerivativeNonmonetaryNotionalAmountEnergyMeasure,"Derivative, Nonmonetary Notional Amount, Energy Measure",Nominal energy measure used to calculate payments on a derivative instrument.
EffectiveIncomeTaxRateReconciliationCrossBorderOtherAmount,N/A,No description available.
EffectiveIncomeTaxRateReconciliationCrossBorderOtherPercent,N/A,No description available.
EffectiveIncomeTaxRateReconciliationFdiiPercent,N/A,No description available.
EffectiveIncomeTaxRateReconciliationNondeductibleExpenseOther,"Effective Income Tax Rate Reconciliation, Nondeductible Expense, Other, Percent",Percentage of the difference between reported income tax expense (benefit) and expected income tax expense (benefit) computed by applying the domestic federal statutory income tax rates to pretax income (loss) from continuing operations attributable to other nondeductible expenses.
EffectiveIncomeTaxRateReconciliationPriorYearIncomeTaxes,"Effective Income Tax Rate Reconciliation, Prior Year Income Taxes, Percent",Percentage of the difference between reported income tax expense (benefit) and expected income tax expense (benefit) computed by applying the domestic federal statutory income tax rates to pretax income (loss) from continuing operations attributable to revisions of previously reported income tax expense.
EffectiveIncomeTaxRateReconciliationTaxCreditsForeign,"Effective Income Tax Rate Reconciliation, Tax Credit, Foreign, Percent",Percentage of the difference between reported income tax expense (benefit) and expected income tax expense (benefit) computed by applying the domestic federal statutory income tax rates to pretax income (loss) from continuing operations attributable to foreign tax credit.
EffectiveIncomeTaxRateReconciliationTaxCreditsOther,"Effective Income Tax Rate Reconciliation, Tax Credit, Other, Percent",Percentage of the difference between reported income tax expense (benefit) and expected income tax expense (benefit) computed by applying the domestic federal statutory income tax rates to pretax income (loss) from continuing operations attributable to other tax credits.
EffectiveIncomeTaxRateReconciliationTaxCreditsResearch,"Effective Income Tax Rate Reconciliation, Tax Credit, Research, Percent",Percentage of the difference between reported income tax expense (benefit) and expected income tax expense (benefit) computed by applying the domestic federal statutory income tax rates to pretax income (loss) from continuing operations attributable to research tax credit.
FederalIncomeTaxExpenseBenefitContinuingOperations,"Federal Income Tax Expense (Benefit), Continuing Operations",Amount of current and deferred federal income tax expense (benefit) attributable to income (loss) from continuing operations.
ForeignIncomeTaxExpenseBenefitContinuingOperations,"Foreign Income Tax Expense (Benefit), Continuing Operations",Amount of current and deferred foreign income tax expense (benefit) attributable to income (loss) from continuing operations.
IncomeTaxPaidFederalAfterRefundReceived,N/A,No description available.
IncomeTaxPaidForeignAfterRefundReceived,N/A,No description available.
IncomeTaxPaidStateAndLocalAfterRefundReceived,N/A,No description available.
IncomeTaxReconciliationNondeductibleExpenseOther,"Effective Income Tax Rate Reconciliation, Nondeductible Expense, Other, Amount",Amount of the difference between reported income tax expense (benefit) and expected income tax expense (benefit) computed by applying the domestic federal statutory income tax rates to pretax income (loss) from continuing operations attributable to other nondeductible expenses.
IncomeTaxReconciliationTaxCreditsForeign,"Effective Income Tax Rate Reconciliation, Tax Credit, Foreign, Amount",Amount of the difference between reported income tax expense (benefit) and expected income tax expense (benefit) computed by applying the domestic federal statutory income tax rates to pretax income (loss) from continuing operations attributable to foreign tax credit.
IncomeTaxReconciliationTaxCreditsOther,"Effective Income Tax Rate Reconciliation, Tax Credit, Other, Amount",Amount of the difference between reported income tax expense (benefit) and expected income tax expense (benefit) computed by applying the domestic federal statutory income tax rates to pretax income (loss) from continuing operations attributable to other tax credits.
NumberOfReportableSegments,Number of Reportable Segments,Number of segments reported by the entity. A reportable segment is a component of an entity for which there is an accounting requirement to report separate financial information on that component in the entity's financial statements.
StateAndLocalIncomeTaxExpenseBenefitContinuingOperations,"State and Local Income Tax Expense (Benefit), Continuing Operations",Amount of state and local current and deferred income tax expense (benefit) attributable to continuing operations.
AvailableForSaleDebtSecuritiesAccumulatedGrossUnrealizedGainBeforeTax,"Debt Securities, Available-for-sale, Accumulated Gross Unrealized Gain, before Tax","Amount, before tax, of unrealized gain in accumulated other comprehensive income (AOCI) on investment in debt security measured at fair value with change in fair value recognized in other comprehensive income (available-for-sale)."
AvailableForSaleDebtSecuritiesAccumulatedGrossUnrealizedLossBeforeTax,"Debt Securities, Available-for-sale, Accumulated Gross Unrealized Loss, before Tax","Amount, before tax, of unrealized loss in accumulated other comprehensive income (AOCI) on investment in debt security measured at fair value with change in fair value recognized in other comprehensive income (available-for-sale)."
Cash,Cash,Amount of currency on hand as well as demand deposits with banks or financial institutions. Includes other kinds of accounts that have the general characteristics of demand deposits. Excludes cash and cash equivalents within disposal group and discontinued operation.
RestrictedCashAndInvestments,Restricted Cash and Investments,"Cash and investments whose use in whole or in part is restricted for the long-term, generally by contractual agreements or regulatory requirements. For use in an unclassified balance sheet."
